trans_x	trans_y	trans_z	rot_x	rot_y	rot_z	dvars_std	dvars_nstd	dvars_vstd	framewise_displacement	aqi	aor
0.0	-0.0	0.0	-0.0	0.0	-0.0	n/a	n/a	n/a	n/a	0.0203243	0.006
0.0063	-0.2487	-0.0405	0.0009948376736367678	-1.2217304763960308e-05	-0.00020594885173533088	1.50745988	42.72767639	1.82247221	0.35615019150680294	0.0239278	0.00253
0.0075	-0.1102	-0.0079	0.001129228026040331	-0.00010471975511965978	-0.000445058959258554	1.2983489	36.80060196	1.44767634	0.19560014551412433	0.0207847	0.00056
-0.0091	0.0406	0.0386	0.000921533845053006	-0.00041538836197465044	-0.00028274333882308137	1.35728407	38.47106934	1.49504013	0.24793392041388937	0.020612	0.00036
-0.003	-0.1428	-0.0108	0.0008970992355250854	-0.0002530727415391778	-0.0001239183768915974	1.36023724	38.55477524	1.49446015	0.25617875959474384	0.0201294	0.00021
-0.0127	-0.1658	-0.0507	0.0012060225131280816	-0.0003577924966588376	-4.0142572795869576e-05	1.12432134	31.86793709	1.2166333	0.0974709418409192	0.0219129	0.00027
-0.016	0.0064	0.0178	0.001129228026040331	-0.0004677482395344803	-0.00013439035240356338	1.36356831	38.649189	1.48685647	0.2580499004785544	0.0215347	0.00033
-0.019	0.0698	0.0164	0.0012374384396639797	-0.00046949356878647465	-2.268928027592628e-05	1.22119284	34.61367798	1.31614194	0.07888284075016401	0.0242636	0.00057
-0.021	-0.1277	-0.0344	0.001324704902263696	-0.00034033920413889426	-2.6179938779914945e-05	1.38482237	39.25161743	1.49842966	0.2612955742875643	0.0228983	0.00044
-0.0194	-0.1269	-0.0426	0.0015760323145508795	-0.0004747295565424576	-0.0001064650843716541	1.10265124	31.25371552	1.19104751	0.0339001455141243	0.0235146	0.00045
-0.0302	-0.0058	-0.0006	0.0014189526818713899	-0.000731292956585624	-0.00023911010752322313	1.20434844	34.1362381	1.32927869	0.20121440279371128	0.0228036	0.0004
-0.0298	0.0941	0.0521	0.0006126105674500097	-0.0005654866776461627	-2.6179938779914945e-05	1.24590456	35.3141098	1.37089496	0.2122539281052075	0.022348	0.00025
-0.018	-0.1098	0.0139	0.001001818990644745	-0.00039793506945470715	-5.061454830783555e-05	1.37821651	39.06438065	1.5242564	0.2829597320457056	0.0202343	0.0003
-0.0172	-0.1386	0.0073	0.0010978120995044332	-0.00040317105721069014	-0.0001291543646475804	1.12226343	31.80960655	1.17808999	0.0451884456477708	0.020678	0.00025
-0.0182	-0.0506	0.0169	0.0009808750396208131	-0.0003106686068549907	-0.00017453292519943296	1.14956212	32.58336639	1.25415067	0.1113409035395586	0.0192342	0.00018
-0.0197	0.0509	0.0286	0.0008639379797371932	-0.0004049163864626844	-0.00012740903539558605	1.19478798	33.86525345	1.28045946	0.127615436464758	0.0205607	0.00015
-0.0091	-0.1119	-0.0118	0.0006300638599699529	-0.0001884955592153876	-6.632251157578452e-05	1.32822001	37.64727402	1.43354761	0.23936907354171688	0.0181485	4e-05
-0.0022	-0.1175	-0.0132	0.0005585053606381855	-0.00023911010752322313	-0.00011519173063162575	1.13433778	32.15184402	1.18380753	0.022452113334772206	0.0177559	9e-05
-0.0095	0.0449	0.0404	0.0003961897402027128	-0.0004747295565424576	-0.00020943951023931956	1.30101049	36.87604141	1.42538236	0.24790914245312004	0.0178672	9e-05
0.0275	0.0577	0.0266	-0.0012793263417118436	0.00012740903539558605	-6.632251157578452e-05	1.35832512	38.50057602	1.58495145	0.18463858362580676	0.0170338	0.00013
-0.0006	0.1043	0.0048	-0.009075712110370514	-3.665191429188092e-05	0.00034033920413889426	2.38243294	67.52804565	2.96459938	0.5148554217030409	0.0355952	0.01096
-0.0372	0.0465	-0.0225	-0.00318871654339364	-0.0011013027580084218	0.0002513274122871834	1.92631114	54.59965897	2.46341916	0.4737329101272563	0.0159786	0.00055
-0.0432	0.1667	0.0139	-0.0026529004630313807	-0.0009337511498169664	0.0001012290966156711	1.30135775	36.88588333	1.45480112	0.20527330021126128	0.0167233	6e-05
-0.0445	0.1525	0.032	-0.002181661564992912	-0.0009372418083209549	0.0002129301687433082	1.18537521	33.59845734	1.29486479	0.06292153143350472	0.016086	2e-05
-0.0381	-0.0287	-0.0064	-0.0019861846887695473	-0.0008255407361933179	0.0002495820830351891	1.33720458	37.90193176	1.44945719	0.24319149313214408	0.0127852	2e-05
-0.0405	-0.0441	-0.0067	-0.002064724505109292	-0.0008098327729253688	0.00026354471705114377	1.09744489	31.10614777	1.16354245	0.023510520681182423	0.0122881	2e-05
-0.052	0.1046	0.0529	-0.002579596634447619	-0.0009564404300928925	0.0002600540585471551	1.2525351	35.50204849	1.35920513	0.25304852225049196	0.0125822	2e-05
-0.0486	0.069	0.0183	-0.002701769682087222	-0.0008220500776893293	0.0003351032163829112	1.14892149	32.56520844	1.23694472	0.09018062789394611	0.0120097	0.0
-0.0502	-0.054	-0.0014	-0.0024190263432641405	-0.0009826203688728075	0.00035604716740684323	1.18938673	33.71216202	1.30353014	0.1675128790515246	0.0122156	0.0
-0.0603	0.0145	0.0099	-0.0027977627909469105	-0.0010140362954087054	0.0003961897402027128	1.13760817	32.24454117	1.24118659	0.11241474735072687	0.0125132	2e-05
-0.0551	0.174	0.0707	-0.0020420352248333657	-0.0009756390518648303	0.00023212879051524583	1.38616109	39.28956223	1.4851372	0.2734092879672443	0.0157164	4e-05
-0.0453	0.0271	0.0165	-0.001668534764906579	-0.000757472895365539	0.00015707963267948963	1.31524014	37.27936935	1.40848895	0.24423578871309168	0.0122778	0.0
-0.0509	-0.0708	-0.0146	-0.0015481070465189703	-0.0008342673824532895	8.726646259971648e-05	1.16718733	33.08293915	1.24536779	0.14795176877775662	0.0127093	0.0
-0.0606	-0.001	0.0128	-0.0015812683023068625	-0.0009756390518648303	4.886921905584123e-05	1.17013621	33.16652298	1.27175013	0.1175465084371654	0.0118383	2e-05
-0.0564	0.1595	0.0576	-0.0014451326206513049	-0.0008569566627292158	3.141592653589793e-05	1.35700393	38.46312714	1.45686215	0.22311356816555575	0.0157906	1e-05
-0.0539	-0.019	-0.0041	-0.0016318828506146981	-0.0007120943348136865	0.0001186823891356144	1.37244821	38.90088272	1.46255494	0.26364395102393196	0.01152	3e-05
-0.0523	-0.078	-0.0078	-0.0013927727430914749	-0.0007435102613495844	4.537856055185256e-05	1.10871315	31.4255352	1.20237369	0.08149149313214414	0.0131575	1e-05
-0.0532	0.0545	0.0513	-0.0012723450247038664	-0.0008395033702092724	-4.0142572795869576e-05	1.28279495	36.3597374	1.38018182	0.20759709802975093	0.0126078	4e-05
-0.053	0.1186	0.0496	-0.0013107422682477415	-0.000736528944341607	5.585053606381854e-05	1.21832097	34.53227615	1.29000507	0.07786823891356143	0.0157154	2e-05
-0.0579	-0.0738	0.0034	-0.001541125729510993	-0.0007138396640656808	0.00017278759594743863	1.40470481	39.81517029	1.47992549	0.2620004900711399	0.0126693	8e-05
-0.062	-0.069	0.0075	-0.0013805554383275148	-0.0009250245035569946	0.00016929693744344995	1.18199944	33.50277328	1.19552816	0.03176228945893903	0.0123429	3e-05
-0.0658	0.0879	0.0667	-0.001296779634231787	-0.0009773843811168245	0.00016231562043547262	1.32623613	37.59104156	1.43483914	0.2270558499331768	0.0140225	3e-05
-0.0622	0.0169	0.0142	-0.001335176877775662	-0.0007853981633974483	0.0002181661564992912	1.21526718	34.44572067	1.30835997	0.14141169986635346	0.0133166	2e-05
-0.0661	-0.0785	-0.0195	-0.0012723450247038664	-0.000757472895365539	0.00021118483949131387	1.16951644	33.1489563	1.25553995	0.13788692190558413	0.0131535	0.0
-0.0486	-0.0332	-0.0072	-0.0012339477811599909	-0.0003717551306747922	0.0002705260340591211	1.12666762	31.93444252	1.22545323	0.0992728101401215	0.0127342	1e-05
-0.0415	0.1474	0.0518	-0.0009302604913129776	-0.0004991641660703782	0.000158824961931484	1.38958383	39.38657761	1.48772789	0.2738398698685118	0.0179103	5e-05
-0.04	0.0055	-0.0034	-0.0011536626355682519	-0.00039793506945470715	0.0002478367537831948	1.30074692	36.86857224	1.39769045	0.2192821516361328	0.0131999	3e-05
-0.0398	-0.0791	-0.0151	-0.001239183768915974	-0.0004572762640225143	0.000317649923862968	1.13189971	32.08274078	1.22458833	0.10723377489976514	0.013335	1e-05
-0.04	0.0159	0.0258	-0.001965240737745615	-0.00043458698374658803	0.0003438298626428829	1.1934768	33.82809067	1.31457455	0.17484630939427415	0.0121854	0.0
-0.0389	0.1593	0.0641	-0.0016004669240788003	-0.00046949356878647465	0.00026354471705114377	1.34559667	38.13980103	1.43571906	0.20679827721492203	0.0160019	4e-05
-0.0327	-0.0318	0.0212	-0.0017086773377024485	-0.00040666171571467877	0.00028623399732707005	1.37835217	39.06822586	1.48940011	0.24988657734856848	0.0110515	2e-05
-0.017	0.0689	0.075	-0.0070912727508529606	-0.0001832595714594046	0.0005131268000863328	1.84718275	52.35683441	2.31863148	0.4618445180082525	0.0251644	0.00358
-0.0411	0.1588	0.0779	-0.0033318335420571745	-0.0007225663103256524	0.00048520153205442357	1.79069996	50.75587463	2.20089812	0.3332335607846972	0.0147529	8e-05
-0.0491	0.1651	0.0365	-0.0025062928058638572	-0.0008011061266653974	0.00035430183815484887	1.21548331	34.45184708	1.32429602	0.10744901232163184	0.0151104	5e-05
-0.0488	-0.0119	0.0166	-0.0027331856086231197	-0.0007976154681614085	0.0003316125578789226	1.38304961	39.20137024	1.45220697	0.2098536370769589	0.0108577	4e-05
-0.053	-0.0083	0.0143	-0.002686061718819273	-0.000804596785169386	0.0004258603374866164	1.12809181	31.97480774	1.18505643	0.017517649320975888	0.0110701	1e-05
-0.0529	0.1559	0.074	-0.0026790804018112955	-0.0008604473212332044	0.00034906585039886593	1.33880424	37.94727325	1.42037533	0.23098131700797733	0.0138476	1e-05
-0.0449	0.0987	0.0466	-0.002617993877991494	-0.0006318091892219474	0.0004485496177625427	1.19229186	33.79450607	1.27582426	0.11206042115973676	0.012449	1e-05
-0.049	-0.0468	0.0293	-0.0027611108766550296	-0.0006073745796940267	0.0004991641660703782	1.25546026	35.58496094	1.35627026	0.1778083078249646	0.0108565	4e-05
-0.0572	-0.0011	0.0334	-0.002949606435870417	-0.0007557275661135446	0.0004625122517784973	1.11887169	31.71347237	1.20135955	0.07667502299633931	0.0108558	2e-05
-0.0492	0.1459	0.0922	-0.002886774582798621	-0.0006894050545377602	0.0004485496177625427	1.29359818	36.66594696	1.37944397	0.22095584993317677	0.013247	1e-05
-0.063	0.0914	0.0495	-0.003309144261781249	-0.0008080874436733745	0.0006230825429619757	1.21236575	34.36348343	1.32883851	0.14677924966588377	0.0131553	3e-05
-0.0602	-0.0202	0.0208	-0.0031764992386296795	-0.0008115781021773631	0.0004886921905584122	1.20962429	34.28577805	1.31235881	0.15662630170295608	0.0114654	3e-05
-0.0995	0.0172	-0.0718	-0.0028728119487826664	-0.0014416419621473165	0.0009197885158010115	1.36305833	38.63473511	1.61052799	0.2375423737529783	0.0203997	0.00023
-0.1124	0.1622	-0.0337	-0.003680899392456041	-0.0016615534478986017	0.0010053096491487337	1.40302777	39.76763535	1.56380887	0.2516760031386191	0.020874	0.00017
-0.1	0.2417	0.0671	-0.0030229102644541784	-0.0015079644737231008	0.0007295476273336296	1.3802439	39.12184525	1.52243032	0.24706700619962332	0.0207655	0.00013
-0.0872	0.0076	0.0142	-0.002893755899806598	-0.001467821900927231	0.0006108652381980154	1.48220611	42.01187897	1.60315922	0.3141989663289532	0.0135123	3e-05
-0.0803	-0.0706	0.0148	-0.003080506129769991	-0.001322959573011702	0.0005515240436302081	1.17944872	33.43047714	1.24594268	0.10524768762233647	0.0143692	4e-05
-0.0983	0.0446	0.0339	-0.00249931148885588	-0.0011728612573401894	0.000635299847725936	1.31751597	37.34387589	1.42552915	0.19305343803406755	0.0134103	4e-05
-0.0767	0.1961	0.089	-0.0024452062820440558	-0.0009616764178488756	0.00041015237421866745	1.39130819	39.43545532	1.51396631	0.2527218759905203	0.0178887	5e-05
-0.0739	-0.0188	0.0329	-0.002228785454796759	-0.0009442231253289323	0.00042411500823462205	1.49929535	42.49625778	1.57368024	0.28619183768915973	0.0124421	0.00013
-0.0773	-0.1013	0.0055	-0.002309070600388498	-0.0009669124056048585	0.0004258603374866164	1.19022441	33.73590469	1.23632909	0.118535987755983	0.013205	7e-05
-0.0882	0.0694	0.0755	-0.0025726153174396417	-0.0012775810124598492	0.0004677482395344803	1.38656247	39.30094147	1.47208979	0.28240506129769993	0.0126917	2e-05
-0.0897	0.1762	0.062	-0.002450442269800039	-0.0013124875974997359	0.0005218534463463045	1.31351852	37.23057175	1.40766561	0.13235924197456567	0.0169516	4e-05
-0.0968	-0.0561	0.0259	-0.0031049407392979124	-0.0015079644737231008	-6.981317007977319e-05	1.52478898	43.218853	1.65935447	0.34758209810736584	0.0146865	6e-05
-0.0901	0.0203	0.0305	-0.002256710722828668	-0.001473057888683214	0.0001256637061435917	1.30829537	37.08252716	1.44335445	0.1416306738866248	0.0124627	0.0
-0.094	0.2027	0.0891	-0.002336995868420407	-0.0015550883635269475	0.0002024581932313422	1.40352964	39.78186035	1.50213818	0.25685550537616114	0.017571	3e-05
-0.0794	0.009	0.0509	-0.0023963370629882146	-0.0013072516097437528	0.00022863813201125715	1.39477944	39.53384399	1.50926504	0.26316789435654586	0.0119441	2e-05
-0.0835	-0.0384	0.0319	-0.0018849555921538759	-0.00147131255943122	0.00014137166941154068	1.13181591	32.08036423	1.20374406	0.10863544415607612	0.0111829	0.0
-0.0953	0.0535	0.0505	-0.001361356816555577	-0.0015323990832510211	0.00023561944901923448	1.21702051	34.49541855	1.33679954	0.15624665395128967	0.0134094	5e-05
-0.0922	0.1122	0.0426	-0.000609119908946021	-0.001499237827463129	0.0003822271061867582	1.25285578	35.51113892	1.38432255	0.11630029102824858	0.0175475	7e-05
-0.0921	-0.0681	0.0012	-0.0011379546723003027	-0.0014660765716752368	0.00027576202181510406	1.38797927	39.34109879	1.46654309	0.2552230551756914	0.0132412	2e-05
-0.0829	-0.0844	-0.0054	-0.001429424657383356	-0.0012845623294678264	0.00016929693744344995	1.10854328	31.42072296	1.1882521	0.061072465583105896	0.0126448	1e-05
-0.073	0.0323	0.0665	-0.0005148721293383271	-0.001186823891356144	0.00014137166941154068	1.39085197	39.4225235	1.57502213	0.250510811709431	0.0151679	0.00014
-0.0783	0.1487	0.064	-0.0022951079663725434	-0.0011833332328521555	0.0004939281783143952	1.38881218	39.36470795	1.66777909	0.23101415022205296	0.0152006	4e-05
-0.0622	-0.005	0.0395	-0.0038571776469074684	-0.0009896016858807848	0.0006510078109938849	1.56837463	44.45425415	1.71967661	0.2899440430092893	0.0148526	0.00013
-0.0479	0.1282	0.0944	-0.0066165431943105025	-0.0006771877497737998	0.0007470009198535729	1.41200554	40.02210236	1.6692093	0.36078862961848546	0.0188013	0.00018
-0.0622	0.2578	0.1666	-0.005555383009097951	-0.0008970992355250854	0.0005881759579220891	1.35786521	38.4875412	1.50597242	0.28809483164476596	0.0207465	0.00015
-0.0632	0.1813	0.1203	-0.004714134309636684	-0.0009093165402890458	0.0006038839211900379	1.21437573	34.42045212	1.34083117	0.1672586983746588	0.016234	2e-05
-0.0579	0.0468	0.0931	-0.0045483280306972225	-0.000926769832808989	0.0005951572749300663	1.22072768	34.60049438	1.33116415	0.17659931088596884	0.0127774	1e-05
-0.0568	0.0421	0.0813	-0.004330161874197931	-0.0009093165402890458	0.0005532693728822024	1.07722402	30.53300476	1.16399307	0.031475367553354935	0.0121129	0.0
-0.0601	0.0904	0.1002	-0.004066617157146788	-0.0009843656981248017	0.000486946861306418	1.13500106	32.17064667	1.2209566	0.0907458193231342	0.0125759	0.0
-0.065	0.2222	0.1305	-0.004197516851046362	-0.001064650843716541	0.0005410520681182421	1.21812379	34.52668762	1.31134374	0.1802645023151569	0.0177715	1e-05
-0.0571	0.0818	0.0885	-0.003991567999311032	-0.0008761552845011534	0.0005707226654021458	1.2533108	35.52403641	1.34215097	0.21150575041173109	0.0129408	4e-05
-0.0756	0.0507	0.0862	-0.00408756110817072	-0.0012793263417118436	0.0006684611035138282	1.12802386	31.97288132	1.2308305	0.08174513020910301	0.0128196	0.0
-0.084	0.1061	0.1034	-0.004412192349041665	-0.0013281955607676848	0.000582939970166106	1.13733995	32.23693848	1.24828586	0.10395107966372544	0.014019	2e-05
-0.0875	0.2538	0.1356	-0.003841469683639519	-0.001520181778487061	0.000466002910282486	1.33438683	37.82206726	1.47634885	0.22738229715025715	0.0207463	7e-05
-0.0805	0.0571	0.091	-0.004040437218366873	-0.0014416419621473165	0.0004921828490624009	1.41997337	40.24794388	1.55457688	0.2634843644923507	0.0134759	1e-05
-0.0766	0.0161	0.0698	-0.003886848244191372	-0.0014416419621473165	0.0003892084231947355	1.13685584	32.22321701	1.22947414	0.07892817000215832	0.0122045	2e-05
-0.0924	0.0813	0.1033	-0.004187044875534397	-0.0015603243512829306	0.0003769911184307752	1.19127166	33.76558685	1.3057957	0.13605481626212995	0.0122865	0.0
-0.0909	0.2465	0.1338	-0.003904301536711315	-0.0015690509975429022	0.00040666171571467877	1.3518424	38.31682968	1.48195706	0.21325702911834785	0.0182694	5e-05
-0.074	0.0395	0.0858	-0.0036669367584400863	-0.0012880529879718153	0.0003874630939427412	1.41126764	40.00118637	1.51263376	0.29877807048071264	0.0113913	3e-05
-0.072	-0.0068	0.0699	-0.003415609346152903	-0.0013386675362796509	0.0003647738136668148	1.11728168	31.66840363	1.19512984	0.08043156204354726	0.0103104	0.0
-0.0747	0.0481	0.0688	-0.0038083084278516272	-0.0013107422682477415	0.0002548180707911721	1.14900398	32.56754684	1.26773153	0.08522900463031384	0.0112905	1e-05
-0.0848	0.2266	0.1382	-0.0036983526849759846	-0.0015515977050229591	0.0001675516081914556	1.39030635	39.40705872	1.50406907	0.27990388211252887	0.017826	4e-05
-0.0657	0.0978	0.0879	-0.0035517450278084606	-0.001228711793404008	0.00010995574287564276	1.32332587	37.50855255	1.45585896	0.2245544717051144	0.0140163	4e-05
-0.0625	-0.0177	0.0799	-0.0033667401270970616	-0.0013386675362796509	5.235987755982989e-05	1.24604058	35.31796646	1.37684589	0.14432782544514272	0.0110434	0.0
-0.0651	0.0661	0.0888	-0.003349286834577118	-0.0013421581947836393	5.4105206811824215e-05	1.14477265	32.44761276	1.2521727	0.09643446401379635	0.0110614	0.0
-0.0777	0.2077	0.1181	-0.0036547194536761256	-0.0013997540600994523	8.726646259971648e-05	1.28907585	36.5377655	1.42179373	0.20330948701013565	0.016218	5e-05
-0.0754	0.0617	0.0882	-0.0035360370645405115	-0.001322959573011702	0.0002251474735072685	1.26823997	35.94718933	1.392814	0.19486789435654575	0.010937	0.0
-0.0778	0.0131	0.0735	-0.0035744343080843866	-0.0013683381335635543	0.0002129301687433082	1.10264981	31.25367546	1.17946677	0.0704996554429844	0.011079	1e-05
-0.0833	0.1517	0.1278	-0.0033231068957972035	-0.001439896632895322	9.599310885968811e-05	1.26937556	35.97937775	1.37213065	0.22039114857512856	0.0136672	2e-05
-0.0793	0.164	0.1056	-0.0033021629447732717	-0.0013980087308474581	0.0001675516081914556	1.16658032	33.06573105	1.27028134	0.045219517620178167	0.0139422	0.0
-0.0699	-0.0084	0.0834	-0.003623303527140228	-0.0013334315485236678	9.948376736367679e-05	1.30444372	36.97335434	1.4130492	0.22668928027592627	0.0112044	0.0
-0.0736	0.044	0.0927	-0.003639011490408177	-0.001420698011123384	9.948376736367679e-05	1.12200654	31.8023262	1.21892844	0.07054872129338324	0.0115078	3e-05
-0.0778	0.1631	0.1007	-0.00365646478292812	-0.001439896632895322	7.155849933176751e-05	1.21918344	34.55672455	1.36050854	0.13452885911618948	0.0138495	4e-05
-0.0654	0.0383	0.0795	-0.0039706240482871	-0.0012671090369478833	8.203047484373349e-05	1.23303735	34.94940186	1.35038564	0.1832709418409192	0.0108498	0.0
-0.0646	0.0316	0.0671	-0.00400727596257898	-0.0012845623294678264	8.028514559173915e-05	1.08931255	30.87564278	1.17819772	0.02269252680319088	0.0109699	1e-05
-0.0745	0.1503	0.1121	-0.003864158963915446	-0.0014538592669112763	5.061454830783555e-05	1.23003972	34.8644371	1.31697391	0.1907042266695444	0.0131491	3e-05
-0.0758	0.2183	0.1031	-0.003855432317655474	-0.0014067353771074296	0.0001308996938995747	1.17221332	33.2253952	1.27375012	0.0851067840827779	0.0160738	2e-05
-0.0718	0.0353	0.0584	-0.003635520831904189	-0.0012217304763960308	0.00019198621771937622	1.3158865	37.29769135	1.43183713	0.25500014551412425	0.0104096	1e-05
-0.0739	0.0464	0.0561	-0.0036669367584400863	-0.001282817000215832	0.00017627825445142725	1.08104038	30.64117432	1.16867655	0.02091052068118237	0.0106549	0.0
-0.0801	0.1423	0.1082	-0.0038467056713955023	-0.0015603243512829306	-1.2217304763960308e-05	1.17506504	33.30622482	1.27338766	0.18648859116189512	0.0132086	4e-05
-0.0812	0.1465	0.1	-0.0037751471720637348	-0.001446877949903299	6.806784082777885e-05	1.15777314	32.81610107	1.22216294	0.02676450231515688	0.0136951	1e-05
-0.0853	0.011	0.0713	-0.004002039974822997	-0.0013369222070276565	0.00021118483949131387	1.24364495	35.25006485	1.32224967	0.192298277214922	0.0114899	8e-05
-0.0816	0.0104	0.0604	-0.0040282199136029125	-0.001244419756671957	0.0002129301687433082	1.09458578	31.02510834	1.16164726	0.02122138591938045	0.0113537	1e-05
-0.0945	0.1158	0.0988	-0.004838052686528281	-0.001567305668290908	0.0004537856055185257	1.17203701	33.22039795	1.29282092	0.2253787060659768	0.0146357	3e-05
-0.0998	0.2668	0.1399	-0.004611159883769018	-0.0016039575825827887	0.00021118483949131387	1.3159368	37.29911423	1.42383309	0.22270727415391772	0.0200475	4e-05
-0.1487	0.0891	0.1105	-0.0033772121026090277	-0.0026267205242514655	9.948376736367679e-05	1.45538616	41.25168991	1.75734863	0.3744205897478152	0.017296	0.00042
-0.1045	-0.0225	0.0273	-0.0033318335420571745	-0.001853539665617978	-1.2217304763960308e-05	1.40023756	39.68854904	1.6281456	0.28551302456564887	0.0128021	3e-05
-0.0935	0.1493	0.1069	-0.0035116024550125905	-0.0017767451785302276	-0.00023212879051524583	1.40571237	39.84372711	1.54436853	0.28622374428972247	0.0148888	3e-05
-0.0724	0.1544	0.0924	-0.0030874874467779687	-0.0013631021458075715	-0.0002478367537831948	1.22909093	34.83754349	1.33352999	0.08337330021126137	0.0142883	0.0
-0.0645	-0.0506	0.0539	-0.0032463124087094525	-0.001281071670963838	-0.0001937315469713706	1.43970942	40.80734634	1.52061949	0.26614803217935207	0.0110972	2e-05
-0.0694	-0.0239	0.0657	-0.003316125578789226	-0.001382300767579509	-0.00019896753472735358	1.16708291	33.07997894	1.20849378	0.05221391272257135	0.0106667	1e-05
-0.0801	0.1788	0.1211	-0.003232349774693498	-0.0014957471689591403	-0.00017627825445142725	1.40714943	39.88446045	1.51304242	0.27979557428756424	0.0144932	0.0
-0.0659	0.0796	0.0787	-0.0031363566658338103	-0.0011798425743481666	-0.000148352986419518	1.24775255	35.36648941	1.32220259	0.1777911485751285	0.0109336	1e-05
-0.0694	-0.0373	0.0568	-0.002885029253546627	-0.001281071670963838	-0.00023911010752322313	1.21457648	34.42614365	1.28944916	0.16446568150032795	0.0102107	6e-05
-0.079	-0.0069	0.059	-0.0028693212902786776	-0.0014957471689591403	-0.000296705972839036	1.12459791	31.8757782	1.19151247	0.05659896632895322	0.0102859	1e-05
-0.0947	0.162	0.1131	-0.0028780479365386495	-0.0017086773377024485	-0.00029496064358704166	1.32842827	37.65317535	1.40855054	0.24987010721276368	0.0149354	0.0
-0.1053	0.1372	0.0741	-0.0029792770331543207	-0.001778490507782222	-0.000153588974175501	1.20869327	34.25938797	1.31065861	0.09002069680534931	0.0137166	4e-05
-0.1167	-0.0314	0.0316	-0.0031328660073298214	-0.0018291050560900572	-3.839724354387525e-05	1.37313414	38.92032623	1.49012676	0.23846976265574807	0.0137468	0.0001
-0.0905	0.0116	0.0554	-0.002853613327010729	-0.0015585790220309364	-0.00019547687622336493	1.16671121	33.06944275	1.27262899	0.12834291735288517	0.0121093	3e-05
-0.091	0.0367	0.0629	-0.0028605946440187057	-0.001509709802975095	-0.00022689280275926284	1.10733938	31.38659859	1.18627587	0.03746332312998581	0.0120384	0.0
-0.0883	0.178	0.1104	-0.003014183618194207	-0.0015865042900628454	-0.00023561944901923448	1.24049652	35.16082382	1.32399447	0.2034555053761611	0.0150396	1e-05
-0.0815	0.0627	0.0624	-0.0029949849964222694	-0.0014276793281313615	-0.0001884955592153876	1.23492253	35.00283432	1.31384283	0.18135737367536336	0.0121915	2e-05
-0.0779	-0.0611	0.0492	-0.0031119220563058892	-0.0014119713648634124	-0.0002495820830351891	1.1914829	33.77157593	1.28613148	0.1502865773485685	0.0119538	2e-05
-0.0712	0.0149	0.0747	-0.003829252378875559	-0.0013281955607676848	-0.0002844886680750757	1.15002203	32.59640121	1.26661567	0.1500006355852642	0.011459	1e-05
-0.0595	0.1825	0.1298	-0.004324925886441949	-0.0010367255756846318	-0.00012217304763960306	1.31683064	37.32445145	1.45412881	0.2818729556542457	0.0145821	3e-05
-0.0631	0.073	0.0758	-0.0038571776469074684	-0.0011519173063162574	-7.853981633974481e-05	1.20502532	34.15542221	1.30227285	0.19842866007329824	0.0104997	0.0
-0.0748	0.0031	0.0638	-0.0036198128686362394	-0.0014014993893514465	-0.0001239183768915974	1.10920322	31.43942833	1.21621878	0.12021627109291352	0.0102435	0.0
-0.0849	0.0519	0.0792	-0.0038903389026953604	-0.0015132004614790836	-0.00013788101090755203	1.11938322	31.72797203	1.21513287	0.09410948701013565	0.0107362	1e-05
-0.0877	0.1943	0.1176	-0.003979350694547071	-0.0015585790220309364	-6.45771823237902e-05	1.27577579	36.16078568	1.38679417	0.19398470904936624	0.0153785	3e-05
-0.0667	0.0004	0.0471	-0.001282817000215832	-0.0011379546723003027	-0.0003089232776029963	1.52222311	43.14612579	1.82507448	0.453475206967054	0.01472	0.00035
0.0112	-0.0618	0.0383	-0.0004049163864626844	-9.250245035569947e-05	-0.0005235987755982988	1.39579499	39.5626297	1.81569681	0.25580141668465267	0.0169048	0.00063
-0.0149	-0.0077	0.0663	-0.002049016541841343	-0.0004625122517784973	-0.0001605702911834783	1.31886971	37.38224792	1.65293289	0.22705692206081385	0.0109693	1e-05
-0.0324	0.1217	0.1004	-0.002136283004441059	-0.0007644542123735164	-0.00022863813201125715	1.23624444	35.04030228	1.33409503	0.20386381320112568	0.0139693	1e-05
-0.036	-0.0067	0.0636	-0.0018797196043978928	-0.0006684611035138282	-0.0003106686068549907	1.28525603	36.42949677	1.32757241	0.1905293491873294	0.0109153	2e-05
-0.0356	-0.0934	0.0494	-0.001947787445225672	-0.000661479786505851	-0.00033684854563490564	1.13378394	32.13614655	1.21643827	0.10636145483078356	0.011124	1e-05
-0.0435	-0.075	0.0478	-0.002165953601724963	-0.0007819075048934597	-0.0003647738136668148	1.0680573	30.27318192	1.15084393	0.04622595714594043	0.0103964	0.0
-0.0521	-0.007	0.0776	-0.0022863813201125715	-0.0009424777960769379	-0.00033684854563490564	1.11140835	31.50192833	1.20176691	0.1218461638801498	0.00976008	1e-05
-0.0649	0.1412	0.1248	-0.00294262511886244	-0.001282817000215832	-0.00015184364492350666	1.25451839	35.55826187	1.37114147	0.26727939518000804	0.0134283	4e-05
-0.0574	0.0229	0.0691	-0.0027104963283471934	-0.0009512044423369096	-0.00018151424220741024	1.24011254	35.14994049	1.3484259	0.2111705972839036	0.00950897	1e-05
-0.1071	-0.0196	0.0608	-0.0030368728984701333	-0.002103121748653167	-0.0002181661564992912	1.18796754	33.67193604	1.39971775	0.17624728953655394	0.0120065	4e-05
-0.057	0.1649	0.1095	-0.002495820830351891	-0.0011414453308042916	-0.0003682644721708035	1.44568741	40.97678757	1.63341105	0.36594134008193147	0.0151904	3e-05
-0.054	0.0885	0.0691	-0.0022968532956245376	-0.0009407324668249436	-0.0002583087292951608	1.23514295	35.00908279	1.30317916	0.14528180707911723	0.0121971	4e-05
-0.0614	-0.0912	0.0533	-0.0023788837704682713	-0.0011449359893082802	-0.000296705972839036	1.31935537	37.39601135	1.43440046	0.2191315620435472	0.0111264	0.0
-0.0681	-0.0606	0.0445	-0.0024155356847601517	-0.0012217304763960308	-0.0003385938748868999	1.1930927	33.81720352	1.28890322	0.053866715171374736	0.0116941	0.0
-0.0603	0.1369	0.1064	-0.002366666465704311	-0.0011379546723003027	-0.0003612831551628262	1.42220712	40.31125641	1.53422777	0.2749667151713747	0.013177	2e-05
-0.0416	-0.0034	0.0628	-0.002380629099720265	-0.0007470009198535729	-0.0003665191429188092	1.33641744	37.87962341	1.38946599	0.22310761871093332	0.0106317	0.0
-0.0353	-0.1117	0.0458	-0.0020839231268812296	-0.0006894050545377602	-0.0004485496177625427	1.19862759	33.97408676	1.28051351	0.15341661564992906	0.0115748	2e-05
-0.0373	-0.0495	0.0556	-0.0022898719786165604	-0.0008237954069413235	-0.0004625122517784973	1.1833303	33.54049683	1.24558139	0.09171509190774242	0.0102339	0.0
-0.0407	0.1676	0.1114	-0.002590068609959585	-0.0009930923443847736	-0.00034557519189487725	1.4201144	40.25194168	1.53026765	0.30562153143350484	0.0144098	1e-05
-0.0578	0.0333	0.0329	-0.0023457225146803788	-0.001022762941668677	-0.0002303834612632515	1.36780381	38.76924133	1.4640268	0.2493604211597368	0.0113202	6e-05
-0.0634	-0.0548	0.0361	-0.0023282692221604354	-0.0010995574287564276	-0.00024085543677521747	1.19726944	33.93558884	1.30286953	0.102135987755983	0.010515	9e-05
-0.0526	0.049	0.0924	-0.0024155356847601517	-0.0009983283321407565	-0.00038571776469074686	1.26342642	35.81075287	1.33043679	0.1875678943565458	0.0113637	2e-05
-0.0446	0.1867	0.1103	-0.0022462387473167022	-0.0008918632477691023	-0.00029321531433504735	1.30424559	36.96773911	1.4006588	0.1820132236085401	0.0161582	2e-05
-0.0412	-0.0667	0.0529	-0.0023753931119642824	-0.0007016223593017205	-0.0003700098014227979	1.52017474	43.0880661	1.65526106	0.33400948701013566	0.0116765	1e-05
-0.0494	-0.1206	0.0334	-0.0024172810140121463	-0.0008168140899333463	-0.00041713369122664475	1.13564992	32.18903732	1.20719542	0.09181017612416681	0.0129024	1e-05
-0.0467	0.006	0.0624	-0.002567379329683659	-0.0008272860654453122	-0.00042935099599060504	1.22201228	34.63690567	1.31452803	0.16693937979737195	0.0113311	4e-05
-0.0381	0.0815	0.0594	-0.0028221974004748306	-0.0006544984694978735	-0.00032812189937493397	1.18286169	33.52721405	1.27463863	0.11354173816771404	0.0115751	1e-05
-0.0373	-0.0691	0.0312	-0.0026965336943312393	-0.0007208209810736582	-0.00033335788713091696	1.24103868	35.17619324	1.34527375	0.189461110273768	0.0112485	1e-05
-0.071	-0.0339	0.0279	-0.0027314402793711255	-0.0012723450247038664	-0.00031415926535897925	1.11414099	31.57938576	1.25290695	0.1024814625221016	0.0107152	0.0
-0.1304	0.0401	-0.0213	-0.0029949849964222694	-0.0017226399717184032	0.0003385938748868999	1.27301252	36.08246231	1.52873962	0.25092964021557795	0.0143145	5e-05
-0.0846	0.1668	0.0805	-0.002595304597715568	-0.0012601277199399059	-0.00022863813201125715	1.40675116	39.87317276	1.60194243	0.3457712328691678	0.014552	1e-05
-0.059	0.04	0.0334	-0.002380629099720265	-0.0009180431865490173	-0.00030194196059501896	1.29326487	36.65649796	1.43929484	0.23100319299849764	0.0119396	5e-05
-0.0265	-0.0547	0.0248	-0.0027314402793711255	-0.0005532693728822024	-0.00035604716740684323	1.24871838	35.39386749	1.40387524	0.174284510006475	0.0112892	2e-05
-0.0376	0.0372	0.0789	-0.003118903373313867	-0.0006544984694978735	-0.0003298672286269283	1.19946325	33.99777222	1.30979899	0.18284360646691636	0.0107934	1e-05
-0.0498	0.1298	0.1005	-0.002998475654926258	-0.0008499753457212384	-0.00024260076602721178	1.22740579	34.78977966	1.28810145	0.1465585528605345	0.0127998	1e-05
-0.0505	-0.0461	0.0514	-0.0026529004630313807	-0.0008342673824532895	-0.0002373647782712288	1.32946432	37.68254089	1.41878528	0.24402595714594047	0.0110506	8e-05
-0.0513	-0.0642	0.0461	-0.0025202554398798117	-0.0008726646259971648	-0.0002705260340591211	1.113258	31.55435562	1.17617869	0.034410176124166816	0.010931	7e-05
-0.057	0.0023	0.0771	-0.0026546457922833754	-0.0008918632477691023	-0.00027576202181510406	1.13707805	32.22951508	1.22974944	0.1111412480965742	0.0105596	0.0
-0.0553	0.1248	0.1147	-0.0026022859147235454	-0.0009040805525330626	-0.000317649923862968	1.21334422	34.39121628	1.31294589	0.1671232542185827	0.0132166	2e-05
-0.0509	0.004	0.0651	-0.0024853488548399255	-0.0007731808586334879	-0.00018675022996339323	1.24464417	35.27838516	1.32078963	0.19373682238413845	0.0103114	2e-05
-0.0651	-0.0247	0.0443	-0.002975786374650332	-0.0009616764178488756	-0.0001256637061435917	1.12141895	31.78567123	1.2340877	0.1007009801422798	0.0109255	1e-05
-0.0677	0.0577	0.0856	-0.0025045474766118626	-0.001054178868204575	-0.00032637657012293966	1.20608699	34.18551636	1.31413274	0.16452271061867582	0.0109543	1e-05
-0.0861	0.1571	0.1094	-0.002841396022246768	-0.0015114551322270892	-0.00043458698374658803	1.26150799	35.75637817	1.40394108	0.1867167611640534	0.0153847	1e-05
-0.0523	-0.0738	0.051	-0.0025272367568877894	-0.0007557275661135446	-0.0002897246558310587	1.49259174	42.30625153	1.64524617	0.38383745796940255	0.0103878	1e-05
-0.0445	-0.0656	0.051	-0.002712241657599188	-0.000726056968829641	-0.00035081117965086024	1.10898101	31.43312836	1.18512744	0.029788101090755185	0.0107272	0.0
-0.0441	0.0399	0.0883	-0.002366666465704311	-0.0007644542123735164	-0.0004206243497306334	1.22102904	34.60903549	1.30446413	0.1658892802759263	0.0109246	3e-05
-0.0344	0.1313	0.0864	-0.0024120450262561633	-0.0005672320068981572	-0.00043458698374658803	1.20247126	34.0830307	1.29446758	0.1158281700021583	0.0125859	3e-05
-0.0277	-0.0623	0.0378	-0.0023911010752322315	-0.00038397243543875244	-0.0004310963252425994	1.36500871	38.6900177	1.45994715	0.25928470904936624	0.0100337	1e-05
-0.0352	-0.0691	0.0384	-0.0026616271092913526	-0.0005759586531581287	-0.00045553093477052	1.09873474	31.14270592	1.17708853	0.039247343065320885	0.0108861	2e-05
-0.0378	0.0384	0.0557	-0.0024172810140121463	-0.0005637413483941684	-0.0004363323129985824	1.18774188	33.66553879	1.27481296	0.1411881010907552	0.0102399	0.0
-0.0396	0.1052	0.0713	-0.00239459173373622	-0.0005742133239061344	-0.00039269908169872416	1.16584229	33.04481506	1.23197497	0.08803972435438752	0.0117974	1e-05
-0.0359	-0.0482	0.0416	-0.0024452062820440558	-0.00045902159327450867	-0.0004049163864626844	1.27554607	36.15427399	1.3548181	0.19570117918517113	0.0101606	0.0
-0.0475	-0.0641	0.0266	-0.0024190263432641405	-0.0005585053606381855	-0.00042411500823462205	1.08602452	30.78244781	1.18176674	0.049743116395776485	0.0115616	0.0
-0.0525	0.0619	0.0647	-0.0025499260371637153	-0.000593411945678072	-0.00034906585039886593	1.22036278	34.59015274	1.31445363	0.18114277183876087	0.0115872	3e-05
-0.036	0.0863	0.0496	-0.002574360646691636	-0.0003159045946109737	-0.0003106686068549907	1.16229665	32.94431686	1.23315289	0.0730169602069447	0.0117742	1e-05
-0.0342	-0.0823	0.0292	-0.002453932928304027	-0.00034033920413889426	-0.00038397243543875244	1.29434001	36.68697357	1.40084974	0.20170830782496452	0.0119337	1e-05
-0.047	-0.0628	0.0384	-0.0025464353786597265	-0.0006894050545377602	-0.00038571776469074686	1.1492281	32.57389832	1.18844995	0.06366568150032798	0.0103778	1e-05
-0.047	0.0752	0.0782	-0.002565634000431664	-0.0007347836150896127	-0.00039095375244672985	1.24140251	35.18650436	1.32673974	0.18129065850398868	0.0108095	0.0
-0.0468	0.1064	0.0676	-0.0026389378290154262	-0.000635299847725936	-0.00035430183815484887	1.14232481	32.37823105	1.23867101	0.052471975511966	0.0114746	2e-05
-0.0651	-0.0429	0.0249	-0.0027244589623631483	-0.0009965830028887623	-0.0004310963252425994	1.3004545	36.8602829	1.44033297	0.2364799387799149	0.0110291	0.0
-0.0552	-0.0539	0.0205	-0.002478367537831948	-0.0008168140899333463	-0.0003874630939427412	1.1352098	32.17656326	1.27697324	0.04877467843932375	0.0105566	3e-05
-0.0568	0.0711	0.0716	-0.0024155356847601517	-0.0008203047484373349	-0.0004677482395344803	1.23630905	35.04213333	1.32176369	0.1850303828583761	0.0107595	0.0
-0.0557	0.0656	0.0449	-0.0026267205242514655	-0.0007033676885537148	-0.0003822271061867582	1.14403558	32.42671967	1.25022976	0.05398215163613279	0.01051	1e-05
-0.0578	-0.0681	0.0254	-0.0028379053637427798	-0.0007173303225696694	-0.0004363323129985824	1.22224534	34.64350891	1.32751276	0.16926263401595465	0.010577	2e-05
-0.0512	-0.0363	0.0161	-0.002595304597715568	-0.0006056292504420323	-0.000450294947014537	1.08574677	30.77457237	1.18061676	0.06611322360854016	0.00992137	2e-05
-0.0479	0.0896	0.0769	-0.0024452062820440558	-0.000640535835481919	-0.0005131268000863328	1.24905109	35.40329742	1.34035874	0.20239183768915972	0.0117384	1e-05
-0.0446	0.0924	0.0453	-0.0023911010752322315	-0.0005218534463463045	-0.0003892084231947355	1.15976846	32.87265778	1.2521154	0.05253529864195179	0.0119345	2e-05
-0.0476	-0.0397	0.0071	-0.002253220064324679	-0.000466002910282486	-0.00028274333882308137	1.21832514	34.53239441	1.31352266	0.18830983156715125	0.0112137	0.0
-0.0515	-0.0368	0.0115	-0.0025569073541716926	-0.0005811946409141118	-0.000291469985083053	1.09153676	30.93868637	1.19532899	0.03258028333693054	0.0104286	1e-05
-0.0559	0.1248	0.0739	-0.0026197392072434887	-0.000731292956585624	-0.00041189770347066176	1.301121	36.87917328	1.38763803	0.24506789435654583	0.0118991	1e-05
-0.0538	0.0029	0.0187	-0.0026441738167714093	-0.0005637413483941684	-0.0003438298626428829	1.28293955	36.3638382	1.33083497	0.19220270292735775	0.0101985	1e-05
-0.0554	-0.0682	0.0146	-0.0025987952562195565	-0.0005358160803622592	-0.00030368728984701333	1.1191771	31.72212791	1.20533145	0.08247232006898157	0.0105056	1e-05
-0.0744	-0.0043	0.044	-0.0029688050576423546	-0.0009896016858807848	-0.0001605702911834783	1.16406751	32.99451065	1.26760083	0.16064562028024293	0.0106741	6e-05
-0.0737	0.1551	0.0952	-0.003225368457685521	-0.0010035643198967395	-0.00042236967898262774	1.30787218	37.07052994	1.42308388	0.23791627109291352	0.0125987	2e-05
-0.0572	0.0385	0.0413	-0.0029792770331543207	-0.0005759586531581287	-0.0003525565089028545	1.25751519	35.64320374	1.34595413	0.22417551306747924	0.0100693	2e-05
-0.1032	-0.1019	-0.0008	-0.0025569073541716926	-0.001429424657383356	0.00018500490071139895	1.40870523	39.92855835	1.64137764	0.3191698546411054	0.015036	0.00028
-0.1186	-0.1203	-0.119	-0.0011519173063162574	-0.001706932008450454	-0.0002199114857512855	1.52098501	43.11103439	1.84958713	0.2563706892692609	0.0217838	0.00015
-0.0679	-0.0854	-0.0637	-0.0010663961729685354	-0.0009581857593448868	-0.0006928957130417488	1.30712807	37.04943848	1.47548888	0.2062625804871876	0.0161018	5e-05
-0.0549	0.0505	-0.0236	-0.0019058995431778078	-0.000890117918517108	-0.0006370451769779302	1.3490504	38.23769379	1.42032593	0.23717108735504355	0.0138363	1e-05
-0.0476	0.1525	0.0158	-0.001933824811209717	-0.0007208209810736582	-0.000460766922526503	1.3348614	37.83551788	1.38024591	0.16737502299633933	0.0148724	4e-05
-0.0486	-0.1021	-0.0232	-0.002097885760897184	-0.0006771877497737998	-0.0004974188368183839	1.5337975	43.47419357	1.64243327	0.3068173047639603	0.0125772	0.0
-0.0591	-0.1277	-0.0384	-0.0019826940302655584	-0.0007504915783575615	-0.00048345620280242926	1.11971867	31.73747826	1.18876371	0.06142290966156711	0.0137274	0.0
-0.0899	0.0116	0.0239	-0.0013578661580515882	-0.0012426744274199627	-0.0007086036763096977	1.39099729	39.42664337	1.5323715	0.299507909739182	0.0129482	0.00011
-0.0839	0.057	0.0349	-0.0013369222070276565	-0.0011955505376161158	-0.0005969026041820607	1.29402936	36.67816925	1.44711455	0.07138844564777079	0.0128752	0.0
-0.078	-0.1855	-0.0007	-0.001626646862858715	-0.0011327186845443199	-0.000577703982410123	1.56037712	44.22756958	1.65591554	0.30258775653373965	0.0164261	0.0001
-0.0811	-0.1621	-0.0034	-0.0016423548261266642	-0.0011711159280881952	-0.0005305800926062762	1.1428808	32.39398956	1.19283885	0.03426145483078358	0.0143608	5e-05
-0.0703	-0.0147	0.0413	-0.001843067690106012	-0.0010070549784007281	-0.0006073745796940267	1.25585055	35.59602356	1.35403879	0.2249784150377283	0.0116682	4e-05
-0.0625	0.0961	0.0472	-0.001635373509118687	-0.0008918632477691023	-0.0006335545184739417	1.26878202	35.96255493	1.34516249	0.1419532925199433	0.0131813	0.0
-0.0617	-0.1182	0.0118	-0.0016283921921107093	-0.0008185594191853405	-0.0006387905062299246	1.40558326	39.84006882	1.51692495	0.25477605666738606	0.0128169	0.0
-0.0682	-0.1017	-0.0027	-0.0018360863730980347	-0.0007976154681614085	-0.0006928957130417488	1.11333716	31.55659866	1.19926378	0.05163716694115408	0.01328	2e-05
-0.0671	0.0294	0.0256	-0.0016667894356545846	-0.000905825881785057	-0.0007696902001294993	1.24791396	35.37106705	1.34028697	0.17821509190774243	0.0122621	1e-05
-0.0578	0.0968	0.0284	-0.0017715091907742446	-0.0008691739674931761	-0.0006667157742618339	1.21493936	34.43642807	1.3171143	0.09171730476396033	0.0132197	2e-05
-0.0553	-0.1148	-0.0066	-0.0018814649336498872	-0.0009162978572970229	-0.0007068583470577034	1.39625084	39.57555008	1.52347396	0.258961110273768	0.0133964	2e-05
-0.0788	-0.0988	-0.0273	-0.0020263272615654165	-0.0012007865253720988	-0.0005183627878423159	1.14971888	32.58781052	1.28801231	0.09109232776029963	0.0141885	3e-05
-0.0709	0.0449	0.051	-0.0022898719786165604	-0.0012374384396639797	-0.0005270894341022875	1.32154334	37.45802689	1.44534049	0.24534616388014985	0.0114233	1e-05
-0.0575	0.0519	0.0243	-0.0020804324683772408	-0.0010035643198967395	-0.0004677482395344803	1.19026732	33.73712158	1.26490258	0.07223274122871837	0.0118371	1e-05
-0.0485	-0.1447	-0.005	-0.001970476725501598	-0.0008482300164692441	-0.0005340707511102648	1.3673532	38.75646973	1.46612616	0.2514806278939461	0.0143892	2e-05
-0.0531	-0.1042	-0.012	-0.0019669860669976093	-0.0009128071987930344	-0.0005375614096142535	1.09382176	31.00345421	1.19696603	0.05567792496658839	0.0136696	5e-05
-0.0617	0.0254	0.0402	-0.0022078415037728267	-0.0009843656981248017	-0.0005270894341022875	1.21817553	34.52815628	1.325528	0.20654429558094753	0.01206	4e-05
-0.0527	0.0949	0.0448	-0.0024033183799961914	-0.0007819075048934597	-0.00045902159327450867	1.15773237	32.81494522	1.26153285	0.10640014551412429	0.0131468	4e-05
-0.0487	-0.0964	0.0066	-0.002366666465704311	-0.0006126105674500097	-0.000460766922526503	1.354375	38.38861465	1.45853488	0.2438847090493662	0.0126961	0.00011
-0.0479	-0.0692	0.0134	-0.0024155356847601517	-0.0006684611035138282	-0.0005044001538263612	1.09482801	31.03197289	1.18325048	0.042217649320975874	0.0120451	7e-05
-0.0531	0.0849	0.07	-0.002398082392240209	-0.0007452555906015787	-0.0005602506898901797	1.27823138	36.23038864	1.36346609	0.22340491578357563	0.0121798	5e-05
-0.0511	0.0007	0.0312	-0.00238237442897226	-0.000598647933434055	-0.0004799655442984406	1.21272182	34.3735733	1.28665597	0.13713003830136059	0.0110813	5e-05
-0.0495	-0.1129	0.0199	-0.002190388211252884	-0.0006527531402458793	-0.0005358160803622592	1.18017471	33.45105362	1.2801429	0.14159709802975096	0.0124816	4e-05
-0.0493	-0.0691	0.0142	-0.0020472712125893483	-0.0007155849933176752	-0.0005602506898901797	1.12325466	31.8377018	1.181371	0.0612191730631626	0.0113826	1e-05
-0.0683	-0.0298	0.0076	-0.0025080381351158514	-0.0010314895879286487	-0.00042411500823462205	1.20329237	34.10630417	1.41873589	0.1105403599396517	0.0138732	0.00011
-0.0617	0.0852	0.0439	-0.002886774582798621	-0.0009372418083209549	-0.0005113814708343385	1.32309186	37.50191879	1.51210559	0.18591253449450895	0.0138159	7e-05
-0.0637	0.1549	0.0623	-0.002251474735072685	-0.0009354964790689606	-0.0005340707511102648	1.27986968	36.27682495	1.34618115	0.12308672286269284	0.0154734	5e-05
-0.0505	-0.1119	0.0142	-0.0022218041377887812	-0.0007592182246175333	-0.0005654866776461627	1.59289217	45.14918137	1.70318763	0.33996823891356154	0.0126892	4e-05
-0.0805	-0.2104	-0.2275	-0.002336995868420407	-0.0013980087308474581	-0.0005497787143782138	1.73963785	49.30856323	2.08150623	0.4086845100064749	0.0338703	0.00109
-0.0467	-0.0323	-0.0914	-0.0025080381351158514	-0.001322959573011702	-0.0009512044423369096	2.15037966	60.95069504	2.61524049	0.3803758576244948	0.0326942	0.00735
0.0281	-0.0173	-0.2929	-0.0008290313946973065	0.0004747295565424576	-6.283185307179586e-05	2.40015054	68.03023529	3.1157589	0.5095534229618909	0.0477833	0.01449
0.0221	-0.4395	-0.8586	-0.0003211405823669566	0.000726056968829641	0.0006178465552059926	3.17032909	89.86029816	3.87506128	1.0658948316447665	0.135347	0.10062
-0.0138	-0.0214	-0.1588	-0.001165879940332212	-0.00042935099599060504	-0.00012042771838760874	4.04217529	114.57203674	5.06794422	1.290721079818955	0.0581697	0.03462
-0.0071	0.1596	0.0649	-0.0009372418083209549	-0.0005375614096142535	-0.0004188790204786391	2.32900143	66.01357269	2.73215651	0.4431649923862968	0.0231346	0.00132
-0.0027	0.0044	0.0468	-0.001244419756671957	-0.000317649923862968	-0.00034208453339088857	1.38816309	39.34630966	1.55035759	0.20789419605950196	0.0137104	0.00012
-0.0069	-0.1935	0.037	-0.0012793263417118436	-0.0003769911184307752	-0.0004799655442984406	1.37823904	39.06502151	1.52937087	0.22350643952576227	0.0162377	4e-05
-0.0128	-0.1115	0.0444	-0.0013316862192716734	-0.0003717551306747922	-0.000577703982410123	1.19216013	33.79077148	1.30570326	0.10306671517137476	0.0139055	3e-05
-0.0203	0.1071	0.1253	-0.0017470745812463236	-0.0006126105674500097	-0.0005113814708343385	1.47716868	41.86909866	1.5856095	0.3431283155162827	0.0147243	1e-05
-0.0089	-0.0605	0.0814	-0.0019460421159736775	-0.0003665191429188092	-0.0004485496177625427	1.3540386	38.37907791	1.44622804	0.2482945406165175	0.0106407	1e-05
-0.0054	-0.195	0.0665	-0.001954768762233649	-0.000312413936106985	-0.0005096361415823442	1.24679434	35.33933258	1.33962114	0.15909591884457988	0.0147082	2e-05
-0.0064	-0.117	0.0528	-0.002022836603061428	-0.0003682644721708035	-0.0005759586531581287	1.13689578	32.22434998	1.26872247	0.1022120444233691	0.0120654	0.0
-0.0345	0.059	0.0971	-0.0023439771854283846	-0.000853466004225227	-0.0005846852994181004	1.33697426	37.89540482	1.47213657	0.2891534380340676	0.0112793	1e-05
-0.072	0.0505	0.0431	-0.0028763026072866553	-0.001298524963483781	-0.0001884955592153876	1.29428041	36.68528366	1.5289373	0.16867870606597685	0.0117655	1e-05
-0.0312	-0.0272	0.052	-0.002846632010002751	-0.0007208209810736582	-0.0006265732014659643	1.2334497	34.96109009	1.41785098	0.17967261109723015	0.00976473	1e-05
-0.029	0.0718	0.0664	-0.002490584842595908	-0.0006265732014659643	-0.0006475171524898963	1.21102309	34.32542419	1.31809201	0.13916194490192346	0.0107824	2e-05
-0.0383	0.1365	0.105	-0.002663372438543347	-0.0007976154681614085	-0.0005410520681182421	1.19747543	33.94142914	1.285395	0.13511474735072687	0.0121439	1e-05
-0.0241	-0.0557	0.0666	-0.0029530970943744054	-0.0005393067388662478	-0.0005323254218582705	1.38098562	39.14286804	1.48597964	0.2726380015693096	0.00975674	3e-05
-0.0121	-0.0789	0.1032	-0.003750712562535814	-0.00011519173063162575	-0.0005846852994181004	1.18629181	33.62443924	1.33296687	0.13550451769779304	0.0121914	3e-05
-0.0071	0.0789	0.0763	-0.004106759729942657	-0.00037350045992678646	-0.0006806784082777885	1.29768288	36.78172302	1.54572176	0.22521745027808457	0.0127791	4e-05
-0.0069	0.1704	0.1487	-0.005141739976375294	-0.00017802358370342162	-0.00039269908169872416	1.31991482	37.41186905	1.47267623	0.24002182246175327	0.0156717	3e-05
-0.0153	-0.0267	0.1202	-0.00564788545945365	-0.000291469985083053	-0.0002670353755551324	1.40984905	39.96097946	1.54839833	0.2712627795300789	0.015344	4e-05
-0.0113	0.0031	0.1142	-0.005398303376418462	-0.0002129301687433082	-0.00021118483949131387	1.10979104	31.45608711	1.21937035	0.05899862177193757	0.0142336	0.0
-0.0097	0.0585	0.1228	-0.005108578720587403	-0.0002600540585471551	-0.00028797932657906436	1.09241712	30.96364021	1.20433029	0.08628215163613283	0.0133123	1e-05
-0.0188	0.1986	0.1665	-0.0052010811709431014	-0.0003473205211468716	-0.00034208453339088857	1.22478652	34.71553802	1.32594299	0.204593705988362	0.0168597	2e-05
-0.0311	0.106	0.1234	-0.005782275811857213	-0.0005585053606381855	-0.000148352986419518	1.30226922	36.91172028	1.44535947	0.19730555136883984	0.01571	7e-05
-0.0429	0.0417	0.0914	-0.0054873151682701725	-0.0006684611035138282	-0.0002251474735072685	1.17837703	33.40010071	1.31377464	0.13218554367752172	0.0138341	2e-05
-0.0368	0.1362	0.1431	-0.004728096943652638	-0.0006754424205218055	-0.00034557519189487725	1.26051712	35.72829056	1.39058126	0.19663136300065603	0.0141969	0.0
-0.0271	0.116	0.1254	-0.004408701690537677	-0.0005026548245743669	-0.0003577924966588376	1.20052826	34.02795792	1.32463191	0.07282000769131798	0.0129195	2e-05
-0.0198	-0.1313	0.046	-0.0034871678454846703	-0.00023911010752322313	-0.0005811946409141118	1.53757274	43.58119965	1.68626901	0.4044240353179712	0.0149798	3e-05
-0.0191	-0.0367	0.0855	-0.0036686820876920805	-0.0004921828490624009	-0.0006283185307179585	1.27521944	36.14501572	1.36065533	0.15888554367752172	0.0108459	3e-05
-0.0233	0.1634	0.1429	-0.0038449603421435077	-0.0005602506898901797	-0.0005846852994181004	1.40571821	39.84389496	1.49962337	0.2760989663289532	0.0135931	1e-05
-0.0201	-0.0137	0.0768	-0.0036686820876920805	-0.0004520402762665313	-0.00042411500823462205	1.40529811	39.83198547	1.47501562	0.26865294796292766	0.0103735	2e-05
-0.015	-0.1113	0.0676	-0.0036163222101322505	-0.0004136430327226561	-0.00047123889803846896	1.20565736	34.17333984	1.28237539	0.11879405054537757	0.0128399	2e-05
-0.0161	-0.0178	0.0778	-0.0031119220563058892	-0.00042935099599060504	-0.0005410520681182421	1.20479333	34.14884949	1.27901496	0.1342960643587042	0.0111546	0.0
-0.0276	0.1474	0.1216	-0.003262020371977402	-0.000635299847725936	-0.0005253441048502931	1.3065083	37.0318718	1.3942295	0.23908775653373968	0.0135737	1e-05
-0.0202	-0.0173	0.077	-0.0032637657012293962	-0.00041538836197465044	-0.0004991641660703782	1.32449019	37.5415535	1.39915072	0.22909183768915972	0.0109462	5e-05
-0.0119	-0.0523	0.0786	-0.0032026791774095948	-0.000322885911618951	-0.0006510078109938849	1.10391545	31.28954887	1.1830283	0.06017163095495039	0.0116279	3e-05
-0.0076	-0.0119	0.0717	-0.0031084313978019013	-0.00028623399732707005	-0.0006876597252857658	1.10061717	31.19606209	1.18015092	0.05997758040957277	0.0109487	0.0
-0.0097	0.0993	0.1251	-0.0032445670794574587	-0.000317649923862968	-0.0007068583470577034	1.22130311	34.61680222	1.29906316	0.17603751149816965	0.0134141	5e-05
0.0083	0.047	0.0891	-0.0033056536032772606	2.6179938779914945e-05	-0.0006684611035138282	1.16633344	33.05873489	1.26427382	0.128465681500328	0.0120481	2e-05
0.0064	-0.0899	0.0753	-0.003556981015564444	-7.330382858376184e-05	-0.0006422811647339132	1.23045778	34.87628555	1.32719622	0.17144955592153877	0.0128742	1e-05
-0.013	-0.0131	0.1074	-0.0033248522250491977	-0.0003717551306747922	-0.0006178465552059926	1.17445815	33.28902435	1.27577362	0.15605073510670983	0.0112975	1e-05
-0.0114	0.1231	0.1478	-0.0033911747366249826	-0.00035430183815484887	-0.0006230825429619757	1.27659011	36.18386841	1.35774184	0.18265058959258557	0.0132377	3e-05
-0.0087	-0.049	0.0865	-0.003153809958353753	-0.0001308996938995747	-0.000593411945678072	1.31772268	37.34973526	1.41741019	0.2606218759905204	0.0110851	2e-05
-0.0051	-0.0884	0.0595	-0.003239331091701475	-0.0001239183768915974	-0.0006544984694978735	1.11138844	31.50136566	1.1913093	0.07767944870877505	0.0124075	0.0
-0.0121	0.0323	0.1088	-0.003420845333908886	-0.0002705260340591211	-0.0007173303225696694	1.22482514	34.71663284	1.32825768	0.1965476876223365	0.0114338	2e-05
-0.0843	0.0994	0.1178	-0.004096287754430691	-0.0012199851471440364	-6.981317007977319e-05	1.34607315	38.15330505	1.59514245	0.2619209343048308	0.0138072	5e-05
-0.0333	-0.039	0.0512	-0.0030752701420140084	-0.0005253441048502931	-0.0005253441048502931	1.39094889	39.42527008	1.61594359	0.36455947947404727	0.0108417	1e-05
-0.0311	0.0378	0.0873	-0.003038618227722128	-0.0006876597252857658	-0.0006544984694978735	1.2060343	34.184021	1.28308159	0.13150609496874663	0.0102577	2e-05
-0.0215	0.1871	0.1366	-0.003703588672731967	-0.0005078908123303499	-0.000614355896702004	1.29045022	36.57672119	1.40860421	0.2524440965380562	0.0147057	1e-05
-0.0048	-0.0106	0.0838	-0.004009021291830974	-0.0001308996938995747	-0.0003595378259108319	1.46176839	41.43259048	1.54497081	0.31406209041604766	0.0112345	2e-05
0.0062	-0.0836	0.0757	-0.004195771521794368	0.00010471975511965978	-0.00034033920413889426	1.18451726	33.57413864	1.27509864	0.11417841503772828	0.0130879	5e-05
-0.0172	0.0618	0.1365	-0.003886848244191372	-0.00035430183815484887	-0.0005602506898901797	1.35200417	38.32141495	1.43785165	0.27899281783143953	0.0116935	1e-05
-0.0202	0.1303	0.1369	-0.0037437312455278365	-0.0003577924966588376	-0.0005288347633542819	1.22109056	34.61077881	1.31608528	0.0808011791851711	0.0126622	1e-05
-0.0123	-0.1084	0.0839	-0.0037053340019839614	-0.00015184364492350666	-0.0005881759579220891	1.49358916	42.33452225	1.59983181	0.31478436449235064	0.0123171	4e-05
-0.0128	-0.0714	0.0774	-0.0035918876006043304	-0.00021467549799530252	-0.0006579891280018621	1.1154474	31.61641312	1.21168825	0.05630457122655999	0.0115998	0.0
-0.0235	0.1035	0.147	-0.0037140606482439333	-0.000486946861306418	-0.0007086036763096977	1.34269464	38.05754471	1.41947798	0.2774529479629277	0.0122973	1e-05
-0.018	0.0857	0.1177	-0.0036320301734002	-0.0003630284844148205	-0.0006038839211900379	1.14438331	32.43657684	1.22680716	0.06813343034274953	0.0110729	1e-05
-0.0292	-0.0611	0.0984	-0.004305727264670011	-0.0006562437987498679	-0.00041538836197465044	1.30691326	37.04335022	1.42936584	0.23507039824101228	0.0133401	3e-05
-0.0316	0.0957	0.124	-0.003834488366631542	-0.0005497787143782138	-0.0006161012259539982	1.38713503	39.31716919	1.5391576	0.2237208423194736	0.0123304	0.0
-0.0389	0.1409	0.1298	-0.003783873818323706	-0.000757472895365539	-0.000640535835481919	1.24116337	35.17972565	1.34694196	0.0724371669411541	0.0135751	9e-05
-0.0252	-0.1089	0.038	-0.0027960174616949163	5.235987755982988e-06	-0.0006021385919380437	1.55142546	43.97384262	1.72756051	0.4447481241647094	0.0134112	4e-05
-0.0188	-0.05	0.0822	-0.003106686068549906	-0.00029321531433504735	-0.0007382742735936014	1.19311154	33.81773758	1.31234837	0.14676277953007888	0.0121571	5e-05
-0.0158	0.1569	0.1419	-0.0032218777991815323	-0.00039095375244672985	-0.0008080874436733745	1.42449355	40.3760643	1.5103069	0.28373716694115414	0.0145026	3e-05
0.0019	0.0008	0.0977	-0.0033615041393410786	1.7453292519943294e-06	-0.0007120943348136865	1.35480344	38.40075684	1.4519102	0.24941592653589795	0.0107028	0.0
-0.0052	-0.1174	0.0737	-0.0033562681515850955	-1.3962634015954635e-05	-0.000757472895365539	1.22807121	34.80863953	1.30474886	0.15261612557878923	0.01335	3e-05
-0.0075	-0.0416	0.0901	-0.002975786374650332	-0.000153588974175501	-0.0007871434926494425	1.19349253	33.82853699	1.28088061	0.12198893571891067	0.0116988	2e-05
-0.0138	0.1306	0.135	-0.0031381019950858045	-0.0001832595714594046	-0.0007435102613495844	1.35859394	38.50819778	1.43256453	0.23518097245096167	0.0133839	3e-05
-0.003	-0.041	0.0927	-0.003120648702565861	5.585053606381854e-05	-0.0007801621756414653	1.36335552	38.64315796	1.43711826	0.2393607657167524	0.0113786	0.00011
-0.0013	-0.0869	0.0759	-0.0032061698359135836	0.0	-0.0008621926504851988	1.13353264	32.12902451	1.19720722	0.07557010721276373	0.0132706	0.00012
-0.0026	-0.0153	0.0942	-0.00308399678827398	-9.075712110370512e-05	-0.0008412486994612669	1.14823675	32.54579926	1.23035539	0.10289370598836206	0.0121062	4e-05
-0.0092	0.1599	0.1689	-0.0031730085801256907	1.0471975511965975e-05	-0.0008360127117052838	1.34168231	38.02885056	1.44190179	0.26627384381116814	0.0164561	3e-05
-0.0018	0.0023	0.1042	-0.0030211649352021846	0.00019547687622336493	-0.0008115781021773631	1.33860707	37.94168472	1.42928725	0.24776415775814123	0.0119151	4e-05
0.0019	-0.0805	0.0986	-0.0030578168494940655	0.00013439035240356338	-0.0008779006137531476	1.14009166	32.31493378	1.22084207	0.10030304748437335	0.0137824	3e-05
0.0008	-0.0109	0.1192	-0.003267256359733385	5.235987755982989e-05	-0.000932005820564972	1.14546168	32.46714401	1.22223389	0.10857875959474386	0.0137233	3e-05
-0.0051	0.1285	0.1609	-0.003160791275361731	-6.981317007977319e-05	-0.0009197885158010115	1.26342273	35.81064987	1.3641126	0.19904277183876087	0.015066	4e-05
-0.0034	-0.0249	0.0981	-0.0031695179216217023	0.0001291543646475804	-0.0008133234314293575	1.30255127	36.91971588	1.39783024	0.23360796326794891	0.0115512	0.0
-0.0011	-0.1	0.086	-0.003145083312093782	0.0001239183768915974	-0.000853466004225227	1.14013982	32.31629944	1.22296612	0.09299065850398865	0.0131834	0.0
-0.0048	-0.0613	0.0747	-0.0032061698359135836	-4.886921905584123e-05	-0.0009075712110370514	1.11678731	31.65439224	1.23050628	0.06809896632895321	0.0120712	2e-05
-0.0143	0.0679	0.1158	-0.0030962140930379405	-0.0001675516081914556	-0.000853466004225227	1.275208	36.14469147	1.41370468	0.1939371669411541	0.0119409	2e-05
-0.0517	0.1247	0.1455	-0.002909463863074547	-0.0008395033702092724	-0.0010890854532444615	1.37971497	39.10685349	1.61722064	0.17861607205002222	0.0158208	0.00011
-0.0115	-0.0866	0.0291	-0.003419100004656891	-0.0005515240436302081	-0.0009634217471008699	1.71218884	48.53054428	1.98875135	0.41406395871525	0.0130589	2e-05
-0.0265	0.0027	0.0616	-0.0033964107243809652	-0.0007417649320975902	-0.0008866272600131194	1.24002159	35.14736176	1.42176756	0.15128623279155293	0.0120494	3e-05
-0.0223	0.1988	0.1688	-0.004485496177625427	-0.0005078908123303499	-0.00039793506945470715	1.52872765	43.33049393	1.78449341	0.39808258817850567	0.0180727	0.00015
-0.0089	0.1494	0.1482	-0.005103342732831419	-0.00020420352248333657	-0.00027576202181510406	1.27003777	35.99814606	1.44612244	0.13558534463463043	0.0155224	3e-05
-0.0071	-0.074	0.1013	-0.004768239516448508	-0.00016406094968746698	-0.0004380776422505767	1.41232061	40.03103256	1.55076837	0.2989780704807127	0.0143928	0.0
-0.0116	-0.059	0.0856	-0.004609414554517024	-0.00022689280275926284	-0.0005026548245743669	1.08689666	30.80716515	1.17793486	0.049511699866353474	0.0136969	2e-05
-0.0196	0.0203	0.1221	-0.004473278872861466	-0.0004014257279586958	-0.0005323254218582705	1.17250144	33.23356247	1.27332047	0.1408169602069447	0.0127349	0.0
-0.0181	0.147	0.1453	-0.004307472593922005	-0.0003961897402027128	-0.000577703982410123	1.26604557	35.88499069	1.36466725	0.1622210413623648	0.0141433	3e-05
-0.0211	-0.0101	0.1008	-0.004700171675620729	-0.00048345620280242926	-0.0005183627878423159	1.31466877	37.26317596	1.42728554	0.2315653369433124	0.0134911	4e-05
-0.0668	0.0078	0.0602	-0.004263839362622147	-0.0013107422682477415	-0.00048345620280242926	1.24098241	35.17459869	1.46337726	0.16912624817418903	0.0138206	4e-05
-0.0383	0.1825	0.162	-0.0038606683054114572	-0.0007923794804054256	-0.0007417649320975902	1.46930933	41.64633179	1.65169504	0.3639921287174083	0.016036	3e-05
-0.0288	0.0517	0.1159	-0.003605850234620285	-0.0005078908123303499	-0.000736528944341607	1.30183291	36.89935303	1.39150643	0.2136271363311116	0.0105796	1e-05
-0.0397	-0.0731	0.1157	-0.003886848244191372	-0.0008988445647770796	-0.0007470009198535729	1.22366107	34.68363953	1.33815255	0.17002118687648915	0.0119217	3e-05
-0.0466	-0.0281	0.0959	-0.004167846253762459	-0.001001818990644745	-0.000609119908946021	1.18103611	33.4754715	1.30532522	0.09779267231731521	0.0116967	1e-05
-0.0353	0.1527	0.1491	-0.003975860036043083	-0.0008587019919812101	-0.0006370451769779302	1.37547624	38.98670959	1.48642475	0.2634514242207411	0.0143258	0.0
-0.0288	0.0017	0.1005	-0.00386590429316744	-0.0006108652381980154	-0.0006178465552059926	1.32954514	37.68483353	1.41006233	0.2249495559215388	0.0108631	2e-05
-0.0243	-0.1034	0.0738	-0.003565707661824415	-0.0005881759579220891	-0.0006370451769779302	1.20123589	34.04801559	1.27513	0.15340422666954445	0.0122221	0.0
-0.0146	-0.0455	0.0761	-0.0037681658550557575	-0.0005515240436302081	-0.0006579891280018621	1.14116585	32.34538269	1.22069759	0.08290270292735775	0.0109079	1e-05
-0.0238	0.1273	0.1209	-0.0035150931135165793	-0.0006213372137099814	-0.0007295476273336296	1.33032787	37.70701981	1.42638964	0.24652222054753595	0.0120035	1e-05
-0.025	0.031	0.092	-0.0034627332359567498	-0.0005270894341022875	-0.0006318091892219474	1.22358286	34.68142319	1.28620763	0.1386173047639603	0.0102657	1e-05
-0.0217	-0.0803	0.075	-0.003384193419617005	-0.0005305800926062762	-0.000635299847725936	1.20090294	34.03857803	1.27140227	0.13587605666738609	0.012107	0.0001
-0.0156	-0.0214	0.0871	-0.003530801076784529	-0.00047123889803846896	-0.0006928957130417488	1.11324024	31.55385399	1.20908371	0.0902772358525572	0.0115888	3e-05
-0.0177	0.1191	0.1404	-0.0034732052114687163	-0.0005567600313861911	-0.0007295476273336296	1.27121556	36.03152847	1.34085816	0.20488844564777076	0.0129588	0.0
-0.0142	0.0858	0.1214	-0.003586651612848347	-0.0005305800926062762	-0.0007086036763096977	1.15452075	32.7239151	1.237915	0.06382851455917386	0.0122983	2e-05
-0.0071	-0.1043	0.0829	-0.00325329372571743	-0.00037524578917878077	-0.0007557275661135446	1.32856131	37.65694809	1.42415002	0.262490804018113	0.0139216	3e-05
-0.0114	-0.0794	0.0768	-0.003495894491744642	-0.000486946861306418	-0.0007557275661135446	1.09371221	31.00034904	1.16697067	0.05301509190774246	0.012363	3e-05
-0.0139	0.0209	0.1135	-0.0034452799434368064	-0.0005515240436302081	-0.0007976154681614085	1.16864765	33.12432861	1.26354416	0.14735398163397448	0.0118047	1e-05
-0.0155	0.091	0.121	-0.0032550390549694243	-0.0004904375198104066	-0.0007243116395776468	1.18882501	33.69623947	1.27039021	0.09543156204354726	0.0119921	1e-05
-0.0179	-0.0651	0.0832	-0.0034295719801688577	-0.00034033920413889426	-0.000731292956585624	1.28217924	36.34228516	1.37660229	0.21288062789394616	0.0117284	0.0
-0.0172	-0.0556	0.0737	-0.0034993851502486306	-0.0003525565089028545	-0.0007382742735936014	1.08232272	30.67752266	1.17015331	0.02415058959258553	0.0116235	1e-05
-0.0222	0.0043	0.0812	-0.003787364476827695	-0.0005253441048502931	-0.0007557275661135446	1.11873257	31.70952797	1.21668675	0.09631101075232233	0.0110682	2e-05
-0.0091	0.1659	0.1447	-0.004070107815650777	-0.0003769911184307752	-0.0007696902001294993	1.3032304	36.93896484	1.41028185	0.2604529479629277	0.0140597	0.0
0.0037	0.0226	0.0934	-0.0037088246604879502	-0.00021467549799530252	-0.0007696902001294993	1.28592002	36.44831467	1.38777935	0.23357993877991487	0.0106027	0.0
0.0005	-0.0771	0.0686	-0.0037262779530078936	-0.00040840704496667313	-0.0007941248096574199	1.15878129	32.84467697	1.24292061	0.13948097245096172	0.0117992	0.0
-0.0025	-0.0276	0.0654	-0.003918264170727269	-0.0004363323129985824	-0.000783652834145454	1.13484347	32.16617966	1.27865582	0.06721917306316255	0.0122312	0.00021
-0.008	0.1206	0.123	-0.004017747938090946	-0.0006230825429619757	-0.0007225663103256524	1.4183532	40.20202255	1.64614634	0.2286660260573436	0.01659	0.00142
-0.0058	0.0139	0.1236	-0.0038327430373795474	-0.00042760566673861073	-0.000640535835481919	1.3071928	37.05127335	1.50712564	0.13262561258892488	0.0128895	0.00039
-0.0025	-0.1454	0.0868	-0.003841469683639519	-0.00029321531433504735	-0.000705113017805709	1.30721962	37.05203629	1.38065583	0.20978470904936625	0.0158927	0.0004
-0.0098	-0.1083	0.0781	-0.003944444109507185	-0.0004206243497306334	-0.0006806784082777885	1.11054587	31.47748375	1.18228951	0.06584090353955863	0.0142092	0.00024
-0.018	0.0364	0.1187	-0.00393048147549123	-0.0005096361415823442	-0.0006387905062299246	1.25145578	35.47145462	1.35034856	0.20074311639577644	0.0119043	0.00016
-0.0177	0.1269	0.1269	-0.004000294645571003	-0.00046425758103049166	-0.0005602506898901797	1.17035997	33.17286301	1.26856614	0.10868657734856851	0.0131072	0.00013
-0.0337	-0.0153	0.0865	-0.004735078260660616	-0.0008342673824532895	-0.00034033920413889426	1.31982458	37.4093132	1.43131215	0.26483524511318485	0.0130739	2e-05
-0.0245	-0.0045	0.0743	-0.0043039819354180175	-0.000577703982410123	-0.0005096361415823442	1.13640893	32.2105484	1.2796477	0.07504783313646073	0.0125053	1e-05
-0.0431	0.1753	0.174	-0.004214970143566306	-0.0011030480872604163	-0.0005654866776461627	1.43076003	40.55368423	1.59459651	0.33161032163829124	0.0158764	5e-05
-0.0578	0.0365	0.1183	-0.0037000980142279784	-0.001228711793404008	-0.0004328416544945937	1.42388093	40.3586998	1.70348757	0.2478590429316744	0.0129498	4e-05
-0.0178	-0.0931	0.0658	-0.0034836771869806815	-0.000635299847725936	-0.0009354964790689606	1.34217381	38.04278183	1.5243527	0.2877243798749867	0.0136167	3e-05
-0.0214	-0.0628	0.0595	-0.003607595563872279	-0.000731292956585624	-0.0008517206749732328	1.11050451	31.47631073	1.21502748	0.05538436449235067	0.0115947	2e-05
-0.0177	0.063	0.1164	-0.003830997708127553	-0.0006265732014659643	-0.000874409955249159	1.27032626	36.00632477	1.35783154	0.203940558982543	0.0119562	1e-05
-0.0091	0.1259	0.1326	-0.003677408733952052	-0.00043458698374658803	-0.0008307767239493009	1.24134398	35.18484497	1.31378144	0.10716042115973676	0.0138648	3e-05
0.0036	-0.0755	0.0893	-0.0037419859162758423	-0.0002530727415391778	-0.0008395033702092724	1.4007628	39.70343781	1.50873839	0.2701409035395586	0.0132045	2e-05
-0.0016	-0.0966	0.0802	-0.0038048177693476384	-0.00031415926535897925	-0.0008203047484373349	1.117167	31.66515541	1.19290426	0.042555849933176765	0.0123255	3e-05
-0.0099	-0.0628	0.0657	-0.0038117990863556156	-0.000486946861306418	-0.0007539822368615504	1.11061203	31.47936058	1.19714265	0.06890457122656005	0.0115173	1e-05
-0.0132	0.0692	0.1316	-0.0036669367584400863	-0.0005288347633542819	-0.0008552113334772215	1.27265358	36.07228851	1.35969807	0.2155989663289532	0.0120739	0.0
-0.0087	0.0936	0.1133	-0.003572688978832392	-0.0003351032163829112	-0.0007539822368615504	1.17926276	33.42520523	1.2639339	0.0666604211597368	0.0116012	2e-05
-0.0083	-0.0769	0.0854	-0.0036041049053682902	-0.00021118483949131387	-0.0006527531402458793	1.31341565	37.22765732	1.40580334	0.21162817000215833	0.0117632	0.0001
-0.0166	-0.0527	0.0839	-0.003907792195215304	-0.0003438298626428829	-0.0005899212871740833	1.09997702	31.17791748	1.17926263	0.05895820830351895	0.0117414	3e-05
-0.0169	0.0708	0.1442	-0.003707079331235956	-0.0004572762640225143	-0.0007661995416255106	1.25716662	35.63332367	1.36132413	0.20862187599052037	0.012958	2e-05
-0.0127	0.1243	0.1396	-0.003556981015564444	-0.0003612831551628262	-0.0007592182246175333	1.20120811	34.04722977	1.28899301	0.07495363707695883	0.0132479	3e-05
-0.0126	-0.0597	0.1045	-0.0034609879067047556	-0.0002303834612632515	-0.0007208209810736582	1.31904578	37.38723755	1.43772748	0.23246450231515692	0.0120188	2e-05
-0.0123	-0.0539	0.0941	-0.0034836771869806815	-0.0002513274122871834	-0.0007330382858376184	1.1011405	31.21089745	1.17655059	0.019292526803190897	0.0117469	1e-05
-0.0144	-0.0499	0.0843	-0.003602359576116296	-0.00027750735106709843	-0.000726056968829641	1.07897556	30.58264923	1.16899586	0.02349218224617535	0.0118257	1e-05
-0.0236	0.0659	0.143	-0.0037367499285198597	-0.0005515240436302081	-0.0008377580409572782	1.21855485	34.5389061	1.33425019	0.20970540585471556	0.0127079	2e-05
-0.0224	0.0986	0.1351	-0.0037384952577718534	-0.0005340707511102648	-0.0008517206749732328	1.18035948	33.4562912	1.25653295	0.04345806278939457	0.0129075	0.0
-0.0233	-0.0604	0.0616	-0.003586651612848347	-0.0004677482395344803	-0.0008587019919812101	1.30571282	37.00932693	1.44791374	0.2446573736753634	0.0123034	2e-05
-0.0205	-0.0865	0.0651	-0.003745476574779831	-0.00041189770347066176	-0.0006719517620178169	1.14115047	32.344944	1.25560042	0.0524712863979348	0.0123633	1e-05
-0.0223	0.0948	0.1298	-0.0039339721339952186	-0.0005201081170943102	-0.0007923794804054256	1.36143064	38.58860016	1.46869383	0.2686566845613322	0.0121218	1e-05
-0.015	0.1385	0.1249	-0.003785619147575701	-0.00045902159327450867	-0.0007906341511534313	1.19818485	33.96153641	1.27360117	0.0664592419745657	0.0132367	3e-05
-0.0016	-0.0274	0.0814	-0.003782128489071712	-0.00021642082724729686	-0.0007958701389094143	1.30404603	36.96208191	1.40811768	0.2353663706143592	0.0111121	1e-05
-0.0019	-0.0463	0.0684	-0.0037402405870238476	-0.0002565634000431664	-0.0008133234314293575	1.09996498	31.17757797	1.18388546	0.037174188368183855	0.0111026	2e-05
-0.0072	0.0636	0.1184	-0.0038851029149393774	-0.0003595378259108319	-0.0008552113334772215	1.20576847	34.17648697	1.2980764	0.179686232791553	0.0116544	1e-05
-0.0083	0.1538	0.1262	-0.003944444109507185	-0.0003612831551628262	-0.0008255407361933179	1.2159431	34.46487808	1.28544725	0.10363785605518525	0.0138852	4e-05
-0.0022	-0.0481	0.0848	-0.003834488366631542	-0.00010995574287564276	-0.0007731808586334879	1.40578401	39.84576035	1.48878351	0.2700821516361328	0.0118508	4e-05
-0.0059	-0.0595	0.0736	-0.003858922976159462	-0.00017453292519943296	-0.0007435102613495844	1.12206256	31.80391502	1.16391089	0.032234119456780695	0.0117157	0.0
-0.012	0.0314	0.0967	-0.0039671333897831115	-0.00023212879051524583	-0.0007295476273336296	1.154405	32.72063446	1.24036658	0.12908844564777083	0.0112445	1e-05
-0.0256	0.0808	0.0613	-0.004248131399354198	-0.00043458698374658803	-0.00045902159327450867	1.23770964	35.08183289	1.44112404	0.13609911184307744	0.0137941	9e-05
-0.0217	-0.019	0.0326	-0.004000294645571003	-0.00040666171571467877	-0.0005759586531581287	1.26811516	35.94365311	1.43172825	0.15203495408493622	0.0118859	2e-05
-0.0149	0.0788	0.1135	-0.0035534903570604553	-0.0003961897402027128	-0.0008150687606813518	1.28124392	36.31577682	1.38883097	0.2203193185772868	0.0113149	1e-05
0.0025	0.0796	0.1046	-0.003419100004656891	-0.00020769418098732522	-0.0009075712110370514	1.17991042	33.44356155	1.25383035	0.04786941809873257	0.0117362	3e-05
0.042	0.0422	0.4296	-0.00411199571769864	3.316125578789226e-05	-0.0013980087308474581	2.07031012	58.68119049	3.25685057	0.4731094334813686	0.0395808	0.01001
-0.0277	0.1054	0.5721	-0.003918264170727269	-0.001296779634231787	-0.0006841690667817771	4.20742226	119.25582123	6.62143115	0.38727560505283665	0.12759	0.12376
-0.1216	-0.2446	-0.318	0.0002530727415391778	-0.0018814649336498872	-0.0003787364476827695	5.50404501	156.00750732	8.44595418	1.5870727415391777	0.0752852	0.05952
-0.0943	-0.1016	-0.2697	-0.00046949356878647465	-0.0012531464029319286	-0.0006108652381980154	2.41096187	68.33667755	2.77573732	0.2977506815779428	0.0389136	0.00364
-0.0911	-0.3347	-0.2934	-0.000879645943005142	-0.0012950343049797925	-0.0007504915783575615	1.55695915	44.13069153	1.74961586	0.2895833308213039	0.0467941	0.00371
-0.0738	-0.1656	-0.2491	-0.0009389871375729493	-0.0011065387457644049	-0.0007958701389094143	1.34916472	38.24093246	1.51280344	0.2453607657167524	0.0333441	0.00129
-0.0959	0.0082	-0.1825	-0.0009093165402890458	-0.0010786134777324957	-0.0003001966313430247	1.50176978	42.56639481	1.6711785	0.29016346864411013	0.0283107	0.00066
-0.0698	-0.2381	-0.2949	0.001361356816555577	-0.0007278022980816354	-0.0010419615634406148	1.67417824	47.45316696	1.88496872	0.5529624734296537	0.0433743	0.00566
-0.0416	-0.2731	-0.2887	0.0027855454861829498	-4.537856055185256e-05	-0.0018570303241219666	1.46510947	41.52729034	1.71483866	0.21548405839192533	0.0507745	0.01316
0.0014	-0.2834	-0.2771	0.0033527774930811067	9.250245035569947e-05	-0.0017331119472303693	1.47238648	41.73355103	1.67749108	0.1063515697348653	0.0496374	0.01164
-0.0626	-0.1008	-0.2492	0.002490584842595908	-0.0005585053606381855	-0.0017540558982543013	1.52881658	43.33301163	1.62001366	0.3512072206251507	0.0410056	0.00597
-0.1596	-0.2112	-0.2888	0.0019931660057775245	-0.001820378409830086	-0.0016406094968746698	1.46565342	41.54270554	1.7026076	0.34063691436949567	0.0464662	0.00866
-0.1507	-0.394	-0.3197	0.0014573499254152652	-0.001500983156715123	-0.0015463617172669759	1.44248676	40.88606644	1.55095645	0.27007295565424577	0.0539606	0.011
-0.1218	-0.3383	-0.3256	0.0014067353771074296	-0.001270599695451872	-0.0015114551322270892	1.15594673	32.76433182	1.29896007	0.10629522973054868	0.0507946	0.00906
-0.1199	-0.178	-0.2474	0.0013892820845874865	-0.001192059879112127	-0.0016057029118347831	1.36639094	38.72919464	1.46618995	0.24991204442336912	0.0378203	0.00338
-0.1102	-0.1506	-0.272	0.0011239920382843482	-0.0009197885158010115	-0.0014346606451393388	1.19500196	33.87131882	1.30644704	0.09713018381548488	0.0390378	0.00345
-0.1147	-0.2929	-0.3215	0.0009197885158010115	-0.0009459684545809266	-0.001452113937659282	1.28749406	36.49293137	1.39860203	0.2086918376891597	0.0481341	0.0063
-0.1203	-0.2416	-0.3114	0.0010210176124166828	-0.0011152653920243766	-0.0014433872913993105	1.15697777	32.79355621	1.28077169	0.08096263401595462	0.045061	0.00542
-0.1259	-0.1286	-0.2589	0.000619591884457987	-0.0014014993893514465	-0.0015323990832510211	1.2849288	36.42021942	1.4036175	0.20993357585687383	0.0371322	0.00284
-0.1258	-0.0687	-0.2367	0.00046425758103049166	-0.0012636183784438947	-0.0013980087308474581	1.21289539	34.37849426	1.30808976	0.10358028333693053	0.0343136	0.00212
-0.121	-0.2583	-0.2736	0.0003612831551628262	-0.0011501719770642632	-0.0013665928043115599	1.35778821	38.48535919	1.47118527	0.24369183768915975	0.0407994	0.00354
-0.117	-0.269	-0.2793	0.0004206243497306334	-0.0010768681484805013	-0.0013648474750595659	1.11825788	31.69607544	1.17939267	0.027119517620178172	0.0415284	0.00386
-0.122	-0.1639	-0.2392	0.000445058959258554	-0.0011728612573401894	-0.0014486232791552935	1.19422078	33.84917831	1.2926414	0.16041017612416683	0.0341712	0.00214
-0.1209	-0.0644	-0.2315	0.0002199114857512855	-0.0011362093430483087	-0.0014172073526193955	1.20995688	34.29520416	1.30515074	0.12296076571675232	0.0319896	0.00166
-0.1174	-0.2279	-0.2685	0.00028623399732707005	-0.0008604473212332044	-0.0013753194505715315	1.2845912	36.41065216	1.38545096	0.2231986217719376	0.038875	0.00264
-0.1174	-0.2312	-0.2846	0.0005183627878423159	-0.0009442231253289323	-0.0013648474750595659	1.12417114	31.86368179	1.16505015	0.035718828506146966	0.0407004	0.00367
-0.1187	-0.2234	-0.2743	0.0004677482395344803	-0.0009965830028887623	-0.0013997540600994523	1.06759083	30.25995827	1.16741027	0.026294050545377624	0.0391455	0.00324
-0.1142	-0.0918	-0.22	0.000153588974175501	-0.0010559241974565693	-0.001439896632895322	1.21378005	34.40356827	1.32522373	0.2110821516361328	0.0310353	0.00108
-0.1113	-0.1797	-0.2676	3.839724354387525e-05	-0.0008813912722571365	-0.0013543754995475996	1.22278833	34.65890121	1.28296275	0.15716228945893904	0.036603	0.00206
-0.1165	-0.2802	-0.2912	3.665191429188092e-05	-0.0009756390518648303	-0.001244419756671957	1.16201353	32.93629074	1.25986323	0.13959744258676657	0.0428063	0.00347
-0.1458	-0.1975	-0.2902	-0.001574286985298885	-0.0013072516097437528	-0.000778416846389471	1.26384163	35.82252121	1.49555517	0.23342771838760873	0.0409546	0.00399
-0.1331	-0.0013	-0.2187	-0.0009686577348568529	-0.0011833332328521555	-0.0010245082709206715	1.48646402	42.13256454	1.65950098	0.3291819525932416	0.0300871	0.00076
-0.1418	-0.1008	-0.2588	-0.0008988445647770796	-0.001329940890019679	-0.0009773843811168245	1.25768673	35.64806747	1.36397543	0.16147723585255716	0.0361998	0.00205
-0.1476	-0.2464	-0.3085	-0.0006108652381980154	-0.0014014993893514465	-0.0010297442586766543	1.27068412	36.01646805	1.38020582	0.2216948851735331	0.0443993	0.00371
-0.1452	-0.1436	-0.2527	-0.000731292956585624	-0.0013718287920675431	-0.0011309733552923255	1.23816359	35.09469986	1.32889666	0.17356637061435917	0.0362311	0.00193
-0.1226	-0.0428	-0.2355	-0.0005393067388662478	-0.0010349802464326373	-0.0011239920382843482	1.2821064	36.34022141	1.36192527	0.16739080401811296	0.0342843	0.00156
-0.113	-0.2719	-0.2913	-0.0002897246558310587	-0.000778416846389471	-0.0011065387457644049	1.4416101	40.8612175	1.57403382	0.32067993877991485	0.0421296	0.00269
-0.1183	-0.2785	-0.3036	-0.00039095375244672985	-0.0008517206749732328	-0.001129228026040331	1.11806297	31.69054794	1.1789749	0.03406111027376798	0.0438094	0.00343
-0.1195	-0.1473	-0.2523	-0.00030368728984701333	-0.001043706892692609	-0.0012077678423800758	1.25735378	35.63862991	1.35001492	0.20158962483294185	0.0342487	0.00141
-0.1134	-0.0623	-0.2448	-0.00023387411976724014	-0.0009721483933608416	-0.0012147491593880533	1.22816169	34.811203	1.28781892	0.10601764932097592	0.0330412	0.00139
-0.1861	-0.232	-0.2366	-0.0007976154681614085	-0.0017016960206944712	-0.0005969026041820607	1.53920162	43.62736893	1.78382316	0.3461567765466895	0.0394049	0.00289
-0.1372	-0.2289	-0.307	-0.0003647738136668148	-0.001420698011123384	-0.0009145525280450286	1.3631624	38.63768387	1.62636209	0.17397447939643243	0.0436152	0.00423
-0.1287	-0.1401	-0.234	-0.000752236907609556	-0.0014974924982111347	-0.0011519173063162574	1.26167178	35.76102066	1.36928325	0.205381117965086	0.0318047	0.00123
-0.1216	-0.0475	-0.2155	-0.0006213372137099814	-0.0013316862192716734	-0.0011431906600562858	1.20679963	34.20571518	1.29237629	0.1334716309549504	0.029462	0.00087
-0.1195	-0.2492	-0.2582	-0.0006789330790257941	-0.0011763519158441782	-0.0012042771838760874	1.38265932	39.19030762	1.48831364	0.26020083462815546	0.0376388	0.00175
-0.1101	-0.2511	-0.277	-0.0005183627878423159	-0.001054178868204575	-0.0012688543661998775	1.0944407	31.02099609	1.16584707	0.04746602605734358	0.0397652	0.00229
-0.1112	-0.1146	-0.1972	-0.0006510078109938849	-0.0010559241974565693	-0.0012932889757277981	1.27707374	36.19757462	1.37789094	0.22534124809657424	0.0283633	0.00054
-0.1086	-0.0566	-0.2133	-0.0008220500776893293	-0.0009913470151327792	-0.0011990411961201044	1.19184053	33.78171158	1.29751226	0.0931933614313464	0.0289247	0.00064
-0.1043	-0.2531	-0.2679	-0.0010192722831646884	-0.000890117918517108	-0.0012025318546240932	1.37756038	39.045784	1.48869346	0.270497098029751	0.0391039	0.00155
-0.1549	-0.2424	-0.2738	-0.0014049900478554352	-0.0021205750411731105	-0.0010943214410004448	1.20526171	34.16212463	1.41241406	0.15341926504851983	0.0417479	0.00403
-0.2109	-0.1694	-0.2976	0.0011362093430483087	-0.0030752701420140084	-0.000905825881785057	1.66134334	47.08937073	2.05561603	0.3370195025480015	0.0476967	0.01078
-0.1631	0.0274	-0.1501	0.0008866272600131194	-0.002064724505109292	-0.0008115781021773631	1.70912731	48.44376755	1.99754444	0.45981877497738	0.0300214	0.00134
-0.1189	0.2489	0.025	0.0003647738136668148	-0.0015184364492350666	-0.0010978120995044332	1.71350539	48.56785965	1.87250137	0.50851877497738	0.0359582	0.00693
-0.0815	0.0802	0.0056	0.00012740903539558605	-0.0009389871375729493	-0.0009407324668249436	1.7339679	49.14785385	2.04540658	0.27419468613064174	0.0300068	0.00357
-0.0666	-0.4596	-0.1873	-0.0008133234314293575	-0.0004625122517784973	-0.001022762941668677	2.67942953	75.94616699	2.94906069	0.8225618913731565	0.0478543	0.00655
-0.0959	-0.5791	-0.2035	-0.0012356931104119853	-0.0009494591130849152	-0.00119729586686811	1.38447392	39.24174118	1.47049583	0.21919247327442387	0.0589142	0.01353
-0.1195	-0.448	-0.2163	-0.0014486232791552935	-0.0012095131716320703	-0.0009704030641088471	1.26144445	35.75457764	1.52045934	0.20249385150248625	0.0474342	0.00386
-0.1163	-0.2046	-0.2019	-0.0022060961745208325	-0.0012269664641520136	-0.0008936085770210966	1.37832284	39.06739426	1.70556749	0.3035860337486616	0.0300325	0.00032
-0.1174	-0.0143	-0.2117	-0.002256710722828668	-0.001270599695451872	-0.0008255407361933179	1.29907215	36.82110214	1.50385462	0.2093157810217736	0.0280063	0.00039
-0.1161	0.1062	-0.234	-0.0022776546738526	-0.0013072516097437528	-0.0008342673824532895	1.19406831	33.84485626	1.34295218	0.14741612557878925	0.0330176	0.00136
-0.1154	0.1362	-0.2499	-0.001895427567665842	-0.001281071670963838	-0.000874409955249159	1.11546481	31.61690521	1.22223117	0.0690274808881271	0.0369475	0.00272
-0.1124	0.0814	-0.2526	-0.0016179202165987434	-0.0012461650859239514	-0.0009389871375729493	1.12492347	31.88500404	1.21674771	0.07934955592153875	0.0359452	0.00252
-0.1291	-0.0072	-0.2523	-0.0023911010752322315	-0.0015184364492350666	-0.0007155849933176752	1.29757154	36.77856827	1.49315453	0.1690427183099938	0.0369247	0.00368
-0.1416	-0.1108	-0.2621	-0.0023422318561763904	-0.0017540558982543013	-0.0007592182246175333	1.31141376	37.1709137	1.52037453	0.1423060949687467	0.0376389	0.00262
-0.1497	-0.191	-0.2242	-0.0014416419621473165	-0.0018343410438460403	-0.0010175269539126942	1.17925632	33.42502213	1.38018422	0.18815918844579868	0.035894	0.00232
-0.135	-0.3132	-0.2272	-0.0014538592669112763	-0.001439896632895322	-0.001059414855960558	1.26977742	35.99076843	1.4162401	0.16232748088812707	0.0434834	0.00396
-0.1552	-0.4024	-0.2409	-0.001689478715930511	-0.001759291886010284	-0.0009564404300928925	1.19826925	33.96392822	1.33510584	0.15599945640009308	0.0508487	0.00778
-0.1771	-0.378	-0.3273	-0.0019093902016817967	-0.0020629791758572974	-0.0008639379797371932	1.30331922	36.94148254	1.51625008	0.16350506129769987	0.0614952	0.01505
-0.1252	-0.173	-0.2305	-0.0003822271061867582	-0.0013124875974997359	-0.0012863076587198209	1.59892964	45.32030869	1.83883979	0.48870121764176144	0.0360394	0.00315
-0.1135	-0.1545	-0.2394	-0.0010088003076527223	-0.0011205013797803594	-0.0011641346110802177	1.16011333	32.88243103	1.29007051	0.08613662334124716	0.036554	0.00273
-0.122	-0.132	-0.2511	-0.0011257373675363424	-0.0012269664641520136	-0.0011885692206081383	1.12678623	31.93780327	1.21798672	0.05509183768915972	0.0370191	0.00289
-0.1241	-0.0675	-0.2601	-0.001256637061435917	-0.0012845623294678264	-0.0011693705988362008	1.14177823	32.36273956	1.23922127	0.08598470904936625	0.0368243	0.00302
-0.1309	-0.0643	-0.2776	-0.0010995574287564276	-0.0013700834628155487	-0.0010925761117484504	1.0945946	31.0253582	1.19283515	0.04346976265574811	0.038452	0.0033
-0.1346	-0.0913	-0.2809	-0.0011623892818282235	-0.0013753194505715315	-0.0011047934165124105	1.09265769	30.97045708	1.18450896	0.038014257279586926	0.0383883	0.00298
-0.1346	-0.1293	-0.2915	-0.0013037609512397642	-0.0013055062804917586	-0.0011414453308042916	1.09429216	31.01678467	1.18561196	0.06099183768915972	0.0415744	0.00359
-0.1306	-0.1875	-0.2961	-0.0009302604913129776	-0.0013456488532876281	-0.0011501719770642632	1.10031962	31.1876297	1.19594834	0.08791848394913139	0.0421567	0.00375
-0.1272	-0.2322	-0.2929	-0.0011152653920243766	-0.0013124875974997359	-0.001155407964820246	1.09159863	30.94043922	1.18276793	0.06247010721276366	0.043305	0.00343
-0.1249	-0.2611	-0.3006	-0.0009965830028887623	-0.001296779634231787	-0.0011449359893082802	1.06492543	30.184412	1.16376393	0.04614311639577646	0.0459321	0.00441
-0.1233	-0.2476	-0.2834	-0.0007417649320975902	-0.0013037609512397642	-0.0012060225131280816	1.09659481	31.08205223	1.19187904	0.04844429558094754	0.042476	0.00347
-0.1183	-0.0969	-0.2195	-0.0008726646259971648	-0.001181587903600161	-0.0012618730491919003	1.30187953	36.90067291	1.39995659	0.23504616388014976	0.030836	0.00119
-0.1065	-0.2362	-0.2791	-0.0009599310885968812	-0.0008761552845011534	-0.0011117747335203881	1.27800465	36.22396088	1.38649251	0.23783986986851177	0.0404446	0.00234
-0.1017	-0.2176	-0.2822	-0.0011257373675363424	-0.0007731808586334879	-0.0010157816246606998	1.126266	31.92305756	1.17364858	0.04473869068334074	0.0404221	0.00247
-0.1114	-0.1744	-0.2851	-0.001282817000215832	-0.001043706892692609	-0.0011431906600562858	1.10848975	31.41920471	1.20614957	0.08355073510670982	0.0392914	0.00259
-0.1202	-0.0322	-0.221	-0.0009145525280450286	-0.0013805554383275148	-0.0013369222070276565	1.3276515	37.63116074	1.44970944	0.26004222823885403	0.0308715	0.00121
-0.1217	-0.1057	-0.2843	-0.0008517206749732328	-0.001296779634231787	-0.0011257373675363424	1.24913251	35.40560532	1.35980312	0.15618962483294188	0.0373531	0.00235
-0.1091	-0.2457	-0.3053	-0.00124965574442794	-0.0011728612573401894	-0.00119729586686811	1.27394867	36.10899734	1.3675808	0.20327059728390365	0.0436316	0.00324
-0.1191	-0.124	-0.2587	-0.0017051866791984597	-0.001356120828799594	-0.0011205013797803594	1.26323485	35.80532455	1.37916489	0.21407924966588376	0.0346798	0.00166
-0.1226	0.0056	-0.2208	-0.0014259339988793671	-0.001270599695451872	-0.0010192722831646884	1.30527353	36.99687576	1.40061688	0.19430014551412425	0.0301436	0.00117
-0.0937	-0.2274	-0.2772	-0.0014660765716752368	-0.0009232791743050004	-0.0008726646259971648	1.469118	41.64090729	1.61228798	0.3450035375555132	0.0387436	0.00161
-0.0923	-0.2556	-0.3038	-0.0013596114873035826	-0.0008133234314293575	-0.0008272860654453122	1.11041415	31.47374916	1.19675483	0.06928996938995752	0.0429345	0.00288
-0.1209	-0.1775	-0.2641	-0.0012095131716320703	-0.0012112585008840647	-0.0010890854532444615	1.18303502	33.53212738	1.28272797	0.18689163864626848	0.0361207	0.00153
-0.1292	-0.053	-0.2438	-0.0011798425743481666	-0.0012426744274199627	-0.0010611601852125523	1.27108026	36.0276947	1.34991543	0.15755058959258558	0.0327171	0.00118
-0.1216	-0.2451	-0.297	-0.0011990411961201044	-0.0011082840750163993	-0.0010559241974565693	1.36079144	38.57048416	1.46476445	0.2608412480965742	0.0420042	0.00272
-0.1241	-0.251	-0.2998	-0.0011344640137963143	-0.0011763519158441782	-0.001085594794740473	1.09839725	31.13314056	1.16509566	0.01931578102177365	0.0422067	0.00268
-0.1547	-0.1896	-0.292	-0.0016755160819145565	-0.001839577031602023	-0.0010297442586766543	1.1531136	32.68402863	1.29128208	0.16280638599699532	0.0411452	0.00259
-0.1852	-0.0177	-0.2353	-0.0016790067404185449	-0.0018901915799098587	-0.0007417649320975902	1.36483037	38.68496323	1.50590048	0.2762042266695444	0.0331491	0.00198
-0.0668	-0.0359	-0.249	-0.000291469985083053	-0.00030368728984701333	-0.0013107422682477415	1.38813663	39.34555817	1.704326	0.3274509190774244	0.0336907	0.00147
-0.0749	-0.2617	-0.3672	-0.0011746065865921838	-0.0004136430327226561	-0.0012304571226560022	1.65114772	46.80038452	1.82097736	0.4057688744988256	0.0526454	0.00764
-0.0539	-0.0412	0.0033	-0.0037646751965517687	-0.00012740903539558605	-0.0007208209810736582	2.41658783	68.49613953	3.04698277	0.78129693744345	0.0357029	0.00346
-0.0965	-0.0324	-0.0753	-0.00456752665246916	-0.001446877949903299	-0.0007138396640656808	2.28630042	64.80325317	3.02812381	0.2364650843716541	0.0395905	0.01025
-0.1315	0.3392	0.8029	-0.006263986685407648	-0.003975860036043083	-0.0017662732030182616	4.4648633	126.55278015	6.88894164	1.5486937829015424	0.112507	0.09755
-0.1533	-0.0484	0.6839	-0.006572909963010645	-0.003829252378875559	-0.001567305668290908	2.46039248	69.73774719	3.34207887	0.5611249234748937	0.0784141	0.04626
-0.1561	0.1415	0.8761	-0.005372123437638546	-0.00401076662108297	-0.002008873969045473	1.81709146	51.50392151	2.63284152	0.4760934534167038	0.0956382	0.05653
-0.1225	0.1407	0.9368	-0.006061528492176306	-0.003556981015564444	-0.0018936822384138475	1.27612376	36.17065048	1.62586996	0.15801911953439549	0.101376	0.062
-0.1329	-0.1015	0.9073	-0.004996877648459765	-0.003782128489071712	-0.002239257430308725	1.46436608	41.50621796	1.8712283	0.3638686754559343	0.101407	0.0664
-0.2078	-0.0537	0.8627	-0.0044820055191214375	-0.004909611185860049	-0.002235766771804736	1.24789143	35.37042618	1.56518785	0.2495922742315327	0.0960265	0.06077
-0.2384	0.2172	0.9886	-0.004885176576332128	-0.0055204764240580646	-0.0023212879051524586	1.58447659	44.91064835	2.01466763	0.48237787143782146	0.113895	0.07827
-0.2052	0.2325	0.9744	-0.005021312257987686	-0.004640830481052923	-0.0023788837704682713	1.20796096	34.2386322	1.40185076	0.11636887449882564	0.111589	0.07383
-0.1777	0.1349	0.9756	-0.00641757565958315	-0.00394269878025519	-0.002432988977280095	1.31019723	37.13643265	1.54433351	0.23372501546025104	0.107173	0.06925
-0.1824	0.1679	0.9435	-0.005972516700324595	-0.0038693949516714287	-0.002466150233067988	1.16677713	33.07131195	1.3491102	0.09737620218151051	0.102965	0.06482
-0.1726	0.2005	0.9387	-0.00617148423505195	-0.0038397243543875246	-0.0025062928058638572	1.08411229	30.72824478	1.22969646	0.06063903524035646	0.10304	0.0645
-0.1711	0.2979	1.0261	-0.005728170605045389	-0.0039514254265151615	-0.0026406831582674204	1.19927108	33.99232483	1.44936416	0.22077025272688808	0.118719	0.08236
-0.1595	0.2276	0.986	-0.005815437067645105	-0.0034732052114687163	-0.0025289820861397836	1.17929626	33.42615509	1.37998238	0.1558593874886899	0.110455	0.07293
-0.15	0.0762	0.956	-0.005810201079889122	-0.0032445670794574587	-0.002553416695667704	1.24567747	35.30767441	1.46546108	0.20381543646475808	0.10477	0.06752
-0.1425	0.0575	0.9623	-0.006031857894892403	-0.0032306044454415038	-0.002595304597715568	1.09229624	30.96021271	1.18841261	0.04637536755335507	0.105274	0.06829
-0.1499	0.0853	0.9821	-0.006185446869067903	-0.0034749505407207105	-0.0026546457922833754	1.10121918	31.21312523	1.22726013	0.07786381320112563	0.108253	0.07075
-0.1526	0.2134	1.0198	-0.00628493063643158	-0.003199188518905606	-0.002488839513343914	1.26207674	35.77249908	1.58291489	0.1955526034059122	0.114207	0.07742
-0.1397	0.2072	0.9884	-0.006499606134426883	-0.003159045946109736	-0.00214850030920502	1.25531065	35.58071899	1.69288493	0.08025786374650341	0.109058	0.07167
-0.0759	-0.133	1.1485	0.0017086773377024485	-0.0025586526834236872	-0.0031852258848896514	3.56971622	101.18058777	6.84429852	1.0563701155250005	0.201241	0.16413
-0.1956	-0.4773	1.9214	0.0076270888312152205	-0.003707079331235956	-0.0010733774899765126	5.35435534	151.76467896	11.00509879	1.6958343268119087	0.337885	0.3246
-0.214	-0.5187	1.8559	0.0054157566689384045	-0.003316125578789226	-0.0002844886680750757	3.48856235	98.88034821	5.63101298	0.2948587368312491	0.281923	0.25132
-0.1823	-0.5257	1.8325	0.0046041785667610404	-0.0027052603405912107	0.0001186823891356144	1.44909692	41.07342529	2.06110691	0.15338071987930343	0.267414	0.22498
-0.1751	-0.5789	1.8282	0.002825688058978819	-0.002562143341927676	0.00020769418098732522	1.31026804	37.13843918	1.77401917	0.16523096491487327	0.265428	0.2214
-0.1605	-0.468	1.8386	0.0016493361431346415	-0.002022836603061428	0.000635299847725936	1.37144566	38.87246704	2.09164175	0.2430632160724517	0.258979	0.21575
-0.145	-0.383	1.8697	0.004206243497306334	-0.0016441001553786586	0.000705113017805709	1.45050061	41.11321259	2.12389513	0.2818728485967117	0.261236	0.2179
-0.1463	-0.4347	1.822	0.0032969269570172887	-0.001710422666954443	0.0006736970912698113	1.22800338	34.80671692	1.56092118	0.15105274892003623	0.255281	0.21122
-0.1279	-0.4771	1.8011	0.001281071670963838	-0.001361356816555577	0.0006667157742618339	1.20537031	34.16520309	1.53997705	0.20029512267301483	0.252666	0.2106
-0.1308	-0.4358	1.8044	0.0014852751934471744	-0.0014451326206513049	0.0006649704450098395	1.08784568	30.83406639	1.24351136	0.061986232791553	0.252409	0.20899
-0.1395	-0.387	1.8204	0.0017348572764823637	-0.001520181778487061	0.0006998770300497262	1.08473706	30.74595642	1.24997138	0.09147689129554164	0.252986	0.20873
-0.1594	-0.2794	1.8672	0.0014154620233674013	-0.0019024088846738192	0.0006981317007977319	1.17846739	33.40266037	1.43792698	0.20946838442768567	0.256417	0.21247
-0.1489	-0.4583	1.8051	0.001748819910498318	-0.001481784534943186	0.0005724679946541401	1.31730402	37.33786774	1.69994534	0.2954822971502571	0.253326	0.21069
-0.1386	-0.4944	1.7966	0.0024120450262561633	-0.001439896632895322	0.0005585053606381855	1.10409153	31.29454041	1.25725908	0.09085378259108316	0.254503	0.2134
-0.1428	-0.4066	1.8328	0.0023125612588924867	-0.0015358897417550098	0.0005794493116621174	1.15747178	32.80755997	1.35680642	0.1390210413623648	0.25597	0.21354
-0.1397	-0.3048	1.869	0.002535963403147761	-0.001424188669627373	0.0004939281783143952	1.18761146	33.66184235	1.41939939	0.16213121748653167	0.256373	0.21613
-0.1425	-0.4953	1.8235	0.002410299697004169	-0.0015254177662430443	0.0005061454830783556	1.32121944	37.44884872	1.71673121	0.25075550537616126	0.257718	0.21651
-0.1613	-0.5265	1.8114	0.002469640891571976	-0.0018797196043978928	0.0005061454830783556	1.08585227	30.7775631	1.23250091	0.08278215163613274	0.257565	0.21715
-0.1772	-0.4972	1.7884	0.0041329396687225725	-0.001980948701013564	0.00029496064358704166	1.22201824	34.63707352	1.62647018	0.166985635662879	0.253263	0.21421
-0.1873	-0.3904	1.8634	0.004237659423842232	-0.0022479840765686964	0.0003682644721708035	1.29939044	36.8301239	1.71746515	0.2141529479629276	0.260555	0.21754
-0.1721	-0.5609	1.8179	0.004239404753094226	-0.002008873969045473	0.0004206243497306334	1.27395725	36.10924149	1.60437162	0.24586076571675217	0.262847	0.21901
-0.1719	-0.5505	1.8287	0.004120722363958612	-0.0020280725908174107	0.00040666171571467877	1.09423339	31.01511955	1.22425619	0.028992182246175228	0.262752	0.21775
-0.1697	-0.4982	1.8078	0.0041381756564785556	-0.001970476725501598	0.0003577924966588376	1.08157051	30.65620232	1.25898898	0.08159591884457983	0.258316	0.21414
-0.1694	-0.3705	1.873	0.004141666314982544	-0.0019582594207376374	0.00029496064358704166	1.1873275	33.65379333	1.43641616	0.19712699081698715	0.263262	0.21792
-0.1673	-0.4138	1.8281	0.004143411644234539	-0.0018675022996339327	0.0003717551306747922	1.14788175	32.53573608	1.36141959	0.09876484687217245	0.25642	0.21262
-0.1591	-0.5553	1.7948	0.0042271874483302664	-0.0017767451785302276	0.0003316125578789226	1.22884846	34.8306694	1.49251177	0.19373377489976523	0.259805	0.21624
-0.1621	-0.4731	1.8316	0.003867649622419434	-0.0017732545200262388	0.00034208453339088857	1.1355865	32.1872406	1.30599471	0.14067502299633927	0.260661	0.21671
-0.1631	-0.3702	1.8523	0.0038030724400956446	-0.001778490507782222	0.0003612831551628262	1.15473831	32.73007965	1.35468932	0.12905058959258572	0.259102	0.21589
-0.157	-0.562	1.7916	0.0038170350741115982	-0.0016441001553786586	0.00040666171571467877	1.30512857	36.99276733	1.67307065	0.26828657734856853	0.25881	0.21783
-0.1536	-0.5832	1.8052	0.003733259270015871	-0.0017121679962064373	0.00042935099599060504	1.08642673	30.79384613	1.21084074	0.046926646259971456	0.261643	0.22017
-0.1562	-0.4451	1.8584	0.003965388060531117	-0.0018099064343181197	0.0003385938748868999	1.22955	34.85055542	1.52853551	0.21493121748653188	0.262619	0.22008
-0.1568	-0.405	1.8267	0.004118977034706617	-0.0018256143975860688	0.00035430183815484887	1.21554697	34.45365143	1.59369217	0.08165024503556993	0.255286	0.21594
-0.1624	-0.5938	1.7926	0.004258603374866164	-0.0018989182261698304	0.0005445427266222308	1.33586884	37.86407089	1.79931616	0.24865855286053448	0.260912	0.21968
-0.1551	-0.522	1.8015	0.00436157780073383	-0.001801179788058148	0.0005096361415823442	1.13246584	32.0987854	1.32390135	0.09978097245096189	0.258886	0.21633
-0.1648	-0.3796	1.8757	0.004180063558526419	-0.0018797196043978928	0.0005235987755982988	1.22616541	34.75462341	1.5050064	0.2400008346281554	0.26337	0.22005
-0.1557	-0.3849	1.8566	0.004366813788489812	-0.0017156586547104257	0.0005515240436302081	1.13852322	32.27047729	1.29133192	0.0524368223841384	0.260512	0.21623
-0.1543	-0.5417	1.8142	0.004440117617073575	-0.0015446163880149814	0.0005323254218582705	1.2309736	34.89090729	1.50706282	0.2137772358525572	0.261233	0.21816
-0.1524	-0.5484	1.8057	0.004600687908257053	-0.001408480706359424	0.00046949356878647465	1.07905245	30.58482933	1.22361237	0.03507689129554154	0.260461	0.21583
-0.1633	-0.4167	1.8987	0.004431390970813603	-0.001658062789394613	0.00040840704496667313	1.24110174	35.17797852	1.57064782	0.25959827721492196	0.2689	0.2245
-0.1531	-0.4691	1.8469	0.004302236606166022	-0.00152367243699105	0.0005672320068981572	1.17942667	33.42985153	1.4162534	0.13551848394913144	0.263522	0.2194
-0.1379	-0.5725	1.8223	0.004255112716362175	-0.0013700834628155487	0.0006021385919380437	1.15424395	32.71606827	1.35442403	0.1549809724509617	0.264807	0.22064
-0.1788	-0.5447	1.7582	0.004305727264670011	-0.001891936909161853	0.00047822021504644627	1.16386497	32.98876953	1.57277964	0.167619318577287	0.254595	0.21354
-0.2042	-0.4302	1.8863	0.004068362486398782	-0.0024225170017681294	0.00035604716740684323	1.29179263	36.61476898	1.9060586	0.3125058959258555	0.269635	0.22394
-0.1927	-0.3636	1.863	0.0039339721339952186	-0.002129301687433082	0.00042935099599060504	1.17915082	33.4220314	1.43546129	0.12644547476611878	0.261179	0.21697
-0.1854	-0.5547	1.8278	0.004017747938090946	-0.001996656664281513	0.00034033920413889426	1.29162407	36.60999298	1.63318065	0.24887163095495024	0.264872	0.22047
-0.1858	-0.5156	1.8258	0.003867649622419434	-0.0020141099568014562	0.0002844886680750757	1.07623184	30.50488281	1.21153557	0.05267010721276372	0.261721	0.2183
-0.1905	-0.4333	1.8445	0.004145156973486532	-0.0021013764194011725	0.00022689280275926284	1.1023165	31.24422836	1.3026451	0.12681848394913123	0.261113	0.21682
-0.1942	-0.3086	1.8716	0.003916518841475275	-0.0021275563581810873	0.0003106686068549907	1.18184853	33.49849701	1.40720355	0.17242969374434494	0.260259	0.21631
-0.1922	-0.5058	1.7953	0.004523893421169302	-0.0021118483949131386	0.0003106686068549907	1.31183195	37.18276596	1.68250746	0.30665412714809887	0.257709	0.21427
-0.2066	-0.5251	1.7921	0.004509930787153347	-0.0022636920398366456	0.00043458698374658803	1.10424173	31.29879761	1.3302356	0.05138623279155279	0.258542	0.2165
-0.2262	-0.5452	1.7866	0.0042882739721500675	-0.002595304597715568	0.0006283185307179585	1.11276782	31.54046249	1.35791625	0.08255004599267872	0.257699	0.21577
-0.2018	-0.424	1.8712	0.004021238596594935	-0.002251474735072685	0.0005689773361501514	1.20641148	34.19471359	1.52419228	0.2637103216382912	0.265494	0.22082
-0.1844	-0.3249	1.8983	0.003766420525803763	-0.001980948701013564	0.000640535835481919	1.21698225	34.49433136	1.43549699	0.17344513020910307	0.265044	0.22068
-0.1904	-0.5686	1.8441	0.004274311338134113	-0.0019617500792416262	0.0005846852994181004	1.37403738	38.94592667	1.80242156	0.33304699850830527	0.267987	0.22412
-0.2055	-0.5607	1.8175	0.004394739056521722	-0.002150245638457014	0.0006021385919380437	1.06795454	30.27026939	1.25955063	0.06591882850614719	0.263273	0.22103
-0.2014	-0.4543	1.8312	0.0038851029149393774	-0.001593485607070823	0.0013124875974997359	1.1581229	32.82601547	1.4822355	0.21303725892651143	0.259407	0.21739
-0.1967	-0.3594	1.8314	0.0038816122564353885	-0.001637118838370681	0.0010524335389525807	1.17732143	33.37018204	1.45067864	0.11515889741755005	0.255134	0.21325
-0.1928	-0.5341	1.7888	0.003858922976159462	-0.0016790067404185449	0.0009180431865490173	1.26812077	35.94380951	1.59696525	0.23114837673636768	0.257627	0.21559
-0.1955	-0.4904	1.8006	0.0032061698359135836	-0.0017435839227423352	0.0009773843811168245	1.09122109	30.929739	1.22819437	0.09703357585687386	0.256537	0.21524
-0.1883	-0.3388	1.8606	0.0037192966359999168	-0.0018046704465621369	0.0007906341511534313	1.26539207	35.86646652	1.59694692	0.25684817769347645	0.259398	0.21617
-0.2205	-0.2885	1.8649	0.003300417615521277	-0.002183406894244906	0.0007923794804054256	1.17082906	33.18616104	1.40311143	0.12676803987067015	0.257705	0.21497
-0.2121	-0.4727	1.833	0.0024870941840919192	-0.001973967384005587	0.0008587019919812101	1.37140465	38.87130356	1.82227997	0.2789542726622231	0.259926	0.21958
-0.2053	-0.4753	1.8236	0.00277332818141899	-0.002005383310541485	0.0008237954069413235	1.07457256	30.4578495	1.21272061	0.036427825445142586	0.258381	0.217
-0.2119	-0.4353	1.8327	0.003160791275361731	-0.0020734511513692635	0.000752236907609556	1.08403385	30.72602272	1.24535687	0.08205447170511422	0.258343	0.21704
-0.2138	-0.3144	1.8654	0.0032794736644973454	-0.0021327923459370708	0.0007382742735936014	1.18517578	33.59280396	1.41234814	0.16509931088596877	0.258663	0.2164
-0.2111	-0.4877	1.782	0.0035918876006043304	-0.001980948701013564	0.0008499753457212384	1.30197716	36.90344238	1.65113666	0.2881979326579063	0.253008	0.213
-0.2002	-0.545	1.7648	0.003996803987067014	-0.001837831702350029	0.0008307767239493009	1.10652208	31.36343193	1.29548286	0.11376160034490795	0.253388	0.2134
-0.2082	-0.4161	1.8246	0.0039723693775390945	-0.0020280725908174107	0.000731292956585624	1.19068563	33.74897766	1.47235507	0.212407963267949	0.25668	0.21565
-0.2006	-0.3378	1.8358	0.003977605365295077	-0.001895427567665842	0.0007714355293814937	1.19090903	33.75531006	1.37887264	0.10600117918517116	0.254748	0.21495
-0.2046	-0.5354	1.7833	0.0042324234360862495	-0.0018308503853420514	0.0007644542123735164	1.30793905	37.07242584	1.661778	0.270418828506147	0.255947	0.2163
-0.2038	-0.5155	1.78	0.0043214352279379595	-0.001891936909161853	0.0007086036763096977	1.07616413	30.50296211	1.18751392	0.03429744258676662	0.254799	0.21618
-0.2069	-0.4977	1.787	0.00434586983746588	-0.002001892652037496	0.0006318091892219474	1.0699724	30.32746315	1.1945709	0.038459241974565565	0.255076	0.21448
-0.2278	-0.3568	1.8428	0.0034714598822167216	-0.002145009650701031	0.0005201081170943102	1.18538237	33.59865952	1.41290536	0.27406140130201656	0.255292	0.21446
-0.2013	-0.4389	1.7939	0.003947934768011174	-0.0018657569703819383	0.0005724679946541401	1.18640196	33.62755966	1.35476577	0.1979043721836687	0.252512	0.21261
-0.1964	-0.5869	1.7188	0.0045483280306972225	-0.0017889624832941875	0.0003647738136668148	1.22375166	34.68620682	1.51768074	0.2722440965380562	0.249348	0.21176
-0.2116	-0.5848	1.7579	0.0044924774946334045	-0.0022794000031045943	0.000466002910282486	1.1408118	32.33534622	1.40683141	0.08877585762449472	0.255318	0.21438
-0.2081	-0.4929	1.8053	0.004209734155810323	-0.0022741640153486112	0.00046425758103049166	1.13383853	32.13769531	1.34112906	0.15728623279155282	0.257727	0.21594
-0.2032	-0.3223	1.8725	0.004207988826558329	-0.002171189589480946	0.0003961897402027128	1.31299567	37.21575165	1.64650134	0.2513393797973721	0.261132	0.21838
-0.1916	-0.4808	1.8113	0.004092797095926702	-0.0019093902016817967	0.0005497787143782138	1.31243241	37.19978714	1.64430181	0.25782900463031405	0.258292	0.21603
-0.1845	-0.542	1.811	0.004239404753094226	-0.0018186330805780916	0.0005759586531581287	1.11335063	31.55698204	1.24811624	0.08177723585255721	0.261763	0.21892
-0.1827	-0.5393	1.8067	0.00428129265514209	-0.0017610372152622785	0.0005724679946541401	1.076635	30.51630783	1.20148145	0.01394872129338326	0.260124	0.21831
-0.2794	-0.5732	1.6461	0.00637743308678728	-0.0033999013828849537	0.0011711159280881952	1.43993497	40.81373978	2.36495147	0.5078826266350962	0.241804	0.20607
-0.2171	-0.3542	1.8739	0.004733332931408622	-0.0023753931119642824	0.0006911503837897545	1.67684245	47.52868271	2.79392392	0.6665286985298885	0.262769	0.22218
-0.1973	-0.5397	1.8238	0.004874704600820162	-0.002131047016685076	0.0006161012259539982	1.34229195	38.04613113	1.77704336	0.2784383461263249	0.263402	0.22065
-0.1884	-0.5941	1.7983	0.004857251308300219	-0.0021013764194011725	0.0005724679946541401	1.10163653	31.22495651	1.23724953	0.09333785605518535	0.26241	0.21985
-0.18	-0.5857	1.7857	0.005000368306963754	-0.0020699604928652747	0.0005567600313861911	1.06490648	30.18387222	1.19050946	0.03891204442336903	0.260452	0.21821
-0.1883	-0.4853	1.8416	0.004920083161372014	-0.002209586833024821	0.0004049163864626844	1.16117644	32.91256332	1.40217168	0.18318775653373945	0.262732	0.22011
-0.2004	-0.3696	1.8927	0.004975933697435834	-0.00217293491873294	0.0004520402762665313	1.2103678	34.30685043	1.43674311	0.18588131700797753	0.266602	0.22396
-0.1924	-0.5756	1.8376	0.005227261109723017	-0.00199142067652553	0.0005148721293383271	1.36888278	38.79982376	1.72236179	0.29388367537831955	0.267847	0.22442
-0.1912	-0.6087	1.8261	0.005422737985946381	-0.001973967384005587	0.0004991641660703782	1.07743359	30.53894234	1.19464701	0.05723190660056266	0.268343	0.22367
-0.1948	-0.6073	1.809	0.005229006438975011	-0.002103121748653167	0.0005183627878423159	1.05259109	29.83480263	1.18185987	0.03920422666954457	0.265837	0.22074
-0.2032	-0.4892	1.874	0.004937536453891958	-0.0023701571242082994	0.0003351032163829112	1.17869663	33.40916061	1.4610882	0.2285882466048796	0.270069	0.22451
-0.1982	-0.4453	1.8244	0.005150466622635266	-0.0021380283336930534	0.00039968039870670147	1.19980407	34.00743103	1.5056249	0.12398180707911736	0.260379	0.21725
-0.1943	-0.5983	1.8163	0.00519235452468313	-0.002040289895581371	0.0004886921905584122	1.26871049	35.96052551	1.59856282	0.17643190660056293	0.26655	0.22279
-0.1921	-0.5598	1.8252	0.00477696616270848	-0.002054252529597326	0.0004258603374866164	1.08167565	30.65918159	1.21433964	0.07420914245312003	0.264694	0.22134
-0.1902	-0.4045	1.9015	0.004630358505540956	-0.002097885760897184	0.00030368728984701333	1.27724504	36.20243073	1.60787023	0.2491206968053493	0.269035	0.22563
-0.1728	-0.4047	1.8569	0.004337143191205909	-0.001933824811209717	0.0004328416544945937	1.20628524	34.19113541	1.55416151	0.09152153143350465	0.259997	0.21999
-0.1695	-0.6636	1.7746	0.005061454830783556	-0.0018291050560900572	0.00039793506945470715	1.42306948	40.33570099	1.88136354	0.38769689898685966	0.261457	0.22122
-0.17	-0.6581	1.7804	0.005091125428067459	-0.0019233528356977512	0.00032463124087094524	1.05939674	30.02770615	1.19719583	0.021661110273767957	0.262355	0.22231
-0.1835	-0.4784	1.8569	0.004740314248416599	-0.0022148228207808044	0.000291469985083053	1.27497065	36.13796616	1.60450438	0.3034721210260904	0.264408	0.22309
-0.1781	-0.4681	1.8369	0.004667010419832838	-0.002097885760897184	0.00048345620280242926	1.15317881	32.68587875	1.34094603	0.054811355309337846	0.260488	0.21837
-0.1672	-0.6238	1.783	0.005096361415823441	-0.0018325957145940458	0.00046425758103049166	1.22856832	34.82273102	1.4752695	0.25619198320328407	0.260588	0.21942
-0.1697	-0.5941	1.7612	0.005202826500195096	-0.0018168877513260971	0.0006754424205218055	1.07679689	30.52089882	1.26301211	0.07066789435654575	0.256775	0.21461
-0.1672	-0.4855	1.8472	0.004731587602156627	-0.001891936909161853	0.0004310963252425994	1.19525445	33.87847519	1.50551795	0.23663170755767132	0.263674	0.22019
-0.1679	-0.3916	1.8643	0.004544837372193235	-0.0019826940302655584	0.0004991641660703782	1.20046508	34.02616882	1.43938053	0.12897875959474395	0.262482	0.21893
-0.1663	-0.6104	1.7645	0.005258677036258915	-0.0017034413499464657	0.000577703982410123	1.36608624	38.72055817	1.82530936	0.373781608036226	0.258256	0.21805
-0.1692	-0.6151	1.7992	0.005071926806295522	-0.0017732545200262388	0.0005532693728822024	1.11592519	31.62995529	1.35055646	0.05634990047855422	0.263931	0.22083
-0.1724	-0.5617	1.8308	0.004970697709679851	-0.001853539665617978	0.00038571776469074686	1.10548794	31.3341198	1.26358792	0.10565329251994333	0.265841	0.22262
-0.1844	-0.3995	1.8892	0.004871213942316174	-0.0020996310901491783	0.00034208453339088857	1.26859856	35.95735168	1.5593728	0.25206042115973676	0.266439	0.22311
-0.173	-0.5972	1.8077	0.005204571829447091	-0.0017959438003021652	0.0004921828490624009	1.36565626	38.70837021	1.73079876	0.32995717463247193	0.263192	0.22047
-0.1757	-0.6049	1.8173	0.004422664324553631	-0.0017331119472303693	0.0005567600313861911	1.1061058	31.35163307	1.23404568	0.06546582701445217	0.264728	0.22269
