trans_x	trans_y	trans_z	rot_x	rot_y	rot_z	dvars_std	dvars_nstd	dvars_vstd	framewise_displacement	aqi	aor
0.0	-0.0	0.0	-0.0	0.0	-0.0	n/a	n/a	n/a	n/a	0.0313729	0.00759
-0.0013	-0.0197	-0.0191	-3.665191429188092e-05	1.9198621771937625e-05	-9.42477796076938e-05	1.09523904	28.35909843	1.0100831	0.047604915783575605	0.0273354	0.00278
-0.0006	-0.0073	-0.0388	-0.00023212879051524583	5.235987755982989e-05	-0.00012740903539558605	0.99287903	25.70868301	0.93405076	0.04588996938995747	0.024309	0.00131
-0.0006	0.0142	-0.0364	-0.000291469985083053	6.981317007977319e-05	-0.0001361356816555577	1.02378118	26.50883293	0.9276267	0.02817605666738611	0.0239834	0.00089
0.0042	0.0521	0.0081	-0.0005515240436302081	0.0	-0.0	1.03397274	26.77272415	0.94626421	0.11050014551412428	0.0273734	0.00142
0.0012	0.0598	0.0177	-0.0006335545184739417	3.665191429188092e-05	1.0471975511965975e-05	1.0097307	26.14502525	0.92357403	0.026757718232379015	0.0281755	0.00133
-0.0036	-0.0056	0.0043	-0.0005567600313861911	-8.726646259971648e-05	3.4906585039886588e-06	1.08436334	28.07749176	0.97446731	0.09398470904936627	0.0260595	0.00087
-0.0044	-0.0347	-0.0215	-0.00041189770347066176	-2.268928027592628e-05	-0.0001012290966156711	1.03196084	26.72063065	0.93873143	0.07140796326794895	0.0247126	0.00073
-0.0044	-0.0208	-0.0408	-0.0003316125578789226	-6.981317007977319e-05	-0.000158824961931484	1.06619978	27.60718155	0.94100634	0.042450245035569954	0.0248669	0.00077
-0.0033	-0.0063	-0.0488	-0.00038571776469074686	-0.0001308996938995747	-0.000153588974175501	1.18973827	30.80597115	0.97658372	0.02962138591938044	0.0252532	0.00105
-0.0069	0.0068	-0.051	-0.00041713369122664475	-0.00016929693744344995	-0.000153588974175501	1.17000997	30.29514694	0.99069596	0.022390658503988647	0.0262613	0.00153
0.0011	0.0319	-0.03	-0.0005235987755982988	-0.00023561944901923448	-8.726646259971648e-06	1.20010269	31.07433891	1.00036364	0.06998249619314839	0.0279958	0.00174
0.0073	0.0577	0.004	-0.00048345620280242926	-9.948376736367679e-05	3.490658503988659e-05	1.0537498	27.28481293	0.94591919	0.0769955742875643	0.0302668	0.00167
0.0071	0.0163	-0.0045	-0.0003089232776029963	-8.37758040957278e-05	1.9198621771937625e-05	1.016101	26.30997086	0.93398421	0.060397442586766555	0.0286105	0.00114
0.007	0.0084	-0.025	-0.00027925268031909274	-3.141592653589793e-05	8.726646259971648e-06	1.02305174	26.48994637	0.93786556	0.033125122517784975	0.0269031	0.00098
0.0052	0.0107	-0.0534	-0.0002565634000431664	-3.4906585039886588e-06	-4.537856055185256e-05	1.07400167	27.80919647	0.94779553	0.037735987755982976	0.0246784	0.00085
0.0126	0.0175	-0.0263	-0.00038048177693476387	5.235987755982988e-06	4.71238898038469e-05	1.04749167	27.12277031	0.9362457	0.05255737367536343	0.0258441	0.0008
0.0134	0.0256	0.0008	-0.00040317105721069014	1.2217304763960308e-05	0.00013788101090755203	1.0029248	25.96879959	0.92085295	0.042021385919380434	0.0276635	0.00108
0.0194	-0.0351	-0.0191	-0.0005253441048502931	0.00016406094968746698	0.00012740903539558605	1.06499243	27.5759182	0.95403189	0.10082443340375379	0.0241801	0.00064
0.0268	-0.0151	-0.0074	-0.0010402162341886204	0.000445058959258554	0.0001239183768915974	1.03696752	26.85026741	0.93949519	0.07906803987067014	0.0237714	0.0006
0.0375	-0.0018	0.0012	-0.0019687313962496035	0.000926769832808989	-0.00028099800957108706	1.41442835	36.62388611	1.20251754	0.12335712110370511	0.0299899	0.00621
0.0056	-0.0232	-0.1457	-0.0008639379797371932	0.0006527531402458793	-0.0006911503837897545	1.85372984	47.99874878	1.55630922	0.28964812416470936	0.0239431	0.00433
-0.003	-0.0942	-0.1925	-0.0007679448708775049	0.0004014257279586958	-0.0003438298626428829	1.52893341	39.58877563	1.22238258	0.16113205211468715	0.0223936	0.00509
0.0259	0.0359	-0.1994	0.0003089232776029963	0.0003316125578789226	-0.0001972222054753592	1.36488605	35.34108353	1.13646323	0.23056444878638988	0.0201856	0.00392
0.0428	0.0362	-0.0806	0.0002583087292951608	0.00023387411976724014	-0.00010821041362364843	1.28121185	33.17450333	1.17607901	0.14786823891356143	0.0203192	0.00034
0.0344	0.0502	-0.012	0.0004363323129985824	3.4906585039886588e-06	-4.537856055185256e-05	1.2211442	31.61916924	1.05531825	0.11456194490192344	0.0258512	0.00043
0.0252	-0.0369	-0.0249	0.00037350045992678646	2.094395102393195e-05	-6.45771823237902e-05	1.13303685	29.33779907	0.99811658	0.11417418836818384	0.0239084	0.0003
0.026	-0.0566	-0.036	0.0002740166925631097	4.0142572795869576e-05	-6.283185307179586e-05	0.97395742	25.21874428	0.8942613	0.037621385919380426	0.0228859	0.00025
0.0206	-0.0642	-0.0435	0.00030194196059501896	-3.4906585039886588e-06	-6.108652381980153e-05	1.05300641	27.26556587	0.92954891	0.024165191429188087	0.023841	0.0003
0.0171	-0.0358	-0.0932	0.0009040805525330626	-0.0001832595714594046	-0.00017453292519943296	1.18923545	30.79295158	1.03930998	0.12636769531365455	0.023426	0.00116
0.0299	-0.0038	-0.0806	0.000853466004225227	0.00038571776469074686	-1.0471975511965975e-05	1.34583211	34.8477211	1.13538105	0.09658264170727272	0.0240517	0.00046
0.0231	0.0318	0.0203	0.0005602506898901797	0.00029845130209103034	1.2217304763960308e-05	1.17731953	30.48441124	1.07654905	0.1634585528605345	0.0289709	0.00034
0.0136	-0.0144	-0.0045	0.000439822971502571	0.00017802358370342162	-5.759586531581287e-05	1.08782721	28.16718102	0.98134739	0.09603343034274954	0.0266042	0.00033
0.0175	-0.0129	-0.0432	0.00024609142453120044	0.00022863813201125715	-0.00017278759594743863	1.00268579	25.96260834	0.94253273	0.06207689129554161	0.0224577	0.00023
0.02	-0.0075	-0.0638	-6.45771823237902e-05	0.00019198621771937622	-0.00020420352248333657	1.08223486	28.02237892	0.95329131	0.04743682238413846	0.0216894	0.00017
0.0203	0.0214	-0.0296	-0.0005480333851262194	0.00027750735106709843	-7.155849933176751e-05	1.14781535	29.72045898	0.99718381	0.098481117965086	0.0232906	0.00038
0.0215	0.0558	0.0291	-0.0009180431865490173	0.0004974188368183839	-1.0471975511965975e-05	1.05098855	27.21331596	0.97354368	0.12685039054969424	0.0262921	0.001
0.0188	-0.0081	0.003	-0.000895353906273091	0.000582939970166106	-2.268928027592628e-05	1.095294	28.36052132	0.98435975	0.09872138591938041	0.0234578	0.00042
0.018	-0.0215	-0.0431	-0.000926769832808989	0.0006056292504420323	-8.028514559173915e-05	1.02321649	26.4942131	0.93805478	0.06588505360638187	0.0214121	0.00033
0.0223	-0.0347	-0.0586	-0.001446877949903299	0.0006649704450098395	-0.00013264502315156904	1.15427256	29.88765526	0.97435171	0.06459045946109736	0.0219784	0.00067
0.026	-0.0729	-0.0508	-0.0021991148575128553	0.000635299847725936	-0.00015009831567151235	1.31482351	34.04481125	1.05276956	0.08966803987067014	0.0276473	0.00311
0.0331	0.0159	-0.0598	-0.002441715623540067	0.0006963863715457374	2.268928027592628e-05	1.06316125	27.52850342	0.99982049	0.12872374428972258	0.0273716	0.00399
0.0495	0.0215	-0.0599	-0.0026302111827554544	0.000853466004225227	0.0003054326190990077	0.94930708	24.58047104	0.90735791	0.05351592653589793	0.0264575	0.00342
0.0444	0.0121	-0.1059	-0.001801179788058148	0.0010070549784007281	9.948376736367679e-05	1.04237545	26.99029732	0.99020606	0.11992846103040689	0.0250219	0.00311
0.0681	0.0462	-0.1916	-0.00020943951023931956	0.0013735741213195373	0.0002251474735072685	1.43539703	37.16683197	1.18002259	0.24769615634406145	0.0207571	0.00221
0.0853	-0.0637	-0.1399	0.0018099064343181197	0.0009616764178488756	0.0001832595714594046	1.54150128	39.91419601	1.42178854	0.30245657750379823	0.0266982	0.00584
0.0554	-0.1824	-0.3122	0.001541125729510993	0.001785471824790199	-0.00011170107212763708	1.77100825	45.85683441	1.60003048	0.3902768377667746	0.0271676	0.01235
0.0363	-0.3085	-0.3524	0.0017558012275062952	0.0012356931104119853	1.2217304763960308e-05	1.59178925	41.21630478	1.2916578	0.22981862946325568	0.0343016	0.02549
0.0464	-0.1102	-0.3391	0.002036799237077382	0.0012025318546240932	2.6179938779914945e-05	1.52088308	39.38032532	1.27402309	0.23810609496874663	0.0240182	0.01146
0.0593	-0.0896	-0.1546	0.001839577031602023	0.0013456488532876281	0.00038397243543875244	1.54725611	40.06320572	1.39799353	0.2529065850398866	0.019856	0.00109
0.0626	-0.0395	-0.0408	0.0021223203704251047	0.0013107422682477415	0.0003892084231947355	1.36163425	35.25688553	1.20613089	0.18334429558094756	0.0252932	0.00066
0.0634	-0.0806	-0.0652	0.0019373154697137059	0.001335176877775662	0.0003577924966588376	1.19525397	30.9487915	1.0383028	0.07834277183876084	0.0230379	0.00032
0.056	-0.0791	-0.1083	0.0018570303241219666	0.0012671090369478833	0.00017104226669544429	1.1072129	28.66913605	0.99942097	0.06875516081914557	0.0223646	0.0009
0.0447	-0.0347	-0.0816	0.0018046704465621369	0.0012060225131280816	0.00021642082724729686	1.11003029	28.74208832	0.9985524	0.0903412480965742	0.0254054	0.00104
0.0445	0.0088	-0.0067	0.0018762289458939042	0.001048942880448592	0.0003385938748868999	1.09250808	28.28838539	1.01954177	0.136140558982543	0.0320899	0.00209
0.0409	-0.0403	-0.0058	0.002197369528260861	0.0010070549784007281	0.00030368728984701333	1.09401023	28.32728004	0.98725805	0.07349675347273536	0.0315398	0.00186
0.0393	-0.0951	-0.0482	0.002234021442552742	0.001158898623324235	0.00018151424220741024	1.08923435	28.2036171	0.99116518	0.11433343034274952	0.0290849	0.00151
0.0423	-0.1064	-0.0795	0.00217293491873294	0.0011414453308042916	7.853981633974481e-05	1.13253582	29.32482529	0.97636844	0.05467571211037052	0.0270484	0.00096
0.0459	-0.0829	-0.0452	0.0018151424220741027	0.0011013027580084218	0.0003106686068549907	1.16674888	30.21070671	1.01179101	0.09290319299849763	0.0286391	0.00081
0.0485	-0.0451	0.0191	0.0018325957145940458	0.0010367255756846318	0.0004363323129985824	1.0937264	28.31992912	0.99465931	0.11508470904936623	0.0326903	0.00187
0.0475	-0.0837	0.0192	0.0019949113350295183	0.0011501719770642632	0.0004625122517784973	1.06412113	27.55335808	0.95862158	0.054797098029750926	0.0316681	0.00134
0.0463	-0.1075	-0.0102	0.0023020892833805202	0.0012025318546240932	0.000450294947014537	1.02959788	26.65944672	0.93030523	0.07298775653373962	0.0299254	0.00112
0.0491	-0.091	-0.0749	0.002436479635784084	0.0012356931104119853	0.0004188790204786391	1.14937222	29.7607708	1.03660372	0.09394837673636768	0.0265214	0.00102
0.0555	-0.0362	-0.0572	0.002181661564992912	0.0012845623294678264	0.0005567600313861911	1.16234922	30.09678459	1.06851707	0.10097841503772824	0.0272849	0.00084
0.0468	-0.0179	-0.0114	0.0019826940302655584	0.0012671090369478833	0.00047822021504644627	1.09085763	28.24564743	0.98304215	0.08754803217935206	0.0295399	0.00106
0.038	-0.0741	-0.0224	0.0019216075064457567	0.001282817000215832	0.00047822021504644627	1.03536046	26.80865669	0.94404374	0.07983972435438752	0.0274243	0.00057
0.0365	-0.104	-0.0372	0.0015358897417550098	0.0012531464029319286	0.0004886921905584122	0.98541319	25.51536942	0.9080993	0.0674930168743308	0.0262455	0.00046
0.0359	-0.0841	-0.0519	0.0015306537539990272	0.0012304571226560022	0.0004258603374866164	1.08004344	27.96563721	0.95520452	0.03973785605518525	0.025484	0.00047
0.0415	-0.086	-0.0732	0.001350884841043611	0.0012863076587198209	0.0003193952531149623	1.19654763	30.98228645	0.98632574	0.04590422666954445	0.0237086	0.00047
0.0433	-0.0772	-0.0812	0.0011780972450961724	0.0013491395117916165	0.0002129301687433082	1.11966348	28.99151993	0.9780336	0.0357042266695444	0.0221587	0.00034
0.0397	-0.0413	-0.0485	0.0010000736613927507	0.0013107422682477415	0.0003700098014227979	1.13128257	29.29237366	0.9985388	0.0908750229963393	0.0235132	0.00037
0.0383	-0.0242	0.0184	0.0008011061266653974	0.0011519173063162574	0.00042935099599060504	1.1325568	29.32536888	1.01205389	0.10625668456133223	0.0301973	0.00058
0.0376	-0.0761	0.0185	0.0008779006137531476	0.0011484266478122688	0.00040666171571467877	1.15181744	29.82408524	1.00160529	0.05784872129338325	0.0280901	0.00051
0.0407	-0.0975	-0.0066	0.000783652834145454	0.001218239817892042	0.0003351032163829112	1.02689719	26.58951569	0.95437502	0.06138097245096171	0.025373	0.00033
0.0467	-0.0796	-0.0244	0.0007435102613495844	0.0012723450247038664	0.0002705260340591211	0.99139869	25.67035294	0.93119616	0.049641248096574206	0.0231062	0.00027
0.0488	-0.0461	-0.0312	0.0005689773361501514	0.0013369222070276565	0.00032463124087094524	1.03675699	26.84481621	0.92950749	0.057060765716752365	0.022746	0.00033
0.0565	-0.0134	0.0091	0.0004799655442984406	0.001329940890019679	0.0005654866776461627	1.06837666	27.66354752	0.95224576	0.09754242728174528	0.0282204	0.00069
0.0546	-0.0116	0.0447	0.0006667157742618339	0.0012671090369478833	0.0006335545184739417	1.03576767	26.81920052	0.94442451	0.05518249619314839	0.0312781	0.00121
0.0553	-0.0537	0.0267	0.0006736970912698113	0.0013194689145077131	0.0005672320068981572	1.07367873	27.80083466	0.94589535	0.06708318530717958	0.0288067	0.00071
0.0566	-0.0544	0.0011	0.0004886921905584122	0.0014852751934471744	0.0004206243497306334	1.04204071	26.98162842	0.95558183	0.0524709418409192	0.0245959	0.00022
0.0593	-0.0366	-0.0211	0.0005148721293383271	0.0015498523757709647	0.0003892084231947355	1.02600634	26.56645012	0.92948219	0.04880865238198016	0.0221261	0.0001
0.0659	-0.0105	0.013	0.00062482787221397	0.0015376350710070042	0.0005619960191421741	1.18727744	30.74225235	0.9989505	0.0815480321793521	0.0257365	0.00026
0.0664	-0.017	0.0294	0.0007487462491055673	0.0015341444125030156	0.0006597344572538566	0.97790146	25.32086754	0.91168865	0.034657373675363416	0.0273603	0.00043
0.0626	-0.0693	0.0057	0.0009285151620609833	0.0016109388995907662	0.000640535835481919	1.02302015	26.48913002	0.94521228	0.0935881010907552	0.0246598	0.00025
0.0618	-0.0711	-0.019	0.0008656833089891874	0.0016720254234105676	0.000614355896702004	0.94305837	24.41867256	0.89960119	0.034804915783575606	0.021679	0.00017
0.0662	-0.0526	-0.0172	0.0008185594191853405	0.0016598081186466073	0.000619591884457987	1.04648924	27.09681511	0.94490967	0.027928859116189496	0.0212277	0.00013
0.0683	-0.0178	0.0133	0.000895353906273091	0.0016598081186466073	0.0006422811647339132	1.03742039	26.8619957	0.94104592	0.07237418836818382	0.0242751	0.00025
0.0665	-0.0665	0.0004	0.0009896016858807848	0.0016249015336067207	0.000614355896702004	1.02977014	26.663908	0.9353014	0.07125398163397448	0.0229591	0.00017
0.0647	-0.0751	-0.0205	0.0009686577348568529	0.0016388641676226754	0.0005724679946541401	0.95634139	24.76261139	0.90175125	0.03513972435438754	0.0205683	0.00013
0.062	-0.0662	-0.0331	0.0008499753457212384	0.0016336281798666925	0.00042236967898262774	0.99233735	25.69465637	0.91284337	0.03790083462815548	0.0200433	7e-05
0.0665	-0.0309	-0.0132	0.0007801621756414653	0.0016004669240788003	0.0005340707511102648	1.07385468	27.8053894	0.95346654	0.07043377489976511	0.0214818	0.00012
0.066	-0.0076	0.024	0.0007382742735936014	0.0015428710587629874	0.0006003932626860494	0.96378303	24.95529747	0.91020913	0.06929031394697306	0.0250239	0.00026
0.0623	-0.0633	0.0107	0.0008779006137531476	0.0015289084247470327	0.0005864306286700947	1.04918623	27.16664886	0.94320131	0.08107758040957277	0.023524	8e-05
0.0606	-0.0739	-0.0034	0.0009861110273767962	0.0015707963267948967	0.0005550147021341969	0.98038435	25.38515663	0.89835424	0.03547571211037051	0.0228311	0.00012
0.0567	-0.0602	-0.0088	0.0010157816246606998	0.001595230936322817	0.0005270894341022875	0.97540712	25.2562809	0.89704905	0.027101523742186665	0.0228638	5e-05
0.0582	-0.0523	-0.0752	0.0011850785621041497	0.0014957471689591403	0.0004625122517784973	1.14083815	29.53979683	1.03814113	0.09246789435654584	0.0207576	0.00024
0.0529	-0.0045	0.0147	0.0006213372137099814	0.0014137166941154068	0.000450294947014537	1.14082932	29.53956795	1.08510559	0.1758994564000931	0.025435	0.00015
0.0503	-0.0198	0.0417	0.0005654866776461627	0.0014067353771074296	0.0004886921905584122	1.05157065	27.22838783	0.94761554	0.04996145483078357	0.026713	0.00014
0.0561	-0.062	0.0318	0.0003054326190990077	0.001706932008450454	0.0005166174585903216	1.08586681	28.11642265	0.97335474	0.08730879789610445	0.0235485	0.00024
0.0549	-0.0633	0.0519	0.0005218534463463045	0.0019233528356977512	5.93411945678072e-05	1.31098747	33.94548416	1.17636306	0.06710589592585539	0.0319978	0.00523
0.0164	-0.1531	-0.066	0.0009145525280450286	0.0012636183784438947	-5.061454830783555e-05	1.76240635	45.63410568	1.46840111	0.3043194640914112	0.0254789	0.00227
0.0084	-0.1232	-0.1464	0.0012688543661998775	0.000947713783832921	-5.585053606381854e-05	1.44773245	37.48623276	1.18124978	0.15207212102609033	0.0211381	0.00169
0.0451	-0.0639	-0.1542	0.001403244718603441	0.0010925761117484504	0.00010471975511965978	1.18032014	30.56210899	1.02491732	0.12579114857512855	0.0184926	0.00022
0.0511	-0.0478	-0.1027	0.0011344640137963143	0.0011711159280881952	0.00013439035240356338	1.10323417	28.56611633	0.99395882	0.09244955592153875	0.0198221	0.00022
0.0531	-0.0117	-0.0123	0.0011152653920243766	0.0011885692206081383	0.0003525565089028545	1.16677082	30.21127319	1.06304612	0.1412409035395586	0.0257933	0.00029
0.0509	-0.0471	-0.0133	0.0009930923443847736	0.0012077678423800758	0.00037350045992678646	1.10223281	28.54018593	0.97667059	0.046715781021773616	0.0245469	0.00028
0.0554	-0.0637	-0.0406	0.0008220500776893293	0.0013648474750595659	0.0002478367537831948	1.04855061	27.15019035	0.95217307	0.0710892802759263	0.0216	0.00014
0.0634	-0.0597	-0.0592	0.0006178465552059926	0.001481784534943186	0.00017453292519943296	1.02186024	26.459095	0.91767235	0.050322220547535934	0.0197047	0.00013
0.0683	-0.0452	-0.0542	0.0004677482395344803	0.001462585913171248	0.00027576202181510406	1.1889776	30.78627586	0.97909181	0.03792630170295608	0.0204149	0.00014
0.0688	-0.0111	0.0201	0.0003630284844148205	0.0014189526818713899	0.0005358160803622592	1.24299681	32.18499756	1.0725039	0.12932035224833363	0.0270987	0.00054
0.061	-0.0201	0.061	0.000645771823237902	0.0012636183784438947	0.0005619960191421741	1.0672797	27.63514519	0.95670908	0.08091287905152457	0.0326496	0.00135
0.0586	-0.0546	0.0508	0.0007243116395776468	0.0013264502315156904	0.0005026548245743669	1.02568042	26.5580101	0.93685959	0.05713564319896739	0.0312027	0.00106
0.0583	-0.0533	0.0188	0.0007086036763096977	0.001420698011123384	0.0003944444109507184	0.97328019	25.20120811	0.93103689	0.044508307824964566	0.025131	0.00037
0.0625	-0.045	-0.0039	0.0006335545184739417	0.001429424657383356	0.00040317105721069014	1.03677487	26.8452816	0.94143305	0.03982512251778499	0.0225021	0.00011
0.071	-0.0224	0.0273	0.0006946410422937432	0.0014259339988793671	0.0005497787143782138	1.04559112	27.07355881	0.95720743	0.0728592419745657	0.0248437	0.00032
0.0685	-0.0105	0.0511	0.0008220500776893293	0.0013526301702956054	0.0005742133239061344	0.98605502	25.53198814	0.91658807	0.0494573736753634	0.0274251	0.00031
0.0756	-0.0638	0.0197	0.0009651670763528643	0.0014835298641951804	0.0004886921905584122	1.05460334	27.30691528	0.96503942	0.1097768912955416	0.0236741	0.00014
0.0752	-0.068	-0.0197	0.0008307767239493009	0.0016179202165987434	0.00041713369122664475	0.99593043	25.78769302	0.94526941	0.06101696020694471	0.0201621	8e-05
0.0752	-0.0562	-0.0394	0.0006963863715457374	0.0016632987771505957	0.00041189770347066176	1.03173304	26.71473122	0.93313675	0.04075024503556993	0.0187155	0.0001
0.0835	-0.0324	-0.0151	0.0005672320068981572	0.001609193570338772	0.0004677482395344803	1.09027612	28.23059273	0.96836299	0.06835550537616113	0.0209796	0.00011
0.0836	-0.0177	0.0042	0.0007086036763096977	0.001616174887346749	0.0005096361415823442	0.98267746	25.44453239	0.90881131	0.04361204442336906	0.0225589	0.00021
0.0796	-0.0766	-0.017	0.0007243116395776468	0.0017051866791984597	0.0005340707511102648	1.02129257	26.44439697	0.9484365	0.09055771823237901	0.0202155	4e-05
0.0869	-0.0783	-0.0485	0.0006736970912698113	0.001980948701013564	0.00039269908169872416	0.99317807	25.71642494	0.92948627	0.06388741197672403	0.0177306	7e-05
0.0903	-0.072	-0.0661	0.0005916666164260777	0.0021101030656611444	0.00031415926535897925	1.06069088	27.46453857	0.94663364	0.04178623279155293	0.0170981	8e-05
0.0904	-0.0566	-0.0589	0.0004363323129985824	0.0020210912738094335	0.00042935099599060504	1.13373673	29.35591888	0.96188869	0.0406768912955416	0.0177232	0.0001
0.0866	-0.0165	-0.018	0.00048345620280242926	0.0018744836166419098	0.0005811946409141118	1.01910782	26.38782501	0.94617553	0.10207875959474384	0.0209459	8e-05
0.0818	-0.0513	-0.0176	0.0007120943348136865	0.0018867009214058703	0.0006230825429619757	1.02767563	26.60967445	0.93597246	0.05413716694115408	0.02095	0.0001
0.0792	-0.0656	-0.0991	0.0013072516097437528	0.0017732545200262388	0.00047123889803846896	1.12556756	29.14439392	1.04990545	0.14142236606166023	0.0180088	0.00016
0.0818	-0.0569	-0.0645	0.0006335545184739417	0.0019757127132575807	0.0003787364476827695	1.02774036	26.61134911	0.98373626	0.0943328867428426	0.016993	9e-05
0.0916	-0.0867	-0.0166	6.108652381980153e-05	0.002261946710584651	0.00035604716740684323	1.24989688	32.36366272	1.08434591	0.13156956361285682	0.0232421	0.00138
0.0902	-0.0893	-0.1557	0.0007871434926494425	0.0023073252711365037	0.00039269908169872416	1.41237366	36.57068634	1.24128822	0.18350437218366872	0.0160801	0.00113
0.0649	-0.2176	-0.2104	0.0003159045946109737	0.0019268434942017398	0.000317649923862968	1.58576512	41.06032181	1.27928563	0.2546384916404494	0.0214257	0.00345
0.0787	-0.0814	-0.2754	0.001064650843716541	0.001853539665617978	0.0002024581932313422	1.45811892	37.75516891	1.20337188	0.2618620904160477	0.0161171	0.0014
0.0877	-0.0695	-0.1914	0.0005585053606381855	0.001843067690106012	0.00047123889803846896	1.198874	31.04252434	1.10438041	0.14416990816987235	0.0140027	0.00022
0.0856	0.0039	-0.0549	0.0005550147021341969	0.0016842427281745281	0.0005427973973702365	1.37765408	35.67168808	1.24107773	0.223693705988362	0.0181838	8e-05
0.079	-0.0567	-0.0491	0.0003159045946109737	0.0015166911199830724	0.0003822271061867582	1.14855289	29.73955536	1.01061695	0.10136160034490786	0.0172145	3e-05
0.0893	-0.084	-0.0948	0.00023212879051524583	0.001673770752662562	0.0001256637061435917	1.07526886	27.84200668	0.97197097	0.1081709418409192	0.0143282	4e-05
0.0925	-0.0808	-0.1107	5.235987755982988e-06	0.0016720254234105676	0.00011344640137963142	1.16642189	30.20223808	0.97290136	0.03434277183876089	0.0144432	0.00014
0.0942	-0.0694	-0.1117	-0.00026354471705114377	0.0016179202165987434	0.0001658062789394613	1.22572398	31.73775101	1.01258551	0.03286228945893903	0.0166383	0.00029
0.0899	-0.0251	-0.0366	-0.00035430183815484887	0.0014922565104551516	0.0003630284844148205	1.27887619	33.11402512	1.09155738	0.14438215163613283	0.0196522	0.00027
0.0809	-0.0151	0.0234	-0.00014311699866353502	0.0013648474750595659	0.0004625122517784973	1.11079466	28.76187897	1.00021863	0.1009038821125288	0.0249912	0.0003
0.0763	-0.0441	0.016	0.00012042771838760874	0.0013805554383275148	0.0004049163864626844	0.99676675	25.80934715	0.91569009	0.05784242728174528	0.0246482	0.00031
0.0767	-0.0455	-0.0084	0.00011693705988362007	0.001452113937659282	0.00041538836197465044	1.00774801	26.09368515	0.94352153	0.030476056667386085	0.0214792	0.00013
0.0825	-0.032	-0.0318	-0.00023387411976724014	0.001621410875102732	0.0003577924966588376	1.06917548	27.6842308	0.95449352	0.07158519912050616	0.0184145	7e-05
0.0868	0.0024	0.0036	-0.00026878070480712676	0.001567305668290908	0.0004380776422505767	1.07211351	27.76030731	0.95900572	0.08256484687217248	0.0206276	8e-05
0.0835	-0.0005	0.0174	-6.981317007977319e-05	0.0015027284859671175	0.0005078908123303499	0.9941352	25.74120903	0.90739687	0.036667894356545855	0.0219107	7e-05
0.0812	-0.0519	-0.0005	0.00015009831567151235	0.0015899949485668342	0.0005061454830783556	1.02809417	26.6205101	0.93024797	0.08704616388014982	0.0208215	8e-05
0.0842	-0.0567	-0.0414	5.93411945678072e-05	0.0017889624832941875	0.000445058959258554	1.02723396	26.59823608	0.94451827	0.06624055898254301	0.0177361	7e-05
0.0897	-0.0506	-0.0587	-0.0002617993877991494	0.001839577031602023	0.00042760566673861073	1.00602627	26.04910469	0.91792019	0.048360421159736794	0.0164353	5e-05
0.0929	-0.0246	-0.0287	-0.00011693705988362007	0.0018483036778619948	0.0005445427266222308	1.15024316	29.78332329	0.98333518	0.07272630170295603	0.018316	0.00011
0.0916	-0.0266	-0.0161	4.0142572795869576e-05	0.0018168877513260971	0.0005619960191421741	0.95488942	24.72501564	0.9029743	0.026197442586766526	0.0195364	8e-05
0.0874	-0.0775	-0.0374	0.00024609142453120044	0.001912880860185785	0.0005235987755982988	1.02322805	26.49451256	0.94509345	0.0934169602069447	0.0175136	9e-05
0.0906	-0.0682	-0.0629	0.00020420352248333657	0.001980948701013564	0.00047647488579445195	0.9394446	24.32510185	0.89980939	0.045853981633974486	0.0159693	7e-05
0.0935	-0.0574	-0.0769	0.00014137166941154068	0.0020472712125893483	0.0004136430327226561	1.01882827	26.38058853	0.92269412	0.037299310885968794	0.0157254	0.00011
0.0947	-0.0356	-0.0468	-6.9813170079773176e-06	0.001980948701013564	0.0005166174585903216	1.13228035	29.3182106	0.98132289	0.06898249619314838	0.0177889	9e-05
0.091	-0.0118	-0.0188	-5.235987755982988e-06	0.001843067690106012	0.0005672320068981572	0.98328471	25.46025658	0.91630257	0.06501204442336911	0.0198894	0.00017
0.09	-0.051	-0.0352	8.203047484373349e-05	0.0019512781037296606	0.0005480333851262194	1.08003271	27.96535873	0.96054558	0.06733377489976515	0.018427	0.00012
0.0932	-0.0861	-0.0501	2.268928027592628e-05	0.0020298179200694054	0.0004939281783143952	1.0212723	26.44387054	0.93155027	0.06279931088596881	0.0163191	7e-05
0.0942	-0.0608	-0.0677	0.0001972222054753592	0.0020298179200694054	0.00042760566673861073	0.94894892	24.57119751	0.89801052	0.05594277183876086	0.0153376	7e-05
0.0956	-0.049	-0.0584	0.00017453292519943296	0.002045525883337354	0.0005078908123303499	0.98284185	25.4487896	0.90581027	0.028434119456780697	0.0155885	6e-05
0.0992	-0.0173	-0.0514	0.00039095375244672985	0.0018256143975860688	0.0006527531402458793	1.0222193	26.46839333	0.9563441	0.07135973204570557	0.0179706	0.00017
0.0913	-0.0474	-0.0442	-4.71238898038469e-05	0.001960004749989632	0.0006736970912698113	1.12174094	29.04531288	1.01530123	0.07487059728390358	0.0168937	7e-05
0.0911	-0.066	-0.0453	-6.632251157578452e-05	0.0021135937241651332	0.0006230825429619757	1.03106642	26.69746971	0.93693982	0.031070107212763726	0.0156551	4e-05
0.0928	-0.0776	-0.0589	-4.18879020478639e-05	0.00214850030920502	0.0005183627878423159	0.94701946	24.52123833	0.89167498	0.035103047484373345	0.0147105	9e-05
0.0964	-0.0699	-0.0764	-0.00019547687622336493	0.002171189589480946	0.0004939281783143952	1.02348697	26.50121498	0.92023398	0.03883564319896739	0.0140378	3e-05
0.0984	-0.0591	-0.0403	-0.0013665928043115599	0.0023474678439323734	0.0003944444109507184	1.13771999	29.45905876	1.00776627	0.12124389749516495	0.0173634	0.00042
0.0906	-0.0118	-0.0662	-0.0012461650859239514	0.0024137903555081575	0.00019896753472735358	1.2594347	32.61062622	1.09891061	0.10011135530933786	0.0184161	0.00123
0.067	-0.1228	-0.1253	-0.0008499753457212384	0.002141518992197042	0.0003089232776029963	1.52939236	39.60065842	1.26608821	0.23262084231947353	0.0171783	0.00155
0.07	-0.0976	-0.2047	-0.00039793506945470715	0.0022322761133007477	0.0006335545184739417	1.36366892	35.30957031	1.14036195	0.1509714319120591	0.0163289	0.0012
0.0854	-0.0415	-0.1922	-3.316125578789226e-05	0.0017418385934903407	0.0003822271061867582	1.20120847	31.10297203	1.03546965	0.13932693728822027	0.0131198	0.00019
0.0839	-0.0019	-0.0825	0.0003665191429188092	0.0015219271077390555	0.00042760566673861073	1.27159238	32.92542648	1.15748286	0.184048522250492	0.0164964	5e-05
0.0828	-0.0256	-0.0473	0.0003630284844148205	0.001520181778487061	0.00043458698374658803	1.06186795	27.4950161	0.97533123	0.06061086523819803	0.0175205	9e-05
0.0812	-0.0882	-0.0914	0.00038397243543875244	0.0016196655458507376	0.0002844886680750757	1.14096522	29.54308891	1.0104982	0.12182630170295604	0.0156534	0.0001
0.086	-0.0951	-0.1204	0.00032812189937493397	0.0016842427281745281	0.00016406094968746698	1.01174068	26.19706726	0.91811005	0.05274277183876088	0.0150204	8e-05
0.0862	-0.0883	-0.134	0.0002530727415391778	0.0017086773377024485	0.0001361356816555577	1.11135471	28.77638245	0.93544379	0.02697045176977931	0.0145963	3e-05
0.0926	-0.0699	-0.1179	-3.4906585039886588e-06	0.001790707812546182	0.0002565634000431664	1.17007875	30.2969265	0.97767724	0.06385107966372543	0.0150584	7e-05
0.1019	-0.0166	-0.0493	-8.901179185171081e-05	0.0017034413499464657	0.00046425758103049166	1.2256614	31.73613167	1.06273504	0.15022408884673819	0.017612	0.00011
0.0997	-0.0032	-0.0213	-0.00016406094968746698	0.0016179202165987434	0.00045553093477052	1.03226268	26.72844505	0.92455525	0.05206484687217251	0.0187241	4e-05
0.1	-0.0426	-0.036	0.00013962634015954637	0.0018186330805780916	0.00041015237421866745	1.03614676	26.82901573	0.93177184	0.0818889357189107	0.0177487	0.0001
0.1031	-0.0376	-0.0659	0.0003595378259108319	0.0019390607989657003	0.0003211405823669566	0.96786076	25.06088257	0.91446092	0.05946754979953025	0.0161475	6e-05
0.1098	-0.0344	-0.073	0.00039269908169872416	0.0019390607989657003	0.00028797932657906436	1.01385975	26.25193787	0.92398143	0.020316125578789226	0.0157234	3e-05
0.1097	-0.004	-0.0312	0.00035430183815484887	0.001790707812546182	0.0004485496177625427	0.99594444	25.78805542	0.93353863	0.08966602605734358	0.0179868	9e-05
0.1094	-0.0412	-0.0366	0.0006510078109938849	0.0018151424220741027	0.0004747295565424576	1.0454818	27.0707283	0.94645733	0.060266026057343595	0.0175014	8e-05
0.1134	-0.0814	-0.0761	0.0007557275661135446	0.0020751964806212577	0.0004363323129985824	1.06035256	27.45577812	0.96184513	0.10385855286053448	0.0160884	5e-05
0.1169	-0.0796	-0.1067	0.0007661995416255106	0.0022218041377887812	0.0003874630939427412	0.95343459	24.6873455	0.90107736	0.04619744258676654	0.0150492	0.0001
0.1239	-0.0646	-0.0955	0.0005724679946541401	0.0022130774915288098	0.0005061454830783556	1.0334996	26.76047516	0.93174718	0.049257029118347805	0.0155857	8e-05
0.1215	-0.0371	-0.0713	0.0005724679946541401	0.0021013764194011725	0.0005881759579220891	0.98734158	25.5653019	0.91588422	0.06378657734856855	0.0163101	6e-05
0.1225	-0.0801	-0.0817	0.0009040805525330626	0.0022270401255447643	0.0005654866776461627	1.04594743	27.08278656	0.94651793	0.07839827721492201	0.0162923	8e-05
0.1234	-0.0871	-0.0958	0.0010611601852125523	0.0024312436480281013	0.0005375614096142535	0.96567428	25.00426865	0.90266543	0.04146042115973679	0.0161161	9e-05
0.1228	-0.0818	-0.1148	0.0010262536001726657	0.0025045474766118626	0.0006056292504420323	1.07317615	27.78782272	0.94500241	0.03371391272257133	0.0153519	7e-05
0.1319	-0.0594	-0.1005	0.0009616764178488756	0.0024591689160600103	0.0006859143960337716	1.09622896	28.38472939	0.96028014	0.055312044423369046	0.0162197	8e-05
0.1304	-0.0304	-0.0745	0.0008360127117052838	0.0024853488548399255	0.0007661995416255106	0.98962492	25.62442398	0.9144059	0.0681064395257623	0.0165156	6e-05
0.1265	-0.0807	-0.0866	0.001022762941668677	0.002541199390903744	0.0007749261878854823	1.01685202	26.32941818	0.93431912	0.07886637061435915	0.0155203	5e-05
0.1236	-0.0908	-0.1075	0.0011623892818282235	0.002623229865747477	0.000726056968829641	0.9765721	25.28644562	0.90317279	0.04742630170295607	0.0147699	0.0001
0.1196	-0.0957	-0.1254	0.001192059879112127	0.00272096830385916	0.0006370451769779302	1.03910565	26.90563202	0.93953634	0.03762104136236485	0.0144662	4e-05
0.1257	-0.0628	-0.1697	0.0010559241974565693	0.002363175807200322	0.000619591884457987	1.17396581	30.39757347	1.03971179	0.10886907354171692	0.0156647	0.00038
0.1198	-0.0173	-0.065	0.00047822021504644627	0.002450442269800039	0.0007993607974134029	1.18761981	30.75111961	1.10193	0.1983369678982628	0.0160591	0.00013
0.1092	-0.0752	-0.0688	0.0006213372137099814	0.0023876104167282427	0.0007539822368615504	1.06780219	27.64867401	0.97515958	0.08486637061435919	0.0159395	0.00015
0.1159	-0.0881	-0.1012	0.0007120943348136865	0.002621484536495483	0.0005550147021341969	0.99061787	25.65013504	0.9198246	0.07817993877991491	0.0144195	0.00012
0.1206	-0.081	-0.1281	0.000582939970166106	0.0027314402793711255	0.000460766922526503	0.99427021	25.7447052	0.91692227	0.05536789435654584	0.0148118	0.00012
0.1239	-0.0797	-0.1535	0.00040840704496667313	0.0027523842303950577	0.0004328416544945937	1.12514269	29.13339424	0.95399916	0.04117010721276372	0.0135184	0.0002
0.1271	-0.0957	-0.1896	-1.5707963267948964e-05	0.0026092672317315226	0.000466002910282486	1.11440194	28.85528374	0.98256844	0.08531966313430243	0.0145924	0.00019
0.1341	-0.0838	-0.2594	-0.00018675022996339323	0.002642428487519415	0.0005201081170943102	1.17080986	30.31585884	1.03479949	0.10161543646475805	0.0156505	0.00015
0.1327	-0.0379	-0.1675	-0.00024609142453120044	0.0026197392072434887	0.0006318091892219474	1.1556989	29.92458916	1.05342559	0.14888657734856856	0.0139925	5e-05
0.1301	-0.0159	-0.0984	0.00015707963267948963	0.0025237460983838006	0.0007627088831215222	1.11869073	28.96633339	1.01512672	0.1252031929984977	0.0158041	7e-05
0.1318	-0.0727	-0.1163	0.00031415926535897925	0.0026843163895672786	0.0007627088831215222	1.09004974	28.22473145	0.95549119	0.0922824961931484	0.0141582	6e-05
0.1389	-0.0837	-0.145	0.0003298672286269283	0.0029164451800825246	0.0006754424205218055	1.05631447	27.35122108	0.94180726	0.06355516081914556	0.0137569	7e-05
0.1462	-0.0839	-0.1689	0.00011170107212763708	0.0030473448739821	0.0006387905062299246	1.05826414	27.40170288	0.92513399	0.050685888234537374	0.0129443	9e-05
0.1474	-0.0713	-0.1685	-6.9813170079773176e-06	0.0030211649352021846	0.0006649704450098395	1.1529355	29.85303497	0.96837143	0.022752113334772214	0.0120341	9e-05
0.1368	-0.0426	-0.1134	-0.00010297442586766544	0.0027471482426390747	0.0009075712110370514	1.18233407	30.614254	1.01521177	0.1250305283725005	0.0137071	6e-05
0.129	-0.0351	-0.0821	1.9198621771937625e-05	0.002617993877991494	0.0009389871375729493	1.00806284	26.10183907	0.91726558	0.06073716694115408	0.0141661	9e-05
0.1362	-0.0643	-0.11	8.37758040957278e-05	0.002895501229058593	0.000900589894029074	1.01794565	26.35773468	0.93360655	0.08332408884673817	0.0135115	2e-05
0.147	-0.0594	-0.1401	6.45771823237902e-05	0.003115412714809878	0.0007295476273336296	0.97053868	25.13022232	0.91321344	0.06630761871093337	0.0125733	4e-05
0.1542	-0.0543	-0.158	-0.0001308996938995747	0.0031730085801256907	0.0007627088831215222	1.10819495	28.69456673	0.96256852	0.04451169986635351	0.0118536	4e-05
0.1561	-0.021	-0.1155	-0.00023212879051524583	0.003001966313430246	0.0008813912722571365	1.12167299	29.04355431	0.98954805	0.09724768762233647	0.0121583	1e-05
0.1574	-0.0225	-0.0859	-9.599310885968811e-05	0.0028763026072866553	0.0009599310885968812	1.00248206	25.95733452	0.91222318	0.049416960206944686	0.0131944	7e-05
0.1603	-0.075	-0.1282	-0.0002600540585471551	0.003153809958353753	0.0008150687606813518	1.0739553	27.80799675	0.97903939	0.12702153143350467	0.0120198	3e-05
0.1651	-0.0751	-0.1378	-0.0006876597252857658	0.0034417892849328176	0.0007644542123735164	0.98535061	25.51374817	0.91971113	0.05280997708127552	0.0130037	0.00015
0.1553	-0.0238	-0.0715	-0.0019512781037296606	0.003478441199224699	0.0004520402762665313	1.32990789	34.43539429	1.18281679	0.20803421144213807	0.0216977	0.00431
0.1394	-0.0022	-0.1887	-1.7453292519943294e-06	0.003371976114853045	0.0002897246558310587	1.54833424	40.09112167	1.30846415	0.2656156739642396	0.0174785	0.0022
0.1179	-0.1749	-0.2339	0.0008272860654453122	0.002893755899806598	0.0004799655442984406	1.66879356	43.21018219	1.35817836	0.31427462491055674	0.0205733	0.00325
0.1424	-0.0529	-0.2734	0.0012845623294678264	0.0028361600344907856	0.0005707226654021458	1.40025723	36.25695419	1.16264773	0.2162814625221016	0.0163976	0.00052
0.1544	-0.0344	-0.2061	0.0008307767239493009	0.0026145032194875057	0.0007539822368615504	1.17453206	30.41223717	1.049153	0.14073509959906047	0.013275	9e-05
0.1442	-0.0323	-0.1221	0.0009686577348568529	0.002230530784048753	0.0007923794804054256	1.19826019	31.0266304	1.06709281	0.124312534494509	0.0146205	5e-05
0.1405	-0.0708	-0.1499	0.0011885692206081383	0.0023928464044842257	0.0007731808586334879	1.12567687	29.14722633	0.99930462	0.09007128639793475	0.0138029	0.00012
0.1414	-0.0834	-0.1582	0.0008988445647770796	0.0026145032194875057	0.0007923794804054256	1.01964319	26.40168953	0.93800603	0.0483290046303138	0.0131162	4e-05
0.1466	-0.0819	-0.1764	0.0006265732014659643	0.002530727415391778	0.0007627088831215222	0.94941705	24.58331871	0.89667706	0.04418588823453733	0.0126918	6e-05
0.1427	-0.0632	-0.1356	0.0005637413483941684	0.002488839513343914	0.000890117918517108	1.06170106	27.49069595	0.96442808	0.07500643952576229	0.0124632	9e-05
0.1366	-0.0476	-0.0804	0.0005864306286700947	0.002267182698340634	0.0009808750396208131	1.01706564	26.33494759	0.95202318	0.09365516081914557	0.0145981	5e-05
0.1346	-0.0893	-0.0748	0.0006126105674500097	0.002267182698340634	0.0009494591130849152	1.04530871	27.06624794	0.93690384	0.05217979326579064	0.0141104	4e-05
0.1321	-0.0676	-0.1013	0.0008185594191853405	0.0024225170017681294	0.0008150687606813518	0.96759105	25.05389977	0.90220407	0.07548367537831949	0.0133605	7e-05
0.1374	-0.0657	-0.1326	0.000705113017805709	0.002583087292951608	0.0008115781021773631	1.06207156	27.50028801	0.94688382	0.05237536755335492	0.0122324	3e-05
0.137	-0.0566	-0.1452	0.0005881759579220891	0.002722713633111154	0.0008395033702092724	1.16134655	30.07082367	0.97369279	0.03632443340375376	0.01196	3e-05
0.1385	-0.036	-0.1089	0.0003001966313430247	0.0026005405854715507	0.0009843656981248017	1.20370162	31.16752434	1.00777352	0.08615073510670984	0.013235	5e-05
0.1362	-0.0202	-0.0721	0.0002844886680750757	0.002466150233067988	0.001054178868204575	1.06129515	27.48018456	0.94178353	0.06589557428756428	0.0140164	3e-05
0.1384	-0.0724	-0.0905	0.0003525565089028545	0.0026162485487395003	0.0010122909661567112	1.03640163	26.83561707	0.94668017	0.08580270292735775	0.0125653	7e-05
0.1422	-0.0817	-0.1373	8.552113334772214e-05	0.0027279496208671367	0.0009145525280450286	1.02786589	26.61459923	0.9432471	0.08372374428972255	0.0115187	4e-05
0.1471	-0.0688	-0.1642	-1.3962634015954635e-05	0.0028099800957108703	0.0008255407361933179	1.06784427	27.6497612	0.94291575	0.05822630170295607	0.0111832	9e-05
0.1553	-0.0568	-0.1539	-0.0003612831551628262	0.0028187067419708422	0.000895353906273091	1.10068476	28.500103	0.95820995	0.051793016874330806	0.0112066	3e-05
0.1563	-0.0303	-0.1053	-0.0005916666164260777	0.002713986986851182	0.0010803588069844899	1.06360865	27.54009056	0.95038265	0.10210540585471552	0.0118788	5e-05
0.152	-0.0473	-0.1036	-0.0005707226654021458	0.0026441738167714093	0.0011047934165124105	0.98281813	25.44817543	0.90280862	0.02875958653158128	0.0121861	6e-05
0.1521	-0.0719	-0.1216	-0.0005550147021341969	0.002780309498426967	0.0010297442586766543	1.01884997	26.3811512	0.91674637	0.05404464013796317	0.012935	1e-05
0.1494	-0.0622	-0.1522	-0.0006213372137099814	0.0028187067419708422	0.0009529497715889039	1.03699255	26.85091591	0.92990499	0.05207571211037052	0.0122123	4e-05
0.1532	-0.0498	-0.1584	-0.000582939970166106	0.002893755899806598	0.0010000736613927507	1.26248229	32.68953705	0.99768092	0.030428514559173916	0.0124285	5e-05
0.1547	-0.0186	-0.1085	-0.0005602506898901797	0.0026895523773232616	0.0012147491593880533	1.26651001	32.79382706	1.04227887	0.10467841503772828	0.0141757	8e-05
0.1492	-0.0276	-0.0871	-0.0003682644721708035	0.002562143341927676	0.0012199851471440364	1.02719271	26.59716797	0.92025033	0.05213156204354724	0.0139152	4e-05
0.1464	-0.0639	-0.1031	-0.000296705972839036	0.0026529004630313807	0.0012077678423800758	0.99505234	25.76495552	0.92235578	0.06382664625997163	0.0133209	6e-05
0.1496	-0.0659	-0.1358	-0.0002024581932313422	0.002813470754214859	0.0010454522219446034	1.05111265	27.21652985	0.9531444	0.05875668456133225	0.0116338	5e-05
0.1544	-0.0572	-0.1494	-0.000445058959258554	0.002848377339254746	0.0009791297103688187	1.09101593	28.24974823	0.95654856	0.04429149313214416	0.0114582	2e-05
0.159	-0.0357	-0.1127	-0.0006736970912698113	0.002663372438543347	0.0011344640137963143	1.0830996	28.04476929	0.96172538	0.0912488668075076	0.0114065	5e-05
0.1498	-0.0254	-0.0831	-0.0005899212871740833	0.0025499260371637153	0.0011780972450961724	1.02539384	26.55059052	0.92177131	0.061142771838760886	0.0119358	4e-05
0.1512	-0.0676	-0.0989	-0.0006178465552059926	0.0026581364507873638	0.0011885692206081383	1.00514114	26.02618599	0.92411825	0.0667303828583762	0.0116342	0.0
0.1538	-0.0681	-0.1278	-0.0008237954069413235	0.0028187067419708422	0.0011239920382843482	1.00574982	26.04194832	0.92841134	0.053554816262129955	0.0122148	6e-05
0.1571	-0.0409	-0.0963	-0.0022444934180647076	0.0028815385950426383	0.0011431906600562858	1.26087332	32.64787674	1.07843011	0.13713642429835587	0.0169705	0.00139
0.1491	0.0318	-0.2056	-0.0008813912722571365	0.003300417615521277	0.0007190756518216638	1.53015566	39.62042236	1.2718686	0.3003048087260416	0.0186253	0.00246
0.1189	-0.1533	-0.2438	-0.00042411500823462205	0.0027192229746071652	0.0006771877497737998	1.75989425	45.56905746	1.41183201	0.3075179403492245	0.0187904	0.00287
0.1249	-0.047	-0.2895	0.0005567600313861911	0.002453932928304027	0.0007068583470577034	1.40440834	36.3644371	1.15141518	0.22179178416039272	0.016816	0.00115
0.1559	-0.0445	-0.2802	0.00045902159327450867	0.002663372438543347	0.00091106186954104	1.13422716	29.36861992	1.00515757	0.06836907354171692	0.0158132	0.00045
0.1492	-0.0158	-0.152	0.00011170107212763708	0.002357939819444339	0.0010419615634406148	1.26165593	32.66814041	1.15295913	0.20278264170727273	0.0120552	0.0001
0.1484	-0.0293	-0.1116	0.00015009831567151235	0.0021101030656611444	0.001064650843716541	1.10128152	28.51555634	0.98637405	0.0701461638801498	0.0118437	6e-05
0.1521	-0.0785	-0.1486	0.00019896753472735358	0.0023963370629882146	0.0009948376736367678	1.12035239	29.00935745	0.99455773	0.11014581932313423	0.0123326	6e-05
0.1591	-0.0834	-0.1843	0.00011344640137963142	0.002673844414055313	0.0008011061266653974	0.993393	25.72199059	0.92446855	0.0754380015693095	0.0125628	0.0001
0.1538	-0.0861	-0.2003	-6.283185307179586e-05	0.002583087292951608	0.0007801621756414653	1.12058985	29.01550865	0.96853844	0.038398966328953225	0.0125764	6e-05
0.1515	-0.0642	-0.1557	-0.0002565634000431664	0.002267182698340634	0.0009634217471008699	1.2036649	31.16657448	1.01635339	0.10344478565208744	0.0125026	7e-05
0.1485	-0.0172	-0.1043	-0.00024260076602721178	0.0021205750411731105	0.001048942880448592	1.07670152	27.87910271	0.98131904	0.11370457122656	0.0138704	3e-05
0.1451	-0.0497	-0.1058	-0.0003525565089028545	0.002235766771804736	0.0010297442586766543	1.02428854	26.52197075	0.93502846	0.0496173047639603	0.0122079	6e-05
0.1491	-0.0574	-0.1368	-0.0004886921905584122	0.002450442269800039	0.0009721483933608416	1.09923661	28.46260643	0.96360879	0.06312035224833365	0.0123505	3e-05
0.1541	-0.0465	-0.1571	-0.0007086036763096977	0.0026075219024795284	0.0009337511498169664	1.13267112	29.32832909	0.95889272	0.05696941809873248	0.0120368	6e-05
0.1639	-0.0199	-0.1346	-0.000731292956585624	0.002584832622203602	0.0010140362954087054	1.27676213	33.05928802	1.01617497	0.06518318530717958	0.0122972	0.00014
0.1615	-0.0141	-0.0986	-0.0005515240436302081	0.0024155356847601517	0.0011065387457644049	1.15638351	29.94231606	0.98471609	0.06627841503772827	0.0134184	5e-05
0.1589	-0.0511	-0.1102	-0.0003892084231947355	0.0025342180738957666	0.001085594794740473	1.01605463	26.30876923	0.91245869	0.06629709802975099	0.0126624	8e-05
0.1555	-0.0635	-0.1327	-0.000486946861306418	0.0026075219024795284	0.001075122819228507	1.01815093	26.36304855	0.92094598	0.047375712110370526	0.0127918	4e-05
0.1586	-0.047	-0.1456	-0.0008115781021773631	0.0026249751949994717	0.001064650843716541	1.08715487	28.14977455	0.95010306	0.05012782544514272	0.0123524	3e-05
0.1625	-0.0268	-0.1157	-0.0009302604913129776	0.002464404903815993	0.0011519173063162574	1.1101563	28.74534988	0.97050357	0.07232595714594049	0.0124319	7e-05
0.1609	-0.0253	-0.1079	-0.0009564404300928925	0.00239459173373622	0.001181587903600161	0.97350419	25.20700836	0.89160368	0.017183185307179594	0.0126086	5e-05
0.1618	-0.055	-0.1295	-0.0012723450247038664	0.002584832622203602	0.0011397000015522971	0.98477381	25.49881363	0.91489836	0.07960166925631101	0.0133469	3e-05
0.1642	-0.0495	-0.1515	-0.0018517943363659836	0.0027366762671271086	0.0011030480872604163	1.18124306	30.58600426	0.98543997	0.06829724354387524	0.0150667	0.0001
0.168	-0.0233	-0.1489	-0.0025865779514555962	0.0028571039855147177	0.0009913470151327792	1.17904305	30.52904129	0.99914174	0.08094562028024291	0.0151889	0.00029
0.1661	0.0172	-0.1045	-0.002261946710584651	0.0026912977065752563	0.0010768681484805013	1.1916045	30.85429382	1.00046652	0.11559793265790647	0.0155841	0.00026
0.1596	-0.0085	-0.0924	-0.0017994344588061536	0.0026267205242514655	0.0011239920382843482	1.02364433	26.50528908	0.93196194	0.07301066619530676	0.014816	0.00012
0.1615	-0.0393	-0.1107	-0.0015184364492350666	0.0028099800957108703	0.0010803588069844899	1.02476847	26.53439903	0.92745689	0.07639454061651754	0.0131865	8e-05
0.1653	-0.0449	-0.1346	-0.00152367243699105	0.0029548424236264	0.0010821041362364843	1.00153458	25.9328022	0.92911028	0.04089218224617536	0.0122208	4e-05
0.1683	-0.0436	-0.1368	-0.0015812683023068625	0.002900737216814576	0.0010716321607245184	1.04444492	27.04388237	0.94301604	0.012608652381980149	0.0118951	9e-05
0.1679	-0.0179	-0.1045	-0.0015184364492350666	0.0027244589623631483	0.0011676252695842063	1.11826468	28.95530128	0.97455692	0.07515516081914558	0.0121071	9e-05
0.1677	-0.0516	-0.1094	-0.0012217304763960308	0.002708750999095199	0.0011519173063162574	0.99503458	25.76449585	0.9156165	0.05520609496874671	0.0115663	8e-05
0.1728	-0.0797	-0.1404	-0.0008813912722571365	0.0029548424236264	0.001165879940332212	0.96217966	24.91378212	0.91135907	0.09421966313430248	0.0117451	8e-05
0.1795	-0.07	-0.1642	-0.0006649704450098395	0.0031084313978019013	0.0013631021458075715	1.12668478	29.17332268	0.97660645	0.06856160034490787	0.0124332	3e-05
0.1848	-0.0654	-0.1406	-0.000736528944341607	0.0030455995447301047	0.001424188669627373	1.15648496	29.94494247	0.98688741	0.043273843811168285	0.0133383	0.00013
0.1843	-0.0319	-0.1063	-0.0008168140899333463	0.002909463863074547	0.001499237827463129	1.10468137	28.6035881	0.96682569	0.08287349925415266	0.0135721	0.00012
0.1837	-0.0732	-0.1071	-0.0006806784082777885	0.003166027263117714	0.001556833692778942	0.99917352	25.87166595	0.92614166	0.06521474735072687	0.0138748	4e-05
0.1863	-0.0844	-0.1246	-0.0004014257279586958	0.003415609346152903	0.0015323990832510211	1.06371439	27.5428257	0.93465206	0.05896346864411011	0.0130469	3e-05
0.1891	-0.0696	-0.1336	-0.0005462880558742252	0.0035342917352885177	0.0015341444125030156	1.10674703	28.65707588	0.95536584	0.03986450231515693	0.0126318	8e-05
0.1909	-0.0283	-0.123	-0.000598647933434055	0.003412118687648914	0.0015847589608108511	1.11189532	28.79037857	0.95006379	0.06495737367536344	0.0123267	5e-05
0.1887	-0.0392	-0.1446	-0.0004380776422505767	0.0032061698359135836	0.0016807520696705393	1.07947505	27.9509201	0.95361965	0.05782561258892483	0.0126936	9e-05
0.1853	-0.0663	-0.1286	-0.0006859143960337716	0.003371976114853045	0.001593485607070823	1.00248575	25.95742989	0.90789612	0.07154547476611867	0.0122005	7e-05
0.1986	-0.076	-0.1027	-0.0005078908123303499	0.004017747938090946	0.0016632987771505957	1.02761626	26.60813713	0.9725953	0.09358042885105475	0.014138	0.00015
0.1867	-0.1118	-0.11	-0.00020943951023931956	0.003956661414271145	0.0011187560505283654	1.41243112	36.57217407	1.27904224	0.10020402762665308	0.0215612	0.0033
0.1689	-0.1898	-0.2922	0.00027750735106709843	0.003754203221039803	0.0010611601852125523	1.84533787	47.78145599	1.57095284	0.31535004599267863	0.0202769	0.00194
0.1544	-0.2024	-0.3907	0.0007155849933176752	0.003467969223712733	0.0010384709049366262	1.43135881	37.0622673	1.18758429	0.1629500459926786	0.0256193	0.00534
0.1804	-0.1089	-0.3909	0.0009285151620609833	0.0037646751965517687	0.0010175269539126942	1.22633827	31.75365829	1.05761796	0.14622900463031382	0.0215496	0.00188
0.1856	-0.076	-0.2614	0.0005201081170943102	0.0033772121026090277	0.0011676252695842063	1.28714693	33.32818222	1.16302135	0.21489842272904627	0.0146328	0.00015
0.1748	-0.0363	-0.198	0.0005183627878423159	0.0031328660073298214	0.0011466813185602744	1.15607703	29.93437958	1.02938562	0.1272517687777566	0.0131637	0.0001
0.1748	-0.0893	-0.2242	0.0006038839211900379	0.0034330626386728466	0.0010821041362364843	1.08467889	28.08566284	0.98503898	0.10171474735072689	0.0137892	4e-05
0.1804	-0.1085	-0.2504	0.0005881759579220891	0.003602359576116296	0.0009913470151327792	1.04118085	26.95936584	0.94816921	0.06478810109075515	0.0144447	0.00011
0.1824	-0.1021	-0.2506	0.00035604716740684323	0.0035674529910764093	0.0010122909661567112	1.07408643	27.81138992	0.93493275	0.022998966328953208	0.0141948	0.00013
0.1836	-0.0659	-0.1913	0.00013264502315156904	0.0033248522250491977	0.0012461650859239514	1.2452935	32.24446869	1.03060656	0.1316938515024863	0.0137416	0.00013
0.1748	-0.0565	-0.1281	0.00013264502315156904	0.0029321531433504737	0.0012479104151759456	1.10698783	28.6633091	0.98983292	0.10112222054753592	0.0143203	8e-05
0.1722	-0.0864	-0.1289	0.00028623399732707005	0.002928662484846485	0.0011711159280881952	1.02857578	26.63298225	0.92745501	0.04499370598836203	0.0144683	7e-05
0.1728	-0.093	-0.1639	0.00040840704496667313	0.0031730085801256907	0.0009983283321407565	0.97268349	25.18575859	0.91426049	0.0691653369433124	0.0130891	1e-05
0.1793	-0.0848	-0.19	0.0003647738136668148	0.0034295719801688577	0.0010454522219446034	1.13107145	29.2869072	0.97654157	0.0581660260573436	0.0128436	5e-05
0.1863	-0.0556	-0.1607	0.00014137166941154068	0.0032724923474893677	0.0011903145498601325	1.20697641	31.25232124	1.00474326	0.09176720524251465	0.012755	2e-05
0.1859	-0.0182	-0.1177	0.00016929693744344995	0.0030717794835100195	0.0013578661580515882	1.06619477	27.60705185	0.9430743	0.10060948701013564	0.0129268	2e-05
0.1851	-0.0746	-0.1083	0.0001832595714594046	0.003110176727053895	0.0013840460968315032	1.02363753	26.50511551	0.92804694	0.07052699081698728	0.012837	4e-05
0.1858	-0.0834	-0.1098	0.00020943951023931956	0.003162536604613725	0.0013473941825396225	0.96576333	25.00657463	0.89413355	0.01675958653158129	0.0131617	2e-05
0.1843	-0.0618	-0.1527	0.0005759586531581287	0.0033300882128051803	0.0011955505376161158	1.06368792	27.54214096	0.95972138	0.10029571980168855	0.0127144	6e-05
0.1868	-0.078	-0.1842	0.000445058959258554	0.0033859387488689996	0.0012164944886400475	1.16823411	30.24916267	0.97503907	0.06058470904936629	0.0127364	3e-05
0.1911	-0.0755	-0.1838	0.0005270894341022875	0.0033946653951289706	0.0011885692206081383	1.15193605	29.82715797	0.96687603	0.0131341194567807	0.011454	4e-05
0.1897	-0.0472	-0.1509	0.0005811946409141118	0.0032515483964654355	0.0013753194505715315	1.13325977	29.34357071	0.96890853	0.08179862177193759	0.0120825	0.0001
0.1797	-0.0662	-0.1491	0.0007504915783575615	0.0031817352263856626	0.0014049900478554352	1.02952659	26.6576004	0.9281686	0.04423903524035632	0.0122511	5e-05
0.1802	-0.1078	-0.1657	0.0009512044423369096	0.0033597588100890844	0.0013194689145077131	1.00287926	25.96761894	0.91437968	0.08191287905152457	0.0126672	4e-05
0.1798	-0.0963	-0.182	0.0010524335389525807	0.003502875808752619	0.0012636183784438947	0.97361833	25.20996475	0.90595117	0.04320983156715124	0.0129851	5e-05
0.1854	-0.0905	-0.1879	0.0008970992355250854	0.003569198320328404	0.0012775810124598492	1.06930673	27.6876297	0.94009995	0.029080972450961768	0.0133337	5e-05
0.1868	-0.0656	-0.1562	0.0008115781021773631	0.0035098571257605967	0.0013718287920675431	1.0859791	28.11932945	0.96720898	0.06995550537616116	0.0127339	8e-05
0.1824	-0.0558	-0.1663	0.0009354964790689606	0.0033283428835531865	0.0013805554383275148	0.98707294	25.55834579	0.92509456	0.04000796326794896	0.0125489	0.00014
0.183	-0.09	-0.1766	0.0008272860654453122	0.003413864016900908	0.0012932889757277981	1.06785834	27.6501255	0.96354323	0.05914990047855432	0.0124246	4e-05
0.1908	-0.0839	-0.1937	0.00062482787221397	0.003598868917612307	0.0012007865253720988	0.99626034	25.79623604	0.91899129	0.054998277214922016	0.0135723	7e-05
0.1947	-0.0883	-0.2186	0.00042411500823462205	0.003750712562535814	0.0011274826967883368	1.04148877	26.96733856	0.93830811	0.05449301687433084	0.0140461	0.00016
0.1937	-0.0464	-0.1857	2.96705972839036e-05	0.003467969223712733	0.0012356931104119853	1.10514867	28.61568832	0.97990522	0.1150699081698724	0.013266	5e-05
0.1889	-0.0475	-0.1551	7.853981633974481e-05	0.0032515483964654355	0.0012252211349000194	0.98219317	25.43199348	0.91585628	0.05028810109075524	0.0122916	2e-05
0.187	-0.0934	-0.1792	-1.9198621771937625e-05	0.003488913174736664	0.001218239817892042	1.04419506	27.03741264	0.94279914	0.08900422666954445	0.0122948	0.0001
0.1848	-0.1023	-0.1934	-0.0003577924966588376	0.003522074430524557	0.0012130038301360591	1.05160034	27.2291584	0.93794392	0.04414955592153879	0.0128505	7e-05
0.1871	-0.0786	-0.1816	-0.0009704030641088471	0.003563962332572421	0.0012304571226560022	1.17777336	30.49616432	0.98910061	0.0713975881008908	0.0140929	5e-05
0.1779	-0.0538	-0.1616	-0.001350884841043611	0.003378957431861022	0.0010733774899765126	1.2783711	33.10094833	1.06403627	0.09012831551628263	0.0163846	0.00059
0.174	-0.0609	-0.2241	0.00013962634015954637	0.0033353242005611634	0.0009389871375729493	1.32049489	34.19166183	1.10739493	0.15692673824532896	0.0142945	0.00032
0.1464	-0.1622	-0.2161	-0.0006579891280018621	0.0031223940318178558	0.0011013027580084218	1.51090455	39.12195206	1.1946832	0.19554306286700943	0.0180656	0.00221
0.1573	-0.0474	-0.2446	-0.0003316125578789226	0.002963569069886372	0.0010035643198967395	1.34807467	34.90578842	1.10718044	0.18334699850830533	0.0130016	0.00011
0.1776	-0.0322	-0.2096	-0.0003438298626428829	0.0028763026072866553	0.0010925761117484504	1.11149228	28.77994347	0.99653565	0.0799247779607694	0.0116858	8e-05
0.1785	-0.0015	-0.1338	-0.0002722713633111154	0.002649409804527392	0.001308996938995747	1.17118955	30.32568932	1.04723244	0.13314360646691636	0.0114322	6e-05
0.1785	-0.059	-0.1376	-0.0001291543646475804	0.0027052603405912107	0.0012479104151759456	1.12307096	29.07975197	0.97889476	0.07430270292735776	0.0120148	4e-05
0.1816	-0.0883	-0.1743	-0.0002722713633111154	0.0029792770331543207	0.0011746065865921838	1.05933571	27.42945099	0.95309125	0.09362187599052035	0.0120296	5e-05
0.1853	-0.0958	-0.2019	-0.0005759586531581287	0.0032044245066615894	0.0011309733552923255	1.10506535	28.61352921	0.96445507	0.06742339973270697	0.0129055	5e-05
0.193	-0.0656	-0.1675	-0.0008761552845011534	0.003082251459021986	0.0013212142437597075	1.19989228	31.06889153	1.01058444	0.10293052837250048	0.0131832	7e-05
0.1927	-0.0295	-0.1258	-0.000726056968829641	0.0029373891311064567	0.0014276793281313615	1.0671773	27.63249207	0.9494294	0.0981712863979348	0.0123314	4e-05
0.192	-0.0628	-0.13	-0.0004520402762665313	0.003077015471266003	0.001387536755335492	1.01710153	26.33587646	0.92977779	0.06088928027592628	0.012134	3e-05
0.194	-0.0617	-0.1706	-0.000577703982410123	0.003427826650916863	0.0012793263417118436	1.05544603	27.32873344	0.96050427	0.072934264970905	0.0124735	0.0
0.1976	-0.0514	-0.2116	-0.0009878563566287904	0.003518583772020568	0.0012636183784438947	1.25290084	32.4414444	1.00646321	0.08073087292951604	0.0137374	0.00013
0.2068	-0.0203	-0.1799	-0.0013421581947836393	0.0034051373706409367	0.0013334315485236678	1.19558215	30.95728683	1.00788871	0.09887807048071268	0.0122337	0.0001
0.2018	0.0187	-0.1366	-0.0012880529879718153	0.003152064629101759	0.0014224433403753785	1.13364124	29.35344887	0.97321606	0.10710948701013565	0.0124655	0.00013
0.2	-0.0315	-0.1164	-0.0013142329267517303	0.0031223940318178558	0.0014573499254152652	1.09319508	28.30617332	0.93936914	0.07673785605518521	0.0121215	9e-05
0.2007	-0.0701	-0.119	-0.0013596114873035826	0.0032567843842214186	0.0013980087308474581	1.04344904	27.01809692	0.94003671	0.05385550537616107	0.0130757	0.0001
0.2022	-0.0533	-0.1578	-0.0013683381335635543	0.003525565089028546	0.0012740903539558604	1.0361464	26.8290081	0.94685327	0.07717128639793483	0.0133454	9e-05
0.2039	-0.0504	-0.1723	-0.0012863076587198209	0.003556981015564444	0.001218239817892042	1.02771628	26.6107254	0.92026097	0.02756484687217252	0.0133503	7e-05
0.2087	-0.0518	-0.1814	-0.001377064779823526	0.003639011490408177	0.00119729586686811	1.01412535	26.25881386	0.90545749	0.024986577348568483	0.0136158	0.0001
0.2059	-0.0474	-0.1949	-0.001324704902263696	0.0037699111843077517	0.001223475805648025	1.09267819	28.29278946	0.94072362	0.03117197551196597	0.0126167	2e-05
0.1989	-0.1094	-0.188	-0.0016632987771505957	0.0037489672332838195	0.0014556045961632708	1.1833986	30.641819	0.9832902	0.1054833308213039	0.0167625	0.00134
0.2044	-0.0054	-0.2356	-0.0006370451769779302	0.0037437312455278365	0.0013456488532876281	1.3150984	34.05192947	1.09356654	0.21417226654021457	0.0149504	0.00013
0.1997	0.0014	-0.1761	-0.0009285151620609833	0.0035133477842645856	0.0014887658519511632	1.20170963	31.11594772	1.04807152	0.10424852225049196	0.014441	0.00014
0.1987	-0.0248	-0.1212	-0.0006702064327658224	0.0031049407392979124	0.0015254177662430443	1.15572262	29.92520332	1.01555487	0.11726838442768577	0.01434	0.00014
0.1982	-0.1054	-0.0909	-0.0011449359893082802	0.0036250488563922224	0.0015550883635269475	1.26371539	32.72146606	1.09510312	0.16262541354603355	0.0172594	0.00113
0.1811	-0.0987	-0.0653	-0.0007504915783575615	0.003864158963915446	0.0010349802464326373	1.54919767	40.11347961	1.33852273	0.10708313177841258	0.0260465	0.00558
0.1334	-0.1736	-0.1856	-0.0001361356816555577	0.0032340951039454926	0.000582939970166106	1.73946583	45.04010391	1.47006672	0.3277230016469244	0.0216556	0.0023
0.1233	-0.2299	-0.2638	-0.0005253441048502931	0.002892010570554604	0.0009093165402890458	1.63501644	42.33559036	1.28127262	0.19748347633542812	0.0240591	0.00385
0.1489	-0.0901	-0.352	0.00028274333882308137	0.0031747539093776853	0.0008360127117052838	1.49952149	38.82720947	1.25562077	0.31180673055401087	0.0224642	0.00145
0.1724	-0.0921	-0.3151	-0.00048171087355043494	0.0031223940318178558	0.000973893722612836	1.1643728	30.14918137	1.02356623	0.11013475504204488	0.0190489	0.00029
0.1776	-0.0331	-0.218	-0.0006213372137099814	0.0028902652413026098	0.0011065387457644049	1.2246238	31.70926666	1.10067269	0.18652000769131807	0.0146791	0.00014
0.1723	-0.0282	-0.1829	-0.000291469985083053	0.0027628562059070234	0.0011431906600562858	1.13193953	29.3093853	0.98613176	0.06999640891571977	0.0134468	5e-05
0.1721	-0.0739	-0.1978	-0.0002181661564992912	0.0029112091923265415	0.001075122819228507	1.06291938	27.52224159	0.94548572	0.07528623279155293	0.0127218	0.00012
0.1658	-0.089	-0.2254	-0.00020420352248333657	0.003001966313430246	0.0010297442586766543	1.04526103	27.06501198	0.93375762	0.05650491578357559	0.0136759	1e-05
0.1683	-0.0968	-0.2419	-0.00034557519189487725	0.003110176727053895	0.0011152653920243766	1.21670377	31.50419235	0.97649298	0.04355516081914561	0.0142513	9e-05
0.1722	-0.0914	-0.2177	-0.0006230825429619757	0.0031049407392979124	0.0012374384396639797	1.22132027	31.6237278	1.00061159	0.0537458193231342	0.0145904	5e-05
0.178	-0.0514	-0.1536	-0.0007993607974134029	0.002949606435870417	0.0014364059743913332	1.21199048	31.38215065	1.03576828	0.13642900463031382	0.012441	8e-05
0.1755	-0.0659	-0.1306	-0.0006003932626860494	0.002780309498426967	0.0014119713648634124	1.04195583	26.97943115	0.92508517	0.0596349540849362	0.012525	4e-05
0.1712	-0.0929	-0.1536	-0.0005602506898901797	0.002895501229058593	0.0013526301702956054	1.02823102	26.62405396	0.9281775	0.06503377489976511	0.0132343	4e-05
0.1696	-0.0964	-0.1947	-0.0006649704450098395	0.0030560715202420713	0.0012671090369478833	1.07842028	27.92360687	0.97023862	0.06374055898254304	0.012826	5e-05
0.1749	-0.0815	-0.2133	-0.000726056968829641	0.0030927234345339517	0.0013212142437597075	1.16819119	30.2480526	0.97032968	0.04639218224617528	0.0131354	0.00012
0.186	-0.0492	-0.1633	-0.000879645943005142	0.003010692959690218	0.001499237827463129	1.12593901	29.15401459	0.98754566	0.1140821516361328	0.0115952	3e-05
0.1842	-0.02	-0.13	-0.0007993607974134029	0.0029024825460665696	0.0015690509975429022	1.03615093	26.82912636	0.93418296	0.07721543646475802	0.0112838	7e-05
0.185	-0.0676	-0.1434	-0.0005532693728822024	0.003029891581462156	0.0015463617172669759	1.03746235	26.86308289	0.94182217	0.08160948701013564	0.0118222	0.0001
0.1885	-0.0777	-0.1886	-0.0005340707511102648	0.0032637657012293962	0.0014451326206513049	1.0540148	27.29167557	0.96051388	0.07651509190774243	0.0125526	5e-05
0.1906	-0.0764	-0.215	-0.0007592182246175333	0.0033894294073729884	0.001335176877775662	1.07138228	27.74137306	0.94307788	0.052838346126325195	0.0130136	7e-05
0.1988	-0.0626	-0.2003	-0.0008883725892651138	0.0033807027611130165	0.001481784534943186	1.18960178	30.80243874	0.97981696	0.05092443340375383	0.012109	7e-05
0.1942	-0.0291	-0.1497	-0.0007819075048934597	0.0031415926535897933	0.0015585790220309364	1.13348675	29.34944916	0.99150418	0.1098184839491314	0.0107285	3e-05
0.1854	-0.0723	-0.1441	-0.0005515240436302081	0.0030997047515419294	0.0015219271077390555	1.01839626	26.36940193	0.93697336	0.07304616388014981	0.0101599	3e-05
0.1824	-0.0913	-0.1682	-0.0004904375198104066	0.003269001688985379	0.0015638150097869194	1.01496613	26.28058434	0.92791875	0.05971356816555574	0.0107323	5e-05
0.1809	-0.0921	-0.201	-0.0005288347633542819	0.0033597588100890844	0.0014887658519511632	0.96881276	25.08553314	0.90298304	0.04531017612416688	0.0116817	3e-05
0.1876	-0.0862	-0.2167	-0.0005654866776461627	0.0034452799434368064	0.001420698011123384	1.13527358	29.39571381	0.96942058	0.037812044423369086	0.0129222	9e-05
0.1922	-0.0469	-0.1786	-0.0007749261878854823	0.0032480577379614467	0.0014940018397071458	1.20605135	31.22836685	1.01019465	0.10599827721492205	0.0132809	0.00015
0.1818	-0.0501	-0.1496	-0.0005113814708343385	0.003077015471266003	0.0016283921921107093	1.00419152	26.00159836	0.92307998	0.07104886680750756	0.0124136	9e-05
0.1777	-0.091	-0.1867	8.726646259971648e-05	0.0030455995447301047	0.0015289084247470327	1.05999696	27.44657135	0.97019329	0.11857738136668144	0.0127687	0.0001
0.169	-0.0933	-0.1928	2.6179938779914945e-05	0.003120648702565861	0.0015114551322270892	0.98425549	25.48539352	0.9255638	0.024779448708775048	0.0119457	4e-05
0.1734	-0.1011	-0.2094	-0.00038397243543875244	0.00318871654339364	0.0013735741213195373	1.0358063	26.82020187	0.93431134	0.059605061297699886	0.012399	5e-05
0.1811	-0.1048	-0.2476	-0.0007853981633974483	0.0033597588100890844	0.0013037609512397642	1.09627223	28.385849	0.96989561	0.08171405823669568	0.0150002	4e-05
0.1796	-0.0585	-0.2361	-0.0007871434926494425	0.003227113786937515	0.0012636183784438947	1.08720231	28.15100098	0.95857091	0.06802664625997165	0.0133521	3e-05
0.1797	-0.0297	-0.167	-0.0008587019919812101	0.002939134460358451	0.0013945180723434693	1.04597282	27.0834446	0.96609246	0.12252187599052028	0.0124977	7e-05
0.1757	-0.0552	-0.1489	-0.0008080874436733745	0.0028396506929947744	0.0013631021458075715	1.0576756	27.38646507	0.94525472	0.056675712110370494	0.0112184	4e-05
0.1694	-0.1023	-0.1806	-0.0008761552845011534	0.003068288825006031	0.0013526301702956054	1.04115748	26.95876122	0.94343119	0.10045889741755012	0.0112917	5e-05
0.1695	-0.1068	-0.2149	-0.0010943214410004448	0.003218387140677544	0.0013264502315156904	1.16814685	30.24690247	0.98066431	0.05862222054753598	0.0136161	0.00013
0.1793	-0.0869	-0.2111	-0.0014433872913993105	0.003232349774693498	0.001452113937659282	1.18399549	30.65727425	0.99084184	0.057934609527920525	0.0144213	0.00024
0.189	-0.039	-0.1673	-0.0016999506914424768	0.003242821750205464	0.0015219271077390555	1.19139469	30.84886169	0.99794945	0.11824242728174532	0.0140622	0.00015
0.1853	-0.0597	-0.1584	-0.001656317460142619	0.0032480577379614467	0.0015376350710070042	1.023844	26.51046181	0.93177968	0.03652885911618946	0.0146902	7e-05
0.1896	-0.0767	-0.1775	-0.0018605209826259553	0.0035133477842645856	0.0014887658519511632	1.00246549	25.95690536	0.92161187	0.06631813939211578	0.0146155	8e-05
0.1916	-0.0472	-0.1917	-0.0024853488548399255	0.0035883969421003415	0.0014329153158873448	1.13380671	29.35773277	0.98052481	0.08348637830567726	0.0155367	6e-05
0.1967	-0.0116	-0.1572	-0.003038618227722128	0.003316125578789226	0.0014835298641951804	1.28175294	33.18851471	1.04582848	0.11900776422505768	0.0165327	0.00019
0.1954	0.008	-0.1399	-0.0029408797896104456	0.003262020371977402	0.0014137166941154068	1.10941768	28.7262249	0.9554727	0.049282840750164016	0.0152491	0.00012
0.1879	-0.0362	-0.1531	-0.0025603980126756814	0.0033702307856010505	0.0014608405839192536	1.07426083	27.81590652	0.94813104	0.09169080401811296	0.0155572	0.0001
0.1835	-0.0373	-0.1891	-0.0024015730507441976	0.0034627332359567498	0.001403244718603441	1.12428558	29.11120033	0.96687038	0.05694616388014977	0.0153035	8e-05
0.1799	-0.0499	-0.2038	-0.0024399702942880727	0.0034487706019407953	0.0012863076587198209	1.0901804	28.22811317	0.95206822	0.039364846872172496	0.0152134	5e-05
0.1846	-0.0366	-0.1592	-0.0021589722847169856	0.003232349774693498	0.0013753194505715315	1.02926028	26.65070534	0.96153654	0.09192153143350472	0.0136033	5e-05
0.1841	-0.0167	-0.1248	-0.0019460421159736775	0.0030316369107141502	0.001446877949903299	1.03802669	26.87769508	0.9438716	0.07906007660272113	0.0132235	6e-05
0.1856	-0.0505	-0.1498	-0.0018989182261698304	0.0031730085801256907	0.0014067353771074296	1.09317994	28.30578041	0.96916694	0.07173190660056283	0.0127015	6e-05
0.1907	-0.0566	-0.196	-0.0019233528356977512	0.0034574972482007667	0.0013212142437597075	0.99565685	25.78060913	0.94228229	0.07712222054753598	0.013619	4e-05
0.1968	-0.0718	-0.2242	-0.0018936822384138475	0.0035517450278084606	0.0012950343049797925	1.11346996	28.83115196	0.95852303	0.05700491578357563	0.0148646	9e-05
0.1983	-0.1209	-0.2197	-0.00238237442897226	0.0035377823937925057	0.001350884841043611	1.2051127	31.20406342	0.99798613	0.0830252680319093	0.0174813	0.00114
0.1983	-0.1024	-0.2064	-0.0028326693759867967	0.0035901422713523357	0.0014137166941154068	1.16927028	30.27599144	0.99644762	0.06007433388230812	0.0197192	0.00262
0.2001	-0.0385	-0.2058	-0.003300417615521277	0.003497639820996636	0.0014329153158873448	1.06475818	27.56985474	0.98271999	0.09527246558310593	0.0204921	0.00246
0.2064	-0.0232	-0.2187	-0.0032445670794574587	0.0034662238944607386	0.0014259339988793671	1.00624239	26.05470085	0.93280834	0.03921238898038467	0.0215201	0.00258
0.2153	0.0347	-0.2664	-0.0019093902016817967	0.003623303527140228	0.0014660765716752368	1.29257822	33.46881485	1.06203943	0.1911199541625511	0.0216258	0.00082
0.2035	-0.0478	-0.316	-0.0019233528356977512	0.0035831609543443585	0.0013404128655316449	1.18746543	30.7471199	1.06962276	0.1528884456477708	0.0245058	0.00169
0.1525	-0.1697	-0.4027	-0.0004729842272904633	0.0033824480903650108	0.0011693705988362008	1.54064596	39.89204788	1.33915343	0.3507061869541039	0.0311152	0.00923
0.1652	-0.1515	-0.4375	0.00012217304763960306	0.0034609879067047556	0.0013596114873035826	1.38298941	35.80983734	1.11652004	0.10889689898685966	0.0310926	0.00758
0.2064	-0.1203	-0.412	0.000307177948351002	0.0035622170033204267	0.0018867009214058703	1.29249799	33.46673584	1.11257112	0.1385661715714679	0.0286664	0.00721
0.1854	-0.0984	-0.2087	-0.00016406094968746698	0.003005456971934235	0.001574286985298885	1.52509332	39.48934174	1.39240548	0.3132206432765823	0.0146723	0.00021
0.1765	-0.0996	-0.1484	-0.00016231562043547262	0.0026790804018112955	0.001499237827463129	1.17202926	30.34743118	1.03585423	0.09055855286053449	0.0133522	0.00017
0.1757	-0.1332	-0.1562	-0.00046949356878647465	0.002879793265790644	0.0013543754995475996	1.13900137	29.492239	0.98820526	0.07483765701229401	0.0133157	7e-05
0.1821	-0.0638	-0.2335	-0.0004747295565424576	0.0032759830059933565	0.0012252211349000194	1.1663599	30.20063591	1.06651499	0.1796290046303138	0.0144473	0.00019
0.1904	-0.0712	-0.2864	-0.0008831366015091308	0.0036180675393842456	0.0013194689145077131	1.18108308	30.5818615	1.00763053	0.1108369678982628	0.01638	0.00013
0.1943	-0.0416	-0.2741	-0.001117010721276371	0.003687880709464018	0.001450368608407288	1.11844194	28.95989037	0.97652619	0.06752934918732934	0.0155823	2e-05
0.1939	-0.0042	-0.1844	-0.0010978120995044332	0.00334579617607313	0.0016249015336067207	1.12462199	29.11991119	1.03410176	0.15429080401811293	0.011687	3e-05
0.1894	-0.0137	-0.1551	-0.0008866272600131194	0.003160791275361731	0.0015812683023068625	1.04490936	27.0559063	0.94341898	0.06529114857512854	0.0106677	1e-05
0.1928	-0.0835	-0.1991	-0.0008464846872172499	0.003485422516232676	0.001462585913171248	1.08186018	28.01267815	0.98072882	0.14137281014012149	0.0121045	3e-05
0.1974	-0.0983	-0.2429	-0.0010454522219446034	0.00394269878025519	0.0013945180723434693	1.06480134	27.57097054	0.9642483	0.09941558197888233	0.0140704	4e-05
0.2044	-0.0982	-0.2525	-0.0011623892818282235	0.004002039974822997	0.0014852751934471744	1.17760777	30.4918766	0.96828092	0.03005176877775663	0.0154561	0.00011
0.2012	-0.0773	-0.1941	-0.0011623892818282235	0.003597123588360313	0.0016231562043547262	1.16801512	30.24349403	1.02288402	0.1096398698685118	0.011699	7e-05
0.1924	-0.0527	-0.1455	-0.0009162978572970229	0.003309144261781249	0.0016423548261266642	1.07482827	27.83060074	0.97346432	0.10966346864411014	0.0113183	5e-05
0.1906	-0.0929	-0.1468	-0.000757472895365539	0.0033981560536329595	0.0016336281798666925	1.05888343	27.41773796	0.94133459	0.05612817000215832	0.0118658	0.00011
0.1881	-0.092	-0.1802	-0.0007766715171374765	0.0036686820876920805	0.0016912240451825054	0.99032938	25.64266396	0.92065528	0.05416602605734356	0.0129687	0.00012
0.1947	-0.0724	-0.2234	-0.0009459684545809266	0.0039706240482871	0.0015358897417550098	1.08719563	28.15082741	0.972393	0.10072866007329824	0.0134718	5e-05
0.1965	-0.058	-0.2354	-0.0011641346110802177	0.004016002608838952	0.0015358897417550098	1.05957985	27.43577194	0.93489583	0.04137723585255716	0.0140926	0.00015
0.1993	-0.0235	-0.2034	-0.001228711793404008	0.00386590429316744	0.0017034413499464657	1.21480751	31.45509148	1.003436	0.0884113553093379	0.0136669	7e-05
0.203	-0.0242	-0.1762	-0.0010803588069844899	0.0037402405870238476	0.0017400932642383465	1.00592875	26.04657936	0.92200266	0.04713343034274957	0.0131493	8e-05
0.2091	-0.0759	-0.1938	-0.0010070549784007281	0.004106759729942657	0.0016807520696705393	1.06215405	27.50242615	0.96008255	0.10035820830351892	0.0130264	9e-05
0.215	-0.0857	-0.2318	-0.0009965830028887623	0.004354596483725852	0.0015969762655748114	1.00040436	25.90353775	0.92782768	0.07080422666954445	0.0139341	6e-05
0.2175	-0.0871	-0.2595	-0.0011152653920243766	0.00445058959258554	0.0015289084247470327	1.08238351	28.02622795	0.9535828	0.04573716694115404	0.0144876	3e-05
0.217	-0.0763	-0.2556	-0.0012601277199399059	0.004328416544945937	0.0015899949485668342	1.13922834	29.49811363	0.97260654	0.03160609496874669	0.0146568	5e-05
0.2154	-0.0372	-0.2035	-0.0013316862192716734	0.0039514254265151615	0.001710422666954443	1.12906325	29.23491096	0.99684162	0.1212488668075076	0.0128343	2e-05
0.2142	-0.058	-0.1929	-0.001282817000215832	0.0038990655489553323	0.0017121679962064373	1.03653395	26.83904266	0.93749939	0.03774872129338325	0.0121162	8e-05
0.2253	-0.0992	-0.2247	-0.001541125729510993	0.004368559117741807	0.001626646862858715	1.02451169	26.52775002	0.94493245	0.1247661715714679	0.0137282	6e-05
0.2283	-0.0788	-0.2557	-0.0021170843826691216	0.004721115626644662	0.0016336281798666925	1.0984174	28.44139481	0.98032891	0.10117482395344803	0.0167134	4e-05
0.2328	-0.0567	-0.2733	-0.002766346864411012	0.004801400772236401	0.0016004669240788003	1.26172721	32.66998672	1.01043134	0.08233544415607606	0.0201895	0.0002
0.2297	-0.0189	-0.216	-0.002775073510670984	0.004330161874197931	0.0016406094968746698	1.20541048	31.21177292	1.03188755	0.12420540585471555	0.016164	0.00026
0.2227	0.0031	-0.1803	-0.0025761059759436306	0.004052654523130833	0.0017051866791984597	1.12664747	29.17235756	0.96438083	0.09175260340591203	0.0154578	0.00014
0.2251	-0.0482	-0.1851	-0.0023963370629882146	0.004185299546282402	0.0017051866791984597	1.03672862	26.84408379	0.92462781	0.07412069680534925	0.0146974	8e-05
0.2317	-0.0595	-0.2183	-0.002356194490192345	0.004633849164044945	0.0016598081186466073	1.04582691	27.07966423	0.93327064	0.07780353755551325	0.015491	5e-05
0.2386	-0.0616	-0.2472	-0.0023876104167282427	0.0048624872960562025	0.0016406094968746698	1.08512318	28.09716797	0.93741614	0.05186263401595467	0.0167329	7e-05
0.2437	-0.0735	-0.1728	-0.0027401669256310974	0.004722860955896656	0.001710422666954443	1.460549	37.81809235	1.2410084	0.1194998009571087	0.0218247	0.00271
0.2327	-0.0228	-0.2909	-0.0012164944886400475	0.004871213942316174	0.0015515977050229591	1.67395055	43.34371185	1.46999223	0.27134251926710257	0.025871	0.005
0.1957	-0.2553	-0.4106	-0.0017505652397503124	0.004703662334124718	0.0017470745812463236	1.97010934	51.0121727	1.63127074	0.4340549617762543	0.0346191	0.00763
0.2098	-0.1203	-0.4488	-0.0006719517620178169	0.004968952380427856	0.0015847589608108511	1.41157448	36.54999161	1.17663611	0.26261095722355526	0.0291239	0.003
0.2277	-0.1016	-0.4315	-0.0008656833089891874	0.004391248398017733	0.001499237827463129	1.21488726	31.45715714	1.04781239	0.09674783313646082	0.0270127	0.00185
0.2187	-0.0402	-0.2724	-0.0008569566627292158	0.0036721727461960694	0.0014276793281313615	1.38999176	35.9911499	1.27395496	0.26946803987067014	0.01537	0.00013
0.2175	-0.053	-0.2115	-0.0007068583470577034	0.003626794185644217	0.0014940018397071458	1.16985619	30.2911644	1.02893522	0.08798996938995744	0.0133762	3e-05
0.2203	-0.1245	-0.215	-0.0008464846872172499	0.0038222710618675813	0.001614429558094755	1.13789904	29.46369553	0.98804873	0.100576546738526	0.0147297	9e-05
0.2285	-0.0994	-0.2642	-0.0007208209810736582	0.004595451920501069	0.0014329153158873448	1.07674336	27.88018799	0.97126609	0.1365179403492245	0.0163113	7e-05
0.2388	-0.1127	-0.2987	-0.0012775810124598492	0.0048136180770003605	0.001452113937659282	1.22426832	31.7000618	1.0019551	0.09780624048287101	0.0210435	0.00017
0.2429	-0.0733	-0.2347	-0.0021327923459370708	0.004419173666049642	0.0015114551322270892	1.21383536	31.42991829	1.05621512	0.1729498469497874	0.0180725	0.00023
0.2331	-0.0364	-0.1912	-0.0021275563581810873	0.004141666314982544	0.0015603243512829306	1.12764227	29.1981163	0.98410746	0.10678062789394611	0.0159218	0.00022
0.2307	-0.08	-0.1918	-0.0018448130193580064	0.00411548637620263	0.0015271630954950383	1.06689322	27.62513733	0.94680899	0.06370422666954438	0.0153989	8e-05
0.2263	-0.1102	-0.201	-0.0015271630954950383	0.004162610266006475	0.001387536755335492	1.08652794	28.1335392	0.99433751	0.069020007691318	0.016441	0.0004
0.2155	-0.0723	-0.2065	-0.0010681415022205296	0.003937462792499207	0.0013264502315156904	1.22132659	31.62389183	1.06056046	0.09146277953007893	0.0163325	0.00048
0.2036	-0.0091	-0.1465	-0.0010611601852125523	0.003530801076784529	0.001614429558094755	1.31969452	34.17093658	1.09301051	0.170181117965086	0.0138825	0.00011
0.1976	-0.0163	-0.1042	-0.0010663961729685354	0.00325329372571743	0.0017034413499464657	1.03958845	26.91813278	0.93516853	0.07408775653373961	0.0142266	0.00016
0.196	-0.0813	-0.1123	-0.0007714355293814937	0.0031852258848896514	0.0015603243512829306	1.1132952	28.82662582	0.98117404	0.10000727415391776	0.0140711	0.0001
0.2034	-0.1193	-0.1169	-0.00024260076602721178	0.0033999013828849537	0.0016545721308906245	1.11994517	28.99881554	0.98879151	0.09188790204786391	0.0150157	0.00017
0.2106	-0.136	-0.1338	-0.00038048177693476387	0.0036896260387160127	0.0018029251173101424	1.03162563	26.71195221	0.94226347	0.06959793265790647	0.0156989	0.00024
0.2148	-0.0987	-0.1745	-0.0002530727415391778	0.003920009499979264	0.0018064157758141308	1.18297112	30.63075066	1.00507084	0.10026415775814128	0.0146836	0.00015
0.2146	-0.119	-0.2098	-0.000312413936106985	0.004101523742186674	0.0018692476288859267	1.2100749	31.33255005	1.00722075	0.07098436449235064	0.0143576	0.00012
0.2212	-0.0817	-0.1933	-0.0004729842272904633	0.003921754829231259	0.0020263272615654165	1.22639847	31.7552166	1.01300826	0.08527094184091917	0.0131202	0.00013
0.2173	-0.0526	-0.1626	-0.00045902159327450867	0.003837979025135531	0.0020594885173533086	1.08647799	28.13224792	0.95645955	0.07024498469497874	0.0125486	0.00014
0.2207	-0.0955	-0.1749	-0.0002181661564992912	0.004054399852382828	0.0020420352248333657	1.07068193	27.72323799	0.95627325	0.08233647782712286	0.0130305	0.00011
0.2307	-0.0919	-0.1958	-0.0001972222054753592	0.004396484385773717	0.0018814649336498872	1.0201422	26.41460991	0.92987942	0.06067993877991497	0.014163	0.00012
0.2311	-0.0917	-0.2146	-0.00047647488579445195	0.004539601384437251	0.001843067690106012	1.29218841	33.45872116	1.02991435	0.042438346126325126	0.016255	0.0003
0.2331	-0.0677	-0.1896	-0.0006527531402458793	0.004541346713689245	0.001956514091485643	1.22318876	31.6721077	1.01856142	0.06557349925415265	0.0171849	0.00048
0.2278	-0.061	-0.1529	-0.0006702064327658224	0.004220206131322289	0.002040289895581371	1.10347104	28.57225037	0.96695781	0.06981848394913133	0.0171504	0.00049
0.2248	-0.1101	-0.1677	-0.0005148721293383271	0.004180063558526419	0.0019582594207376374	1.01838458	26.36909866	0.95115862	0.08077536755335492	0.0179397	0.00045
0.2258	-0.1176	-0.1861	-0.0004468042885105483	0.004340633849709897	0.0019669860669976093	1.11816835	28.95280838	0.96010715	0.03876823891356143	0.0174832	0.00037
0.2279	-0.1136	-0.1979	-0.0004677482395344803	0.004405211032033687	0.002007128639793479	1.13265657	29.32795334	0.95923428	0.024183185307179583	0.01642	0.00029
0.2372	-0.0646	-0.2078	-0.000598647933434055	0.004504694799397364	0.002057743188101315	1.14126217	29.55077744	0.98541892	0.08224990047855438	0.0162842	0.00037
0.2242	-0.0583	-0.1493	-0.0010943214410004448	0.004349360495969869	0.002118829711921116	1.14966333	29.76830864	1.02095544	0.1134047167406843	0.0153419	0.0002
0.2231	-0.1034	-0.1788	-0.0014922565104551516	0.004495968153137393	0.0021170843826691216	1.04545343	27.06999397	0.95102026	0.10301440279371124	0.0161835	0.00013
0.2365	-0.0954	-0.1989	-0.0017366026057343581	0.005052728184523583	0.0020176006153054447	1.00198007	25.94433594	0.93444154	0.08652949470145371	0.0178198	0.00024
0.2085	-0.0638	-0.1715	-0.0033894294073729884	0.004314453910929983	0.0013945180723434693	1.41717374	36.69497299	1.2555536	0.23770918090971027	0.0265676	0.00408
0.2051	-0.1103	-0.3872	-0.0023649211364523163	0.0045588000062091886	0.0013142329267517303	1.84036791	47.65276718	1.57595864	0.33305697558958075	0.0306972	0.0033
0.1868	-0.1978	-0.471	-0.0021275563581810873	0.004550073359949217	0.0016196655458507376	1.55936968	40.37686157	1.27162464	0.2171762021815104	0.0376313	0.00911
0.2271	-0.0729	-0.4814	-0.0013194689145077131	0.004949753758655919	0.0016632987771505957	1.35861051	35.17859268	1.13781155	0.23817005368399677	0.0334565	0.00375
0.22	-0.0825	-0.4139	-0.0020996310901491783	0.0047856928089684515	0.001843067690106012	1.15440941	29.89120102	1.06088017	0.14039960191421744	0.0298024	0.00181
0.1973	-0.0381	-0.2256	-0.00209614043164519	0.003830997708127553	0.0017470745812463236	1.4160583	36.66609192	1.32459764	0.3081089434102288	0.0148669	0.00013
0.2029	-0.0687	-0.2116	-0.0018256143975860688	0.004050909193878839	0.0016772614111665507	1.15750563	29.97136879	1.00285606	0.07821253449450898	0.0145361	8e-05
0.2182	-0.1121	-0.2622	-0.0017941984710501708	0.004703662334124718	0.0016406094968746698	1.13479316	29.38327408	0.98877314	0.1453410490536829	0.0179095	7e-05
0.2287	-0.1103	-0.292	-0.0022026055160168437	0.0048136180770003605	0.001668534764906579	1.02645695	26.57811737	0.92417343	0.06941440279371121	0.0206439	0.00023
0.2385	-0.1019	-0.2929	-0.0024731315500759648	0.004944517770899936	0.0017313666179783749	1.34699464	34.87782288	1.05453914	0.042312879051524616	0.0234658	0.00052
0.233	-0.0542	-0.2073	-0.002769837522915001	0.004605923896013036	0.0019111355309337906	1.30381286	33.75971222	1.1039576	0.1795534380340676	0.020273	0.0005
0.2208	-0.0433	-0.1733	-0.0025028021473598684	0.00428129265514209	0.0018413223608540175	1.10715413	28.66761589	0.97043906	0.09017398932529261	0.0193939	0.00028
0.2235	-0.0461	-0.2041	-0.002581341963699613	0.004618141200776996	0.0017872171540421933	1.1073761	28.67336273	0.96502697	0.05977467843932376	0.020144	0.00027
0.2287	-0.0227	-0.2464	-0.003153809958353753	0.004782202150464463	0.0016999506914424768	1.16740727	30.22775459	1.00738859	0.11208977034706619	0.0221952	0.00033
0.2286	-0.0009	-0.2308	-0.003961897402027128	0.004759512870188536	0.0016615534478986017	1.1717205	30.33943748	0.99677845	0.08095869837465884	0.0222707	0.00036
0.2247	0.0497	-0.1831	-0.0041381756564785556	0.004593706591249075	0.001780235837034216	1.18093443	30.57801247	0.99016139	0.12523834612632512	0.0207681	0.00065
0.2243	-0.014	-0.1858	-0.003686135380212024	0.004682718383100785	0.0017418385934903407	1.00902414	26.12672806	0.92767851	0.09577246558310584	0.0194057	0.00022
0.2313	-0.0498	-0.2273	-0.0037751471720637348	0.005099852074327431	0.0016528268016386303	1.00898898	26.12581825	0.94091073	0.11405786374650335	0.0215123	0.00019
0.2346	-0.0614	-0.2419	-0.004068362486398782	0.005141739976375294	0.001673770752662562	1.06775451	27.64743805	0.96291487	0.04730235837034214	0.022284	0.00024
0.2342	-0.0349	-0.1956	-0.003782128489071712	0.004806636759992383	0.0017540558982543013	1.18953323	30.80066299	1.03761899	0.10828111796508604	0.0180809	0.00012
0.2267	-0.0442	-0.1784	-0.0034086280291449255	0.004642575810304917	0.0018343410438460403	0.99165738	25.67704964	0.9197574	0.06489232776029952	0.0163979	3e-05
0.2283	-0.0721	-0.2089	-0.003242821750205464	0.004941027112395947	0.0017558012275062952	0.96050537	24.87042999	0.90980387	0.08713986986851181	0.0179166	0.00013
0.2288	-0.0596	-0.2466	-0.0032480577379614467	0.005087634769563471	0.0017051866791984597	1.01345611	26.2414856	0.93533157	0.06082290966156709	0.0194048	0.00012
0.2246	-0.0475	-0.2678	-0.0034086280291449255	0.005110324049839397	0.001635373509118687	1.11647594	28.90898705	0.96325611	0.05015363707695886	0.021142	0.00016
0.2251	-0.0227	-0.2618	-0.0035098571257605967	0.00503527489200364	0.0016877333866785165	1.14655113	29.68772316	0.98504686	0.04273190660056286	0.0213426	0.00029
0.2244	0.006	-0.2049	-0.003490658503988659	0.004686209041604775	0.0018762289458939042	1.12649906	29.16851425	0.99250031	0.1141380015693095	0.0192255	0.00032
0.2167	-0.0352	-0.1798	-0.0033981560536329595	0.0044924774946334045	0.0019233528356977512	1.02424002	26.52071571	0.9334989	0.09066789435654589	0.0181739	0.00021
0.2163	-0.0559	-0.1735	-0.0032445670794574587	0.0045640359939651725	0.0019163715186897737	0.97498983	25.24547577	0.89880377	0.03900643952576231	0.0175183	0.00019
0.2233	-0.0645	-0.2149	-0.003113667385557884	0.004618141200776996	0.0019373154697137059	1.09533834	28.36166954	0.99360498	0.06729744258676654	0.0188459	0.00022
0.2204	-0.1068	-0.2146	-0.004002039974822997	0.004787438138220445	0.0019442967867216831	1.22335422	31.6763916	1.06601123	0.09873254218582697	0.0219457	0.00107
0.2202	-0.1148	-0.1305	-0.0048624872960562025	0.005017821599483697	0.002001892652037496	1.38966501	35.9826889	1.12646589	0.14972133239061347	0.0272285	0.00584
0.2132	-0.0536	-0.1322	-0.004661774432076854	0.004698426346368735	0.002022836603061428	1.1107887	28.76172447	0.98441893	0.09695260340591212	0.024359	0.00491
0.2094	-0.0428	-0.141	-0.0048136180770003605	0.004314453910929983	0.002040289895581371	1.03297937	26.74700356	0.93305102	0.05106346864411008	0.0238518	0.00391
0.2082	-0.0389	-0.1787	-0.004707152992628707	0.004600687908257053	0.0018622663118779497	1.00601125	26.04871559	0.93937737	0.0713361332701073	0.0241922	0.00399
0.2144	0.02	-0.2274	-0.003488913174736664	0.004920083161372014	0.0017296212887263805	1.30399215	33.76435471	1.05522691	0.19731400470792865	0.0194561	0.00091
0.2299	-0.0218	-0.2696	-0.002853613327010729	0.0050562188430275734	0.0016510814723866359	1.09486127	28.34931564	0.99397888	0.14199876728606195	0.0190459	8e-05
0.2162	-0.0945	-0.221	-0.0028396506929947744	0.004848524662040247	0.0016022122533307947	1.02644575	26.57782745	0.98238634	0.14852630170295608	0.0155495	0.0001
0.2142	-0.0844	-0.1603	-0.0028152160834668534	0.00466002910282486	0.0017051866791984597	1.04988575	27.18476295	0.98027913	0.08859522973054865	0.0151672	0.00016
0.2085	-0.1333	-0.1791	-0.0028379053637427798	0.004831071369520303	0.0016126842288427606	1.13628197	29.42182541	0.98953927	0.08771169986635345	0.0153964	0.00035
0.2185	-0.1392	-0.2234	-0.002874557278034661	0.005253441048502931	0.0014660765716752368	1.06684613	27.62391663	0.95629173	0.0904814625221016	0.0178756	0.00028
0.22	-0.1034	-0.2527	-0.003073524812762014	0.005455899241734273	0.0013665928043115599	1.02794421	26.61662865	0.94018061	0.09164547476611859	0.0193148	0.00025
0.2201	-0.0572	-0.2182	-0.0029827676916583086	0.005265658353266893	0.0015777776438028737	1.18702853	30.73580933	1.01225757	0.10540914245311998	0.0179058	0.00032
0.2145	-0.0132	-0.1784	-0.0028710666195306722	0.004839798015780276	0.0016859880574265225	1.06832254	27.66214752	0.96071698	0.1216885911618951	0.0163584	0.0003
0.2181	-0.044	-0.191	-0.0029914943379182805	0.004914847173616032	0.0017208946424664088	1.0580579	27.39636421	0.93761618	0.058519173063162525	0.0161934	9e-05
0.2237	-0.033	-0.2232	-0.0031293753488258326	0.005213298475707063	0.0015847589608108511	0.98317379	25.45738411	0.92035846	0.07742339973270705	0.0179477	6e-05
0.2324	-0.029	-0.2277	-0.003576179637336381	0.005108578720587403	0.0016004669240788003	1.15038955	29.78711319	0.9832845	0.045561600344907846	0.0205252	0.00022
0.2339	0.0076	-0.1895	-0.0038327430373795474	0.004811872747748367	0.0017313666179783749	1.17148817	30.33342171	0.98434526	0.11050845333908887	0.0190555	0.00029
0.2318	-0.0401	-0.1937	-0.003677408733952052	0.004850269991292241	0.001762782544514273	1.02503991	26.5414257	0.92225654	0.06525737367536337	0.018544	0.0002
0.2342	-0.0673	-0.2239	-0.0037995817815916558	0.0051783918906671755	0.001726130630222392	1.02290881	26.4862442	0.9285723	0.08414734306532093	0.0202071	0.00023
0.2381	-0.0714	-0.2507	-0.003958406743523139	0.005440191278466324	0.0016510814723866359	1.08593678	28.11823463	0.95453013	0.059583675378319434	0.0226743	0.0002
0.2477	-0.0558	-0.237	-0.004258603374866164	0.005318018230826722	0.001785471824790199	1.21796119	31.53674889	0.98633197	0.0667380015693095	0.022149	0.00038
0.244	-0.0214	-0.1883	-0.0039287361462392355	0.004935791124639963	0.0018657569703819383	1.11024308	28.74759865	0.98143103	0.12641897402027133	0.0184368	0.00028
0.2375	-0.0418	-0.1768	-0.003661700770684103	0.004857251308300219	0.001858775653373961	1.02295911	26.48754883	0.92031807	0.056027825445142725	0.0175459	0.00025
0.2341	-0.0554	-0.175	-0.0038781215979314006	0.004860741966804208	0.001839577031602023	1.02220809	26.4681015	0.92053794	0.030755505376161257	0.0186263	0.0004
0.219	0.0031	-0.1962	-0.0038432150128915135	0.0048520153205442364	0.0016772614111665507	1.3463974	34.86235809	1.16902376	0.10509744258676657	0.0259628	0.00317
0.1949	-0.0612	-0.285	-0.0024190263432641405	0.005138249317871306	0.0012880529879718153	1.60997796	41.6872673	1.33641807	0.28218155450745885	0.0233591	0.00181
0.1799	-0.1086	-0.3353	-0.002089159114637212	0.004740314248416599	0.0015393804002589986	1.4718039	38.10951614	1.16513639	0.16165648551844092	0.0254667	0.00298
0.2188	-0.049	-0.366	-0.0009930923443847736	0.005068436147791533	0.0016109388995907662	1.32336211	34.26590347	1.09600147	0.203987358447957	0.024336	0.00059
0.2387	-0.0787	-0.3214	-0.0012130038301360591	0.0048520153205442364	0.0019722220547535923	1.11066699	28.75857544	1.002674	0.1340807734080704	0.0218518	0.00033
0.2376	-0.0618	-0.2543	-0.0013124875974997359	0.004583234615737109	0.0021118483949131386	1.13630915	29.42252922	1.0044377	0.11049454061651748	0.0178021	8e-05
0.2328	-0.1182	-0.2383	-0.001296779634231787	0.0046478117980608994	0.002143264321449037	1.11084151	28.76309204	0.98789437	0.08278505360638189	0.0178403	0.00014
0.2347	-0.1101	-0.2781	-0.0009075712110370514	0.004827580711016315	0.002015855286053451	1.01962876	26.40131378	0.95182819	0.08461931857728684	0.017539	0.00012
0.2392	-0.1253	-0.2287	-0.001965240737745615	0.005328490206338688	0.002087413785385218	1.17350638	30.38567924	1.03847805	0.15060687606813522	0.0195219	0.00064
0.2333	-0.1077	-0.321	-0.0013491395117916165	0.0051783918906671755	0.0017540558982543013	1.42156374	36.80864334	1.21699308	0.1707778714378214	0.0249248	0.00118
0.2368	-0.1854	-0.3867	-0.0006946410422937432	0.005057964172279567	0.0017383479349863521	1.31296933	33.99680328	1.12991842	0.18643170755767152	0.0264095	0.00047
0.2411	-0.1385	-0.3462	-0.0006632251157578452	0.004822344723260333	0.001858775653373961	1.18193817	30.60400391	1.02477152	0.11107315469713704	0.0215801	0.00021
0.2366	-0.0858	-0.2256	-0.0006911503837897545	0.004286528642898074	0.0019792033717615696	1.23200357	31.90035057	1.11859683	0.21200845333908885	0.0148314	7e-05
0.2334	-0.0718	-0.1852	-0.0006579891280018621	0.004049163864626845	0.0020193459445574393	1.04370487	27.02471924	0.94988685	0.07313343034274955	0.0136493	9e-05
0.2305	-0.128	-0.1821	-0.0008499753457212384	0.004082325120414737	0.0019757127132575807	1.0940994	28.32958984	0.95022603	0.07563903524035633	0.0135549	6e-05
0.2324	-0.1004	-0.2221	-0.0007382742735936014	0.0042935099599060505	0.001839577031602023	1.02560616	26.55608749	0.93979079	0.09245107966372537	0.0140305	0.0001
0.2378	-0.1135	-0.2587	-0.0008918632477691023	0.004581489286485115	0.0017889624832941875	1.04384863	27.02844238	0.93751708	0.07970914245312007	0.0150437	4e-05
0.2408	-0.1082	-0.2737	-0.0009791297103688187	0.004654793115068877	0.0018046704465621369	1.03690243	26.84858322	0.91327236	0.03211391272257136	0.0150408	2e-05
0.2426	-0.0797	-0.2228	-0.0010925761117484504	0.004455825580341524	0.0020839231268812296	1.20067406	31.08913231	0.99940843	0.11078333082130391	0.0140325	0.00013
0.2363	-0.0706	-0.1861	-0.0010471975511965976	0.004194026192542374	0.0020996310901491783	1.00882816	26.12165451	0.92432705	0.06824429558094756	0.0125178	4e-05
0.2366	-0.1173	-0.1961	-0.001117010721276371	0.0043214352279379595	0.00204378055408536	1.0405066	26.94190598	0.94248164	0.06965363707695885	0.0142837	5e-05
0.242	-0.1176	-0.2393	-0.001350884841043611	0.004560545335461182	0.0019530234329816546	0.96618617	25.01752281	0.91656484	0.0770870674197084	0.0157118	4e-05
0.2492	-0.1007	-0.2529	-0.0022602013813326567	0.004689699700108763	0.001858775653373961	1.11350131	28.83196449	0.97747983	0.094335934227216	0.0176612	6e-05
0.2443	-0.0472	-0.2057	-0.0027558748888990466	0.004290019301402062	0.0018692476288859267	1.23037183	31.85810089	1.03041679	0.15089129408925286	0.0161071	0.00011
0.2409	-0.0511	-0.1915	-0.0025638886711796703	0.0041661009245104645	0.001839577031602023	1.02801728	26.61852074	0.91528756	0.03877875959474385	0.0149333	2e-05
0.2417	-0.0896	-0.2166	-0.002054252529597326	0.00445058959258554	0.0018133970928221085	0.98245013	25.43864632	0.90963129	0.1054152374218667	0.0156087	3e-05
0.2487	-0.0933	-0.2587	-0.00210835773640915	0.004892157893340105	0.0018151424220741027	1.04137039	26.96427155	0.94744819	0.07767094184091917	0.0180187	8e-05
0.2568	-0.1209	-0.2736	-0.0023788837704682713	0.005098106745075437	0.001956514091485643	1.14585888	29.6697998	0.96613787	0.08149232776029966	0.0218346	0.00113
0.2671	-0.0927	-0.293	-0.0019216075064457567	0.005068436147791533	0.002150245638457014	1.22099268	31.61524582	1.01641617	0.09193392041388944	0.0212222	0.00036
0.2715	-0.0326	-0.2965	-0.001192059879112127	0.005059709501531561	0.002064724505109292	1.18307567	30.63345718	1.00756607	0.10918977034706624	0.0182644	0.0001
0.2643	-0.0527	-0.221	-0.0012531464029319286	0.004569271981721155	0.00217293491873294	1.14039934	29.52843475	1.02139511	0.1357867228626928	0.0149147	5e-05
0.2552	-0.0875	-0.2047	-0.0010629055144645468	0.004384267081009755	0.00214850030920502	1.09573483	28.37193489	0.96009287	0.08018401993533507	0.0140058	4e-05
0.2594	-0.1348	-0.2426	-0.0010035643198967395	0.004831071369520303	0.0021153390534171274	1.09707403	28.40661049	0.97116186	0.11636533694331246	0.0160318	0.00013
0.2724	-0.1493	-0.2926	-0.001462585913171248	0.0053546701451186035	0.002049016541841343	1.03910065	26.90550232	0.95360729	0.1299471440224296	0.0204835	0.00022
0.2738	-0.1129	-0.2867	-0.0017313666179783749	0.005274384999526864	0.0020176006153054447	1.10783923	28.68535614	0.97375782	0.06272408884673825	0.020453	0.0001
0.2675	-0.073	-0.2302	-0.0017366026057343581	0.00462337718853298	0.002124065699677099	1.11869395	28.96641541	1.00425346	0.14083544415607607	0.0169094	4e-05
0.2586	-0.0839	-0.2169	-0.0017505652397503124	0.004532620067429273	0.00204378055408536	1.03448582	26.78600883	0.93926959	0.04235024503556999	0.0166304	7e-05
0.2594	-0.0959	-0.241	-0.0019076448724298022	0.00488168591782814	0.0019460421159736775	0.99309611	25.71430397	0.92505277	0.06709419605950195	0.0177084	4e-05
0.2575	-0.0831	-0.27	-0.002045525883337354	0.005141739976375294	0.001895427567665842	1.1344986	29.37564659	0.98425235	0.06612748088812712	0.018815	0.00012
0.2651	-0.0712	-0.3097	-0.0017313666179783749	0.005208062487951079	0.0019303341527057286	1.19951975	31.05924606	1.01300871	0.07996941809873248	0.0209745	0.00025
0.2788	-0.0853	-0.2969	-0.002005383310541485	0.005616469532917752	0.0021537362969610025	1.37423682	35.58320618	1.13700451	0.08589129408925282	0.0246816	0.00099
0.253	-0.0781	-0.3502	-0.0016022122533307947	0.0048904125640881115	0.0017680185322702558	1.44639456	37.45159149	1.27056359	0.16204728953655387	0.0295327	0.00329
0.2303	-0.2357	-0.4783	-0.0019757127132575807	0.00545415391248228	0.0020420352248333657	1.84127629	47.6762886	1.53626583	0.36896292504420314	0.0408242	0.01102
0.2329	-0.1475	-0.5065	-0.0010314895879286487	0.005562364326105927	0.0019425514574696887	1.38921058	35.97092056	1.13818947	0.17659586531581278	0.0374209	0.00636
0.2473	-0.0856	-0.4404	-0.0006824237375297829	0.005087634769563471	0.001895427567665842	1.26108265	32.65329742	1.1183181	0.1859459648372584	0.0301197	0.00236
0.241	-0.0617	-0.2684	-0.0005881759579220891	0.004427900312309613	0.0019006635554218248	1.40608895	36.40795517	1.2896343	0.2401609112308767	0.0150385	9e-05
0.2342	-0.089	-0.2549	-0.0006440264939859076	0.004337143191205909	0.0018814649336498872	1.11599839	28.8966198	0.97440965	0.055890313946973046	0.0149935	3e-05
0.2372	-0.1334	-0.3121	-0.000932005820564972	0.004780456821212468	0.0017610372152622785	1.12417912	29.10844612	1.00541249	0.14718603374866154	0.0197545	0.00012
0.2444	-0.1222	-0.3507	-0.0013648474750595659	0.004867723283812185	0.0016458454846306526	1.00501275	26.02286148	0.92843319	0.08876499238629687	0.0233746	0.00023
0.2552	-0.0963	-0.3057	-0.0018064157758141308	0.004981169685191816	0.001864011641129944	1.23011386	31.85141945	1.03659514	0.12035904293167436	0.0208735	0.00015
0.2486	-0.056	-0.2316	-0.0015865042900628454	0.004516912104161324	0.001912880860185785	1.13259733	29.32641792	1.01843445	0.15765191429188097	0.0156229	9e-05
0.2326	-0.0799	-0.2106	-0.0013945180723434693	0.0042271874483302664	0.001864011641129944	1.0682869	27.66122437	0.94825278	0.08742900463031372	0.0135767	3e-05
0.2182	-0.1234	-0.2261	-0.0013840460968315032	0.004096287754430691	0.0017086773377024485	1.03351915	26.7609787	0.93924971	0.08823529864195181	0.0138599	7e-05
0.222	-0.0949	-0.2697	-0.001541125729510993	0.004483750848373432	0.0016196655458507376	1.19169569	30.85665512	1.01296412	0.10757772592369708	0.0168349	7e-05
0.2269	-0.0895	-0.304	-0.0017924531417981763	0.0047193702973926666	0.0016039575825827887	1.24526882	32.24382782	1.01084294	0.06973274122871832	0.0195448	0.00011
0.2391	-0.0635	-0.285	-0.002118829711921116	0.00460766922526503	0.0017296212887263805	1.24099016	32.13304138	1.00676601	0.08538706741970843	0.0187333	0.00021
0.2353	-0.0327	-0.2228	-0.002176425577236929	0.0042655846918741415	0.0018081611050661253	1.18028736	30.56126022	0.99496297	0.12071101075232225	0.0158723	0.00019
0.2297	-0.0497	-0.211	-0.002089159114637212	0.004141666314982544	0.0018483036778619948	1.04120982	26.96011543	0.92690743	0.04696637061435922	0.0158166	0.00012
0.2309	-0.0873	-0.2422	-0.0020280725908174107	0.0044156830075456534	0.0018570303241219666	1.02633286	26.57490349	0.9322939	0.08719149313214414	0.0174173	7e-05
0.243	-0.0879	-0.2932	-0.0023911010752322315	0.004995132319207771	0.0017767451785302276	1.01619363	26.31236839	0.94470485	0.11483814708343384	0.0203751	0.00013
0.249	-0.087	-0.3011	-0.002700024352835228	0.005068436147791533	0.0017837264955382047	1.11032748	28.74978256	0.9610046	0.03426042115973679	0.0206702	5e-05
0.246	-0.0411	-0.2419	-0.003003711642682241	0.00471238898038469	0.0019111355309337906	1.19027233	30.81980133	1.02797492	0.14745717463247207	0.0183294	8e-05
0.2371	-0.0418	-0.2132	-0.002874557278034661	0.004455825580341524	0.0018849555921538759	0.99547148	25.77580833	0.91909678	0.05889488517353301	0.0169185	8e-05
0.2435	-0.0894	-0.2412	-0.0026249751949994717	0.004801400772236401	0.0017139133254584315	1.02168465	26.45454788	0.94797545	0.12030997708127548	0.0183237	7e-05
0.2472	-0.0771	-0.2784	-0.002949606435870417	0.005096361415823441	0.0016877333866785165	1.03062975	26.68616486	0.94874822	0.08548859116189504	0.0226052	0.00019
0.2513	-0.0684	-0.2748	-0.003516838442768574	0.005017821599483697	0.0016528268016386303	1.15858293	29.99926567	0.98904532	0.05043392041388941	0.0230677	0.00016
0.2458	-0.003	-0.2204	-0.004194026192542374	0.004745550236172582	0.001689478715930511	1.15250409	29.84186554	1.01419283	0.1746055513688398	0.022742	0.00041
0.2415	-0.0327	-0.2285	-0.004396484385773717	0.004832816698772298	0.0016667894356545846	1.02263284	26.47910118	0.93045678	0.05772069680534925	0.024465	0.0005
0.2429	-0.0358	-0.2538	-0.004921828490624009	0.0051783918906671755	0.001504473815219112	1.07574618	27.8543663	0.94813499	0.08146174585903214	0.0279191	0.00105
0.2439	-0.0276	-0.2787	-0.005682792044493536	0.005162683927399226	0.0015114551322270892	1.11440814	28.85544395	0.97888517	0.07328264170727265	0.0308681	0.00219
0.2464	0.0133	-0.2535	-0.0060685098091842835	0.004961971063419879	0.0015969762655748114	1.14605021	29.6747551	0.99964061	0.10219758810089084	0.0311453	0.00375
0.2421	0.0176	-0.2647	-0.005085889440311476	0.004768239516448508	0.0017994344588061536	1.08690965	28.14342308	0.99523349	0.08874050545377601	0.0283133	0.00226
0.2459	-0.0382	-0.3222	-0.0043039819354180175	0.0051557026103912496	0.0020245819323134223	1.11591375	28.89443016	1.03937832	0.18682590361717344	0.0296133	0.00169
0.2508	-0.0533	-0.3024	-0.004780456821212468	0.0054873151682701725	0.0018657569703819383	1.0359447	26.82378578	0.94493132	0.08814562028024286	0.0304586	0.00137
0.2411	-0.0711	-0.3136	-0.00478918346747244	0.005330235535590682	0.0015603243512829306	1.25133693	32.40095139	1.11028006	0.06226194490192352	0.0363977	0.00429
0.2295	-0.0889	-0.4744	-0.003565707661824415	0.005572836301617893	0.0014381513036433276	1.58178473	40.95725632	1.35522192	0.269612480965742	0.0427461	0.00651
0.203	-0.2169	-0.5317	-0.0031328660073298214	0.005365142120630569	0.0015062191444711063	1.64659905	42.63549805	1.32587114	0.2472301838154848	0.0486325	0.01509
0.2232	-0.0732	-0.5449	-0.0024242623310201236	0.005424483315198376	0.0013735741213195373	1.44258797	37.35302734	1.18072671	0.22212949470145385	0.0446454	0.00831
0.2395	-0.0793	-0.4699	-0.0022776546738526	0.004824090052512327	0.0015341444125030156	1.24588788	32.25985718	1.11127387	0.1427785605518526	0.0355095	0.00371
0.2374	-0.0282	-0.3148	-0.0017749998492782332	0.004386012410261751	0.001553343034274953	1.37276506	35.54509735	1.23542763	0.25629655442984395	0.0211891	0.0002
0.2344	-0.0694	-0.3228	-0.001509709802975095	0.004595451920501069	0.001520181778487061	1.16394126	30.13800812	1.05080396	0.0775945406165174	0.0225204	0.0002
0.244	-0.103	-0.3602	-0.0018168877513260971	0.00507541746479951	0.0013386675362796509	1.05606675	27.34480667	0.99511326	0.12903288674284272	0.0260426	0.00034
0.246	-0.1061	-0.3706	-0.0021991148575128553	0.005031784233499652	0.0013840460968315032	1.11677873	28.91682625	0.97559759	0.039061944901923405	0.0274193	0.00057
0.2499	-0.0836	-0.3191	-0.0021938788697568722	0.00478918346747244	0.0016249015336067207	1.1722157	30.35225868	1.0182563	0.10233460952792064	0.0242385	0.00045
0.2459	-0.0496	-0.2554	-0.0018901915799098587	0.004372049776245795	0.0017749998492782332	1.0877589	28.1654129	0.99028463	0.14524596483725852	0.0196602	0.00022
0.2435	-0.079	-0.2674	-0.0018814649336498872	0.004495968153137393	0.0017348572764823637	1.04769719	27.12809181	0.95282128	0.052439379797371954	0.0211804	0.00019
0.2462	-0.0886	-0.3068	-0.0021624629432209744	0.004843288674284265	0.0016510814723866359	1.070755	27.72513008	0.96429783	0.08730471674068435	0.024686	0.00022
0.2499	-0.0703	-0.3074	-0.0028728119487826664	0.004775220833456485	0.0016406094968746698	1.15532243	29.9148407	0.99650043	0.06204444109507189	0.0243576	0.00035
0.248	-0.0116	-0.2615	-0.0032864549815053226	0.0046041785667610404	0.0016545721308906245	1.17298615	30.37220955	0.99322318	0.1364323966717028	0.0210685	0.0003
0.245	-0.0315	-0.2594	-0.0030525808617380824	0.004630358505540956	0.0016912240451825054	1.03310347	26.75021553	0.92365493	0.03983529864195181	0.0204041	0.00019
0.2448	-0.0699	-0.2784	-0.0027366762671271086	0.004928809807631986	0.0017243853009703976	0.98516494	25.50894165	0.91149757	0.08997585762449475	0.0208576	7e-05
0.2513	-0.0746	-0.3093	-0.0027715828521669953	0.005237733085234983	0.001785471824790199	1.08112407	27.99361801	0.95708164	0.06234581932313433	0.022337	0.00019
0.2574	-0.0655	-0.2825	-0.0027925268031909274	0.005253441048502931	0.001864011641129944	1.11045408	28.75306129	0.9656339	0.04775958653158129	0.0202603	8e-05
0.2659	-0.0336	-0.2403	-0.002686061718819273	0.00514348530562729	0.0020472712125893483	1.01481748	26.27673531	0.93035125	0.10258401993533496	0.0175943	4e-05
0.2709	-0.0926	-0.2419	-0.0026005405854715507	0.0053616514621265795	0.002038544566329377	1.0287478	26.63743401	0.93438838	0.0812206968053491	0.0191361	6e-05
0.2718	-0.1226	-0.2586	-0.0027419122548830916	0.005539675045830002	0.001960004749989632	0.96631199	25.02078056	0.89220478	0.06749675347273543	0.0205238	0.00012
0.2778	-0.0782	-0.3034	-0.002665117767795341	0.005921902152016759	0.0018291050560900572	1.06024218	27.45292091	0.96268819	0.12469606435870415	0.0222146	0.0001
0.2812	-0.0894	-0.3354	-0.003001966313430246	0.006122615015996109	0.0017837264955382047	1.11209464	28.79553986	0.96893023	0.07574699850830534	0.0252811	0.00015
0.2853	-0.0789	-0.3573	-0.00324107642095347	0.006269222673163632	0.0018064157758141308	1.16442168	30.15044785	0.97365014	0.05692035224833369	0.0275257	0.00036
0.2875	-0.1223	-0.3442	-0.0034609879067047556	0.00632507320922745	0.0019303341527057286	1.18502867	30.68402481	0.99039422	0.07868401993533505	0.0299934	0.00252
0.2891	-0.0555	-0.3627	-0.002963569069886372	0.006126105674500097	0.001932079481957723	1.23822832	32.06152725	1.02074235	0.1218065850398866	0.0284129	0.00081
0.2844	-0.0194	-0.3342	-0.0022706733568446224	0.005717698629533424	0.0020106192982974674	1.10985374	28.7375164	0.97867978	0.1282921287174084	0.0241863	0.00026
0.2716	-0.0251	-0.2589	-0.002012364627549462	0.005181882549171164	0.002118829711921116	1.11589015	28.8938179	1.01497315	0.13891676116405338	0.0189002	0.00013
0.2685	-0.0894	-0.2661	-0.0017453292519943296	0.00544193660771832	0.002103121748653167	1.10389543	28.58323669	0.98572126	0.10173986986851181	0.0197932	0.00014
0.275	-0.1328	-0.3094	-0.0017400932642383465	0.005963790054064624	0.002057743188101315	0.99076587	25.6539669	0.93019233	0.121823399732707	0.023923	0.00029
0.2798	-0.1431	-0.3369	-0.0018360863730980347	0.006307619916707506	0.0020315632493213996	1.10028279	28.4896946	0.95856662	0.06590014551412421	0.0265256	0.00042
0.2733	-0.1013	-0.2977	-0.002038544566329377	0.005715953300281429	0.0022270401255447643	1.15650368	29.94542503	0.99265455	0.13698008429403918	0.022721	0.00019
0.2686	-0.0875	-0.2866	-0.0013945180723434693	0.005326744877086694	0.002230530784048753	1.04403734	27.03332901	0.94483975	0.08143627878423158	0.0197434	0.00015
0.2632	-0.1184	-0.3146	-0.0011571532940722405	0.005398303376418462	0.00231779724664847	1.04086661	26.95122719	0.95451132	0.08410948701013567	0.0220258	0.00021
0.2708	-0.1018	-0.3051	-0.001218239817892042	0.005836381018669037	0.0021624629432209744	1.08056414	27.97911835	0.97104635	0.06642492347489361	0.0219549	0.00045
