trans_x	trans_y	trans_z	rot_x	rot_y	rot_z	dvars_std	dvars_nstd	dvars_vstd	framewise_displacement	aqi	aor
0.0	-0.0	0.0	-0.0	0.0	-0.0	n/a	n/a	n/a	n/a	0.288475	0.1283
-0.0695	-0.1711	-0.0367	-0.0020664698343612863	-0.00244695161129605	-8.901179185171081e-05	1.63239932	56.08446503	1.89702196	0.5074216618754523	0.282488	0.10859
-0.204	-0.0135	0.0084	-0.007986626657126052	-0.007246607054280456	-0.0006963863715457374	1.86106336	63.9406929	2.42890863	0.9035593422721598	0.286426	0.11833
-0.2137	0.4452	-0.0247	-0.007143632628412791	-0.005771803836345247	0.00017802358370342162	2.16851521	74.50383759	2.58677835	0.6611103600948816	0.279876	0.11771
-0.1882	0.4001	0.1126	-0.0033859387488689996	-0.003038618227722128	0.0003665191429188092	1.69617796	58.27571106	1.90296169	0.5418687523691148	0.305158	0.13188
-0.1183	0.1976	0.1769	-0.00277332818141899	-0.0014643312424232424	0.0004433136300065597	1.23095357	42.29196548	1.44726396	0.44988460199183217	0.310987	0.12594
-0.0801	-0.017	0.0775	-0.0015812683023068625	-0.0006387905062299246	0.0004258603374866164	1.22523344	42.0954361	1.43271933	0.4539526953912694	0.296321	0.10911
-0.0731	-0.0896	0.1154	-0.0020472712125893483	-1.7453292519943294e-06	0.00022165681500327985	1.02575314	35.24187851	1.04898134	0.18286258048718765	0.304284	0.11437
-0.0857	-0.087	0.1999	-0.002694788365079245	-0.0003665191429188092	0.0002373647782712288	1.08204412	37.1758728	1.13504476	0.15109994647123304	0.318073	0.12673
-0.0909	-0.1225	0.1672	-0.00272096830385916	-0.0006544984694978735	0.0002565634000431664	1.00454009	34.51305771	0.95887267	0.09006789435654583	0.314771	0.12266
-0.0989	-0.1126	0.134	-0.002623229865747477	-0.000947713783832921	0.00022689280275926284	0.96047246	32.99902344	0.91475454	0.07213121748653166	0.310988	0.11903
-0.0989	-0.0223	0.1686	-0.003026400922958167	-0.0008377580409572782	0.0001832595714594046	1.02170348	35.10274124	0.99386437	0.15273800156930956	0.313432	0.1208
-0.0903	0.0953	0.2713	-0.003450515931192789	-0.0005462880558742252	0.0001658062789394613	1.12835217	38.76688004	1.21186016	0.26555191429188085	0.32574	0.13188
-0.0894	0.0618	0.2066	-0.0030613075079980543	-0.0007155849933176752	0.000296705972839036	1.0164094	34.92085266	1.01709853	0.13357025272688797	0.317656	0.12427
-0.0988	0.0951	0.1846	-0.003127630019573839	-0.0009023352232810684	0.0002129301687433082	0.98013526	33.67457962	0.91944976	0.08154242728174531	0.314384	0.12183
-0.099	0.1148	0.2231	-0.0037681658550557575	-0.000757472895365539	0.00017278759594743863	0.95234287	32.71971512	0.92882878	0.09967703680966589	0.318644	0.12486
-0.0971	0.1105	0.2292	-0.003925245487735247	-0.0007278022980816354	0.00018500490071139895	0.94799888	32.5704689	0.93615556	0.02224837673636767	0.32092	0.12636
-0.1021	0.0375	0.2034	-0.0036686820876920805	-0.0008883725892651138	0.00020420352248333657	0.95719284	32.88634491	0.94444563	0.12561661564992913	0.317963	0.1235
-0.1046	0.0189	0.2083	-0.003597123588360313	-0.000890117918517108	0.00019547687622336493	1.00717127	34.6034584	0.90668138	0.03010152374218669	0.319214	0.1248
-0.1073	0.0158	0.2376	-0.0038275070496235643	-0.0008552113334772215	0.00010297442586766544	0.97632945	33.54382324	0.93909701	0.05298962483294187	0.323168	0.12844
-0.1089	-0.0465	0.2006	-0.003565707661824415	-0.0010122909661567112	0.00014137166941154068	0.97809535	33.604496	0.94906429	0.12376381320112569	0.318097	0.12495
-0.1138	-0.0151	0.2089	-0.003576179637336381	-0.0009861110273767962	7.67944870877505e-05	0.96985966	33.32154083	0.92863517	0.04966145483078353	0.318268	0.1254
-0.1192	0.0214	0.2353	-0.0038117990863556156	-0.0010663961729685354	6.108652381980153e-05	0.98016608	33.67564011	0.95758568	0.08488062789394614	0.320588	0.12767
-0.1162	0.0094	0.1896	-0.0035517450278084606	-0.001048942880448592	7.504915783575618e-05	0.98502684	33.84263992	0.93031013	0.07527349925415265	0.313422	0.12194
-0.1173	0.0462	0.1866	-0.0034400439556808234	-0.001022762941668677	7.67944870877505e-05	0.9942838	34.16068268	0.92198009	0.04788131700797733	0.312296	0.12136
-0.1202	0.0778	0.2048	-0.003623303527140228	-0.0009634217471008699	4.886921905584123e-05	0.99451709	34.16869736	0.93543337	0.06622630170295608	0.313733	0.123
-0.1168	0.0583	0.164	-0.003262020371977402	-0.0010105456369047167	7.330382858376184e-05	0.96167111	33.04020691	0.92717628	0.08534208272472966	0.308392	0.1193
-0.1156	0.0529	0.1694	-0.003427826650916863	-0.0010314895879286487	7.155849933176751e-05	0.93232358	32.03190994	0.89210203	0.02142477796076936	0.309548	0.11888
-0.1186	0.075	0.2052	-0.0037227872945039047	-0.0010384709049366262	1.7453292519943294e-06	1.00138342	34.40460587	0.94750462	0.07948775653373961	0.314963	0.12434
-0.1184	0.013	0.1615	-0.003316125578789226	-0.0012112585008840647	1.0471975511965975e-05	1.05641544	36.29534531	0.96319462	0.13530879789610442	0.309407	0.11863
-0.12	0.0309	0.1885	-0.0035412730522964946	-0.0012077678423800758	-3.4906585039886588e-06	0.95984769	32.97755814	0.93938157	0.05863003830136059	0.312496	0.12362
-0.124	0.0353	0.1813	-0.003543018381548489	-0.0012793263417118436	-5.585053606381854e-05	1.02357018	35.16687775	0.99264917	0.02188318530717963	0.311112	0.1221
-0.1254	-0.0151	0.1336	-0.003506366467256608	-0.0016283921921107093	-5.585053606381854e-05	1.05455625	36.2314682	1.03580281	0.11878588823453735	0.301848	0.11486
-0.1305	0.0492	0.1809	-0.004162610266006475	-0.001481784534943186	-6.108652381980153e-05	0.97968113	33.65897751	0.9698668	0.1571043721836687	0.307191	0.1204
-0.127	0.0063	0.1075	-0.003342305517569141	-0.0014695672301792255	6.9813170079773176e-06	1.01712596	34.94547272	0.98375341	0.16482949470145372	0.298378	0.1124
-0.1274	0.0204	0.0769	-0.0029164451800825246	-0.0015603243512829306	6.9813170079773176e-06	0.99711663	34.25801086	0.92900736	0.0709308729295161	0.293545	0.10897
-0.1314	0.0666	0.1335	-0.00326551103048139	-0.0014067353771074296	5.759586531581287e-05	1.00698757	34.5971489	1.00527028	0.1344634686441101	0.301784	0.119
-0.127	0.018	0.0551	-0.002541199390903744	-0.00147131255943122	0.0001012290966156711	1.1179986	38.41116333	1.06562525	0.1730261026600647	0.290017	0.10722
-0.1202	0.0167	0.0309	-0.0022968532956245376	-0.0015638150097869194	0.0001186823891356144	1.08115137	37.14519882	0.91597531	0.05001509190774246	0.286289	0.10352
-0.1231	0.0616	0.0895	-0.002478367537831948	-0.0014765485471872027	0.0001675516081914556	0.98133439	33.71577835	0.98249508	0.1222824961931484	0.294777	0.11151
-0.123	0.0278	0.0435	-0.002488839513343914	-0.0015446163880149814	0.000158824961931484	1.17627406	40.41333389	0.98685281	0.08426332312998583	0.288128	0.10446
-0.1229	0.0023	0.0266	-0.0024312436480281013	-0.0016022122533307947	0.00011693705988362007	1.10687029	38.02882385	0.9227109	0.05035398163397449	0.28629	0.103
-0.1233	0.0664	0.0886	-0.0025638886711796703	-0.001504473815219112	0.00015707963267948963	1.02208054	35.11569595	1.01890354	0.14002630170295607	0.294896	0.11091
-0.1228	0.0286	0.0506	-0.002230530784048753	-0.0015393804002589986	0.00016929693744344995	1.08798397	37.37994766	1.02999552	0.09532408884673822	0.290601	0.10778
-0.1199	-0.0242	0.004	-0.002239257430308725	-0.0017558012275062952	0.00017627825445142725	1.05679679	36.30844498	1.02706847	0.1139064395257623	0.28145	0.09952
-0.1217	0.0304	0.017	-0.002305579941884509	-0.0016755160819145565	0.00016929693744344995	0.97471458	33.48834229	0.94025698	0.077079448708775	0.283536	0.10139
-0.1242	0.0331	0.0121	-0.002237512101056731	-0.0015446163880149814	0.00016231562043547262	1.05961263	36.40518951	0.93490165	0.02039744258676653	0.282858	0.10103
-0.1202	-0.0109	-0.0437	-0.001820378409830086	-0.001541125729510993	0.00013962634015954637	1.09672987	37.68043137	0.98808517	0.12596568150032797	0.275136	0.09375
-0.124	0.0242	-0.0319	-0.001811651763570114	-0.0015987215948268059	0.00012217304763960306	1.06187654	36.48297119	0.92136199	0.05488879020478641	0.276791	0.09556
-0.1311	0.0588	0.0257	-0.002090904443889207	-0.0016179202165987434	0.0001012290966156711	1.0482626	36.0152359	1.01738775	0.11526976265574812	0.284882	0.10284
-0.1231	0.009	-0.0426	-0.0015166911199830724	-0.0016859880574265225	0.00010471975511965978	1.01575124	34.89824295	1.03010757	0.15838859116189508	0.27527	0.09344
-0.1225	0.0076	-0.041	-0.001499237827463129	-0.001673770752662562	9.075712110370512e-05	1.00202274	34.42657089	0.93780391	0.005781661564992924	0.276135	0.0938
-0.1295	0.0629	0.0347	-0.0018709929581379211	-0.0015446163880149814	4.537856055185256e-05	1.04512239	35.90734863	1.06932494	0.16531440279371126	0.286681	0.10369
-0.1256	-0.0051	-0.0454	-0.0012880529879718153	-0.0015585790220309364	4.0142572795869576e-05	1.02474999	35.20741272	1.06451754	0.18210692959690225	0.274117	0.09303
-0.1263	-0.0165	-0.0758	-0.0012252211349000194	-0.0017296212887263805	3.141592653589793e-05	0.97603834	33.53382111	0.94482662	0.05463003830136058	0.269974	0.09053
-0.1351	0.0606	0.027	-0.002124065699677099	-0.0016982053621904826	-2.4434609527920616e-05	1.06265366	36.50967026	1.14777442	0.23800555136883975	0.28466	0.10281
-0.1325	0.0119	-0.0188	-0.001647590813882647	-0.0016964600329384882	-1.7453292519943296e-05	1.01676095	34.93292999	1.00782401	0.12136007660272116	0.278619	0.09588
-0.1247	-0.0116	-0.0738	-0.0013316862192716734	-0.0017435839227423352	-0.0	0.99461687	34.17212677	0.98899068	0.1053240888467382	0.270164	0.09056
-0.1314	0.0518	0.0104	-0.0019233528356977512	-0.0017575465567582897	-0.0	1.03902292	35.69778824	1.0768158	0.1845814625221016	0.282228	0.10121
-0.132	0.0264	-0.0143	-0.001858775653373961	-0.0017226399717184032	-1.9198621771937625e-05	0.98675787	33.90211487	0.96956213	0.05663411945678073	0.277423	0.09599
-0.1324	-0.003	-0.0753	-0.0011222467090323538	-0.0017680185322702558	6.9813170079773176e-06	0.96180171	33.04469299	0.95253639	0.13120437218366873	0.269484	0.09022
-0.1432	0.0509	-0.0143	-0.001567305668290908	-0.001895427567665842	-8.37758040957278e-05	1.08536506	37.28996658	1.01820092	0.15886125578789229	0.279149	0.0987
-0.1455	0.0445	-0.0171	-0.0013316862192716734	-0.0020280725908174107	-0.00013439035240356338	1.10143065	37.8419342	0.99425276	0.03244395102393195	0.279269	0.09765
-0.1437	-0.0069	-0.0606	-0.0007714355293814937	-0.001998401993533507	-0.00014137166941154068	1.15562487	39.70388794	0.97513193	0.126545130209103	0.273718	0.09251
-0.146	0.0543	-0.0067	-0.0011850785621041497	-0.0020280725908174107	-0.00011344640137963142	1.04880905	36.03401184	1.02900935	0.14096194490192343	0.282129	0.09958
-0.145	0.0549	0.0292	-0.0016650441064025902	-0.0020472712125893483	-7.330382858376184e-05	1.05098999	36.10894012	0.99073626	0.06446533694331238	0.286772	0.10312
-0.1374	-0.0191	-0.0478	-0.0011990411961201044	-0.002139773662945048	-0.00010995574287564276	1.06783378	36.68764496	1.09486926	0.1883578637465033	0.273968	0.09182
-0.136	0.0193	-0.0709	-0.000905825881785057	-0.002181661564992912	-0.00010297442586766544	1.01578832	34.89951706	0.96087067	0.08000422666954442	0.271192	0.09147
-0.1415	0.0693	0.0242	-0.001583013631558857	-0.0021118483949131386	-0.0001239183768915974	1.07717848	37.00870132	1.11079329	0.18899724354387523	0.284916	0.10382
-0.1375	0.0152	-0.0447	-0.0010140362954087054	-0.0019111355309337906	-0.0001291543646475804	1.04428899	35.87871552	1.03302865	0.16574630939427412	0.273566	0.09412
-0.1371	0.011	-0.0925	-0.0006475171524898963	-0.002007128639793479	-0.0001012290966156711	1.00819159	34.63851547	0.96255904	0.07692187599052033	0.266324	0.08761
-0.1453	0.0524	-0.0079	-0.001382300767579509	-0.002012364627549462	-0.0001605702911834783	1.15630031	39.72709656	1.09302953	0.17416803987067017	0.279656	0.0984
-0.1418	0.0123	-0.0544	-0.0009337511498169664	-0.002038544566329377	-0.0001605702911834783	1.20827866	41.51292038	1.01342604	0.11383647782712288	0.274408	0.09304
-0.1391	-0.0205	-0.0972	-0.0005148721293383271	-0.0019826940302655584	-0.00011170107212763708	1.18819463	40.82289124	0.98199853	0.10447993877991495	0.268461	0.08765
-0.1384	0.041	-0.0567	-0.0009930923443847736	-0.001970476725501598	-0.00013788101090755203	1.02932346	35.36454391	0.97484425	0.1285308729295161	0.274102	0.09191
-0.1389	0.0756	0.0242	-0.002124065699677099	-0.0018727382873899156	-0.00014660765716752367	1.07034504	36.77392578	1.05500677	0.17787192198319896	0.285268	0.09981
-0.1423	0.0294	-0.072	-0.0010576695267085637	-0.0018832102629018814	-0.00012740903539558605	1.0774827	37.01915359	1.07007911	0.20060333851262196	0.272812	0.09008
-0.1408	0.033	-0.1017	-0.0008848819307611251	-0.002038544566329377	-0.00013962634015954637	1.12080562	38.50760269	0.95328213	0.051816960206944734	0.266362	0.08558
-0.138	0.0857	-0.0192	-0.0016982053621904826	-0.0018605209826259553	-0.0001658062789394613	1.04381025	35.86226654	1.0493523	0.18887634769563472	0.277331	0.09434
-0.1302	0.0183	-0.0913	-0.0010471975511965976	-0.0017715091907742446	-0.00014137166941154068	1.14977694	39.50297165	1.059535	0.18552271061867584	0.268085	0.08643
-0.129	-0.0216	-0.0986	-0.0005497787143782138	-0.0018168877513260971	-0.00024260076602721178	0.97766578	33.58973694	0.93868047	0.08060132469929537	0.269025	0.08696
-0.135	0.0544	-0.023	-0.0009250245035569946	-0.0018186330805780916	-0.0002548180707911721	1.07031572	36.7729187	1.08705514	0.17706042115973675	0.281354	0.09693
-0.1396	-0.007	-0.0586	-0.000731292956585624	-0.0019530234329816546	-0.0002583087292951608	1.04537249	35.91593933	0.97334384	0.11818062789394612	0.276274	0.09304
-0.1396	-0.0131	-0.103	-0.0002373647782712288	-0.0020943951023931952	-0.00022689280275926284	0.97157609	33.38051224	0.94919553	0.08383578871309169	0.268681	0.08804
-0.1437	0.0331	-0.0524	-0.0008377580409572782	-0.0020525072003453313	-0.00027576202181510406	0.99531263	34.19602966	0.97944026	0.1354575191894877	0.274916	0.09327
-0.1473	0.0031	-0.0795	-0.000731292956585624	-0.002057743188101315	-0.00028099800957108706	0.9886592	33.96743774	0.95251701	0.06654685299418102	0.26971	0.08929
-0.1466	-0.0136	-0.1175	-0.00045553093477052	-0.002124065699677099	-0.0002373647782712288	0.98499107	33.84141159	0.93327738	0.07468588823453728	0.264206	0.08556
-0.1488	0.0186	-0.1269	-0.0002548180707911721	-0.0022113321622768156	-0.00035081117965086024	0.95597035	32.84434509	0.91286354	0.0638712863979348	0.263122	0.08464
-0.1559	0.0627	-0.066	-0.0008115781021773631	-0.0022026055160168437	-0.00041538836197465044	1.07307923	36.8678627	0.98582033	0.14360319299849766	0.272135	0.092
-0.1489	0.0348	-0.1078	-0.0002251474735072685	-0.0022060961745208325	-0.0003822271061867582	1.04643631	35.95249176	0.9729959	0.1078541271480988	0.266597	0.08723
-0.1477	0.0268	-0.1256	-7.67944870877505e-05	-0.002190388211252884	-0.00039793506945470715	1.02701974	35.28539276	0.92791892	0.03598844564777077	0.263598	0.08519
-0.152	0.0478	-0.0542	-0.00091106186954104	-0.0021991148575128553	-0.0004520402762665313	0.9949047	34.18201447	1.03203268	0.14155496177625426	0.274876	0.09282
-0.1483	0.018	-0.0637	-0.0005881759579220891	-0.002197369528260861	-0.00045553093477052	1.04213059	35.8045578	0.93091241	0.05940609496874672	0.274001	0.0918
-0.1458	-0.006	-0.0792	-0.0003892084231947355	-0.0021170843826691216	-0.0004258603374866164	1.05821919	36.35731506	0.88888118	0.05744616388014981	0.27182	0.09022
-0.1526	0.005	-0.0518	-0.000619591884457987	-0.002134537675189065	-0.0004799655442984406	0.95504135	32.81242752	0.93267192	0.06029709802975095	0.276121	0.09424
-0.1537	0.0251	-0.0273	-0.0007138396640656808	-0.0022165681500327986	-0.0004886921905584122	1.10896969	38.10095596	0.97882369	0.05495024503556994	0.278882	0.09625
-0.1564	-0.0107	-0.1073	-0.00016406094968746698	-0.0023492131731843676	-0.0005427973973702365	1.11121666	38.17815399	1.0596451	0.15532644721708036	0.267471	0.08724
-0.1614	0.0947	-0.0205	-0.0008936085770210966	-0.002237512101056731	-0.0004886921905584122	1.05505836	36.24871826	1.08179002	0.24196769531365447	0.277268	0.09668
-0.2037	0.0694	0.0253	0.000153588974175501	-0.0011135200627723821	-0.0004886921905584122	1.33271086	45.78804779	1.29233998	0.2219594794740473	0.294368	0.11209
-0.2778	-0.121	-0.1817	-0.002356194490192345	-0.0004625122517784973	0.0001972222054753592	2.02439737	69.55237579	2.38185779	0.6638352835697752	0.267945	0.09465
-0.3036	-0.2969	-0.5999	0.0010297442586766543	-0.002237512101056731	4.886921905584123e-05	2.08154416	71.51576996	2.73616042	0.8853645792283374	0.21663	0.06321
-0.2308	-0.0484	-0.4295	0.0025272367568877894	-0.00017104226669544429	-0.0006126105674500097	1.82474577	62.69292831	1.84614604	0.7029721059539137	0.227527	0.06592
-0.0852	-0.0211	-0.4555	0.004778711491960474	0.0010681415022205296	-0.0007766715171374765	1.56728733	53.84740829	1.58738901	0.3816359726838062	0.218966	0.05685
-0.0532	-0.1352	-0.4341	0.0033964107243809652	0.0003630284844148205	-0.0006108652381980154	1.42453039	48.94269562	1.44883225	0.28016100321623394	0.219926	0.05652
-0.0212	-0.2238	-0.7645	0.0053162729015747276	-0.0005340707511102648	-0.00047123889803846896	1.5903604	54.6401329	1.80542071	0.5988293876439197	0.172059	0.03203
-0.0545	-0.0671	-0.5853	0.0040282199136029125	-0.0006213372137099814	-0.0006527531402458793	1.288239	44.26012421	1.26668907	0.44704168463894706	0.193533	0.04193
-0.0453	-0.1706	-0.7209	0.005146975964131278	-0.0009529497715889039	-0.0006998770300497262	1.35974336	46.7168045	1.09683721	0.32317462491055665	0.179202	0.03437
-0.0519	-0.1826	-0.7503	0.005883504908472884	-0.0013281955607676848	-0.0007278022980816354	1.22255993	42.003582	0.95030333	0.1049850000776148	0.17502	0.03283
-0.0577	-0.0849	-0.6406	0.005045746867515607	-0.0010070549784007281	-0.0007923794804054256	1.12078178	38.50678253	1.02420962	0.2743737902824012	0.188931	0.03931
-0.0566	-0.1453	-0.7159	0.005464625887994246	-0.001085594794740473	-0.0007819075048934597	1.07704937	37.00426483	0.98526245	0.1621945406165175	0.178707	0.03467
-0.0464	-0.1702	-0.7906	0.006188937527571893	-0.0012514010736799342	-0.000705113017805709	0.99556333	34.20464325	0.93194689	0.15814562028024287	0.171028	0.03083
-0.0556	-0.0903	-0.6676	0.005059709501531561	-0.0009808750396208131	-0.0007452555906015787	1.07705772	37.00455093	1.04085793	0.28409483164476607	0.184545	0.03698
-0.0568	-0.0918	-0.6767	0.005054473513775579	-0.0007958701389094143	-0.0007819075048934597	1.0099951	34.7004776	0.96466348	0.023144640137963104	0.183411	0.03718
-0.0495	-0.1952	-0.7661	0.0062186081248557954	-0.0009843656981248017	-0.0007347836150896127	1.07603335	36.96936035	1.00455491	0.27008770300497253	0.175768	0.03304
-0.0593	-0.1553	-0.7444	0.006188937527571893	-0.0011798425743481666	-0.0007923794804054256	1.24137247	42.64992523	0.94356983	0.08553716694115411	0.17595	0.03369
-0.0675	-0.092	-0.693	0.005420992656694387	-0.0011065387457644049	-0.0009407324668249436	1.01085711	34.73009109	0.96994031	0.1723800842940393	0.182185	0.0364
-0.0586	-0.1707	-0.8086	0.006609561877302526	-0.0011135200627723821	-0.0008517206749732328	1.08495176	37.27576828	1.01973878	0.2674281164733914	0.167863	0.02995
-0.0558	-0.164	-0.8373	0.007234389749516495	-0.001181587903600161	-0.000804596785169386	1.10601878	37.99956894	0.92097067	0.07520098014227977	0.163657	0.0285
-0.0626	-0.0891	-0.744	0.006077236455444256	-0.0010245082709206715	-0.0009529497715889039	1.02039969	35.05794907	0.98684705	0.24812929565856237	0.174125	0.03289
-0.0647	-0.1491	-0.8608	0.006899286533133583	-0.0010890854532444615	-0.0009686577348568529	1.0366087	35.61484146	0.99797019	0.2240167611640533	0.159171	0.02685
-0.0619	-0.1416	-0.8799	0.006822492046045835	-0.0013491395117916165	-0.0008831366015091308	0.95870304	32.93823242	0.88564268	0.05051848394913129	0.155031	0.02513
-0.0595	-0.1065	-0.8397	0.006199409503083859	-0.0010419615634406148	-0.0009843656981248017	1.00126815	34.40064621	0.91993119	0.12927447939643247	0.159464	0.02696
-0.0571	-0.1211	-0.8862	0.00653451271946677	-0.0009965830028887623	-0.0009459684545809266	0.99950659	34.34012222	0.92168077	0.08444395102393193	0.153784	0.02393
-0.0524	-0.1575	-0.9148	0.007463027881527753	-0.0010262536001726657	-0.0008848819307611251	0.96769768	33.24726105	0.8920962	0.12066361415823436	0.150101	0.02359
-0.0619	-0.1283	-0.8894	0.006944665093685436	-0.0009197885158010115	-0.0009337511498169664	0.94221872	32.37187958	0.88066487	0.09778485456349059	0.153038	0.02469
-0.0719	-0.0978	-0.8377	0.006309365245959501	-0.0007627088831215222	-0.0010960667702524388	0.98873615	33.97008133	0.91531592	0.13993475504204483	0.160165	0.02757
-0.0742	-0.1657	-0.9167	0.007307693578100258	-0.0010681415022205296	-0.0010140362954087054	1.08146501	37.15597534	0.94569185	0.21848957130417487	0.15298	0.02458
-0.0748	-0.1535	-0.9269	0.007546803685623481	-0.001291543646475804	-0.0010384709049366262	1.14503324	39.33999252	0.89727107	0.047347343065320874	0.151436	0.02407
-0.0767	-0.084	-0.8509	0.0065606926582466845	-0.0010524335389525807	-0.0011519173063162574	1.02359605	35.16776657	0.93235608	0.21433337681398248	0.157934	0.02651
-0.0728	-0.1445	-0.9204	0.007368780101920059	-0.001254891732183923	-0.0011379546723003027	0.96976584	33.31831741	0.90931183	0.1851254135460336	0.151421	0.02366
-0.0693	-0.1345	-0.9441	0.007148868616168773	-0.0014276793281313615	-0.0010349802464326373	0.97933626	33.64712906	0.91414564	0.06198367537831954	0.147103	0.02247
-0.0862	-0.0479	-0.8532	0.005602506898901799	-0.0014643312424232424	-0.0012601277199399059	1.01037598	34.71356201	0.96462224	0.2848080552533063	0.154662	0.02518
-0.0908	-0.0911	-0.8051	0.006143558967020039	-0.001022762941668677	-0.0011746065865921838	1.00772285	34.62240982	0.96507222	0.1493070751110263	0.163542	0.02824
-0.0949	-0.0866	-0.7306	0.006380923745291268	-0.0009389871375729493	-0.0012409290981679683	1.05489135	36.24298096	1.03549322	0.10247315469713705	0.175913	0.03426
-0.0862	-0.0065	-0.6216	0.005489060497522166	-0.0006824237375297829	-0.0013788101090755204	1.17294419	40.29893112	1.15142306	0.262115382935991	0.18891	0.04085
-0.076	-0.1277	-0.6864	0.005824163713905078	-0.000778416846389471	-0.0011536626355682519	1.0761261	36.97254562	1.03755803	0.22901218993749337	0.180479	0.0359
-0.0771	-0.1226	-0.6919	0.005763077190085277	-0.0010035643198967395	-0.0011623892818282235	0.95556468	32.83040619	0.89732138	0.026448032179352023	0.18034	0.03558
-0.0858	-0.0684	-0.6202	0.004696681017116741	-0.0008656833089891874	-0.0012304571226560022	1.12874472	38.78036499	0.95610301	0.1982172512351933	0.18862	0.03968
-0.0806	-0.1114	-0.6845	0.005534439058074019	-0.0009354964790689606	-0.0011676252695842063	1.06560552	36.6110878	0.94602959	0.1610201532054424	0.181259	0.03597
-0.0731	-0.1173	-0.7091	0.006174974893555937	-0.0009704030641088471	-0.0011466813185602744	1.02662957	35.27198792	0.91998322	0.07281931857728681	0.178287	0.03493
-0.0738	-0.0286	-0.5916	0.004743804906920588	-0.0007120943348136865	-0.0012514010736799342	1.06228328	36.49694443	1.03233449	0.2966099235525084	0.192926	0.04163
-0.0726	-0.0854	-0.6485	0.005391322059410484	-0.0006649704450098395	-0.0013037609512397642	1.03202772	35.45745468	0.94139369	0.15225004599267855	0.187523	0.03872
-0.062	-0.112	-0.7098	0.006133086991508073	-0.0006754424205218055	-0.0011047934165124105	1.00302112	34.46087265	0.93196694	0.14606022211684547	0.179247	0.03453
-0.0668	-0.073	-0.6442	0.0053162729015747276	-0.0005201081170943102	-0.0011763519158441782	0.98629481	33.88620377	0.91846049	0.1615853446346304	0.185594	0.03729
-0.0678	-0.0404	-0.6297	0.00466002910282486	-0.0005742133239061344	-0.0012636183784438947	0.98327309	33.78238678	0.9249192	0.08798077340807037	0.185624	0.03723
-0.0639	-0.124	-0.7158	0.005611233545161769	-0.0007225663103256524	-0.0011711159280881952	0.99680799	34.24740601	0.93836942	0.2332029939556063	0.178004	0.034
-0.0655	-0.0893	-0.7072	0.005679301385989549	-0.0006492624817418905	-0.0011763519158441782	0.96336383	33.09836197	0.89252904	0.052230382858376175	0.179425	0.03488
-0.0746	-0.0548	-0.6431	0.004972443038931845	-0.0005899212871740833	-0.0013404128655316449	1.0336628	35.51362991	0.94898159	0.15421302456564895	0.187246	0.03786
-0.0715	-0.1266	-0.7082	0.0058695422744569304	-0.000890117918517108	-0.001291543646475804	1.04957008	36.06015778	0.9528002	0.2023082542961976	0.179219	0.03465
-0.0731	-0.0978	-0.7075	0.005995205980600523	-0.0009634217471008699	-0.0013456488532876281	0.96681595	33.21696854	0.90556973	0.043753637076958944	0.178884	0.03477
-0.0802	-0.0508	-0.6263	0.005052728184523583	-0.000905825881785057	-0.001452113937659282	1.00003314	34.35821152	0.9683622	0.19062693728822033	0.188996	0.03963
-0.0734	-0.1083	-0.7112	0.005850343652684992	-0.0009442231253289323	-0.0013945180723434693	0.99478656	34.17795563	0.95694887	0.1938804288510549	0.17735	0.03392
-0.0784	-0.0815	-0.6793	0.005574581630869889	-0.0009197885158010115	-0.0013910274138394805	0.94759429	32.55656815	0.90770804	0.07888436449235066	0.179775	0.03526
-0.0835	-0.0465	-0.623	0.004956735075663896	-0.000804596785169386	-0.0014643312424232424	0.97657847	33.55237961	0.96027174	0.13671710572106907	0.187547	0.03979
-0.0741	-0.1204	-0.7309	0.006201154832335853	-0.0009791297103688187	-0.0013194689145077131	1.05636883	36.29374313	0.99564197	0.269390750489346	0.175554	0.0332
-0.075	-0.0944	-0.7079	0.0060301125656404084	-0.0010314895879286487	-0.0013386675362796509	1.01069093	34.72438431	0.90591694	0.062030038301360654	0.176536	0.03406
-0.0792	-0.0242	-0.6293	0.005085889440311476	-0.000778416846389471	-0.0014416419621473165	0.98126763	33.71348572	0.96555429	0.2180135146367888	0.185612	0.0384
-0.077	-0.1176	-0.7112	0.0061453042962720346	-0.0008883725892651138	-0.001329940890019679	1.08076811	37.13203049	0.96315218	0.24155358354819204	0.178086	0.03458
-0.0765	-0.113	-0.7522	0.0063721970990312975	-0.0010262536001726657	-0.001270599695451872	0.98868805	33.96842957	0.89484765	0.06730575041173101	0.171535	0.03167
-0.0906	-0.0531	-0.644	0.005434955290710342	-0.0010506882097005862	-0.0014608405839192536	1.01494718	34.87061691	0.97287123	0.23979586531581287	0.184287	0.03821
-0.0868	-0.0762	-0.6983	0.0058171823968971	-0.0011798425743481666	-0.0014835298641951804	1.09765077	37.71207047	0.93016033	0.10790353755551328	0.17848	0.03517
-0.0893	-0.1093	-0.7434	0.006014404602372459	-0.0013020156219877698	-0.0015690509975429022	0.97258848	33.41529465	0.9215171	0.10094581932313412	0.173854	0.03266
-0.0874	-0.0407	-0.6639	0.005574581630869889	-0.0010524335389525807	-0.001616174887346749	1.06920683	36.7348175	0.97317293	0.18682644721708025	0.182735	0.03708
-0.0744	-0.1227	-0.8267	0.0064001223670632065	-0.0015917402778188286	-0.0013596114873035826	1.14564455	39.36099625	1.12815299	0.33887054375513653	0.159743	0.02733
-0.0657	-0.0751	-0.8027	0.0064071036840711824	-0.0012932889757277981	-0.0014067353771074296	1.0307585	35.41384506	0.99150335	0.09792782544514272	0.164074	0.02915
-0.0638	-0.1094	-0.8581	0.006529276731710787	-0.0011205013797803594	-0.001403244718603441	1.01978719	35.03690338	0.98479347	0.1065225651045516	0.15664	0.02607
-0.0547	-0.1536	-0.9581	0.007824311036690578	-0.0014538592669112763	-0.0012356931104119853	1.00140834	34.40546036	0.97253238	0.24309719001510813	0.145243	0.02233
-0.0634	-0.0623	-0.8485	0.006750933546714066	-0.0011693705988362008	-0.0013334315485236678	1.03326154	35.4998436	1.0056775	0.28238022980816346	0.156844	0.02662
-0.0677	-0.093	-0.9165	0.0069481557521894255	-0.0012409290981679683	-0.0012636183784438947	1.02717304	35.29066086	0.93197744	0.11992969374434492	0.148502	0.02303
-0.0636	-0.1288	-0.9696	0.007593927575427327	-0.0013910274138394805	-0.0012304571226560022	1.11427677	38.28329086	0.92188808	0.1344515697348653	0.144852	0.02173
-0.0723	-0.0938	-0.8738	0.006857398631085722	-0.001186823891356144	-0.0013596114873035826	1.13448405	38.97755432	0.98616552	0.19299434157362608	0.154209	0.02532
-0.0687	-0.0524	-0.8808	0.006778858814745977	-0.0010035643198967395	-0.001329940890019679	1.06859195	36.71369553	0.95457939	0.06657349925415267	0.153584	0.02517
-0.0614	-0.1389	-0.9427	0.007510151771331601	-0.0012060225131280816	-0.0013002702927357754	1.06464589	36.57811737	0.97158222	0.20387108735504345	0.149066	0.02269
-0.0677	-0.1118	-0.9059	0.007370525431172054	-0.0013055062804917586	-0.0013753194505715315	1.15186465	39.5746994	0.93573062	0.08590796326794892	0.152379	0.02394
-0.0621	-0.0697	-0.8834	0.006825982704549823	-0.0010943214410004448	-0.001387536755335492	0.98923486	33.98721695	0.92470965	0.1085972435438753	0.15349	0.02458
-0.0537	-0.1497	-0.9778	0.0077213366108229145	-0.0013473941825396225	-0.001291543646475804	1.11340165	38.25322342	0.9481454	0.2450209878335979	0.144733	0.02102
-0.0557	-0.1357	-0.9815	0.0075729836244033955	-0.001335176877775662	-0.0013072516097437528	1.06496334	36.58902359	0.87733202	0.028513912722571477	0.142337	0.02029
-0.0652	-0.0687	-0.8774	0.006653195108602383	-0.0010995574287564276	-0.001473057888683214	1.00156868	34.41096878	0.93788621	0.24666071218798544	0.154379	0.02514
-0.0567	-0.1234	-0.9706	0.0076270888312152205	-0.0011449359893082802	-0.0013456488532876281	1.18387842	40.67459869	0.95161312	0.21373406592801383	0.145175	0.02168
-0.0566	-0.1505	-1.0205	0.008052949168701836	-0.0013735741213195373	-0.0012950343049797925	0.98581046	33.86956406	0.89788973	0.11235565089028532	0.140883	0.01989
-0.067	-0.0809	-0.9295	0.007084291433844983	-0.0012339477811599909	-0.001504473815219112	1.04535234	35.91524887	0.96266781	0.2368861792627859	0.15024	0.02365
-0.0615	-0.118	-0.9811	0.0075834555999153615	-0.001356120828799594	-0.0014660765716752368	1.02599156	35.25006866	0.91982328	0.12718672286269284	0.14246	0.02103
-0.0578	-0.125	-1.0073	0.007845254987714512	-0.0014276793281313615	-0.0014259339988793671	0.953408	32.75630951	0.90176457	0.05557502299633951	0.139432	0.01956
-0.0713	-0.0554	-0.9067	0.007033676885537148	-0.001270599695451872	-0.0015481070465189703	1.02986264	35.38306808	0.98223405	0.23824153912482296	0.150132	0.02362
-0.0638	-0.1151	-1.0032	0.007796385768658669	-0.0013194689145077131	-0.001467821900927231	1.00233829	34.43741226	0.9590106	0.2082931623884552	0.137336	0.01958
-0.059	-0.1583	-1.0574	0.008147196948309529	-0.001553343034274953	-0.0014486232791552935	0.98786765	33.94024277	0.92058263	0.13239419605950167	0.132533	0.01773
-0.0697	-0.0758	-0.9507	0.007333873516880173	-0.001254891732183923	-0.0015655603390389136	1.02679443	35.27765274	0.97857529	0.2613355896702002	0.143793	0.02156
-0.0639	-0.1166	-1.0266	0.007976154681614086	-0.0013055062804917586	-0.0014922565104551516	0.96825194	33.26630402	0.91188257	0.16080997708127548	0.134625	0.0183
-0.0608	-0.1476	-1.0797	0.008426449628628624	-0.0013927727430914749	-0.001382300767579509	0.98405194	33.80914688	0.88897227	0.11957585762449505	0.130185	0.01677
-0.0666	-0.0808	-0.9702	0.007346090821644133	-0.0011501719770642632	-0.0014643312424232424	1.04797804	36.00545883	0.95821391	0.252349502392772	0.140885	0.02062
-0.0629	-0.087	-0.9952	0.007648032782239152	-0.0011763519158441782	-0.0014451326206513049	0.96949959	33.30916977	0.88865485	0.05226602605734358	0.137935	0.01957
-0.0575	-0.1521	-1.0745	0.008506734774220362	-0.0013665928043115599	-0.0013735741213195373	1.00221062	34.43302536	0.91696469	0.205825068989018	0.130388	0.01694
-0.0703	-0.0982	-1.0052	0.0077440258910988395	-0.0014556045961632708	-0.0015306537539990272	1.07227826	36.84034348	0.93112636	0.18644001538263605	0.13738	0.01935
-0.0656	-0.0975	-1.0684	0.00830776723949301	-0.0013177235852557187	-0.001481784534943186	0.97704971	33.56856918	0.92041708	0.10612457891787808	0.129298	0.01694
-0.0635	-0.1581	-1.1188	0.008607963870836035	-0.0017749998492782332	-0.0014259339988793671	1.03251672	35.47425461	0.92677989	0.15376617157146796	0.125072	0.01567
-0.0646	-0.0739	-0.9518	0.007958701389094143	-0.001158898623324235	-0.00147131255943122	1.16529298	40.03605652	1.07378271	0.31783711341238724	0.144103	0.02218
-0.0406	-0.1892	-1.2877	0.00955044166691297	-0.001129228026040331	-0.0012932889757277981	1.37062407	47.09063339	1.33143868	0.5651717229403078	0.104028	0.00929
-0.051	-0.1488	-1.2172	0.009176941206986184	-0.0011344640137963143	-0.0014556045961632708	1.03298557	35.49036407	0.96680867	0.1483526034059121	0.112304	0.01149
-0.0569	-0.078	-1.1559	0.00855385866402421	-0.0009634217471008699	-0.0014905111812031574	1.02067018	35.06724167	0.95254657	0.1794515697348654	0.117609	0.01345
-0.0527	-0.1726	-1.2495	0.00933227551041368	-0.0011082840750163993	-0.0013840460968315032	1.18514574	40.71813965	0.95715155	0.24388721293383275	0.109153	0.01053
-0.0535	-0.1403	-1.2036	0.009339256827421658	-0.0011239920382843482	-0.0013578661580515882	1.17272758	40.29148865	0.92430359	0.08144346095279216	0.112433	0.01158
-0.0487	-0.07	-1.0708	0.008503244115716374	-0.0006667157742618339	-0.0014416419621473165	1.08647239	37.32801437	1.01283105	0.2767532389911764	0.129643	0.01698
-0.0472	-0.1245	-1.1185	0.008154178265317507	-0.0007190756518216638	-0.0014067353771074296	1.10717881	38.0394249	0.9461512	0.12551661564992925	0.121866	0.01383
-0.0497	-0.1591	-1.2133	0.009149015938954275	-0.0009180431865490173	-0.00124965574442794	1.05079448	36.10222626	0.91283212	0.19944424205218053	0.112535	0.01177
-0.031	-0.0964	-1.0099	0.007702137989050977	-0.0001605702911834783	-0.001387536755335492	1.21694732	41.81074905	1.1017554	0.40191159280881944	0.137432	0.01895
-0.023	-0.1401	-1.0753	0.008422958970124635	-0.0001658062789394613	-0.0013369222070276565	1.09947824	37.77485657	0.96834483	0.15593357585687373	0.128767	0.01608
-0.0224	-0.1838	-1.162	0.009393362034233481	-0.0003054326190990077	-0.0012060225131280816	1.02593219	35.2480278	0.92171446	0.1930464549083984	0.120999	0.01357
-0.0287	-0.1556	-1.1298	0.009363691436949578	-0.0002600540585471551	-0.0011850785621041497	0.98865455	33.96727753	0.90948306	0.07149965544298442	0.124075	0.01461
-0.0306	-0.0977	-1.0307	0.008728391589223642	-0.000158824961931484	-0.001291543646475804	1.0465076	35.9549408	0.96137305	0.20104970143566295	0.134078	0.01813
-0.0312	-0.156	-1.1237	0.009299114254625788	-0.0003298672286269283	-0.00124965574442794	1.10384119	37.9247551	0.92413582	0.19108264170727268	0.125556	0.01497
-0.0372	-0.1411	-1.1403	0.009236282401553992	-0.00032637657012293966	-0.001228711793404008	0.97554833	33.51698685	0.89604855	0.041863323129986016	0.12262	0.01443
-0.0427	-0.1032	-1.0875	0.008660323748395862	-0.00032463124087094524	-0.0013578661580515882	1.02263558	35.13476562	0.90540011	0.1315429173528854	0.127685	0.01638
-0.0358	-0.1529	-1.1902	0.00946142987506126	-0.0005148721293383271	-0.0011641346110802177	1.03143382	35.43704987	0.92531534	0.21855392810520752	0.115891	0.01255
-0.0397	-0.1519	-1.1865	0.00938463538797351	-0.0007278022980816354	-0.0012356931104119853	0.98676378	33.90231705	0.89756202	0.02666415775814112	0.117638	0.01309
-0.0415	-0.105	-1.1202	0.008826130027335325	-0.00038571776469074686	-0.0013753194505715315	1.05171371	36.13380432	0.9393275	0.16701081170943102	0.124658	0.01521
-0.0302	-0.1656	-1.2036	0.009644689446520666	-0.0005637413483941684	-0.001256637061435917	0.98672545	33.90100098	0.92391958	0.2110632696012188	0.114499	0.01194
-0.0328	-0.1577	-1.1786	0.009443976582541317	-0.0005881759579220891	-0.0013107422682477415	0.98799914	33.94475937	0.91422487	0.0494626340159546	0.117226	0.01276
-0.0316	-0.1264	-1.1439	0.009274679645097867	-0.00042935099599060504	-0.0013700834628155487	1.01726151	34.95013046	0.93364974	0.08657315469713725	0.119913	0.01376
-0.0264	-0.2065	-1.2508	0.009897762188059843	-0.0006736970912698113	-0.001291543646475804	1.03040063	35.40155029	0.95194608	0.2394984227290464	0.109113	0.01037
-0.0316	-0.1524	-1.2006	0.009548696337660976	-0.0005724679946541401	-0.001387536755335492	0.99921757	34.33019257	0.92541703	0.13681440279371132	0.113623	0.01153
-0.0253	-0.121	-1.2059	0.009587093581204851	-0.00042935099599060504	-0.0013334315485236678	0.95792317	32.91143799	0.90009832	0.05478097245096181	0.112427	0.01146
-0.019	-0.181	-1.2702	0.010215412111922811	-0.0005497787143782138	-0.001192059879112127	1.02955186	35.37239075	0.92136965	0.17510589592585551	0.105969	0.00974
-0.0274	-0.1121	-1.1539	0.009299114254625788	-0.0002740166925631097	-0.001329940890019679	1.10258579	37.88162231	0.95816804	0.26009704450098403	0.118774	0.01339
-0.0206	-0.1446	-1.2218	0.009852383627507991	-0.00038397243543875244	-0.0012636183784438947	1.03499055	35.55924606	0.91450708	0.14367738136668157	0.111785	0.01111
-0.0238	-0.1701	-1.2423	0.010189232173142895	-0.00047647488579445195	-0.0012479104151759456	0.99929917	34.33299637	0.90586961	0.0714529479629276	0.108786	0.01016
-0.0356	-0.1049	-1.1663	0.009468411192069237	-0.00045553093477052	-0.0014259339988793671	0.97474658	33.48944092	0.93136716	0.1989894257900507	0.118452	0.01341
-0.0307	-0.1646	-1.2382	0.009890780871051866	-0.0005619960191421741	-0.0013753194505715315	0.99028504	34.02329636	0.91753077	0.16547246558310602	0.109519	0.01068
-0.033	-0.1483	-1.2398	0.009751154530892318	-0.0004729842272904633	-0.0013055062804917586	0.96332818	33.09713745	0.881756	0.03512256510455166	0.108941	0.01085
-0.0356	-0.1199	-1.1933	0.00956614963018092	-0.0002705260340591211	-0.001429424657383356	1.08837986	37.39354706	0.93013085	0.10306907354171677	0.115582	0.01265
-0.0141	-0.2282	-1.3916	0.008803440747059398	-0.0008290313946973065	-0.0011763519158441782	1.44373846	49.60263062	1.20938801	0.40681434926494414	0.0930284	0.00662
0.1974	-0.3556	-2.096	0.011304497565167273	-0.0009285151620609833	-0.00021642082724729686	2.66508698	91.56459045	2.37264549	1.2213235837034215	0.040769	0.00458
0.324	-0.2578	-2.1221	0.01691922176883303	0.000307177948351002	-0.0001361356816555577	2.06293416	70.87638092	2.08199883	0.5970351229834742	0.0399972	0.0076
0.2032	-0.2744	-2.0526	0.014819590678683851	-0.0009948376736367678	0.0001658062789394613	1.57570148	54.13649368	1.4336188	0.3920794336365985	0.0277606	0.00042
0.1697	-0.2224	-2.214	0.012864821916450202	-0.0009512044423369096	0.0002373647782712288	1.45310152	49.92431641	1.25044745	0.35039802464326364	0.0178255	0.00011
0.2047	-0.3084	-2.3355	0.01308996938995747	-0.0009913470151327792	0.001291543646475804	1.30338609	44.78053284	1.15787357	0.3084734457253858	0.0197335	0.00054
0.203	-0.2051	-2.3013	0.012789772758614447	-0.0008290313946973065	0.001165879940332212	1.27365494	43.75905609	1.08027531	0.16860879789610464	0.0184751	0.00028
0.2062	-0.1426	-2.2586	0.013522811044452066	-0.0008517206749732328	0.0011397000015522971	1.37609553	47.27861786	1.01375979	0.147495375244673	0.0180009	0.00011
0.2151	-0.2113	-2.3122	0.013807299712527142	-0.0008133234314293575	0.0010629055144645468	1.13044739	38.83886719	0.97817855	0.15118401993533492	0.0161425	0.00012
0.2231	-0.2724	-2.3587	0.014219197415997802	-0.0006387905062299246	0.001064650843716541	1.00092208	34.3887558	0.91334181	0.14500879789610432	0.016913	0.0001
0.2145	-0.2435	-2.2531	0.01319817980358112	-0.0005672320068981572	0.0009651670763528643	1.07570839	36.95819473	0.94724997	0.20270299395560623	0.0163548	9e-05
0.2285	-0.2894	-2.3241	0.013585642897523861	-0.00047822021504644627	0.0010960667702524388	1.34651029	46.26215363	0.94625805	0.16126872898470154	0.0176491	0.00063
0.2244	-0.3009	-2.3347	0.013336060814488671	-0.0005131268000863328	0.0011257373675363424	1.27899051	43.94237137	0.9077285	0.04190796326794918	0.0174148	0.00025
0.2104	-0.2443	-2.2761	0.012901473830742085	-0.0004328416544945937	0.001059414855960558	1.14173436	39.22665405	0.93624018	0.1582597320457057	0.0177904	0.00018
0.2122	-0.2319	-2.2733	0.012849113953182252	-0.0003054326190990077	0.0010140362954087054	1.04379535	35.86175537	0.90752417	0.028257373675363663	0.017723	0.00024
0.216	-0.2376	-2.3301	0.012629202467430968	-0.0005131268000863328	0.0011362093430483087	1.03724754	35.63679123	0.9828439	0.09378893571891059	0.0189335	0.00013
0.206	-0.1982	-2.2927	0.012144000935376544	-0.0005707226654021458	0.0010349802464326373	1.04912257	36.04478073	0.9597011	0.11900132469929532	0.0181381	0.00011
0.2086	-0.2175	-2.2994	0.012233012727228255	-0.0005532693728822024	0.0010838494654884787	1.07072604	36.78701401	0.90412883	0.036366715171374735	0.0168992	4e-05
0.213	-0.2384	-2.342	0.01219461548368438	-0.0006736970912698113	0.0011501719770642632	0.9964186	34.23402786	0.90139238	0.0791573736753636	0.0170717	4e-05
0.2049	-0.2127	-2.3327	0.01183158699926956	-0.0005881759579220891	0.0010192722831646884	1.0043962	34.50811386	0.90813244	0.07207246558310595	0.0159492	6e-05
0.1981	-0.1634	-2.2912	0.011245156370599465	-0.0007155849933176752	0.000895353906273091	0.9792493	33.64414215	0.91348778	0.139487902047864	0.0150843	1e-05
0.2006	-0.2331	-2.3816	0.011274826967883369	-0.000900589894029074	0.000900589894029074	1.11624777	38.35100937	0.95709232	0.17359557428756453	0.0167277	3e-05
0.1984	-0.2139	-2.3748	0.011213740444063565	-0.0009040805525330626	0.000895353906273091	1.08552873	37.29559326	0.89260723	0.0316906585039889	0.0160024	0.0
0.1909	-0.1678	-2.3489	0.010955431714768408	-0.0008831366015091308	0.0008290313946973065	0.96429813	33.13046265	0.89393185	0.09677875959474375	0.0151396	0.0
0.1961	-0.2083	-2.4037	0.011388273369263	-0.000895353906273091	0.0009040805525330626	0.99946159	34.33857727	0.90607668	0.1265054058547156	0.0166727	2e-05
0.1898	-0.179	-2.3703	0.010854202618152736	-0.0009791297103688187	0.0008220500776893293	1.00609553	34.5664978	0.88972338	0.10399385150248656	0.0161791	1e-05
0.1855	-0.1589	-2.3492	0.010941469080752452	-0.001155407964820246	0.0007138396640656808	0.99186885	34.07771301	0.89639975	0.06408775653373927	0.015783	2e-05
0.1898	-0.2008	-2.41	0.01132369618693921	-0.0011536626355682519	0.0007278022980816354	0.99313837	34.12133026	0.91197319	0.12689675347273527	0.0167197	1e-05
0.1816	-0.1722	-2.3998	0.011342894808711148	-0.0012374384396639797	0.0006667157742618339	0.95067763	32.66250229	0.89560486	0.05520304748437355	0.0162218	0.0
0.1719	-0.1293	-2.3214	0.010299187916018537	-0.0013439035240356337	0.0005235987755982988	1.07041132	36.77620316	0.9472867	0.19566444878638983	0.0178504	4e-05
0.1775	-0.174	-2.378	0.010559241974565692	-0.0013648474750595659	0.0005393067388662478	1.05211484	36.14758682	0.92585369	0.1217352986419518	0.0166371	4e-05
0.1778	-0.175	-2.4073	0.010564477962321676	-0.001356120828799594	0.0005602506898901797	0.94800723	32.570755	0.89282188	0.032345329251994515	0.0185806	1e-05
0.1649	-0.1373	-2.2733	0.010752973521537063	-0.0012514010736799342	0.000598647933434055	1.23726821	42.50891495	1.07849198	0.2011806278939464	0.0178972	5e-05
0.1688	-0.2035	-2.3403	0.010808824057600882	-0.0011903145498601325	0.0005340707511102648	1.15158463	39.56507874	1.0215137	0.14617571211037073	0.0151527	1e-05
0.1752	-0.1922	-2.3515	0.010276498635742612	-0.001462585913171248	0.0005480333851262194	0.98710066	33.91389084	0.90790498	0.0698279709592671	0.0182647	2e-05
0.1642	-0.1557	-2.2779	0.010327113184050447	-0.0014573499254152652	0.00047647488579445195	1.09483206	37.61522675	0.96159544	0.1274704517697796	0.0162269	4e-05
0.1713	-0.2002	-2.3178	0.010684905680709284	-0.001322959573011702	0.000450294947014537	1.06022	36.42605591	0.92224055	0.11741813939211598	0.0150664	4e-05
0.1785	-0.1981	-2.3616	0.011119492664455872	-0.001335176877775662	0.0005340707511102648	0.99474347	34.17647552	0.88873649	0.07962900463031385	0.0149946	2e-05
0.1733	-0.1638	-2.2641	0.010934487763744474	-0.0011938052083641214	0.0004886921905584122	1.10025012	37.80137634	0.96932096	0.1555877565337397	0.0159749	4e-05
0.1804	-0.1816	-2.2885	0.011060151469888067	-0.0010786134777324957	0.0005445427266222308	1.06961811	36.74895096	0.93402469	0.06413529864195185	0.0148559	5e-05
0.1799	-0.2033	-2.3308	0.011156144578747754	-0.0011536626355682519	0.0005393067388662478	1.0088439	34.66092682	0.89167704	0.07331391272257134	0.0143875	2e-05
0.1668	-0.1745	-2.2857	0.010857693276656723	-0.001291543646475804	0.00047822021504644627	1.05722725	36.32323456	0.91102148	0.1118709418409194	0.0154421	6e-05
0.1726	-0.1689	-2.3038	0.010862929264412706	-0.0012409290981679683	0.0005183627878423159	1.06416833	36.56171036	0.91587552	0.03429965544298436	0.0148648	9e-05
0.1865	-0.2078	-2.3558	0.011316714869931232	-0.001181587903600161	0.0006038839211900379	1.04211783	35.80411911	0.90844253	0.1347323966717028	0.0148622	4e-05
0.1799	-0.1794	-2.3291	0.011039207518864133	-0.0010890854532444615	0.0005724679946541401	0.9759357	33.53029633	0.88877585	0.08177128639793475	0.014978	2e-05
0.1798	-0.1447	-2.2699	0.01064650843716541	-0.0010088003076527223	0.0005375614096142535	1.02289307	35.14361191	0.91608558	0.11939454061651757	0.0152959	1e-05
0.1903	-0.2135	-2.3454	0.011288789601899323	-0.0009878563566287904	0.0005969026041820607	1.04498398	35.90259171	0.93790168	0.1909283155162829	0.0152588	0.0
0.1868	-0.1956	-2.358	0.011388273369263	-0.001054178868204575	0.0006370451769779302	0.99980372	34.35033035	0.8700404	0.044297442586766496	0.0153068	1e-05
0.1648	-0.153	-2.3085	0.011016518238588208	-0.0011728612573401894	0.0005131268000863328	0.97159308	33.38109589	0.90368772	0.14481779483510027	0.0149572	1e-05
0.1731	-0.1901	-2.3672	0.011278317626387358	-0.0011885692206081383	0.0005480333851262194	1.11363685	38.26130295	0.90637925	0.11972069680534926	0.0154853	2e-05
0.1744	-0.2011	-2.384	0.011430161271310866	-0.0012269664641520136	0.000598647933434055	1.00129652	34.40161896	0.89184864	0.04114277183876085	0.0157646	0.0
0.1562	-0.1543	-2.3001	0.010653489754173387	-0.0013037609512397642	0.00033684854563490564	1.0529846	36.17747116	0.93496358	0.2046632696012188	0.0143173	1e-05
0.1601	-0.1637	-2.3484	0.011007791592328238	-0.001439896632895322	0.00035430183815484887	0.9594149	32.96268845	0.8896193	0.08699454061651737	0.0141445	1e-05
0.1572	-0.1838	-2.3522	0.010943214410004447	-0.001500983156715123	0.00033684854563490564	0.94965482	32.6273613	0.87967062	0.03395584993317676	0.01428	1e-05
0.1526	-0.1431	-2.2889	0.010547024669801732	-0.00152367243699105	0.0002897246558310587	1.06392324	36.55329132	0.93431313	0.13190014551412427	0.0149615	0.0
0.1552	-0.1986	-2.3567	0.011236429724339494	-0.001595230936322817	0.0003193952531149623	1.07323003	36.87304306	0.93429412	0.16543170755767167	0.0141745	0.0
0.1436	-0.1555	-2.3102	0.010918779800476527	-0.0016720254234105676	0.0002007128639793479	0.97840595	33.61516571	0.89836092	0.1268563400043166	0.0141312	4e-05
0.1424	-0.1513	-2.303	0.010560987303817687	-0.001673770752662562	0.000148352986419518	1.005651	34.55122757	0.88988099	0.03319488517353332	0.0144765	1e-05
0.1466	-0.1937	-2.3519	0.010925761117484502	-0.001710422666954443	0.0002181661564992912	0.97870505	33.6254425	0.90013135	0.11906194490192364	0.0149261	0.0
0.1409	-0.1608	-2.2819	0.010590657901101592	-0.0016790067404185449	0.0001308996938995747	1.02046049	35.06003571	0.91295099	0.1312892802759265	0.0148794	3e-05
0.1366	-0.1417	-2.2777	0.010395181024878226	-0.0017837264955382047	3.839724354387525e-05	0.96665597	33.21147156	0.9005295	0.047234954084936255	0.0150664	2e-05
0.1293	-0.1954	-2.3382	0.010918779800476527	-0.0021170843826691216	-3.141592653589793e-05	1.06678629	36.6516571	0.90747728	0.16783849164044976	0.0154566	2e-05
0.1173	-0.134	-2.2628	0.010088003076527224	-0.0020176006153054447	-0.00018675022996339323	1.03670907	35.61828995	0.923391	0.20307973973702387	0.0165572	2e-05
0.1261	-0.1722	-2.376	0.010677924363701307	-0.0020996310901491783	-5.93411945678072e-05	1.12023771	38.48809052	1.01171448	0.20016803987067008	0.0174765	7e-05
0.1126	-0.1592	-2.2104	0.00998153799215557	-0.0021118483949131386	-7.155849933176751e-05	1.42234802	48.86771774	1.26812282	0.2281410490536828	0.0213568	7e-05
0.1235	-0.0978	-2.1499	0.00922755575529402	-0.0018465583486100008	-4.18879020478639e-05	1.31030977	45.01840973	1.2021001	0.18524714402242928	0.0204765	0.0001
0.1409	-0.2247	-2.2732	0.010088003076527224	-0.001963495408493621	1.7453292519943296e-05	1.11272848	38.23009491	1.05069624	0.3194362787842315	0.0167266	6e-05
0.147	-0.181	-2.2939	0.010389945037122244	-0.0020525072003453313	1.5707963267948964e-05	1.01360846	34.82462311	0.91838094	0.09013495408493596	0.0167683	6e-05
0.1447	-0.1433	-2.2748	0.010344566476570392	-0.0019006635554218248	-0.00010995574287564276	1.05957651	36.40394974	0.95647533	0.07524429558094739	0.0172567	4e-05
0.1534	-0.1937	-2.3828	0.010470230182713982	-0.002033308578573394	-4.71238898038469e-05	1.12183344	38.54291534	1.00015999	0.18315702911834783	0.0185037	4e-05
0.1532	-0.1722	-2.3569	0.010742501546025098	-0.001858775653373961	3.839724354387525e-05	1.09919584	37.76515198	0.93796129	0.07421627109291362	0.0178012	7e-05
0.1494	-0.1151	-2.3067	0.009817477042468103	-0.0016667894356545846	-2.094395102393195e-05	1.2085284	41.52149963	1.04424159	0.16991759579220872	0.019272	0.00031
0.1606	-0.2704	-2.3953	0.009176941206986184	-0.0017313666179783749	0.0002443460952792061	1.50861526	51.83160782	1.18366159	0.3036201532054424	0.0233775	0.00083
0.1814	-0.0739	-2.4548	0.011224212419575533	-0.0018360863730980347	0.00047647488579445195	1.49086583	51.22179031	1.2437207	0.39600598791121266	0.0234753	0.00038
0.1895	-0.0592	-2.3405	0.011515682404658587	-0.0022322761133007477	0.00024260076602721178	1.27885795	43.93781662	1.12896529	0.18317669225265043	0.0202167	0.00041
0.1726	-0.2287	-2.4967	0.011442378576074823	-0.0014172073526193955	0.000582939970166106	1.54489923	53.07821655	1.23664997	0.40403558967020065	0.0230211	0.00053
0.1512	-0.1568	-2.3726	0.009456193887305276	-0.001158898623324235	0.0006998770300497262	1.39963591	48.08739471	1.10209853	0.3354715238974167	0.019262	0.00013
0.1444	-0.0741	-2.2038	0.008349655141540872	-0.001256637061435917	0.000710349005561692	1.23396504	42.3954277	1.12765962	0.31903745796940214	0.0201444	0.00011
0.1407	-0.2116	-2.2702	0.009438740594785333	-0.001778490507782222	0.0006981317007977319	1.07600164	36.96826935	1.02719791	0.28875781021773617	0.0170305	2e-05
0.1418	-0.1795	-2.2978	0.009306095571633765	-0.0020001473227855013	0.0006632251157578452	0.99185997	34.07740784	0.92923738	0.0802604211597368	0.0171809	3e-05
0.1423	-0.1419	-2.2166	0.008930849782454984	-0.0017697638615222502	0.0005654866776461627	1.30129576	44.70871735	0.97240731	0.15446838442768568	0.0192847	0.00018
0.1457	-0.211	-2.3173	0.009505063106361117	-0.0018797196043978928	0.0005323254218582705	1.1759845	40.40338898	0.99432323	0.2090665161284832	0.0177528	0.00017
0.1466	-0.1778	-2.3275	0.009627236154000721	-0.001932079481957723	0.0004939281783143952	0.9948898	34.1815033	0.90534088	0.05494650843716567	0.017719	7e-05
0.1391	-0.1268	-2.2123	0.008740608893987603	-0.0018570303241219666	0.0003647738136668148	1.13506556	38.99753189	0.98208523	0.22824153912482295	0.0200629	6e-05
0.1465	-0.1696	-2.2849	0.009049532171590598	-0.0018500490071139892	0.0003682644721708035	1.08456433	37.2624588	0.95648511	0.13876976265574809	0.0182514	5e-05
0.1514	-0.1711	-2.3185	0.009368927424705562	-0.0019495327744776662	0.000486946861306418	1.04642344	35.95204926	0.88841283	0.06687807048071259	0.0184524	5e-05
0.1438	-0.1415	-2.2352	0.008632398480363955	-0.0017453292519943296	0.00031415926535897925	1.02494848	35.2142334	0.93513675	0.17617600313861903	0.0200671	5e-05
0.1485	-0.1292	-2.2534	0.008545132017764237	-0.0016336281798666925	0.00028274333882308137	1.06999362	36.76185226	0.92567597	0.04671917306316282	0.0206766	9e-05
0.1546	-0.1741	-2.3034	0.008857545953871221	-0.0016859880574265225	0.00039269908169872416	1.10020614	37.79986572	0.90362315	0.12473647782712267	0.0198463	0.00012
0.1477	-0.1438	-2.2559	0.008522442737488312	-0.001595230936322817	0.00029496064358704166	0.96325988	33.09479141	0.9000139	0.11087993877991474	0.0205593	0.0001
0.1475	-0.1197	-2.2305	0.008398524360596713	-0.0015341444125030156	0.0002478367537831948	1.07175577	36.82239151	0.91517332	0.06130643952576222	0.0208791	7e-05
0.155	-0.1705	-2.2779	0.008920377806943018	-0.001574286985298885	0.0003874630939427412	1.10462844	37.9518013	0.91377274	0.14078111796508572	0.0192081	3e-05
0.1554	-0.1505	-2.2805	0.008834856673595294	-0.001514945790731078	0.00040666171571467877	0.91985083	31.60338402	0.86995358	0.031203047484373587	0.0194294	6e-05
0.1489	-0.122	-2.2196	0.008763298174263528	-0.0015847589608108511	0.00034557519189487725	1.01024139	34.7089386	0.91326393	0.10602290966156724	0.0197638	6e-05
0.155	-0.1586	-2.2795	0.008868017929383189	-0.0016039575825827887	0.00034208453339088857	1.00728214	34.60726929	0.9203616	0.10897045176977964	0.0189906	3e-05
0.146	-0.1221	-2.2315	0.008388052385084749	-0.0016126842288427606	0.0003438298626428829	0.98002142	33.67066956	0.8991117	0.11802187599052036	0.0193152	5e-05
0.1479	-0.1193	-2.2566	0.009236282401553992	-0.0017243853009703976	0.0004886921905584122	0.99307644	34.11920166	0.91528064	0.08503967082562057	0.0178013	4e-05
0.1327	-0.1824	-2.2603	0.010248573367710704	-0.0016964600329384882	0.0005951572749300663	1.07644391	36.98346329	1.00578627	0.1393340659280136	0.0166717	1e-05
0.1274	-0.1235	-2.182	0.00957487627644089	-0.0015882496193148398	0.0006056292504420323	1.08667207	37.3348732	1.02498058	0.18211897402027144	0.0168352	4e-05
0.1417	-0.2136	-2.3063	0.009698794653332489	-0.0016999506914424768	0.000635299847725936	1.12306821	38.58533859	1.02477605	0.2419645023151568	0.0160421	2e-05
0.141	-0.1642	-2.2828	0.009265952998837895	-0.0016493361431346415	0.0005166174585903216	1.000229	34.36494064	0.90035038	0.10370692959690204	0.0165274	4e-05
0.1387	-0.1288	-2.232	0.008717919613711676	-0.0014259339988793671	0.00047647488579445195	1.02400017	35.18164825	0.92652796	0.1290789051088679	0.0163819	3e-05
0.148	-0.1762	-2.3017	0.008517206749732328	-0.0013002702927357754	0.0006387905062299246	1.10815001	38.07279205	0.95444462	0.15083460952792027	0.0198336	1e-05
0.1505	-0.1964	-2.3615	0.009007644269542734	-0.0011623892818282235	0.0006981317007977319	1.1026535	37.88394928	0.92765875	0.11688298626428832	0.0191142	5e-05
0.1539	-0.136	-2.3327	0.0088645272708792	-0.0010786134777324957	0.0005619960191421741	1.02483404	35.21030045	0.91576353	0.11075142422074093	0.0189654	2e-05
0.1575	-0.1462	-2.3644	0.00894132175796695	-0.001129228026040331	0.0006038839211900379	1.16297042	39.95626068	0.90906539	0.05396484687217228	0.0215456	0.00021
0.1615	-0.1433	-2.3776	0.009196139828758124	-0.0012252211349000194	0.0006318091892219474	1.06875432	36.71927261	0.89779493	0.039036822384138886	0.0208609	8e-05
0.1599	-0.1462	-2.3524	0.009140289292694306	-0.0010925761117484504	0.0005707226654021458	1.03418875	35.53170013	0.88984893	0.042179104151759766	0.0197999	0.0001
0.1531	-0.0971	-2.274	0.008023278571417934	-0.00102799892942466	0.0004520402762665313	1.01132655	34.74622345	0.9317623	0.19931351463678856	0.0217918	7e-05
0.1635	-0.1846	-2.3397	0.008934340440958973	-0.0010245082709206715	0.0005811946409141118	1.02182889	35.10705185	0.92607419	0.21578534463463048	0.0194945	4e-05
0.1674	-0.1721	-2.3465	0.009185667853246156	-0.0010210176124166828	0.000635299847725936	0.96274245	33.07701492	0.86517617	0.03864616388014944	0.0195482	3e-05
0.1585	-0.1436	-2.2406	0.008936085770210968	-0.0009599310885968812	0.0005009094953223725	1.06767297	36.68212128	0.96135393	0.16555294796292727	0.0187317	2e-05
0.1672	-0.1596	-2.2648	0.008560839981032187	-0.000853466004225227	0.0005427973973702365	1.01766086	34.96384811	0.92214675	0.07507993877991491	0.0189958	4e-05
0.1651	-0.1793	-2.3229	0.009121090670922365	-0.001064650843716541	0.000577703982410123	0.93453908	32.10802841	0.87700948	0.12021710572106895	0.018023	4e-05
0.1615	-0.1499	-2.3075	0.009042550854582622	-0.0010890854532444615	0.0006213372137099814	0.97630322	33.54292297	0.88835076	0.05573038285837615	0.0182772	5e-05
0.1556	-0.1079	-2.2653	0.00856258531028418	-0.0010367255756846318	0.0004886921905584122	1.00739038	34.61098862	0.92780595	0.12334852225049228	0.0180677	4e-05
0.1654	-0.1591	-2.3349	0.009208357133522081	-0.001155407964820246	0.0005724679946541401	0.98656291	33.89541626	0.91952305	0.17301150082346248	0.0172251	4e-05
0.1578	-0.1483	-2.3339	0.009168214560726213	-0.0012461650859239514	0.0005358160803622592	0.93869829	32.25092697	0.87446639	0.02777758040957304	0.0166344	2e-05
0.1523	-0.1154	-2.2864	0.008585274590560106	-0.0012322024519079964	0.00042760566673861073	1.02421999	35.18920135	0.92248574	0.12115565089028534	0.0182024	3e-05
0.1562	-0.1631	-2.3469	0.009018116245054702	-0.0012932889757277981	0.0005393067388662478	1.00946784	34.6823616	0.91580468	0.14238146252210196	0.0172817	1e-05
0.1485	-0.128	-2.3236	0.008613199858592015	-0.0014049900478554352	0.000445058959258554	0.93529528	32.13401031	0.88260893	0.0966432619099012	0.0181093	4e-05
0.1481	-0.1185	-2.2992	0.008302531251737025	-0.0013962634015954637	0.00042236967898262774	0.98248041	33.75515366	0.8820374	0.05140422666954434	0.018357	4e-05
0.1532	-0.1409	-2.3401	0.008531169383748283	-0.001473057888683214	0.000486946861306418	1.01211393	34.77327347	0.88646089	0.08690049007114006	0.0188651	4e-05
0.1487	-0.1321	-2.3138	0.008491026810952413	-0.0014433872913993105	0.0004328416544945937	1.02604532	35.25191498	0.88088795	0.04579591884457988	0.0186071	5e-05
0.1466	-0.116	-2.272	0.008400269689848708	-0.001514945790731078	0.00034208453339088857	1.01899385	35.00964737	0.89935702	0.07265363707695917	0.018155	6e-05
0.1475	-0.157	-2.3313	0.008618435846348	-0.0016196655458507376	0.00041713369122664475	0.96156496	33.03656006	0.89244632	0.12109675347273569	0.0180069	4e-05
0.1348	-0.1327	-2.3074	0.00856258531028418	-0.0017697638615222502	0.00028274333882308137	0.9849683	33.84062958	0.88857825	0.07791696020694502	0.0189007	7e-05
0.12	-0.0893	-2.2439	0.007974409352362091	-0.0018133970928221085	5.061454830783555e-05	1.03288925	35.48705292	0.94256327	0.16489689898685955	0.0201082	5e-05
0.1324	-0.1478	-2.3315	0.008342673824532893	-0.0019495327744776662	0.00022863813201125715	1.01552987	34.89063644	0.94733605	0.1926211868764892	0.019639	9e-05
0.1263	-0.0954	-2.095	0.00976337183565628	-0.0017086773377024485	0.0004328416544945937	1.38154292	47.46577454	1.28291442	0.388287848519097	0.0233714	7e-05
0.1441	-0.1696	-2.1983	0.009157742585214249	-0.0016615534478986017	0.0005148721293383271	1.14710164	39.41105652	1.05614642	0.23203918075448052	0.0195344	5e-05
0.1544	-0.2269	-2.29	0.00986111027376796	-0.0016929693744344998	0.0006492624817418905	1.06690419	36.65570831	0.95540192	0.20275869837465857	0.0167824	4e-05
0.1462	-0.1716	-2.2045	0.009948376736367677	-0.0016074482410867775	0.000582939970166106	1.10649979	38.01609421	1.01224174	0.16095550537616127	0.0192804	0.0001
0.1331	-0.1112	-2.0894	0.009594074898212828	-0.0015184364492350666	0.0004485496177625427	1.18794942	40.81446838	1.07089914	0.21748519912050612	0.0230578	7e-05
0.1494	-0.1946	-2.1941	0.010288715940506572	-0.0014643312424232424	0.0005707226654021458	1.10684991	38.02812576	0.98391318	0.24794596483725884	0.0173753	1e-05
0.1533	-0.179	-2.1811	0.010199704148654861	-0.0014276793281313615	0.0005759586531581287	1.04434264	35.88055801	0.89876376	0.039044984694979065	0.0186308	6e-05
0.1462	-0.1443	-2.1329	0.009641198788016676	-0.0013421581947836393	0.000486946861306418	1.09124362	37.49193954	0.94383698	0.1266519142918809	0.0208182	0.00021
0.1596	-0.1914	-2.2034	0.009805259737704143	-0.0013456488532876281	0.0005899212871740833	1.0890069	37.41509247	0.95998649	0.144526301702956	0.0176587	0.00022
0.1577	-0.1712	-2.2007	0.009559168313172942	-0.0012514010736799342	0.0005951572749300663	0.98020673	33.67703629	0.88624061	0.04207875959474377	0.0175208	0.00014
0.1569	-0.1293	-2.1013	0.00907047612261453	-0.001048942880448592	0.0005340707511102648	1.05874693	36.37544632	0.94116446	0.1797118453804775	0.0217142	0.00025
0.1701	-0.188	-2.1827	0.009480628496833197	-0.001001818990644745	0.0007173303225696694	1.07424498	36.90791321	0.95321722	0.18532679177409583	0.0188699	0.00039
0.1731	-0.1811	-2.2018	0.009548696337660976	-0.0009861110273767962	0.0006789330790257941	1.08323395	37.2167511	0.88245473	0.03510865238198004	0.017296	5e-05
0.1631	-0.1454	-2.1112	0.009402088680493453	-0.0007470009198535729	0.0006283185307179585	1.09164798	37.50583267	0.9316524	0.15811661564992893	0.0202971	4e-05
0.1605	-0.1269	-2.1433	0.008740608893987603	-0.0006754424205218055	0.0007016223593017205	1.00149238	34.40834808	0.92331267	0.09351710572106872	0.0204453	0.0
0.161	-0.1812	-2.1948	0.00938463538797351	-0.0010210176124166828	0.0007731808586334879	1.03854895	35.6815033	0.91445545	0.15935800926062743	0.0176554	1e-05
0.1543	-0.1502	-2.1539	0.009000662952534759	-0.0010349802464326373	0.000645771823237902	1.05854166	36.36839294	0.89268529	0.10486720524251428	0.0194651	1e-05
0.132	-0.1169	-2.1407	0.008911651160683048	-0.0012077678423800758	0.0004747295565424576	0.96318895	33.09235382	0.9001262	0.09044208272473	0.0194249	4e-05
0.142	-0.1816	-2.2005	0.009222319767538036	-0.0013369222070276565	0.0005567600313861911	0.97968644	33.65916061	0.90840661	0.16059267231731517	0.0168498	1e-05
0.1406	-0.156	-2.1786	0.009047786842338604	-0.0012164944886400475	0.0004974188368183839	0.96967381	33.31515503	0.89101377	0.06661509190774245	0.0179834	1e-05
0.1409	-0.1413	-2.1495	0.008955284391982905	-0.001223475805648025	0.0004206243497306334	0.98292357	33.77037811	0.90490933	0.052913912722570976	0.018115	2e-05
0.1504	-0.1753	-2.214	0.009559168313172942	-0.0013596114873035826	0.0005794493116621174	0.96285796	33.08098221	0.90201138	0.15294222823885373	0.0153071	1e-05
0.1418	-0.1478	-2.166	0.00937241808320955	-0.001403244718603441	0.0004956735075663896	0.99588984	34.21586227	0.89004787	0.09980796326794895	0.0174751	0.0
0.1365	-0.1372	-2.1637	0.009339256827421658	-0.0014154620233674013	0.0004328416544945937	0.9802146	33.67730713	0.89697019	0.023610520681182422	0.0171074	1e-05
0.1473	-0.1803	-2.22	0.009857619615263971	-0.0014276793281313615	0.0004974188368183839	1.00816298	34.63753128	0.8993272	0.1399578637465034	0.01512	2e-05
0.1356	-0.1391	-2.1522	0.009417796643761401	-0.0014660765716752368	0.00035430183815484887	0.95126319	32.682621	0.89866691	0.15176686068549908	0.0169965	0.0
0.1448	-0.1599	-2.2046	0.009733701238372377	-0.0015306537539990272	0.0004677482395344803	1.14771676	39.43218994	0.90047345	0.10709640891571987	0.0160658	2e-05
0.1489	-0.1858	-2.2279	0.00982445835947608	-0.0015062191444711063	0.0005148721293383271	1.07307982	36.86788559	0.87661527	0.06141578102177345	0.0152246	0.0
0.1374	-0.1156	-2.1247	0.009197885158010117	-0.0015219271077390555	0.0002513274122871834	1.03700638	35.62850571	0.95769049	0.23019129408925296	0.0193562	6e-05
0.1374	-0.1656	-2.1767	0.00967086938530058	-0.001614429558094755	0.0003316125578789226	1.07452822	36.91764832	0.92962938	0.13428859116189515	0.0168437	1e-05
0.1377	-0.1908	-2.2191	0.00990474350506782	-0.0016702800941585732	0.0003106686068549907	0.99236804	34.09486389	0.8940369	0.08343343034274969	0.0155033	1e-05
0.1233	-0.1271	-2.1283	0.009508553764865106	-0.00182212373908208	0.0001658062789394613	1.0121845	34.77569962	0.93960476	0.20354478565208767	0.0184531	1e-05
0.1321	-0.1703	-2.2216	0.009859364944515966	-0.001748819910498318	0.0002652900463031381	1.09731197	37.70042801	0.93513751	0.17147993877991505	0.0154783	0.0
0.1295	-0.1674	-2.0185	0.011112511347447897	-0.0009878563566287904	0.0003822271061867582	1.44248593	49.55959702	1.27300211	0.3151523508342541	0.0282252	7e-05
0.1203	-0.1554	-2.0115	0.010993828958312283	-0.0003106686068549907	0.00031415926535897925	1.90054047	65.29701233	1.64758431	0.07139689898685976	0.0340202	0.00038
0.1242	-0.2817	-2.2941	0.010236356062946742	-0.0011711159280881952	0.0002652900463031381	1.72582734	59.29438019	1.55269954	0.49613947178272927	0.0171443	4e-05
0.1384	-0.2197	-2.3333	0.011044443506620118	-0.001069886831472524	0.0003054326190990077	1.0414921	35.78262329	0.96415261	0.16287295565424595	0.0153931	5e-05
0.1352	-0.1835	-2.2732	0.010859438605908718	-0.0008848819307611251	0.0003822271061867582	1.02713311	35.28928757	0.94827084	0.12184021442552732	0.0149707	4e-05
0.1341	-0.282	-2.3781	0.011999138607461015	-0.0010803588069844899	0.0005305800926062762	1.09661961	37.67664337	0.98401349	0.27867649320975874	0.0155084	2e-05
0.1436	-0.2472	-2.3076	0.012325515177583957	-0.0006562437987498679	0.000619591884457987	1.04962933	36.06219482	0.94207076	0.1567751685104637	0.0147725	4e-05
0.1509	-0.2387	-2.3018	0.012074187765296772	-0.0002600540585471551	0.0006318091892219474	1.29187405	44.38501358	0.95687907	0.0545867228626927	0.016874	0.00012
0.153	-0.3097	-2.3758	0.012707742283770713	-0.00045902159327450867	0.0006649704450098395	1.077196	37.00930405	0.96636728	0.19038416544945916	0.0166922	0.00015
0.1526	-0.2646	-2.3055	0.01273043156404664	-0.000450294947014537	0.0006230825429619757	1.10405946	37.93225479	0.94264535	0.1194651914291881	0.0164142	0.00012
0.1581	-0.2372	-2.244	0.01193979741289321	-0.000296705972839036	0.0006684611035138282	1.27125466	43.67658997	0.98989146	0.1438800842940388	0.0181286	0.00036
0.1717	-0.3412	-2.3848	0.012712978271526697	-0.0005235987755982988	0.0007138396640656808	1.27421701	43.7783699	1.05827567	0.3106726110972298	0.0180951	0.00018
0.1747	-0.2796	-2.3578	0.013142329267517301	-0.0005340707511102648	0.0006894050545377602	1.03342283	35.50538635	0.92428145	0.11481287905152422	0.0167051	1e-05
0.1816	-0.2307	-2.2968	0.012856095270190231	-0.00010995574287564276	0.0006422811647339132	1.0094825	34.68286514	0.93581818	0.1546736447682769	0.0160572	2e-05
0.1774	-0.2874	-2.3345	0.012672835698730825	-4.363323129985824e-05	0.0005951572749300663	0.98285562	33.76804352	0.90515839	0.11343529864195148	0.0161512	3e-05
0.1709	-0.2938	-2.3717	0.012775810124598492	-0.0003822271061867582	0.0006300638599699529	1.0133512	34.81578445	0.89254335	0.07392374428972302	0.0176933	3e-05
0.1569	-0.2639	-2.3098	0.012733922222550629	-0.00042760566673861073	0.0005113814708343385	1.11543477	38.32307434	0.92372703	0.11609744258676652	0.0150855	2e-05
0.1651	-0.2711	-2.3717	0.012805480721882397	-0.0005235987755982988	0.0005201081170943102	0.99161208	34.06888962	0.90751951	0.08611391272257142	0.016258	0.0
0.1659	-0.3054	-2.4273	0.012993976281097785	-0.0008290313946973065	0.0004974188368183839	1.03335536	35.50306702	0.91101705	0.11653087292951572	0.0176972	3e-05
0.1539	-0.2423	-2.3321	0.012168435544904467	-0.0007592182246175333	0.0003630284844148205	1.15551782	39.70021057	0.94542908	0.22178721293383244	0.0147632	3e-05
0.1583	-0.2449	-2.3691	0.011845549633285515	-0.000757472895365539	0.0003717551306747922	0.99769735	34.27796173	0.89228078	0.06066789435654585	0.0154461	1e-05
0.1556	-0.2778	-2.4132	0.012437216249711591	-0.0010053096491487337	0.00040840704496667313	0.98199123	33.7383461	0.89439029	0.12350776422505738	0.0163647	0.0
0.1489	-0.2495	-2.3555	0.012166690215652472	-0.0010297442586766543	0.00032637657012293966	1.01032531	34.71182251	0.89421555	0.11154955592153822	0.0147058	1e-05
0.1545	-0.2417	-2.355	0.011688470000606023	-0.0010384709049366262	0.0003944444109507184	0.98438704	33.82065964	0.89672036	0.04165073510671015	0.0151394	2e-05
0.1565	-0.2868	-2.4182	0.01229933523880404	-0.0011414453308042916	0.00042411500823462205	1.00293076	34.45776749	0.91983191	0.14747551306747944	0.0163416	0.0
0.1433	-0.2393	-2.3636	0.011780972450961723	-0.0011484266478122688	0.0003001966313430247	0.95448476	32.79330444	0.90176365	0.14776312408709477	0.014604	3e-05
0.152	-0.2348	-2.3665	0.01171464993938594	-0.0011135200627723821	0.0003193952531149623	1.03148639	35.43885422	0.9140969	0.022121385919380312	0.0148707	1e-05
0.1583	-0.2915	-2.4299	0.012358676433371846	-0.001165879940332212	0.00037350045992678646	1.02677345	35.27693176	0.91297764	0.16392457891787815	0.0162308	4e-05
0.1509	-0.2287	-2.3579	0.011833332328521556	-0.0011117747335203881	0.00037350045992678646	0.9972856	34.26381683	0.92576281	0.17117246558310575	0.0148461	2e-05
0.1524	-0.2337	-2.3943	0.01232726050683595	-0.0013055062804917586	0.00035430183815484887	0.98201889	33.73929596	0.91282182	0.07824291735288509	0.0145935	0.0
0.1538	-0.2903	-2.4555	0.012992230951845787	-0.0014870205226991688	0.00040840704496667313	0.96327418	33.09528351	0.90779628	0.16422949470145348	0.016081	1e-05
0.1491	-0.2519	-2.4163	0.012864821916450202	-0.0014782938764391971	0.0004310963252425994	0.97815776	33.60663986	0.8977883	0.09024124809657377	0.0151277	0.0
0.1521	-0.2484	-2.4017	0.012728686234794645	-0.0014137166941154068	0.00040666171571467877	1.00939453	34.6798439	0.90060866	0.03235737367536359	0.014345	2e-05
0.1567	-0.2994	-2.4604	0.012854349940938236	-0.001673770752662562	0.0004328416544945937	1.06139398	36.46639252	0.91399705	0.13489488517353304	0.0179094	3e-05
0.1479	-0.2633	-2.4121	0.012913691135506045	-0.0016824973989225337	0.0003665191429188092	1.03364837	35.513134	0.92075263	0.09991951762017807	0.0145819	0.0
0.1551	-0.2435	-2.4433	0.01284387796542627	-0.0015585790220309364	0.0004136430327226561	0.96983021	33.32052994	0.90767849	0.07024277183876061	0.0152412	0.0
0.1523	-0.297	-2.493	0.013009684244365731	-0.0017278759594743865	0.00041538836197465044	1.03828979	35.67259979	0.91529339	0.12284242728174533	0.0181162	1e-05
0.1445	-0.2271	-2.3972	0.012442452237467575	-0.0017278759594743865	0.0003595378259108319	1.13404429	38.96244431	0.9749305	0.2046541271480984	0.014649	3e-05
0.1487	-0.1967	-2.3079	0.012056734472776828	-0.0015760323145508795	0.00035604716740684323	1.28603363	44.18435287	1.00807244	0.15095260340591227	0.0157366	2e-05
0.1634	-0.3328	-2.4516	0.013316862192716735	-0.0015690509975429022	0.00045902159327450867	1.24838209	42.89075851	1.04935371	0.3630041731407774	0.016767	3e-05
0.1555	-0.3041	-2.4662	0.013700834628155488	-0.0017505652397503124	0.0004921828490624009	0.98705804	33.91242599	0.89234565	0.0811323966717029	0.0167881	3e-05
0.1493	-0.2413	-2.3901	0.013037609512397642	-0.0016022122533307947	0.0003630284844148205	1.0312711	35.43145752	0.93512233	0.19213662334124748	0.0138044	1e-05
0.1548	-0.284	-2.4856	0.013458233862128275	-0.0015882496193148398	0.000450294947014537	1.18787742	40.81199265	0.94120461	0.16979267231731512	0.0178679	4e-05
0.1485	-0.2988	-2.514	0.01392772743091475	-0.001726130630222392	0.00046425758103049166	1.01183486	34.76368713	0.89408966	0.08056686068549908	0.018683	6e-05
0.1382	-0.2516	-2.4067	0.013184217169565164	-0.0017453292519943296	0.0003298672286269283	1.13566256	39.01804352	0.93932768	0.20965496177625428	0.0147763	3e-05
0.1439	-0.2492	-2.4461	0.012793263417118434	-0.001673770752662562	0.00032637657012293966	1.10996771	38.13524246	0.90813943	0.07080014551412438	0.0177423	9e-05
0.148	-0.2939	-2.4946	0.013461724520632264	-0.0017191493132144146	0.00041015237421866745	0.98994005	34.01144409	0.9003064	0.13718077340807067	0.0189572	8e-05
0.1369	-0.2471	-2.4014	0.01321039710834508	-0.0015917402778188286	0.0002740166925631097	1.12725103	38.72904587	0.93876129	0.17684360646691635	0.0151608	2e-05
0.1452	-0.2541	-2.4675	0.013217378425353057	-0.001520181778487061	0.00030368728984701333	0.97388196	33.45973587	0.9074766	0.08681052068118202	0.0175517	0.0
0.1429	-0.2883	-2.4981	0.0137270145669354	-0.0017226399717184032	0.00035430183815484887	0.98601508	33.87659454	0.88812577	0.10523544415607626	0.0186374	1e-05
0.1329	-0.2496	-2.4076	0.013194689145077132	-0.0017348572764823637	0.00024609142453120044	1.07536697	36.94646454	0.92832534	0.17183765701229395	0.0148543	1e-05
0.1389	-0.2791	-2.4859	0.013578661580515882	-0.001790707812546182	0.00028099800957108706	1.0329833	35.49028397	0.91656973	0.13753647782712286	0.0177363	0.0
0.1352	-0.3007	-2.5151	0.01392772743091475	-0.001933824811209717	0.0002251474735072685	0.98190641	33.73543167	0.88997971	0.08190166925631091	0.0186442	0.0
0.1293	-0.2538	-2.4216	0.013215633096101064	-0.0019093902016817967	0.00017104226669544429	1.03623784	35.60210037	0.9295828	0.1858317075576712	0.0146191	2e-05
0.1388	-0.2888	-2.4957	0.013562953617247936	-0.0017348572764823637	0.00028797932657906436	1.15567744	39.70569611	0.91945178	0.15053952531149586	0.0179722	0.0
0.1339	-0.2899	-2.5134	0.013552481641735966	-0.0018081611050661253	0.00020594885173533088	1.00330222	34.47052765	0.88743429	0.031990313946973284	0.0184463	0.0
0.13	-0.2245	-2.4156	0.012660618393966868	-0.0017680185322702558	0.000148352986419518	1.04496038	35.90178299	0.92980432	0.21658008429403883	0.0145414	0.0
0.1366	-0.2704	-2.4733	0.013128366633501346	-0.0017575465567582897	0.00022165681500327985	1.03217769	35.46260452	0.90169888	0.13777620218151032	0.0169922	0.0
0.1349	-0.2935	-2.5173	0.013686871994139533	-0.0018291050560900572	0.00023911010752322313	1.01469851	34.86207199	0.89915428	0.10117585762449492	0.0188369	2e-05
0.1179	-0.2386	-2.4195	0.012962560354561887	-0.0018500490071139892	6.283185307179586e-05	1.00272012	34.45053101	0.94231813	0.2157766922526501	0.0143073	1e-05
0.1235	-0.2594	-2.465	0.013348278119252632	-0.001864011641129944	0.00010821041362364843	1.11761987	38.3981514	0.91398586	0.09415294796292728	0.0163162	2e-05
0.1255	-0.3115	-2.5121	0.013910274138394806	-0.001933824811209717	0.00013439035240356338	1.09131038	37.49423218	0.90771489	0.13409945640009346	0.0179557	2e-05
0.1145	-0.2415	-2.4396	0.013309880875708755	-0.0019757127132575807	5.4105206811824215e-05	0.96951789	33.30979919	0.91564119	0.18962831551628287	0.0147029	1e-05
0.1324	-0.3177	-2.58	0.013482668471656196	-0.0022479840765686964	0.00023387411976724014	1.31763422	45.27005768	1.06398292	0.2657413936106987	0.0255014	0.00025
0.1004	-0.2977	-2.455	0.013498376434924143	-0.002537708732399755	0.0003438298626428829	1.39677262	47.9890213	1.10137237	0.19776941809873233	0.0196233	0.00011
0.0445	-0.1468	-2.0279	0.01433962513438541	-0.002834414705238791	0.00047123889803846896	1.96996236	67.68214417	1.67751666	0.6971681853847947	0.027539	0.0005
0.0428	-0.3447	-2.2678	0.013543754995475998	-0.0033265975543011915	0.00010821041362364843	1.64763963	56.608078	1.48024784	0.5220540736193316	0.0200049	4e-05
0.0837	-0.397	-2.4575	0.01573414320672888	-0.0033353242005611634	0.00013962634015954637	1.16600263	40.06044006	1.07157843	0.39442653920243775	0.0192244	4e-05
0.0876	-0.3129	-2.4042	0.01569400063393301	-0.0032829643230013338	0.0001884955592153876	1.02045321	35.05978775	0.95382221	0.14836858347057716	0.0167105	5e-05
0.0914	-0.3344	-2.4763	0.01552470369648956	-0.00326551103048139	0.0001658062789394613	0.98835605	33.95702362	0.92449558	0.10787197551196624	0.018038	0.0
0.0994	-0.3549	-2.5339	0.016231562043547268	-0.0033108895910332428	0.00029496064358704166	0.94781291	32.56407928	0.90021463	0.13016956361285695	0.0211118	0.0
0.0981	-0.3412	-2.5309	0.01656491993067818	-0.003225368457685521	0.0002705260340591211	0.95206088	32.71002579	0.89267595	0.04016568150032788	0.0205631	2e-05
0.0969	-0.277	-2.4486	0.015723671231216915	-0.0031695179216217023	0.0001675516081914556	1.02748442	35.30135727	0.94824494	0.1977036830696376	0.0175287	4e-05
0.1101	-0.3611	-2.5705	0.016552702625914222	-0.0031799898971336684	0.00029496064358704166	1.2973659	44.57369614	1.0057855	0.26754562028024303	0.023785	0.00029
0.115	-0.3515	-2.6117	0.01699601625592078	-0.0032306044454415038	0.0003682644721708035	1.17543304	40.38444138	0.91184879	0.08406160034490766	0.0260958	8e-05
0.1055	-0.3305	-2.54	0.01667662100280582	-0.0032044245066615894	0.0002583087292951608	1.10604513	38.00047684	0.9411669	0.12497654673852568	0.0232215	0.00017
0.1043	-0.3014	-2.5166	0.016301375213627036	-0.00318871654339364	0.00020594885173533088	1.07100856	36.79672241	0.93627834	0.07586568150032828	0.0223968	0.0003
0.1095	-0.353	-2.5667	0.0164985974191024	-0.0031764992386296795	0.0002722713633111154	1.057585	36.33552551	0.9160125	0.1206881010907554	0.0255194	0.00016
0.1133	-0.3612	-2.605	0.017015214877692718	-0.0031677725923697077	0.00032637657012293966	1.00545669	34.54455185	0.89614096	0.07927246558310577	0.0277678	7e-05
0.1009	-0.3063	-2.4937	0.01622632605579128	-0.003145083312093782	0.0001832595714594046	1.09939706	37.77206802	0.95735818	0.22633475504204484	0.0211515	2e-05
0.1059	-0.3173	-2.5236	0.016348499103430884	-0.003134611336581816	0.00017802358370342162	0.94048446	32.31229401	0.87830272	0.05279405054537768	0.0228819	0.0
0.1109	-0.3457	-2.5721	0.016594590527962087	-0.0032812189937493396	0.0002583087292951608	0.99543852	34.20035553	0.89263535	0.105549211364523	0.0251822	1e-05
0.0981	-0.3234	-2.5297	0.016140804922443557	-0.003415609346152903	0.00014311699866353502	1.07584405	36.96285248	0.90131707	0.11266838442768567	0.0226564	2e-05
0.0984	-0.2857	-2.521	0.01570098195094099	-0.0034993851502486306	0.00010297442586766544	0.95153046	32.69180298	0.88609934	0.07488706741970846	0.0218405	0.0
0.1018	-0.3491	-2.6095	0.01638166035921878	-0.003565707661824415	0.00014311699866353502	1.0088439	34.66092682	0.93780016	0.19465717463247248	0.0264575	2e-05
0.0951	-0.3108	-2.5519	0.015812683023068628	-0.0037350045992678655	0.00011693705988362007	0.99728596	34.26382828	0.91359333	0.14082271061867616	0.0229374	1e-05
0.0958	-0.2917	-2.5592	0.015378096039322036	-0.003787364476827695	8.552113334772214e-05	1.03343439	35.50578308	0.91229918	0.05301813939211626	0.0225394	3e-05
0.0941	-0.3409	-2.6257	0.016044811813583873	-0.00386590429316744	0.00011519173063162575	1.00236261	34.43824768	0.91013457	0.15614630939427424	0.0261407	2e-05
0.0877	-0.2961	-2.5684	0.015664330036649108	-0.003902556207459321	6.9813170079773176e-06	0.95134205	32.68532944	0.90288791	0.13476720524251487	0.0225408	1e-05
0.0924	-0.2922	-2.5813	0.015515977050229588	-0.003900810878207326	4.363323129985824e-05	1.02865434	35.34155273	0.91608547	0.03083751149816988	0.0235697	1e-05
0.0946	-0.3397	-2.6434	0.01573065254822489	-0.003876376268679406	8.726646259971648e-05	1.04604614	35.93908691	0.91625548	0.12593716694115406	0.027163	3e-05
0.0858	-0.2828	-2.569	0.015187855150854654	-0.003830997708127553	-6.806784082777885e-05	1.00678933	34.59033585	0.92948217	0.17727551306747946	0.0225982	2e-05
0.0918	-0.3002	-2.6177	0.015707963267948967	-0.0039287361462392355	-2.4434609527920616e-05	0.97673982	33.55792236	0.90923119	0.10517398932529291	0.0256523	1e-05
0.0923	-0.3241	-2.6615	0.0161582582149635	-0.003902556207459321	-3.4906585039886588e-06	0.93194783	32.01900101	0.88462141	0.093070941840919	0.0282036	3e-05
0.0835	-0.2713	-2.5744	0.015404275978101954	-0.003920009499979264	-0.00011693705988362007	1.02661002	35.27131653	0.95135777	0.1929440965380564	0.0232992	3e-05
0.0899	-0.3065	-2.6255	0.016015141216299968	-0.004096287754430691	-1.3962634015954635e-05	1.01151812	34.7528038	0.91520844	0.1372058959258557	0.0264533	4e-05
0.088	-0.3312	-2.676	0.016360716408194847	-0.004134684997974567	5.235987755982988e-06	0.99567926	34.20862579	0.9116236	0.09725855286053463	0.0294268	4e-05
0.096	-0.2665	-2.516	0.016175711507483446	-0.0036599554414321086	0.0001605702911834783	1.21865392	41.86938477	1.14161121	0.27345343803406785	0.0221052	4e-05
0.1173	-0.3888	-2.8217	0.017095500023284457	-0.0035796702958403696	0.00040317105721069014	1.47474074	50.66777802	1.35712042	0.5114337213709979	0.0429639	0.00022
0.108	-0.3378	-2.7988	0.016821483330721348	-0.0037594392087957856	0.0003054326190990077	0.99604017	34.22102737	0.90873902	0.11077620218151028	0.0409356	0.00016
0.0992	-0.2782	-2.7575	0.01593136541220424	-0.003626794185644217	0.00038048177693476387	1.10447371	37.94648743	0.97455657	0.16459060497522177	0.0406527	0.00016
0.1083	-0.3544	-2.8324	0.01694365637836095	-0.0037699111843077517	0.0004974188368183839	1.24665296	42.83134842	0.96482911	0.22381725123519328	0.0440335	0.00024
0.1025	-0.315	-2.8248	0.017247343668207963	-0.003783873818323706	0.000307177948351002	1.10210776	37.86520004	0.92614429	0.078194540616517	0.0430086	0.00025
0.0959	-0.2797	-2.7719	0.01637642437146279	-0.003680899392456041	0.00017278759594743863	0.97264034	33.41707611	0.91847013	0.15021420375082015	0.0412897	0.00025
0.1004	-0.3755	-2.834	0.016816247342965364	-0.003581415625092364	0.00039269908169872416	1.2593962	43.26916885	0.96759949	0.2003609112308768	0.0451624	0.00065
0.1019	-0.341	-2.8433	0.017481217787975206	-0.003597123588360313	0.000291469985083053	1.19147909	40.93573761	0.91562476	0.08439537524467318	0.0441467	0.00033
0.1016	-0.294	-2.753	0.016934929732100982	-0.0034243359924128747	0.0002565634000431664	1.00718272	34.60385132	0.9316879	0.1752991118430776	0.0359594	0.00015
0.1079	-0.3388	-2.7903	0.017200219778404118	-0.003387684078120994	0.00032812189937493397	1.20395744	41.36445618	0.91721952	0.1070750229963389	0.039879	0.00039
0.1098	-0.3667	-2.8106	0.017469000483211244	-0.003415609346152903	0.0003001966313430247	1.1648581	40.02111816	0.88971379	0.06633156204354743	0.0412169	0.00023
0.1095	-0.3391	-2.8115	0.01735555408183161	-0.0034662238944607386	0.00031415926535897925	0.93601024	32.15857315	0.87239802	0.03770117918517135	0.0414153	0.00018
0.1054	-0.3135	-2.7425	0.017001252243676764	-0.0033667401270970616	0.0002844886680750757	1.01486421	34.86776733	0.90712906	0.12287281014012127	0.0352593	0.0001
0.1124	-0.3397	-2.8088	0.017559757604314948	-0.0033178709080412204	0.00032812189937493397	1.00245011	34.44125366	0.91263754	0.13205039054969417	0.0408422	0.00016
0.1155	-0.3358	-2.7915	0.01741838593490341	-0.003337069529813158	0.0003612831551628262	1.01835072	34.98755264	0.89319894	0.0339865773485685	0.0397678	0.00023
0.1149	-0.2729	-2.6813	0.01596103600948814	-0.0029914943379182805	0.0004258603374866164	1.05611634	36.28506851	0.98720582	0.2670751149816972	0.0303538	1e-05
0.1124	-0.362	-2.8138	0.017563248262818937	-0.003518583772020568	0.00048520153205442357	1.12643206	38.70091248	0.99585626	0.33353214410004484	0.0412816	0.00019
0.1071	-0.3503	-2.8116	0.01777792376081424	-0.003652974124424132	0.00041189770347066176	1.09326589	37.56141663	0.88631822	0.04031848394913157	0.0409312	0.00026
0.0989	-0.298	-2.7459	0.016900023147061093	-0.0035622170033204267	0.000317649923862968	0.9992854	34.33252335	0.92215518	0.17934527572322737	0.0350448	7e-05
0.1034	-0.3487	-2.8234	0.01741140461789543	-0.0036425021489121657	0.0003700098014227979	1.03429365	35.53530502	0.9249778	0.16490132469929553	0.0415615	0.00018
0.104	-0.3394	-2.8233	0.017538813653291015	-0.0036843900509600297	0.00042236967898262774	0.98018944	33.67644119	0.8767798	0.021082840750163687	0.0415366	0.00021
0.089	-0.2949	-2.755	0.01687907919603716	-0.003661700770684103	0.0003316125578789226	0.96550417	33.17189789	0.90632303	0.16645904293167457	0.0357921	9e-05
0.095	-0.339	-2.8167	0.017603390835614807	-0.0038152897448596045	0.0003700098014227979	1.12923265	38.79713058	0.9084287	0.15761489286485125	0.0414588	0.00024
0.0949	-0.3517	-2.8201	0.017795377053334185	-0.0037489672332838195	0.00038048177693476387	1.01430237	34.84846115	0.88575582	0.02963903524035655	0.0413566	0.00018
0.0932	-0.3041	-2.7276	0.017172294510372207	-0.003766420525803763	0.00035604716740684323	1.06678307	36.65154648	0.93181588	0.17504852225049236	0.0336344	0.0001
0.0962	-0.3422	-2.7841	0.01768716663971054	-0.0037088246604879502	0.00039793506945470715	0.95507425	32.81355667	0.89215181	0.1283177948351006	0.0379006	0.00019
0.0981	-0.3438	-2.8044	0.017877407528177916	-0.003790855135331684	0.0004485496177625427	0.95455605	32.79575348	0.87282988	0.03994429558094709	0.0400826	0.00023
0.0878	-0.3134	-2.73	0.01728225025324785	-0.003986332011555049	0.0004014257279586958	1.02383542	35.17599106	0.90937533	0.15698790204786373	0.0336577	0.00011
0.0932	-0.3285	-2.7663	0.017598154847858823	-0.004035201230610889	0.00042935099599060504	0.95438087	32.78973389	0.88176486	0.07643495408493639	0.0368614	0.00014
0.0903	-0.3618	-2.8018	0.017877407528177916	-0.00398284135305106	0.00040317105721069014	0.9581176	32.91811752	0.87936709	0.08958962483294176	0.0411265	0.00019
0.0874	-0.3246	-2.7462	0.017718582566246435	-0.004066617157146788	0.00039095375244672985	1.02081442	35.07219696	0.91093397	0.10844090353955856	0.0357023	0.00012
0.0951	-0.3341	-2.7749	0.017905332796209827	-0.0040229839258469294	0.0004380776422505767	1.03151	35.43966675	0.90934266	0.059775367553355	0.0379637	0.00015
0.1011	-0.3697	-2.8214	0.018540632643935764	-0.004012511950334963	0.0005497787143782138	0.9868452	33.90511322	0.88235553	0.12597364476827697	0.0418646	0.00025
0.0974	-0.3341	-2.7636	0.01815666020849701	-0.004003785304074992	0.0005131268000863328	0.9990229	34.3235054	0.91983724	0.11856754979953057	0.0371523	0.0002
0.0946	-0.2982	-2.7367	0.0176051361648668	-0.004066617157146788	0.0004258603374866164	1.00432551	34.50568771	0.93067291	0.10068111796508591	0.0348618	0.00011
0.0957	-0.3571	-2.8142	0.018362609060232342	-0.004045673206122856	0.0004921828490624009	0.96589953	33.18548203	0.91181026	0.17973696789826288	0.0409196	0.00027
0.0902	-0.3348	-2.7589	0.017917550100973786	-0.004120722363958612	0.000445058959258554	1.01306343	34.80589676	0.91001173	0.1114616003449078	0.036581	0.00017
0.0925	-0.2988	-2.7052	0.017671458676442584	-0.003926990816987242	0.0004328416544945937	1.03927088	35.70630646	0.94522443	0.1146020138133267	0.0326725	6e-05
0.098	-0.3708	-2.8096	0.018320721158184478	-0.0038781215979314006	0.0005532693728822024	1.03258538	35.47661209	0.95787899	0.22282797095926724	0.0409211	0.00023
0.0929	-0.3444	-2.7607	0.01778839573632621	-0.0037943457938356727	0.0004625122517784973	1.04308259	35.83726501	0.90552308	0.1157429173528852	0.0367419	0.00013
0.0953	-0.3185	-2.7339	0.017727309212506405	-0.003820525732615587	0.00047123889803846896	1.12732422	38.73156357	0.92553371	0.059899655442984256	0.0357279	0.00055
0.0995	-0.3804	-2.8053	0.01843067690106012	-0.0037768925013157294	0.000582939970166106	1.10149515	37.84415054	0.92888852	0.18043509959906007	0.0409781	0.00036
0.0996	-0.3451	-2.7627	0.018102555001685183	-0.0038536869884034796	0.0005427973973702365	1.05353796	36.19648361	0.88935202	0.10025294796292752	0.0373341	0.00023
0.0947	-0.2975	-2.6924	0.017252579655963947	-0.003920009499979264	0.00046425758103049166	0.97960693	33.65642929	0.91534424	0.1725418836818383	0.0319798	5e-05
0.1053	-0.3578	-2.7839	0.0184062422915322	-0.003900810878207326	0.0006178465552059926	1.11226857	38.21429443	0.94061709	0.22872251157578455	0.0397461	0.00023
0.1049	-0.3403	-2.7428	0.01828930523164858	-0.0036721727461960694	0.000593411945678072	1.10541439	37.97880554	0.89374252	0.07750049007114003	0.0352686	0.00016
0.1063	-0.2883	-2.6959	0.017657496042426633	-0.003679154063204046	0.0005654866776461627	0.94501513	32.46795654	0.9034114	0.13363578871309165	0.0317152	7e-05
0.1027	-0.3478	-2.7586	0.01780584902884615	-0.0038170350741115982	0.0005881759579220891	1.06552327	36.60826111	0.92026673	0.1412461638801497	0.0382181	0.00018
0.0992	-0.3444	-2.7579	0.01819331212278889	-0.0038327430373795474	0.0005899212871740833	1.01088881	34.7311821	0.8811752	0.02784581932313433	0.0364626	0.00018
0.0988	-0.3099	-2.7327	0.017823302321366096	-0.0038746309394274117	0.0005427973973702365	0.94788587	32.56658554	0.89056437	0.0830510796637251	0.0343748	0.0001
0.0953	-0.3724	-2.7981	0.018442894205824078	-0.004035201230610889	0.0005724679946541401	1.10433888	37.94185257	0.91404416	0.17189163864626805	0.0404145	0.00025
0.095	-0.3384	-2.7437	0.018133970928221083	-0.003935717463247213	0.0005323254218582705	1.03184617	35.45121765	0.90785275	0.11112748088812686	0.0346955	0.00016
0.0977	-0.3089	-2.7284	0.018036232490109404	-0.003977605365295077	0.0005480333851262194	0.96818662	33.26406097	0.90112514	0.0552667151713744	0.0338483	8e-05
0.0967	-0.3791	-2.7941	0.018694221618111264	-0.003958406743523139	0.0006003932626860494	1.04737866	35.9848671	0.92579386	0.173377381366681	0.0396736	0.00025
0.0885	-0.3282	-2.7246	0.018259634634364676	-0.00400727596257898	0.0004904375198104066	1.04965508	36.06307602	0.93131761	0.15827059728390325	0.0334816	0.00012
0.0869	-0.3114	-2.7161	0.018036232490109404	-0.00409977841293468	0.0005061454830783556	0.94901425	32.60535431	0.89286978	0.04348062789394616	0.0334408	0.00014
0.0947	-0.3785	-2.7763	0.018528415339171805	-0.004036946559862884	0.000635299847725936	1.05048037	36.09143448	0.91312772	0.1693084533390889	0.0382096	0.00022
0.0832	-0.3155	-2.6807	0.017549285628802983	-0.004129449010218584	0.0004363323129985824	1.03694832	35.62651062	0.94870169	0.2336299847725939	0.0305609	4e-05
0.0879	-0.3289	-2.717	0.017791886394830196	-0.0043214352279379595	0.00042236967898262774	0.98931825	33.99008179	0.90152983	0.0768274808881274	0.0336334	0.00011
0.09	-0.3773	-2.7651	0.01852667000991981	-0.004225442119078272	0.0005166174585903216	0.94886696	32.60029221	0.88676109	0.14485122517784957	0.037262	0.0002
0.0804	-0.3226	-2.6857	0.018046704465621368	-0.004225442119078272	0.0004206243497306334	1.00049913	34.3742218	0.92630324	0.17249793265790622	0.0314949	0.0001
0.0816	-0.343	-2.7233	0.018655824374567385	-0.00437379510549779	0.000445058959258554	0.97848099	33.61774445	0.89880371	0.0982953752446727	0.0346514	0.00018
0.0794	-0.376	-2.7511	0.019020598188234206	-0.004427900312309613	0.00042760566673861073	0.95233113	32.71931076	0.89088925	0.08481661564992937	0.0369173	0.00022
0.0715	-0.3174	-2.6784	0.01850223540039189	-0.0043877577395137445	0.0002652900463031381	1.00980425	34.69392014	0.93371401	0.17524104905368312	0.0317181	0.0001
0.0842	-0.3757	-2.7647	0.019432495891704864	-0.004340633849709897	0.000466002910282486	1.00965333	34.68873596	0.92960499	0.21620486225480848	0.0383489	0.00024
0.083	-0.3634	-2.7258	0.01914975255288178	-0.004356341812977846	0.00046425758103049166	0.95894289	32.94647217	0.9027196	0.0674098315671512	0.0352134	0.00018
0.0825	-0.3183	-2.6834	0.01826661595137265	-0.004417428336797647	0.000460766922526503	1.05865216	36.37219238	0.91872129	0.13538568919164615	0.0340263	0.00012
0.0857	-0.3791	-2.7492	0.01904503279776212	-0.00429700061841004	0.00048171087355043494	1.05570304	36.27087021	0.90657278	0.17578942579005066	0.0367153	0.00022
0.0824	-0.3424	-2.6862	0.018387043669760263	-0.004171336912266447	0.0004310963252425994	0.9766984	33.55649948	0.91168443	0.14471336912266447	0.0314714	0.0001
0.0909	-0.3497	-2.749	0.01872214688614317	-0.004221951460574283	0.0005567600313861911	1.22787511	42.18619537	0.92796688	0.104169073541717	0.0367865	0.00028
0.0896	-0.3834	-2.7929	0.019280652246781358	-0.0041835542170304075	0.0005515240436302081	1.09618366	37.66166306	0.89918521	0.10900692959690211	0.0399504	0.00022
0.0791	-0.3233	-2.7227	0.018757053471183057	-0.004270820679630125	0.0004625122517784973	0.98362452	33.7944603	0.91086883	0.1757938515024863	0.0344976	0.00018
0.0863	-0.3426	-2.748	0.018921114420870525	-0.004242895411598215	0.00048520153205442357	1.15061438	39.53174591	0.90759882	0.06253377489976536	0.0371647	0.0003
0.0885	-0.3808	-2.7793	0.019435986550208853	-0.004153883619746505	0.0005305800926062762	1.07094836	36.79465485	0.90338668	0.1041631240870944	0.0395383	0.00027
0.0763	-0.3217	-2.6843	0.01848827276637593	-0.004258603374866164	0.00040840704496667313	1.01345122	34.81921768	0.9304271	0.22503032932960945	0.0320265	9e-05
0.0876	-0.3538	-2.7421	0.018783233409962973	-0.004242895411598215	0.000486946861306418	1.13867342	39.12148666	0.91877519	0.12066042115973707	0.0371782	0.00017
0.0903	-0.3733	-2.777	0.01915324321138577	-0.004141666314982544	0.0005410520681182421	1.06579089	36.61745834	0.89322382	0.08336720524251456	0.0392157	0.00025
0.0782	-0.3109	-2.6833	0.018078120392157268	-0.00411548637620263	0.00042760566673861073	0.98007596	33.67254257	0.92403748	0.2289374579694025	0.0321322	0.00011
0.0877	-0.3403	-2.7294	0.018496999412635905	-0.004194026192542374	0.00048171087355043494	1.20912278	41.54192352	0.91122044	0.11257620218151028	0.0360429	0.00017
0.0886	-0.3652	-2.7679	0.019013616871226224	-0.004141666314982544	0.0005183627878423159	1.09121048	37.49079895	0.89327434	0.09458146252210152	0.0389946	0.00018
0.0802	-0.3318	-2.6997	0.018416714267044162	-0.003906046865963309	0.0003385938748868999	0.97469693	33.48773575	0.91011269	0.16061454830783567	0.0333808	0.00013
0.0797	-0.3318	-2.7065	0.01852667000991981	-0.003944444109507185	0.0003211405823669566	1.06040978	36.43257904	0.92168621	0.015590313946973492	0.0339237	0.0001
0.0804	-0.3872	-2.7765	0.019366173380129078	-0.0040055306333269865	0.00038571776469074686	1.0374465	35.64362717	0.91975453	0.17435835381764284	0.0389638	0.00023
0.0727	-0.328	-2.7107	0.01873436419090713	-0.0039706240482871	0.00027576202181510406	0.9591924	32.95504379	0.90826718	0.17153357585687368	0.0335759	0.00012
0.0732	-0.33	-2.7168	0.018675022996339326	-0.004078834461910747	0.0003630284844148205	1.07768357	37.02605438	0.9054511	0.02134090353955838	0.0341268	0.00014
0.0792	-0.3751	-2.7695	0.019479619781508715	-0.004064871827894794	0.00041015237421866745	1.03045046	35.40326309	0.91257895	0.1470841654494592	0.0381539	0.0002
0.0726	-0.3233	-2.6998	0.01884257460453078	-0.003979350694547071	0.0003106686068549907	0.96147114	33.03333664	0.90234092	0.16920250388446637	0.032656	0.00013
0.0819	-0.3538	-2.7389	0.019223056381465542	-0.003946189438759179	0.0003944444109507184	1.15344083	39.62885284	0.9045921	0.103770941840919	0.0363832	0.00015
0.0838	-0.392	-2.7677	0.01960877414615629	-0.003932226804743224	0.0003874630939427412	1.1159488	38.34073639	0.88642718	0.08923308578573401	0.0381194	0.00023
0.0697	-0.3252	-2.6883	0.01872214688614317	-0.003961897402027128	0.0002129301687433082	0.97222239	33.40271759	0.9260036	0.21484153912482304	0.031711	0.00011
0.0675	-0.322	-2.6531	0.018401006303776217	-0.00401076662108297	0.0002007128639793479	1.00796032	34.63056946	0.90492387	0.05971135530933788	0.0296106	6e-05
0.0744	-0.37	-2.7081	0.019160224528393752	-0.0040055306333269865	0.00028623399732707005	1.0049367	34.52668381	0.8979502	0.1523987672860622	0.0339248	0.00015
0.0745	-0.3738	-2.7224	0.019429005233200874	-0.004103269071438669	0.00037350045992678646	0.96759641	33.24378204	0.88941526	0.040889280275926046	0.0351163	0.00022
0.07	-0.324	-2.6445	0.01875879880043505	-0.003963642731279122	0.000312413936106985	1.01993918	35.0421257	0.93622825	0.17574596483725863	0.0291821	6e-05
0.0725	-0.3696	-2.7127	0.019687313962496036	-0.00415213829049451	0.00035430183815484887	0.98692602	33.90789032	0.90375386	0.1742449311662118	0.0343218	0.00016
0.0723	-0.3974	-2.7468	0.020219639384354306	-0.004190535534038385	0.0004468042885105483	1.02095747	35.07711411	0.88503799	0.09526125578789225	0.03807	0.00025
0.0678	-0.3454	-2.6752	0.01940282529442096	-0.004223696789826277	0.000317649923862968	1.04290712	35.83123779	0.91995853	0.1770564855184411	0.032381	8e-05
0.077	-0.3779	-2.7348	0.02018822345781841	-0.004213224814314312	0.0004363323129985824	0.9940412	34.15234756	0.90793201	0.14702762640225167	0.0371942	0.00027
0.0856	-0.4064	-2.7813	0.020523326674201318	-0.00429700061841004	0.0005235987755982988	1.00018048	34.36327744	0.90767781	0.10890727415391756	0.0406488	0.00033
0.0804	-0.3283	-2.6889	0.019352210746113124	-0.004153883619746505	0.00041015237421866745	1.0657289	36.61532593	0.95646538	0.247083966406568	0.0327697	0.00011
0.0857	-0.3549	-2.7432	0.019793779046867695	-0.004157374278250492	0.0004625122517784973	0.95142764	32.68827057	0.88810869	0.11107094184091942	0.0365489	0.00019
0.091	-0.3795	-2.7835	0.02033832177348992	-0.004108505059194652	0.0005340707511102648	1.02249849	35.13005829	0.89247194	0.10344852225049193	0.0402222	0.00027
0.0775	-0.3399	-2.6855	0.01955466893934447	-0.004145156973486532	0.0004328416544945937	1.10805631	38.06957245	0.93899866	0.19717669225264997	0.0326786	0.00012
0.0793	-0.3534	-2.7385	0.0200677957394308	-0.004017747938090946	0.00042935099599060504	1.06480432	36.58356094	0.90361778	0.10050132469929517	0.0369009	0.00025
0.087	-0.3955	-2.7685	0.02038195500478978	-0.00401076662108297	0.0005515240436302081	0.99445868	34.16669083	0.88939168	0.10196568150032778	0.0398254	0.00042
0.0819	-0.3694	-2.7194	0.019509290378792614	-0.004078834461910747	0.00045553093477052	1.02149725	35.09565735	0.90054235	0.13213627878423176	0.0374292	0.00025
0.0813	-0.3549	-2.7048	0.019444713196468826	-0.004070107815650777	0.0004433136300065597	1.00905859	34.66830063	0.90506962	0.033976056667385665	0.0349509	0.00018
0.0921	-0.3829	-2.7777	0.020181242140810435	-0.003953170755767157	0.0005393067388662478	0.96376163	33.11203003	0.90321455	0.1591729556542456	0.0411767	0.00034
0.0881	-0.3767	-2.766	0.020008454544862993	-0.003963642731279122	0.00048520153205442357	0.94629079	32.5117836	0.87281249	0.033768238913561406	0.0403743	0.00035
0.0842	-0.334	-2.704	0.019329521465837197	-0.003986332011555049	0.0004677482395344803	1.06283391	36.51586533	0.91266934	0.1445537825910831	0.035924	0.00022
0.095	-0.3835	-2.7868	0.02019520477482639	-0.003921754829231259	0.0005654866776461627	1.04320633	35.8415184	0.93328464	0.1944999464712329	0.0419991	0.00033
0.0921	-0.3731	-2.7424	0.019903734789743336	-0.003988077340807043	0.0004991641660703782	1.07266426	36.85360718	0.88721641	0.07890575041173106	0.0384201	0.00028
0.0906	-0.333	-2.7196	0.019558159597848457	-0.003940953451003196	0.0004677482395344803	0.95794559	32.91220856	0.89915528	0.0856057504117313	0.0367323	0.00025
0.0948	-0.3919	-2.7865	0.020493656076917416	-0.003909537524467298	0.0005811946409141118	0.98475468	33.8332901	0.91609885	0.18401794034922483	0.0422926	0.00046
0.0837	-0.3743	-2.7483	0.020315632493213994	-0.00399505865781502	0.0004956735075663896	0.97370923	33.4538002	0.89105966	0.0843532925199435	0.0385285	0.00025
0.075	-0.3375	-2.7109	0.02008350370269875	-0.004098033083682686	0.00047647488579445195	0.94586653	32.49720764	0.8929106	0.10061509190774232	0.0355362	0.00024
0.0835	-0.407	-2.7957	0.020916025755900045	-0.004180063558526419	0.000593411945678072	1.08182502	37.16834259	0.93625781	0.2143744793964324	0.0431387	0.00044
0.0722	-0.3788	-2.7295	0.020436060211601607	-0.004263839362622147	0.0004136430327226561	1.09643984	37.67046356	0.91768082	0.1428755130674793	0.036957	0.00021
0.0773	-0.3653	-2.7432	0.020469221467389498	-0.0041835542170304075	0.0004677482395344803	0.97688073	33.56276321	0.90359406	0.04067758040957279	0.0381258	0.00025
0.0797	-0.4206	-2.8029	0.021258110289290935	-0.004136430327226561	0.0005201081170943102	1.01277959	34.79614258	0.93103541	0.16181862946325595	0.0431137	0.00047
0.0765	-0.3545	-2.7204	0.02046049482112952	-0.004159119607502487	0.00046425758103049166	1.02533638	35.22755814	0.9284046	0.1956077642250579	0.0366476	0.00025
0.0797	-0.3888	-2.752	0.02088984581712013	-0.004176572900022431	0.0004537856055185257	1.03220916	35.4636879	0.88586719	0.09196381320112552	0.0390953	0.00029
0.0811	-0.3964	-2.7876	0.021090558681099474	-0.004045673206122856	0.0005026548245743669	0.97614276	33.53741074	0.88800633	0.06362408884673812	0.0421256	0.00043
0.0719	-0.3616	-2.7172	0.02064375439258893	-0.004122467693210606	0.00039968039870670147	0.98672158	33.90086746	0.91174286	0.1457286600732977	0.036763	0.00026
0.0725	-0.3752	-2.7239	0.020706586245660723	-0.004230678106834255	0.00041189770347066176	1.09350085	37.56949234	0.8930568	0.03006297857297001	0.0381473	0.00025
0.0762	-0.4213	-2.7928	0.021663026675753618	-0.004241150082346221	0.000486946861306418	1.02401721	35.18223572	0.91699417	0.17079807817203108	0.0436864	0.00045
0.0684	-0.3777	-2.7316	0.021039944132791644	-0.004394739056521722	0.0003944444109507184	1.1195792	38.46546555	0.91223395	0.1560586983746592	0.0384081	0.00032
0.0659	-0.3653	-2.7165	0.020790362049756452	-0.004408701690537677	0.000322885911618951	0.99807382	34.29089737	0.90055293	0.046755160819145526	0.0378365	0.00022
0.0756	-0.4228	-2.822	0.021741566492093363	-0.004368559117741807	0.0004433136300065597	1.06300044	36.52158356	0.95662704	0.2282887366760196	0.0458326	0.00055
0.0893	-0.3706	-2.8203	0.02158448685941387	-0.0044156830075456534	0.0006963863715457374	1.14590514	39.36994934	0.96355386	0.09046381320112593	0.0465584	0.0006
0.0865	-0.2455	-2.5543	0.019622736780172248	-0.0039898226700590365	0.0008447393579652555	1.48924398	51.16606522	1.27089691	0.5206981701573878	0.0302812	0.00025
0.091	-0.3574	-2.6291	0.01953197965906854	-0.0040561451816348215	0.0006736970912698113	1.23829854	42.54431534	1.11261182	0.207606094968747	0.0364969	0.00037
0.0692	-0.5163	-2.8034	0.021069614730075546	-0.004202752838802345	0.0005846852994181004	1.23634434	42.47717285	1.09725241	0.4436627260013116	0.0455443	0.00067
0.0595	-0.5034	-2.8031	0.021710150565557466	-0.004290019301402062	0.0005742133239061344	1.0954181	37.63536072	0.92214691	0.05981371367967997	0.0456812	0.00065
0.0654	-0.4468	-2.8618	0.022134265573792087	-0.004593706591249075	0.0006056292504420323	1.04080653	35.75906754	0.93273899	0.15916091123087656	0.0506345	0.00087
0.0686	-0.4023	-2.9279	0.022638665727618443	-0.004633849164044945	0.0006108652381980154	1.05631816	36.29200363	0.94199883	0.1412889357189105	0.0567049	0.00119
0.0654	-0.3352	-2.8594	0.021729349187329404	-0.0046478117980608994	0.0005707226654021458	1.06134129	36.46458054	0.93005518	0.18697108735504336	0.0528172	0.00092
0.0677	-0.3571	-2.9339	0.022663100337146372	-0.0046251225177849735	0.000593411945678072	1.11826861	38.42043686	0.93098077	0.147656485518441	0.0589932	0.00155
0.0692	-0.3703	-2.9746	0.02282890661608583	-0.004756022211684548	0.0006510078109938849	1.01583529	34.90113068	0.91169913	0.07311509190774254	0.0629559	0.00206
0.0723	-0.3728	-2.9813	0.022675317641910327	-0.004742059577668593	0.0006544984694978735	1.08917117	37.42073441	0.91236408	0.02085211333477228	0.0643749	0.00202
0.0669	-0.348	-2.9156	0.02199463923363254	-0.004728096943652638	0.0005585053606381855	1.17271626	40.29109955	0.93064784	0.13543170755767167	0.0599989	0.0021
0.0713	-0.4018	-2.9543	0.022261674609187675	-0.004721115626644662	0.0005619960191421741	1.08942246	37.42937088	0.95116774	0.11077536755335492	0.0646468	0.00305
0.0765	-0.4411	-2.9692	0.022396064961591237	-0.0044820055191214375	0.000609119908946021	1.27907979	43.94543839	0.92964189	0.08043121748653163	0.0675854	0.0034
0.082	-0.4444	-2.9743	0.022497294058206906	-0.004417428336797647	0.0006126105674500097	1.05984008	36.41300583	0.91026514	0.02236484687217249	0.0696766	0.00381
0.0811	-0.418	-2.9398	0.022092377671744226	-0.004349360495969869	0.0005358160803622592	1.02537417	35.22885895	0.92084328	0.0892889357189104	0.0660049	0.00278
0.0864	-0.4203	-2.9668	0.022560125911278706	-0.0041887902047863905	0.0005916666164260777	0.94227028	32.3736496	0.88319289	0.068808453339089	0.0698913	0.00338
0.0874	-0.4253	-2.9918	0.022783528055533974	-0.0042603487041181585	0.0006475171524898963	1.02184236	35.10751343	0.89548432	0.048540558982542656	0.0726204	0.00397
0.0833	-0.3852	-2.9609	0.022497294058206906	-0.004396484385773717	0.0005864306286700947	1.1381712	39.10423279	0.90676793	0.09927281014012139	0.06829	0.00327
0.0831	-0.3609	-2.9611	0.022205824073123853	-0.004366813788489812	0.0005654866776461627	0.95938492	32.96165848	0.89196883	0.041804226669544406	0.0679178	0.00297
0.0818	-0.3786	-2.9922	0.02245366082690705	-0.004436626958569585	0.0005794493116621174	0.96425724	33.12905884	0.90217531	0.06668062789394609	0.0695142	0.00332
0.0848	-0.3641	-2.9947	0.022286109218715593	-0.004487241506877421	0.0005602506898901797	0.91964841	31.59642982	0.87508855	0.03186823891356156	0.0686367	0.003
0.0771	-0.3545	-2.9664	0.02213601090304408	-0.004476769531365455	0.00046425758103049166	0.96681321	33.21687317	0.89987224	0.058428170002158025	0.0640621	0.00214
0.0794	-0.3833	-3.0141	0.022497294058206906	-0.0044628068973495	0.0005061454830783556	0.95421505	32.78403854	0.89723718	0.099656684561332	0.0681592	0.00237
0.0781	-0.407	-3.0408	0.022638665727618443	-0.004611159883769018	0.00047822021504644627	1.00131011	34.40208435	0.89106396	0.0675824961931482	0.0700678	0.00268
0.0679	-0.386	-2.9934	0.022202333414619867	-0.004705407663376713	0.00035430183815484887	1.00874746	34.65761185	0.90561135	0.11132492347489348	0.0642581	0.00191
0.072	-0.3989	-3.035	0.022551399265018732	-0.004721115626644662	0.0004363323129985824	0.97033441	33.33785248	0.89252077	0.08094021442552765	0.0692117	0.00251
0.0741	-0.414	-3.0707	0.023095941991640962	-0.00466002910282486	0.000466002910282486	0.98060387	33.69068146	0.89744182	0.08466499238629661	0.0725144	0.00302
0.0617	-0.3659	-3.0024	0.02233497843777144	-0.004698426346368735	0.000322885911618951	0.98191172	33.73561478	0.92914215	0.17592388980384643	0.0651956	0.00201
0.0675	-0.3666	-3.0107	0.022408282266355196	-0.004675737066092809	0.00039793506945470715	1.03950226	35.71425629	0.91632233	0.023352113334771715	0.0657551	0.00186
0.0682	-0.3971	-3.0462	0.02309943265014495	-0.004850269991292241	0.0004415683007545654	1.02055848	35.06340408	0.90036394	0.11216582701445212	0.0696693	0.00246
0.056	-0.3609	-3.0048	0.022532200643246795	-0.004902629868852071	0.0002617993877991494	0.97233886	33.40671921	0.90382205	0.12976803987067004	0.0661772	0.00201
0.0643	-0.3611	-3.029	0.0224990393874589	-0.004811872747748367	0.00029321531433504735	1.01557148	34.89206314	0.91150313	0.04046671517137483	0.0674289	0.00198
0.0682	-0.396	-3.0502	0.02237337568131531	-0.004759512870188536	0.0004363323129985824	1.01090837	34.73185349	0.90730148	0.07605702911834769	0.0691926	0.00204
0.0667	-0.3459	-3.0719	0.02227214658469964	-0.004403465702781694	0.00042760566673861073	1.01924372	35.01823425	0.95602067	0.09660014551412438	0.071848	0.00249
0.0419	-0.3425	-2.9154	0.02087064719534819	-0.004214970143566306	0.0005759586531581287	1.10523748	37.97272873	1.0704001	0.27161739674931745	0.0576013	0.00109
0.0281	-0.3823	-2.9876	0.020814796659284374	-0.004476769531365455	0.0005742133239061344	1.01771605	34.96574783	0.98225166	0.1417697626557481	0.0633342	0.00159
