trans_x	trans_y	trans_z	rot_x	rot_y	rot_z	dvars_std	dvars_nstd	dvars_vstd	framewise_displacement	aqi	aor
0.0	-0.0	0.0	-0.0	0.0	-0.0	n/a	n/a	n/a	n/a	0.0364259	0.02259
0.0022	-0.0393	-0.0095	0.0003159045946109737	-6.806784082777885e-05	2.792526803190927e-05	1.18349314	31.93901825	1.08356759	0.07159488517353309	0.0307418	0.0088
0.0043	-0.078	0.0009	0.000450294947014537	6.9813170079773176e-06	-9.075712110370512e-05	1.14746797	30.9668045	1.01450429	0.0676060949687467	0.0299868	0.0052
0.004	-0.0452	0.017	0.00015009831567151235	-2.96705972839036e-05	-0.00017627825445142725	1.09623528	29.58418274	0.97287259	0.07031848394913139	0.0302952	0.00447
0.0065	-0.0389	0.0083	0.00028099800957108706	1.2217304763960308e-05	-0.00019198621771937622	1.13977551	30.75920486	0.97290066	0.026924777960769378	0.0291759	0.00442
0.0051	-0.0181	0.0249	-2.094395102393195e-05	9.773843811168246e-05	-5.759586531581287e-05	1.18969548	32.10639954	1.00245824	0.06489267231731521	0.0312052	0.00694
0.0025	-0.0007	0.0289	-0.0003298672286269283	3.4906585039886588e-06	-1.3962634015954635e-05	1.12346148	30.31893921	0.98340558	0.04634021442552742	0.031473	0.00691
-0.0007	-0.0414	0.009	-0.000158824961931484	3.141592653589793e-05	-0.00017453292519943296	1.12541354	30.37161827	1.00069385	0.08177689129554158	0.0293968	0.005
0.0028	-0.0249	0.0236	-9.948376736367679e-05	5.235987755982988e-06	-0.00021467549799530252	1.13309169	30.57882881	0.97228594	0.04088318530717959	0.0303028	0.00525
0.0058	-0.0215	0.0183	-0.00034208453339088857	5.93411945678072e-05	-0.0002565634000431664	1.11029828	29.96370125	0.95148295	0.02862969374434499	0.0306547	0.0049
0.0047	-0.022	0.0215	-0.0004310963252425994	0.00010297442586766544	-0.00024609142453120044	1.16759205	31.50989342	0.9771917	0.01195584993317675	0.0315697	0.00564
-0.0014	-0.0022	0.0436	-0.0005602506898901797	2.792526803190927e-05	-4.71238898038469e-05	1.16657114	31.48234177	0.99213028	0.0681585528605345	0.0340677	0.00797
0.0012	-0.0263	0.024	-0.0003769911184307752	2.96705972839036e-05	-0.00010821041362364843	1.09373939	29.51682663	0.97152148	0.058604571226560015	0.0320843	0.00575
0.0081	-0.0512	0.001	-0.0001972222054753592	0.00013439035240356338	-0.00022340214425527416	1.0908829	29.43973732	0.96737353	0.0747840199353351	0.0296934	0.00457
0.0057	-0.0416	0.0005	-0.0001832595714594046	6.45771823237902e-05	-0.00028623399732707005	1.08538496	29.29136467	0.96198637	0.019830382858376194	0.0294468	0.00462
0.0031	-0.0343	0.0051	-9.948376736367679e-05	3.141592653589793e-05	-0.0003054326190990077	1.05862033	28.56906509	0.96121419	0.021306784082777887	0.030037	0.00512
0.0005	-0.02	0.0048	-0.0001291543646475804	4.71238898038469e-05	-0.00028274333882308137	1.07513773	29.0148201	0.96150496	0.020603392041388943	0.0306713	0.00585
0.0013	0.0041	0.0199	-0.0004310963252425994	4.537856055185256e-05	-0.000153588974175501	1.0477494	28.27569199	0.96466039	0.06164208272472969	0.0331388	0.00849
0.0017	-0.0006	0.0145	-0.0004572762640225143	-6.806784082777885e-05	-0.00020943951023931956	1.02109003	27.55623055	0.95395645	0.020273843811168243	0.03368	0.00828
0.002	-0.0587	0.0022	-6.806784082777885e-05	-2.792526803190927e-05	-0.00021467549799530252	1.00909925	27.2326355	0.96389873	0.09242934918732941	0.0327246	0.00613
0.0071	-0.0353	0.0149	9.948376736367679e-05	-4.363323129985824e-05	-0.00017802358370342162	1.08752191	29.34903526	0.9758202	0.05219557428756427	0.0340173	0.00728
0.0139	-0.025	0.0255	0.0001605702911834783	2.4434609527920616e-05	-9.773843811168246e-05	1.08607256	29.30991936	0.96123071	0.038171975511965966	0.0344501	0.0073
0.0162	-0.0237	0.0373	0.00016231562043547262	0.00017627825445142725	2.094395102393195e-05	1.14810872	30.98409462	0.97453002	0.02901356816555577	0.0351268	0.00847
0.0181	-0.0008	0.0639	-0.00015533430342749534	0.00010821041362364843	0.0001658062789394613	1.16535068	31.44940376	0.98411244	0.0779290046303138	0.0371239	0.01048
0.0209	-0.0345	0.0421	2.792526803190927e-05	0.00023911010752322313	0.00023911010752322313	1.07598209	29.03760719	0.97668634	0.07767315469713705	0.0351067	0.00858
0.026	-0.0517	0.0524	0.00020769418098732522	0.0001291543646475804	0.00028099800957108706	1.05396688	28.44348335	0.96002282	0.04918062789394614	0.0343711	0.00766
0.0281	-0.0401	0.0573	0.00019547687622336493	8.552113334772214e-05	0.0002251474735072685	1.08513248	29.28454971	0.9602865	0.024185053606381852	0.0349023	0.00803
0.0284	-0.0328	0.0616	0.00021467549799530252	0.000153588974175501	0.00024609142453120044	1.12798059	30.44089699	0.9696468	0.01731052068118242	0.0354495	0.00907
0.029	-0.0065	0.0863	0.0002303834612632515	0.0001256637061435917	0.00039968039870670147	1.07678604	29.05930328	0.98070964	0.061461110273767966	0.0373142	0.01086
0.036	-0.0351	0.0801	0.00047647488579445195	0.00016929693744344995	0.0005637413483941684	1.13607347	30.65929985	1.05768409	0.06448928027592628	0.0371157	0.00845
0.0376	-0.0306	0.0774	0.0005916666164260777	0.00014486232791552936	0.0008220500776893293	1.13379657	30.59785271	1.02249287	0.028696753472735377	0.0355572	0.00762
0.04	-0.006	0.093	0.00014660765716752367	0.0003577924966588376	0.0008761552845011534	1.05888939	28.57632637	0.98478188	0.07820471674068433	0.0392619	0.01162
0.0495	0.0328	0.0909	-0.000322885911618951	0.00041189770347066176	0.001129228026040331	1.0119139	27.30859375	0.96758195	0.08923357585687382	0.040036	0.01232
0.0437	-0.0358	0.0875	-8.726646259971648e-05	0.000450294947014537	0.0009808750396208131	1.01248777	27.32408142	0.98158252	0.09891848394913137	0.0390142	0.01175
0.0539	-0.0334	0.0576	-4.18879020478639e-05	0.0005235987755982988	0.0009773843811168245	1.02203155	27.58164215	0.95453599	0.048608652381980144	0.036737	0.00936
0.0956	-0.0475	0.0474	-0.00027750735106709843	0.0007941248096574199	0.0013683381335635543	1.12038004	30.23577881	1.0414657	0.11085496177625428	0.0387058	0.01246
0.0785	0.0066	0.0658	-0.0003944444109507184	0.0005201081170943102	0.0010733774899765126	1.11545122	30.10276413	1.02981472	0.12389571980168856	0.0398156	0.01134
0.0547	0.0047	0.0752	-0.0004886921905584122	0.00041189770347066176	0.0009686577348568529	1.04238164	28.13082886	0.97407525	0.050458897417550094	0.0397523	0.01146
0.0643	-0.0673	0.0131	-9.599310885968811e-05	0.0005375614096142535	0.0009529497715889039	1.05970025	28.59820938	1.02854058	0.17040353755551324	0.0330842	0.00667
0.0675	-0.0559	-0.0009	-3.490658503988659e-05	0.0004747295565424576	0.000947713783832921	0.98772359	26.65576935	0.93540742	0.03505771823237903	0.031638	0.00545
0.0603	-0.0328	-0.0042	-0.00028797932657906436	0.0004572762640225143	0.0008412486994612669	0.98496753	26.58139229	0.93315093	0.05244955592153876	0.0314069	0.00552
0.0488	0.0028	0.03	-0.0004991641660703782	0.0002548180707911721	0.0008779006137531476	1.07473171	29.00386429	0.98091169	0.10381474735072684	0.0344169	0.00798
0.0452	0.0092	0.0414	-0.0008325220532012951	0.00024260076602721178	0.0008691739674931761	1.08491397	29.27865219	0.97234354	0.03911509190774245	0.0358451	0.00855
0.0501	-0.0583	-0.0018	-0.00032812189937493397	0.0004363323129985824	0.0008395033702092724	1.1409086	30.78978539	1.02970426	0.15199011490408176	0.0316151	0.0056
0.0477	-0.0354	0.0024	-0.0003089232776029963	0.0003159045946109737	0.0007801621756414653	1.16960144	31.56411934	0.97057751	0.039448376736367675	0.0308661	0.00558
0.0458	-0.0295	-0.0155	-0.0005288347633542819	0.00022863813201125715	0.0006859143960337716	1.14895749	31.00700188	0.98969539	0.04577128639793479	0.0302692	0.0046
0.0442	-0.0138	-0.0086	-0.0008395033702092724	0.00021642082724729686	0.0006126105674500097	1.1352551	30.63721466	0.97318253	0.04400948701013562	0.0313936	0.00482
0.0362	0.0026	0.0204	-0.0007888888219014368	0.00010297442586766544	0.0007400196028455958	1.08282351	29.22223854	0.97437259	0.06797349925415265	0.032453	0.00719
0.0394	-0.0085	0.0043	-0.0007120943348136865	0.00010821041362364843	0.0007853981633974483	1.03304577	27.87888336	0.95085756	0.036770451769779285	0.0321304	0.00652
0.0469	-0.0422	-0.0056	-0.0003769911184307752	5.061454830783555e-05	0.0007993607974134029	1.04196715	28.11964417	0.95600421	0.07143308578573393	0.0299757	0.00492
0.0548	-0.0271	-0.0065	-0.000322885911618951	5.93411945678072e-05	0.0008237954069413235	1.04890561	28.3068943	0.95169757	0.028263323129985828	0.0299001	0.0048
0.0562	-0.027	-0.0065	-0.0002495820830351891	6.108652381980153e-05	0.0008587019919812101	1.05429554	28.45235252	0.95196447	0.006997787143782136	0.0294984	0.00486
0.0501	-0.0065	0.0093	-0.00038048177693476387	7.67944870877505e-05	0.0009372418083209549	1.03841674	28.02383041	0.95741535	0.05365737367536343	0.030825	0.00602
0.0462	0.0006	0.0309	-0.0006021385919380437	0.00017104226669544429	0.001048942880448592	1.01692832	27.44391823	0.95413049	0.05398028333693054	0.0328881	0.00792
0.0442	-0.0449	0.01	-0.0003089232776029963	0.0002181661564992912	0.0010053096491487337	1.02434623	27.64410782	0.97195113	0.08759862177193763	0.0309709	0.0058
0.0441	-0.0307	0.0204	-0.0001308996938995747	0.0001239183768915974	0.0009686577348568529	1.06224954	28.66700554	0.95680194	0.040146163880149806	0.0305493	0.00547
0.0444	-0.0275	0.0259	-5.061454830783555e-05	7.853981633974481e-05	0.001001818990644745	1.03194606	27.84920502	0.94121434	0.016941248096574196	0.030872	0.00548
0.0437	-0.015	0.0405	-5.93411945678072e-05	0.000158824961931484	0.001059414855960558	1.01831329	27.48129654	0.94148246	0.03513038285837619	0.033008	0.00726
0.0448	-0.004	0.0562	-0.00047647488579445195	0.00023387411976724014	0.0011519173063162574	0.99912953	26.96358299	0.93808522	0.057034264970905024	0.0353776	0.00962
0.0436	-0.027	0.0361	-0.0004310963252425994	0.0002600540585471551	0.0010419615634406148	0.99578178	26.8732357	0.94432658	0.053375712110370496	0.0330318	0.00725
0.0443	-0.0328	0.0485	-0.00033684854563490564	0.0001832595714594046	0.0010210176124166828	1.02791381	27.74038696	0.94642834	0.028499310885968812	0.0336006	0.00658
0.0468	-0.0177	0.0448	0.000153588974175501	9.075712110370512e-05	0.0009948376736367678	1.01148868	27.29711914	0.94487633	0.05175599544730107	0.0319409	0.00635
0.0443	-0.0249	0.0486	-0.00010821041362364843	5.759586531581287e-05	0.001054178868204575	1.06289709	28.68448067	0.96480286	0.031215091907742444	0.0333555	0.00709
0.0444	0.0065	0.0696	-0.0007731808586334879	0.00017802358370342162	0.0011641346110802177	1.05959845	28.5954628	0.96357448	0.09726769531365456	0.0366633	0.00972
0.0452	-0.019	0.045	-0.0005218534463463045	0.00019547687622336493	0.0011501719770642632	1.01610911	27.42181206	0.95207194	0.06503716694115405	0.0341825	0.00775
0.0484	-0.0375	0.0224	-0.0005235987755982988	0.00016231562043547262	0.0010000736613927507	1.03268158	27.86905479	0.97039766	0.05355024503556996	0.0324832	0.0057
0.0496	-0.0293	-0.007	-0.0007086036763096977	0.00027576202181510406	0.000874409955249159	1.03731513	27.99409866	0.982624	0.060005750411731104	0.0307443	0.00525
0.0414	-0.002	0.0379	-0.0008255407361933179	0.00023911010752322313	0.0009599310885968812	1.03534198	27.9408493	0.98142929	0.09235550537616115	0.0339779	0.00777
0.0334	0.0082	0.0437	-0.00091106186954104	1.9198621771937625e-05	0.0008447393579652555	0.97554344	26.32706261	0.92663646	0.04503121748653166	0.033426	0.00809
0.0336	-0.0554	0.0012	-0.0005410520681182421	0.00012217304763960306	0.0007278022980816354	1.00737441	27.18608856	0.97137988	0.13579606435870417	0.0300484	0.00519
0.0362	-0.0512	-0.0032	-0.0003647738136668148	0.0001291543646475804	0.0006859143960337716	1.02103913	27.55485725	0.93204437	0.022457373675363424	0.0288473	0.00379
0.0325	-0.0348	0.0055	-0.00024260076602721178	0.00011693705988362007	0.0006789330790257941	1.01217353	27.31560326	0.94322112	0.035868583470577045	0.0290167	0.00441
0.0262	-0.0114	0.0319	-0.0005864306286700947	4.18879020478639e-05	0.0007435102613495844	1.01410055	27.36760521	0.94714577	0.08027281014012147	0.0324492	0.00603
0.0177	0.0072	0.0507	-0.000804596785169386	-0.00018500490071139895	0.0007208209810736582	1.01228452	27.31859779	0.94585115	0.06928741197672403	0.0341447	0.00763
0.0172	-0.0471	0.0201	-0.0005515240436302081	-0.00016929693744344995	0.00062482787221397	1.00187457	27.03766251	0.96371467	0.10363869068334076	0.0304531	0.00507
0.0196	-0.0521	0.0228	-0.0002513274122871834	-8.028514559173915e-05	0.0005340707511102648	1.04592764	28.22652817	0.94823739	0.034098277214922035	0.0302656	0.00466
0.0127	-0.0343	0.0094	-0.00028797932657906436	-0.00022340214425527416	0.00033684854563490564	1.04713953	28.25923157	0.95068447	0.05694955592153876	0.0290447	0.00407
0.0111	-0.0193	0.0228	-0.0006527531402458793	-0.0002181661564992912	0.0003822271061867582	1.01164663	27.30138206	0.93839422	0.05076941809873252	0.0313165	0.00503
0.0077	-0.0021	0.0441	-0.0006754424205218055	-0.00039095375244672985	0.0004991641660703782	1.06412125	28.71751976	0.97600017	0.05752069680534924	0.0329571	0.00674
0.0055	-0.0361	0.0083	-0.0004886921905584122	-0.0003298672286269283	0.00034557519189487725	1.01502335	27.39250946	0.95439608	0.09207128639793481	0.0300292	0.00479
0.013	-0.0604	0.008	-9.075712110370512e-05	-0.0003316125578789226	0.0003787364476827695	1.05627108	28.50566673	0.96217188	0.05374208272472969	0.0293497	0.00421
0.0151	-0.0452	0.0109	2.792526803190927e-05	-0.0003351032163829112	0.00041713369122664475	1.07657158	29.0535183	0.95457958	0.02822851455917392	0.0295499	0.00417
0.0159	-0.0279	0.0321	-4.886921905584123e-05	-0.0003700098014227979	0.0005340707511102648	1.08238876	29.21050453	0.97084585	0.05073190660056285	0.0309783	0.00515
0.0152	-0.0017	0.0495	-0.0003822271061867582	-0.00034208453339088857	0.0007627088831215222	1.06484878	28.73715401	0.96365272	0.07379606435870421	0.0328573	0.00717
0.0181	-0.0384	0.0161	-0.0002722713633111154	-0.0003054326190990077	0.0006597344572538566	1.01086521	27.28029442	0.9602799	0.08547910415175945	0.029721	0.00453
0.0169	-0.0447	0.0302	7.504915783575618e-05	-0.00043458698374658803	0.0005445427266222308	1.04860961	28.29890633	0.96641325	0.051183330821303885	0.0291989	0.00411
0.021	-0.0308	0.0084	0.00013264502315156904	-0.00042236967898262774	0.0005113814708343385	1.04771852	28.27485847	0.97132731	0.04494872129338327	0.028375	0.00357
0.0193	-0.0172	0.0235	-0.00047123889803846896	-0.0002495820830351891	0.0005410520681182421	1.07331479	28.96562576	0.97802876	0.07071710572106903	0.0309458	0.00471
0.0144	0.0143	0.0653	-0.0005270894341022875	-0.0003298672286269283	0.0006527531402458793	1.07263243	28.94721031	0.99853765	0.09059183768915971	0.0340211	0.00783
0.0102	-0.0294	0.0405	-0.00024085543677521747	-0.00028099800957108706	0.00045553093477052	1.009341	27.23915863	0.97997873	0.09931627109291352	0.0315463	0.00611
0.0118	-0.087	0.008	0.00033684854563490564	-0.00021642082724729686	0.0004049163864626844	1.09196568	29.46895981	1.0195811	0.12634478565208743	0.0289187	0.0034
0.0308	-0.049	0.0283	0.000645771823237902	7.330382858376184e-05	0.0006108652381980154	1.19030917	32.12296295	1.17302349	0.11752983925846928	0.0322906	0.00789
0.0704	-0.0797	0.015	0.0016598081186466073	6.283185307179586e-05	0.0010681415022205296	1.22676826	33.106884	1.21915169	0.15768922674715927	0.0315396	0.00698
0.0459	-0.0826	0.0107	0.001932079481957723	-0.0001605702911834783	0.0009232791743050004	1.07776749	29.08579063	1.06368696	0.06372679177409596	0.0279726	0.00265
0.024	-0.0796	0.0219	0.0019530234329816546	-0.00032637657012293966	0.0007749261878854823	0.95627558	25.80707932	0.92955806	0.05285516081914556	0.0285906	0.00263
0.0216	-0.041	0.0529	0.0013596114873035826	-0.0003001966313430247	0.0007819075048934597	1.07321382	28.96290207	1.00033885	0.10332866007329825	0.0324517	0.00495
0.0241	-0.0331	0.0436	0.000853466004225227	-0.0002129301687433082	0.0008639379797371932	1.05804205	28.55345917	0.98822378	0.05347212102609028	0.0325404	0.00459
0.0325	-0.078	0.038	0.0012793263417118436	-0.00016231562043547262	0.000932005820564972	1.24504721	33.60018158	1.1846928	0.08612713633111153	0.0335108	0.00646
0.0489	-0.0592	0.057	0.001085594794740473	-0.0002443460952792061	0.0010314895879286487	1.48609412	40.10533142	1.39766451	0.07296228945893904	0.0351395	0.01047
0.0504	-0.0849	0.015	0.0013910274138394805	0.0001937315469713706	0.0014870205226991688	1.38309431	37.32566833	1.32517848	0.12915205980600522	0.0294922	0.00305
0.0422	-0.0109	0.0885	0.0010611601852125523	0.00014660765716752367	0.0016441001553786586	1.18050945	31.85849571	1.09733793	0.18240353755551325	0.0351816	0.00756
0.048	-0.0362	0.0042	0.001064650843716541	0.00029845130209103034	0.001572541656046891	1.1185894	30.18745422	1.08157295	0.12674464013796316	0.0282888	0.00304
0.0515	-0.0608	-0.0211	0.0013264502315156904	0.00033684854563490564	0.0016022122533307947	1.04971302	28.32868195	0.98021414	0.06989336143134642	0.0259878	0.00158
0.054	-0.0447	-0.0308	0.0015707963267948967	0.0001972222054753592	0.0016249015336067207	1.05869174	28.57099152	0.95551488	0.048633085785733936	0.0246364	0.00156
0.0488	-0.0156	-0.0102	0.00147131255943122	0.00010995574287564276	0.0015638150097869194	1.08255482	29.2149868	0.96452679	0.06729183768915974	0.0255833	0.00205
0.0457	0.0088	0.0094	0.0011763519158441782	3.4906585039886588e-06	0.001621410875102732	1.08855736	29.37697792	0.97212924	0.07005107966372542	0.028201	0.003
0.0505	-0.0396	-0.0417	0.001324704902263696	0.00022165681500327985	0.0014922565104551516	1.10365498	29.78441811	1.01860634	0.12908367537831947	0.0238246	0.00124
0.0552	-0.0429	-0.0558	0.0013526301702956054	0.00017278759594743863	0.0014119713648634124	1.09984076	29.68148422	0.96216691	0.02995398163397449	0.0237336	0.00103
0.0512	-0.0234	-0.0392	0.0010716321607245184	-1.0471975511965975e-05	0.0013473941825396225	1.12944663	30.48045921	0.98046254	0.06654173816771407	0.0245548	0.00081
0.0347	0.0037	0.0074	0.001043706892692609	-0.00019547687622336493	0.0013491395117916165	1.13018107	30.50028038	1.01946654	0.10093377489976511	0.0273684	0.0023
0.0373	-0.0133	-0.0096	0.001158898623324235	-4.886921905584123e-05	0.0014556045961632708	1.07769418	29.08381081	0.97176297	0.0550132236085402	0.0259575	0.00187
0.0385	-0.0627	-0.0338	0.001499237827463129	0.00010995574287564276	0.001356120828799594	1.09730756	29.61312103	0.99865294	0.10473239667170275	0.0244657	0.00149
0.0364	-0.0417	-0.0273	0.0015323990832510211	-2.268928027592628e-05	0.0012880529879718153	1.11020541	29.96119499	0.96560593	0.04129370598836199	0.0237983	0.00121
0.0353	-0.0353	-0.0358	0.0016004669240788003	8.37758040957278e-05	0.0012217304763960308	1.07584226	29.03383446	0.94420471	0.028042771838760888	0.0239912	0.00124
0.0292	-0.0146	-0.0299	0.0012164944886400475	1.7453292519943294e-06	0.0012042771838760874	1.15488422	31.1669445	0.98256541	0.05687281014012147	0.0248306	0.00172
0.0322	-0.0143	-0.0452	0.0010349802464326373	-8.726646259971648e-06	0.001228711793404008	1.13459873	30.61950111	0.98427493	0.029421041362364835	0.0241289	0.0016
0.0362	-0.0383	-0.0449	0.0013037609512397642	-2.268928027592628e-05	0.0011606439525762293	1.10069001	29.70440292	0.97794157	0.04584055898254301	0.023102	0.00116
0.0385	-0.0185	-0.0319	0.0013700834628155487	-6.806784082777885e-05	0.0011711159280881952	1.10767019	29.89277649	0.97436232	0.04120865238198016	0.0235679	0.00116
0.0404	-0.0084	-0.0168	0.0013753194505715315	-0.00010821041362364843	0.0012932889757277981	1.11205065	30.01099205	0.97498454	0.035477580409572766	0.024367	0.00142
0.0411	0.0052	0.0165	0.001090830782496456	-0.0001675516081914556	0.001481784534943186	1.07157445	28.9186573	0.97601266	0.07421627109291352	0.0276824	0.00322
0.0443	-0.0176	0.0028	0.0009197885158010115	-7.504915783575618e-05	0.0014451326206513049	1.00367498	27.08625221	0.94543092	0.05470983156715125	0.0268445	0.0026
0.0466	-0.0524	-0.0124	0.001481784534943186	-0.0001675516081914556	0.0014660765716752368	1.04220164	28.12597275	0.96217916	0.0860721210260903	0.0254983	0.00169
0.0515	-0.036	-0.0118	0.0015690509975429022	-0.00017802358370342162	0.00152367243699105	1.0017128	27.03329849	0.92890193	0.029666715171374765	0.0266427	0.00194
0.0457	-0.0246	0.0089	0.0010995574287564276	-0.0001884955592153876	0.0014922565104551516	1.05389869	28.44164276	0.96051884	0.06346907354171694	0.0297586	0.00287
0.0398	-0.0056	0.0138	0.0007906341511534313	-0.00014486232791552936	0.0014905111812031574	1.06760716	28.81159401	0.96880451	0.04751509190774243	0.0304258	0.00335
0.0442	-0.0583	-0.0207	0.0013700834628155487	-8.37758040957278e-05	0.0013177235852557187	1.06181967	28.65540695	0.98469214	0.1322661715714679	0.0266343	0.00199
0.0459	-0.0375	0.0055	0.0015847589608108511	-0.00018151424220741024	0.001408480706359424	1.10135758	29.72241974	0.98351753	0.06885855286053451	0.0285674	0.0023
0.0416	-0.0295	-0.0041	0.0015638150097869194	-0.0002583087292951608	0.0013456488532876281	1.14823818	30.98758888	0.98268023	0.029928514559173915	0.0272915	0.00195
0.0461	-0.0109	0.0137	0.001574286985298885	-0.0002565634000431664	0.0013962634015954637	1.18514764	31.98366547	0.99345906	0.04404159265358978	0.0285404	0.00294
0.0406	-0.0362	0.0361	0.003120648702565861	-0.0005096361415823442	0.0014486232791552935	1.23403752	33.30306244	1.19329423	0.1457897168182992	0.0304412	0.00574
0.0259	-0.124	-0.0329	0.005234242426730994	-0.0008848819307611251	0.001499237827463129	1.27044308	34.28554153	1.28236635	0.29847270308258744	0.0301896	0.0085
0.0308	-0.1365	-0.0606	0.0050562188430275734	-0.0008185594191853405	0.0015062191444711063	1.14390004	30.87051582	1.02814691	0.05766637061435916	0.0263429	0.00522
0.0455	-0.1288	-0.1486	0.005265658353266893	-0.000439822971502571	0.0016057029118347831	1.23891139	33.4345932	1.11257556	0.1447829862642883	0.0207562	0.00174
0.0355	-0.0888	-0.0883	0.0046251225177849735	-0.0004363323129985824	0.0017645278737662671	1.15699708	31.22396469	1.04495331	0.1504425727958696	0.0221763	0.00253
0.0377	-0.0624	-0.0612	0.004642575810304917	-0.0006283185307179585	0.002001892652037496	1.09347427	29.50967216	0.98674083	0.07804021442552744	0.0236112	0.0036
0.0554	-0.1223	-0.1228	0.004225442119078272	-0.0003473205211468716	0.0018832102629018814	1.1508112	31.05702782	1.0963039	0.18004070449666737	0.0200008	0.00108
0.0594	-0.1247	-0.1876	0.003600614246864302	-0.0002705260340591211	0.0013596114873035826	1.16833055	31.5298214	1.09718848	0.13246105674500094	0.0166873	0.00024
0.0629	-0.0852	-0.2008	0.003652974124424132	-2.4434609527920616e-05	0.0014311699866353504	1.09707785	29.60692024	0.97472204	0.07470049007113992	0.0165834	0.00027
0.0622	-0.061	-0.1948	0.003556981015564444	-7.504915783575618e-05	0.0015515977050229591	1.13322592	30.58245087	0.972387	0.044251768777756606	0.0176101	0.00015
0.0461	-0.0421	-0.1603	0.0036302848441482054	-0.0005881759579220891	0.001616174887346749	1.21428859	32.77009583	1.0250488	0.1020503905496942	0.0175344	0.00024
0.0456	-0.0886	-0.2041	0.0037524578917878084	-0.0008028514559173916	0.0014049900478554352	1.15481043	31.16495514	1.04776873	0.11820166925631095	0.0160287	0.00015
0.0412	-0.1038	-0.1946	0.003691371367968007	-0.0008342673824532895	0.001244419756671957	1.13409972	30.60603333	0.97920036	0.04175363707695889	0.0160524	0.00015
0.0403	-0.0899	-0.1898	0.003488913174736664	-0.0007347836150896127	0.0012531464029319286	1.14562356	30.91702843	0.97801942	0.035133430342749565	0.0157076	0.00016
0.04	-0.0894	-0.1867	0.0033702307856010505	-0.0006544984694978735	0.0012758356832078548	1.10453498	29.80816841	0.9513511	0.014982840750163944	0.0155081	0.0001
0.0267	-0.07	-0.1665	0.0030543261909900766	-0.000879645943005142	0.0012252211349000194	1.09695208	29.60352707	0.96085419	0.08248333082130385	0.0162324	0.00014
0.031	-0.1127	-0.21	0.003384193419617005	-0.0008098327729253688	0.0010768681484805013	1.12441802	30.34475327	0.99516091	0.11790166925631096	0.0158999	0.00012
0.0438	-0.1221	-0.1944	0.0036582101121801144	-0.0007487462491055673	0.0012880529879718153	1.15458572	31.15888977	0.98894308	0.06511440279371125	0.0168374	0.00024
0.0443	-0.0932	-0.1829	0.0035046211380046137	-0.0007801621756414653	0.001377064779823526	1.13170123	30.54130554	0.9717013	0.054600834628155445	0.0166909	0.00014
0.0451	-0.0734	-0.1768	0.0033999013828849537	-0.0007976154681614085	0.0014608405839192536	1.1386348	30.72842026	0.97612243	0.03699744258676654	0.0161851	0.0001
0.0548	-0.0426	-0.1363	0.003127630019573839	-0.0008395033702092724	0.0017156586547104257	1.14228165	30.82683945	0.99754914	0.10944886680750757	0.0166796	0.00016
0.0558	-0.032	-0.1343	0.0031974431896536117	-0.0006998770300497262	0.0019233528356977512	1.05825925	28.55932045	0.95462689	0.03445668456133223	0.0173909	0.00022
0.0588	-0.0926	-0.1702	0.0033964107243809652	-0.0005044001538263612	0.0016982053621904826	1.07350969	28.97088623	0.99322002	0.13047959422289931	0.0162015	0.00021
0.0616	-0.0801	-0.1597	0.003450515931192789	-0.0005288347633542819	0.001621410875102732	1.09737873	29.61503983	0.96796536	0.03356671517137474	0.0170109	0.00027
0.0634	-0.069	-0.1513	0.003497639820996636	-0.0004729842272904633	0.0016772614111665507	1.17426348	31.68993378	0.98795564	0.02924124809657422	0.017145	0.00012
0.0724	-0.045	-0.1374	0.0029618237406343773	-0.0002303834612632515	0.0019512781037296606	1.16493857	31.43828392	0.99535578	0.09952167694762902	0.0181656	0.00028
0.0705	-0.0221	-0.1052	0.002579596634447619	-0.00022165681500327985	0.001864011641129944	1.07993448	29.14427185	0.97245738	0.08091101075232233	0.0190511	0.00027
0.0764	-0.0821	-0.1477	0.0027523842303950577	7.330382858376184e-05	0.0018238690683340744	1.04472113	28.19396782	1.00029347	0.1337945406165175	0.0185388	0.00031
0.0717	-0.086	-0.1514	0.003082251459021986	6.806784082777885e-05	0.0017418385934903407	1.07421505	28.98992157	0.96228918	0.03315668456133224	0.0181948	0.00025
0.07	-0.0646	-0.1472	0.003258529713473413	-4.886921905584123e-05	0.0017540558982543013	1.05498874	28.4710598	0.94837861	0.04257163095495037	0.0178238	0.00021
0.0727	-0.0566	-0.1299	0.003419100004656891	-0.0002007128639793479	0.0017470745812463236	1.09151554	29.4568119	0.97666219	0.043969762655748125	0.0185121	0.00025
0.0688	-0.036	-0.103	0.003605850234620285	-0.0003351032163829112	0.0017400932642383465	1.20170057	32.43038177	1.03248363	0.0678060949687467	0.0201022	0.00035
0.0681	-0.0457	-0.1039	0.0030473448739821	-0.0003682644721708035	0.0017191493132144146	1.12856615	30.45669937	1.01174844	0.04193052837250048	0.0192209	0.00038
0.0742	-0.087	-0.1312	0.002963569069886372	-0.00011170107212763708	0.0017872171540421933	1.11342812	30.04816818	1.00046814	0.09512035224833369	0.0183378	0.00023
0.0777	-0.0668	-0.1363	0.0027331856086231197	-5.235987755982989e-05	0.001837831702350029	1.12862384	30.45825386	0.98660952	0.045816960206944736	0.0199345	0.00016
0.0828	-0.0556	-0.1224	0.0028675759610266834	-0.0001291543646475804	0.001778490507782222	1.14258242	30.83495712	1.01313085	0.04372630170295606	0.0183949	0.00027
0.0662	-0.1052	0.1333	0.0015969762655748114	-0.0017767451785302276	0.002237512101056731	1.83002782	49.38709641	1.86533455	0.49076060513045133	0.0475035	0.02334
0.0535	0.0053	-0.0167	0.0017872171540421933	-0.0008936085770210966	0.0030246555937061734	1.68895543	45.57996368	1.72409471	0.36622604913129775	0.0317966	0.00615
0.0209	0.2045	-0.2224	0.0017959438003021652	-0.001181587903600161	0.003307398932529255	1.75676739	47.41001129	1.88584166	0.46647246558310584	0.0349795	0.02034
0.0026	0.2571	-0.2113	0.004611159883769018	-0.0014416419621473165	0.0011519173063162574	1.69485998	45.73931122	1.77554602	0.3435375884113503	0.0397782	0.0403
0.027	0.0159	-0.204	0.003926990816987242	-0.0011047934165124105	0.0005864306286700947	1.53655398	41.46709442	1.6432348	0.3522252145031423	0.0228446	0.0129
0.0203	-0.2118	-0.1824	0.0017470745812463236	-0.0010157816246606998	0.0012636183784438947	1.58082092	42.66173172	1.67728103	0.4033057888683215	0.0201501	0.00329
0.0366	-0.2792	-0.2891	0.0023509585024363614	-0.0010576695267085637	0.0008587019919812101	1.15797126	31.25025749	1.15305345	0.24293441048502937	0.0224354	0.00429
0.0401	-0.215	-0.2843	0.0007766715171374765	-0.0009808750396208131	0.0005358160803622592	1.16400039	31.41296387	1.12920118	0.1711983692002793	0.023589	0.00539
0.0461	-0.0636	-0.2803	0.0007853981633974483	-0.0007609635538695277	0.0004729842272904633	1.24047351	33.47674942	1.1666504	0.17597349925415262	0.021821	0.00232
0.0412	0.0512	-0.2666	0.0008063421144213803	-0.0007382742735936014	0.0003892084231947355	1.25686133	33.91901016	1.1018468	0.1397704517697793	0.0234603	0.00283
0.0416	0.1319	-0.2465	0.0007435102613495844	-0.0008499753457212384	0.00039968039870670147	1.20770109	32.59231949	1.05007955	0.11045024503556992	0.0269731	0.00558
0.045	0.1215	-0.2819	0.0009896016858807848	-0.0007138396640656808	0.0004729842272904633	1.17837465	31.80088234	1.02615519	0.07197654673852596	0.0281698	0.00638
0.0566	0.148	-0.1688	0.0030927234345339517	-0.0017226399717184032	0.0008936085770210966	1.5908823	42.93325806	1.52664201	0.3278273203018261	0.0261249	0.00842
0.0577	0.0979	-0.1496	0.0019774580425095754	-0.001748819910498318	0.000752236907609556	1.41161263	38.09529495	1.32606685	0.1345408500107916	0.0227175	0.00298
0.072	0.0134	-0.1883	0.0023020892833805202	-0.001593485607070823	0.0012269664641520136	1.23450625	33.31571198	1.13184094	0.18523475504204487	0.0188822	0.0005
0.0685	-0.0669	-0.2184	0.002267182698340634	-0.0014137166941154068	0.0010995574287564276	1.11370373	30.05560493	1.03520395	0.13100422666954442	0.0172845	0.00046
0.0649	-0.1294	-0.2307	0.0021676989309769574	-0.0014014993893514465	0.0005270894341022875	1.12205482	30.28097534	1.03022579	0.1126084533390888	0.0175358	0.00035
0.0636	-0.1133	-0.218	0.002234021442552742	-0.0013700834628155487	0.0004206243497306334	1.0925926	29.48587799	0.98104229	0.0403101761241668	0.0160483	0.00024
0.0595	-0.078	-0.2088	0.002150245638457014	-0.0014905111812031574	0.0003595378259108319	1.1615181	31.34597588	1.00532181	0.061864502315156895	0.0148764	0.00019
0.0572	-0.03	-0.2075	0.0021101030656611444	-0.0015481070465189703	0.00031415926535897925	1.20295453	32.46422195	1.0222064	0.058755849933176785	0.0150714	0.00015
0.0586	0.0228	-0.1934	0.0021013764194011725	-0.0013194689145077131	0.0004485496177625427	1.21038437	32.66473389	1.02363156	0.08688775653373962	0.0157797	0.0001
0.0541	0.0352	-0.2213	0.0021101030656611444	-0.0013665928043115599	0.0002513274122871834	1.14027464	30.77267456	0.99705067	0.0574536370769589	0.0167285	0.00029
0.0497	0.008	-0.2331	0.0022636920398366456	-0.0015446163880149814	0.0001832595714594046	1.091326	29.4516964	0.98448626	0.06338401993533509	0.0163264	0.00027
0.0477	0.0196	-0.2231	0.0021153390534171274	-0.0016283921921107093	0.0001012290966156711	1.15748298	31.23707771	0.97928303	0.03930796326794898	0.0169322	0.00028
0.0481	0.0206	-0.214	0.0018308503853420514	-0.0015917402778188286	0.00010821041362364843	1.21510506	32.79212952	1.00464458	0.02690609496874669	0.0170144	0.00036
0.0481	-0.0016	-0.2156	0.0019896753472735357	-0.0014905111812031574	0.00017802358370342162	1.19101632	32.14204407	0.99073011	0.04029336143134645	0.0156602	0.00025
0.0468	-0.0137	-0.1961	0.0018413223608540175	-0.001481784534943186	0.00024085543677521747	1.11002612	29.95635796	0.96852108	0.043895574287564285	0.0154081	0.00021
0.0524	-0.0626	-0.2131	0.0021048670779051613	-0.0016057029118347831	0.00024260076602721178	1.07425094	28.9908905	0.98389255	0.09096042115973677	0.0151398	0.00013
0.0537	-0.0668	-0.1929	0.002694788365079245	-0.0017278759594743865	0.00040317105721069014	1.1648289	31.43532372	1.03148593	0.06933323129985829	0.0139362	9e-05
0.061	-0.0495	-0.1862	0.002150245638457014	-0.0015812683023068625	0.000466002910282486	1.15328896	31.12389565	1.01812062	0.06899911184307753	0.0156797	0.00071
0.062	-0.0039	-0.1438	0.001762782544514273	-0.0013334315485236678	0.0008011061266653974	1.16619873	31.47229004	1.06521234	0.13752015320544236	0.0180784	0.00024
0.048	0.0409	-0.1352	0.0018046704465621369	-0.0009878563566287904	0.0010873401239924673	1.05687797	28.52204323	0.9946505	0.10108485456349056	0.0184979	0.00018
0.0908	-0.0049	-0.1606	0.0019146261894377795	-0.0005899212871740833	0.0013648474750595659	1.15947819	31.29092407	1.12249968	0.15326990816987243	0.0214913	0.00275
0.094	-0.0731	-0.217	0.002853613327010729	-0.0004014257279586958	0.0012007865253720988	1.23982692	33.45930099	1.22099122	0.19237718232379017	0.0201924	0.00302
0.0425	-0.0906	-0.2706	0.003378957431861022	-0.0011379546723003027	0.0005462880558742252	1.18708742	32.03601456	1.1800921	0.2184185759344887	0.016633	0.00014
0.0343	-0.0882	-0.3192	0.003661700770684103	-0.0007888888219014368	0.00033684854563490564	1.00398147	27.09452248	0.96560264	0.10126243497306328	0.0164229	0.00018
0.0356	-0.0386	-0.3183	0.0029443704481144336	-0.0005044001538263612	0.00015184364492350666	1.20042968	32.39608383	1.04143987	0.11114119456780716	0.0189571	0.00071
0.0282	0.0095	-0.2924	0.0027436575841350863	-0.0006684611035138282	0.00022340214425527416	1.24447429	33.58472061	1.0311996	0.10321661564992912	0.0185871	0.00052
0.0328	0.0161	-0.2992	0.00272096830385916	-0.0007347836150896127	0.0002495820830351891	1.14558327	30.91593933	1.00235611	0.023759586531581323	0.0185778	0.0008
0.0416	-0.0518	-0.3277	0.003038618227722128	-0.0006492624817418905	0.00014311699866353502	1.15688419	31.22092056	1.0393498	0.1306818070791172	0.0175499	0.00046
0.0394	-0.0432	-0.3055	0.003375466773357033	-0.0009616764178488756	0.0001675516081914556	1.18500805	31.97990036	1.01192921	0.06668485456349053	0.015969	0.00016
0.0339	-0.0383	-0.2878	0.003417354675404897	-0.0012025318546240932	0.00011344640137963142	1.2259717	33.08538818	1.00770374	0.04494242728174528	0.0154878	0.00011
0.0328	-0.0302	-0.2649	0.003193952531149623	-0.0011309733552923255	0.0001884955592153876	1.24680769	33.64768982	1.01102268	0.05060049007113988	0.0147016	0.00011
0.0284	-0.0117	-0.2527	0.0030909781052819575	-0.001129228026040331	0.0002897246558310587	1.14746809	30.96680641	0.97770765	0.04539744258676658	0.0152982	8e-05
0.0284	-0.0599	-0.294	0.0032306044454415038	-0.0011798425743481666	0.00016406094968746698	1.1450907	30.90264702	1.00464043	0.10529522973054865	0.0159881	0.00015
0.0241	-0.0859	-0.291	0.003555235686312449	-0.0013910274138394805	-7.853981633974481e-05	1.15744781	31.23612976	0.99019605	0.07222084231947355	0.0150427	0.0001
0.0232	-0.0622	-0.2777	0.0036983526849759846	-0.001593485607070823	-7.155849933176751e-05	1.16070521	31.32403564	0.98896529	0.05552782544514276	0.0148934	0.0001
0.0248	-0.0489	-0.2734	0.003712315318991939	-0.0015585790220309364	-0.0	1.14905322	31.00958252	0.97570354	0.025221385919380456	0.0150448	1e-05
0.0209	-0.0295	-0.2791	0.0036896260387160127	-0.0015707963267948967	-5.235987755982988e-06	1.12499666	30.36036873	0.97083499	0.031007128639793526	0.0145481	4e-05
0.0195	-0.0013	-0.2753	0.003378957431861022	-0.0014957471689591403	9.773843811168246e-05	1.09523463	29.5571785	0.96988028	0.05783460952792065	0.014764	0.0001
0.0227	-0.0147	-0.3024	0.0034016467121369483	-0.001499237827463129	0.00021467549799530252	1.03707552	27.98763275	0.95439214	0.05085584993317679	0.0158061	0.00018
0.0292	-0.063	-0.3045	0.003961897402027128	-0.0015498523757709647	0.00012740903539558605	1.10386288	29.79002953	1.00083468	0.09180658503988659	0.0140998	2e-05
0.031	-0.0469	-0.2967	0.003984586682303054	-0.0015358897417550098	1.2217304763960308e-05	1.16121638	31.3378334	0.98179809	0.033292182246175306	0.0137224	2e-05
0.0288	-0.0465	-0.2993	0.004176572900022431	-0.0016196655458507376	6.45771823237902e-05	1.12566948	30.37852669	0.97166764	0.021606094968746686	0.0135911	2e-05
0.0321	-0.0477	-0.2941	0.004016002608838952	-0.0015638150097869194	0.00010471975511965978	1.16720355	31.49940681	0.97759523	0.022528170002158367	0.0136586	5e-05
0.0345	-0.0319	-0.2739	0.004073598474154764	-0.0014573499254152652	0.0003473205211468716	1.16956842	31.56322861	0.98092424	0.058733085785733934	0.0133852	4e-05
0.0372	-0.0495	-0.2998	0.003909537524467298	-0.001265363707695889	0.00038048177693476387	1.08022523	29.15211678	0.97492965	0.06566042115973678	0.0145547	0.0001
0.0362	-0.0839	-0.2865	0.004063126498642799	-0.001382300767579509	0.00021118483949131387	1.10961378	29.94523048	0.98076537	0.07069114857512859	0.0136495	4e-05
0.0396	-0.0568	-0.2849	0.004157374278250492	-0.0014940018397071458	0.00034906585039886593	1.18157601	31.8872776	0.99199308	0.049291493132144086	0.0140044	8e-05
0.0391	-0.0576	-0.2768	0.004394739056521722	-0.0016196655458507376	0.00034033920413889426	1.14886546	31.00451851	0.97611787	0.027987756533739652	0.0138583	7e-05
0.0494	-0.0207	-0.2598	0.004242895411598215	-0.0014486232791552935	0.0004468042885105483	1.19005454	32.11608887	0.99762717	0.0856675497995303	0.0146202	5e-05
0.0539	-0.0009	-0.2464	0.0038798669271833948	-0.001155407964820246	0.0006894050545377602	1.17705679	31.76531792	0.99806908	0.08264222823885393	0.0144336	2e-05
0.0618	-0.0499	-0.2795	0.003968878719035105	-0.0009651670763528643	0.0007661995416255106	1.06834805	28.83158875	0.97179076	0.10780235837034216	0.014341	5e-05
0.0584	-0.0773	-0.2798	0.004146902302738527	-0.0010663961729685354	0.000731292956585624	1.0894506	29.4010849	0.9869244	0.04680796326794893	0.0162232	0.00017
0.0605	-0.0616	-0.2862	0.004394739056521722	-0.0011117747335203881	0.0007295476273336296	1.16188133	31.35577774	1.00220691	0.03894803217935212	0.0153421	0.0002
0.0552	-0.056	-0.2854	0.004396484385773717	-0.0010349802464326373	0.0006719517620178169	1.16719615	31.49921036	0.99193411	0.01850678408277793	0.0151739	4e-05
0.053	-0.0168	-0.2667	0.004110250388446646	-0.0005532693728822024	0.0011519173063162574	1.20531952	32.52804565	1.03775593	0.12249552075879731	0.0182753	0.00021
0.0531	-0.0196	-0.2524	0.005230751768227006	-0.000635299847725936	0.0014800392056911916	1.12928176	30.47600937	1.06188543	0.09373268769995137	0.0188817	0.00076
0.0595	-0.1026	-0.3161	0.006072000467688272	-0.0004206243497306334	0.0007016223593017205	1.09707212	29.60676575	1.06057866	0.24481705219230196	0.0178121	0.00017
0.0516	-0.1181	-0.2871	0.005356415474370597	-0.0009965830028887623	0.00015533430342749534	1.11549556	30.10396004	1.02068073	0.1442915851175014	0.0153061	8e-05
0.0483	-0.0859	-0.281	0.004330161874197931	-0.0007819075048934597	0.0001361356816555577	1.07372379	28.97666359	1.00348035	0.1046063859969953	0.0141594	7e-05
0.0477	-0.0447	-0.2617	0.0036250488563922224	-0.000705113017805709	0.000307177948351002	1.14892066	31.00600815	1.01077669	0.1087474885794452	0.0148814	7e-05
0.0454	-0.0407	-0.284	0.0036582101121801144	-0.0005567600313861911	0.00028099800957108706	1.13761449	30.70088577	0.98450906	0.03898470904936623	0.0153217	8e-05
0.052	-0.0869	-0.3158	0.003979350694547071	-0.00027925268031909274	0.000153588974175501	1.12874866	30.46162415	1.00255472	0.12090284844148212	0.0150788	0.00015
0.0527	-0.0798	-0.3155	0.004220206131322289	-0.00026354471705114377	4.886921905584123e-05	1.2139014	32.75964737	0.99746388	0.02616415775814134	0.0158092	9e-05
0.0491	-0.0644	-0.3006	0.003914773512223281	-0.0003961897402027128	3.141592653589793e-05	1.23772943	33.4026947	0.98219573	0.05667654673852602	0.0159669	9e-05
0.0435	-0.0692	-0.3201	0.004286528642898074	-0.00041015237421866745	-9.075712110370512e-05	1.18048179	31.85774994	0.97959829	0.055294540616517535	0.0153911	9e-05
0.0347	-0.0574	-0.3008	0.0040055306333269865	-0.0006283185307179585	-0.00012042771838760874	1.22178018	32.97227097	0.99207667	0.06634173816771408	0.0148107	9e-05
0.0308	-0.0606	-0.2929	0.003855432317655474	-0.0007592182246175333	-9.948376736367679e-05	1.11373627	30.05648422	0.97813674	0.030097098029750975	0.0143325	0.00011
0.0405	-0.1087	-0.3079	0.004237659423842232	-0.00047822021504644627	-9.773843811168246e-05	1.11804044	30.17263985	0.99888451	0.10604852225049197	0.0150151	0.00014
0.0419	-0.0929	-0.2836	0.004310963252425994	-0.0006719517620178169	-0.0001291543646475804	1.15840113	31.26185799	0.99172507	0.05642256510455154	0.014043	7e-05
0.0387	-0.0818	-0.2816	0.004455825580341524	-0.0008290313946973065	-0.00018500490071139895	1.11112273	29.98595238	0.96705146	0.0341896248329419	0.0133662	6e-05
0.0368	-0.0646	-0.2764	0.004195771521794368	-0.0007609635538695277	-0.00017976891295541595	1.07144117	28.91506195	0.95401597	0.04096789435654591	0.0131527	1e-05
0.0359	-0.0296	-0.2495	0.0035116024550125905	-0.0008464846872172499	3.490658503988659e-05	1.14424133	30.8797245	1.00120386	0.11201828490624008	0.0142544	7e-05
0.0407	-0.0718	-0.2962	0.0040334559013588955	-0.000757472895365539	-7.67944870877505e-05	1.13581824	30.65241241	1.00095897	0.12982831551628268	0.0131913	4e-05
0.0437	-0.0794	-0.2779	0.004277801996638102	-0.0008203047484373349	-0.0001605702911834783	1.13745737	30.69664764	0.9788797	0.04844768762233656	0.0127363	5e-05
0.0404	-0.0672	-0.2837	0.0043703044469938016	-0.0008290313946973065	-0.00023387411976724014	1.17521167	31.71552277	0.98191764	0.030026646259971666	0.0129943	5e-05
0.0384	-0.0694	-0.2866	0.004436626958569585	-0.0008517206749732328	-0.00033684854563490564	1.15004671	31.03639603	0.95967275	0.016699310885968776	0.0122157	1e-05
0.0373	-0.0508	-0.2666	0.004052654523130833	-0.0008272860654453122	-0.00011519173063162575	1.11690187	30.14191246	0.96716287	0.07120319299849763	0.013091	2e-05
0.0361	-0.073	-0.282	0.004122467693210606	-0.0008115781021773631	-0.0002181661564992912	1.11763322	30.1616497	0.9757308	0.04822477796076936	0.0126263	3e-05
0.0364	-0.1042	-0.2878	0.004448844263333546	-0.0008866272600131194	-0.00034906585039886593	1.14035439	30.77482986	0.98368941	0.06391627109291358	0.0128752	6e-05
0.0395	-0.0873	-0.2593	0.004180063558526419	-0.0008447393579652555	-0.0002844886680750757	1.14642143	30.93855858	0.971562	0.0672622894589391	0.014225	4e-05
0.0415	-0.0791	-0.2578	0.004412192349041665	-0.0009285151620609833	-0.00023561944901923448	1.15788603	31.24795532	0.97558079	0.029938690683340752	0.0129131	4e-05
0.0419	-0.0826	-0.2731	0.004448844263333546	-0.0008464846872172499	-0.00024085543677521747	1.12755561	30.4294281	0.95660375	0.02539591884457992	0.0123836	8e-05
0.0412	-0.0537	-0.2454	0.003728023282259888	-0.0008307767239493009	-0.0001012290966156711	1.09646666	29.5904274	0.96742818	0.10110776422505768	0.0140342	4e-05
0.0445	-0.0638	-0.2844	0.0038781215979314006	-0.0007976154681614085	-8.901179185171081e-05	1.07386756	28.98054314	0.97273755	0.06217384381116824	0.0129246	4e-05
0.0484	-0.0979	-0.2788	0.0038571776469074684	-0.0008237954069413235	-0.00021118483949131387	1.10090089	29.71009445	0.98831206	0.05206484687217251	0.0155205	6e-05
0.0443	-0.0693	-0.273	0.003946189438759179	-0.0008848819307611251	-0.0002740166925631097	1.12659824	30.40359116	0.97939423	0.04914650843716539	0.0144358	8e-05
0.0446	-0.0681	-0.2978	0.004045673206122856	-0.0007801621756414653	-0.00020943951023931956	1.1868093	32.02851105	0.99756423	0.03973903524035634	0.0145023	6e-05
0.0433	-0.0475	-0.2926	0.003897320219703338	-0.0007155849933176752	-8.726646259971648e-05	1.18575299	32.00000381	0.97869926	0.04385516081914553	0.0139848	6e-05
0.0457	-0.0294	-0.2898	0.003602359576116296	-0.0007278022980816354	-4.537856055185256e-05	1.08954811	29.40371513	0.95649964	0.04075329251994333	0.015113	7e-05
0.0509	-0.0927	-0.3264	0.003935717463247213	-0.0005410520681182421	-0.00015707963267948963	1.12093043	30.25063133	1.00677424	0.1366904594610974	0.0144407	2e-05
0.0558	-0.0955	-0.307	0.004080579791162742	-0.0006108652381980154	-9.599310885968811e-05	1.18238688	31.90916061	0.98334804	0.040888101090755205	0.0136059	8e-05
0.0538	-0.0771	-0.2994	0.0038083084278516272	-0.0005672320068981572	-0.0001291543646475804	1.2286154	33.15673447	1.00688047	0.045453292519943275	0.0143045	7e-05
0.0532	-0.0626	-0.2988	0.0036425021489121657	-0.0005689773361501514	-0.0001361356816555577	1.24610233	33.62865448	0.99691909	0.02442664625997164	0.0156649	8e-05
0.0521	-0.0594	-0.306	0.003979350694547071	-0.000619591884457987	-9.250245035569947e-05	1.15722501	31.23011589	0.97345297	0.03305481626212995	0.0146944	4e-05
0.0545	-0.037	-0.2973	0.0036250488563922224	-0.0006003932626860494	8.901179185171081e-05	1.23108864	33.22348022	1.00178097	0.06125073510670982	0.0165309	9e-05
0.0565	-0.0707	-0.327	0.0038187804033635933	-0.0005532693728822024	-1.7453292519943294e-06	1.15825343	31.25787163	1.00473734	0.08198062789394615	0.0166159	0.00012
0.0507	-0.0778	-0.3079	0.00398284135305106	-0.0006667157742618339	-0.00011693705988362007	1.21160686	32.69772339	1.00616373	0.05163495408493619	0.0171473	8e-05
0.0451	-0.0674	-0.3091	0.004324925886441949	-0.0008307767239493009	-0.0002373647782712288	1.17076802	31.59560204	0.9742636	0.048528660073298216	0.0151346	0.0001
0.0401	-0.0611	-0.3076	0.004035201230610889	-0.0007679448708775049	-0.00030368728984701333	1.15820515	31.25656891	0.97296981	0.033743951023932	0.0164831	9e-05
0.0401	-0.0427	-0.3144	0.003953170755767157	-0.0008272860654453122	-0.00016231562043547262	1.20107174	32.41341019	0.99546556	0.03933716694115405	0.0157869	7e-05
0.0472	-0.0777	-0.3417	0.004035201230610889	-0.0007801621756414653	-0.0002373647782712288	1.10783768	29.89729691	0.99032847	0.07961017612416675	0.0163853	5e-05
0.0475	-0.0821	-0.3259	0.004276056667386107	-0.0007435102613495844	-0.00026878070480712676	1.12607872	30.38956833	0.97530489	0.0359461638801498	0.0155201	7e-05
0.0429	-0.0662	-0.3249	0.00429700061841004	-0.0008098327729253688	-0.0003595378259108319	1.14517164	30.90483093	0.97443656	0.030401179185171143	0.0146047	7e-05
0.0403	-0.0567	-0.3254	0.004349360495969869	-0.000853466004225227	-0.0004014257279586958	1.11869812	30.19038963	0.95895106	0.019494050545377575	0.0142603	3e-05
0.0465	-0.0395	-0.3139	0.0038065630985996326	-0.0007976154681614085	-0.00020769418098732522	1.1634109	31.39705467	1.01320248	0.07451897402027129	0.0174447	0.00067
0.0457	-0.0752	-0.3552	0.004218460802070294	-0.000705113017805709	-0.0003665191429188092	1.22805524	33.14161682	1.08153214	0.11096125578789227	0.0190463	0.00083
0.0398	-0.0846	-0.3432	0.004773475504204492	-0.0008429940287132613	-0.0003769911184307752	1.15628076	31.20463371	1.03443461	0.06246838442768578	0.0152196	7e-05
0.0359	-0.0733	-0.3217	0.004677482395344803	-0.0009093165402890458	-0.00040840704496667313	1.14962685	31.02506447	0.97902652	0.04638657734856856	0.0147058	7e-05
0.0401	-0.0527	-0.3116	0.0042935099599060505	-0.0008080874436733745	-0.0002513274122871834	1.16799796	31.52084732	0.98091782	0.06701405823669568	0.0145363	7e-05
0.0414	-0.0423	-0.3028	0.0037192966359999168	-0.0008115781021773631	-0.0001605702911834783	1.11980152	30.22016716	0.95808364	0.053923055175691355	0.0149962	6e-05
0.0416	-0.0912	-0.3438	0.004274311338134113	-0.0007016223593017205	-0.0003874630939427412	1.10564208	29.83804512	0.98250408	0.13469316238845508	0.0155883	9e-05
0.0374	-0.1187	-0.333	0.004654793115068877	-0.0008464846872172499	-0.00047647488579445195	1.14510345	30.90299225	0.98877683	0.07321779483510017	0.0148299	7e-05
0.0424	-0.0908	-0.3137	0.004733332931408622	-0.0008988445647770796	-0.00034906585039886593	1.1651597	31.44425011	0.99365692	0.06511543646475805	0.0142677	4e-05
0.0406	-0.0774	-0.3054	0.004600687908257053	-0.0010332349171806431	-0.0003682644721708035	1.17696428	31.7628231	0.99033855	0.037811699866353486	0.0143104	6e-05
0.0433	-0.0614	-0.3038	0.004422664324553631	-0.0008674286382411819	-0.000153588974175501	1.16771686	31.5132618	0.98496962	0.04822526803190926	0.0139469	5e-05
0.0446	-0.0397	-0.2845	0.003639011490408177	-0.0007539822368615504	-1.9198621771937625e-05	1.08945179	29.40111732	0.96479108	0.09387447939643251	0.0166975	7e-05
0.0435	-0.0914	-0.359	0.00426907535037813	-0.0007155849933176752	-0.00015184364492350666	1.07484007	29.00678825	1.00657215	0.1673553063332699	0.017419	0.00013
0.0381	-0.1183	-0.3549	0.0044593162388455124	-0.0006335545184739417	-0.00035081117965086024	1.04532862	28.21035957	0.9654582	0.05996194490192346	0.018698	0.00017
0.0341	-0.0904	-0.3653	0.004733332931408622	-0.0006108652381980154	-0.00048520153205442357	1.05801749	28.55279541	0.96823058	0.06385481626212998	0.017378	0.00016
0.0283	-0.0822	-0.3662	0.004593706591249075	-0.000752236907609556	-0.0005078908123303499	1.11881697	30.19359589	0.97492866	0.030084364492350687	0.0177316	0.00011
0.0256	-0.0552	-0.3401	0.004277801996638102	-0.0009372418083209549	-0.00042935099599060504	1.12081945	30.2476387	0.97751362	0.08477246558310585	0.0168833	0.00013
0.0294	-0.0539	-0.3083	0.004447098934081553	-0.001064650843716541	-0.00024260076602721178	1.1214087	30.26353836	0.98232526	0.06107281014012146	0.0150756	0.00014
0.0277	-0.0868	-0.328	0.004995132319207771	-0.0010506882097005862	-0.00022863813201125715	1.04293704	28.14581871	0.9823513	0.08309793265790635	0.015092	0.00018
0.0239	-0.1656	-0.3463	0.005202826500195096	-0.0009494591130849152	-0.0005305800926062762	1.12703025	30.41524887	1.03839316	0.13144326190990074	0.0156009	7e-05
0.0165	-0.1695	-0.3454	0.005670574739729577	-0.0011903145498601325	-0.0006719517620178169	1.13946819	30.75091362	0.99384724	0.05469876728606199	0.0160604	7e-05
0.0173	-0.1444	-0.335	0.005668829410477582	-0.0013020156219877698	-0.0006684611035138282	1.16306198	31.38764	0.9812336	0.04214685299418104	0.0157536	7e-05
0.0215	-0.1144	-0.3461	0.005633922825437696	-0.001377064779823526	-0.0006667157742618339	1.22553718	33.0736618	1.00610884	0.050885053606381805	0.0155599	5e-05
0.0183	-0.0731	-0.316	0.005087634769563471	-0.0013439035240356337	-0.0005619960191421741	1.18640363	32.01756287	1.00817086	0.10880845333908888	0.0143343	0.0001
0.0156	-0.0469	-0.3118	0.004546582701445229	-0.0014416419621473165	-0.0006335545184739417	1.18212426	31.90207481	1.00218812	0.06861745027808461	0.0153668	4e-05
0.0203	-0.094	-0.3378	0.005028293574995664	-0.0013491395117916165	-0.000705113017805709	1.10917258	29.933321	0.99597978	0.11008859116189508	0.0156195	9e-05
0.0169	-0.0991	-0.3318	0.005314527572322734	-0.0014416419621473165	-0.0008360127117052838	1.10696626	29.8737812	0.9621597	0.03998180707911724	0.0154581	2e-05
0.0054	-0.1072	-0.3452	0.0054663712172462395	-0.0016039575825827887	-0.001054178868204575	1.10699558	29.87457085	0.95603746	0.05961627109291348	0.0165719	9e-05
0.0081	-0.1161	-0.3508	0.0054157566689384045	-0.0015428710587629874	-0.0010140362954087054	1.17896342	31.81677246	0.98475054	0.02479218224617528	0.0166385	0.0002
0.0145	-0.0882	-0.316	0.004879940588576145	-0.0014660765716752368	-0.0006928957130417488	1.13235676	30.5589962	0.98694384	0.11578755749084832	0.0156354	0.0001
0.021	-0.1136	-0.3389	0.0048956485518440946	-0.0013526301702956054	-0.0005619960191421741	1.09353507	29.51131058	0.97685424	0.06780270292735774	0.0167758	0.00011
0.022	-0.14	-0.3224	0.0051783918906671755	-0.0013997540600994523	-0.0006894050545377602	1.1064204	29.85904884	0.98557091	0.06676381320112568	0.0163576	0.0001
0.0172	-0.1179	-0.3129	0.005384340742402506	-0.0015481070465189703	-0.0007627088831215222	1.06919968	28.8545723	0.97111951	0.05778028333693056	0.0152349	9e-05
0.0157	-0.1116	-0.3105	0.005394812717914472	-0.0015463617172669759	-0.000778416846389471	1.07774448	29.08517075	0.95854088	0.01159626340159548	0.0143167	5e-05
0.0188	-0.0866	-0.3076	0.005042256209011618	-0.001500983156715123	-0.0006806784082777885	1.11206388	30.01135063	0.96335416	0.05578367537831951	0.0148143	4e-05
0.0219	-0.0647	-0.3071	0.004670501078336825	-0.001424188669627373	-0.0004572762640225143	1.13853621	30.72575951	0.98893081	0.05909758810089086	0.0143159	7e-05
0.0236	-0.1034	-0.3322	0.00493055513688398	-0.0013718287920675431	-0.0005061454830783556	1.10224688	29.746418	0.98776315	0.08356415775814131	0.0155275	9e-05
0.0195	-0.1136	-0.3034	0.005370378108386551	-0.0014765485471872027	-0.0005916666164260777	1.1423583	30.82890892	0.99412482	0.0746031929984976	0.015174	8e-05
0.0186	-0.103	-0.2779	0.005009094953223725	-0.001382300767579509	-0.0005602506898901797	1.16081607	31.32702827	0.98137948	0.06134734306532091	0.0161949	6e-05
0.0176	-0.1017	-0.2879	0.0050562188430275734	-0.0013020156219877698	-0.000645771823237902	1.1422019	30.82468796	0.96552954	0.02294650843716549	0.0138178	7e-05
0.0171	-0.0809	-0.2895	0.004810127418496373	-0.0012374384396639797	-0.000466002910282486	1.06455326	28.72917747	0.94640126	0.047421875990520314	0.0143189	6e-05
0.0221	-0.1204	-0.3058	0.005213298475707063	-0.0012636183784438947	-0.0004537856055185257	1.05709672	28.52794838	0.96485993	0.0828784150377283	0.0141707	3e-05
0.0312	-0.1245	-0.29	0.005792747787369179	-0.0013735741213195373	-0.0005393067388662478	1.14485419	30.89626503	1.00095632	0.06774630939427409	0.0148464	5e-05
0.0281	-0.1069	-0.2914	0.005979498017332573	-0.0014014993893514465	-0.0004886921905584122	1.16755307	31.50884056	0.99845026	0.035364502315156914	0.0148747	9e-05
0.0385	-0.0909	-0.2658	0.004902629868852071	-0.0011135200627723821	-2.792526803190927e-05	1.21834624	32.87960052	1.07311216	0.14328071987930344	0.0149944	0.00094
0.0411	-0.061	-0.2873	0.004616395871525002	-0.0008831366015091308	0.0003001966313430247	1.12589502	30.38461113	1.05046928	0.09623696789826275	0.0164027	8e-05
0.0258	-0.0293	-0.221	0.00545415391248228	-0.0012409290981679683	0.0004188790204786391	1.14416289	30.87760925	1.13237811	0.17901164633758643	0.0160269	0.00049
0.0324	-0.1701	-0.293	0.005876523591464907	-0.0009145525280450286	7.155849933176751e-05	1.2109158	32.67907333	1.20618893	0.2742033385126219	0.0152372	0.00013
0.0465	-0.1917	-0.3701	0.005618214862169747	-0.00038048177693476387	5.759586531581287e-05	1.1190455	30.19976425	1.07259735	0.153117105721069	0.0174714	0.00013
0.0458	-0.1458	-0.3673	0.005578072289373877	-0.0001832595714594046	-4.0142572795869576e-05	1.06619096	28.77337265	0.98371721	0.06615516081914553	0.017258	8e-05
0.0409	-0.111	-0.3771	0.005712462641777441	-0.00026878070480712676	-0.000148352986419518	1.08842981	29.37353706	0.96543051	0.06590609496874669	0.0182258	0.0001
0.0388	-0.0795	-0.3736	0.005352924815866608	-0.0002617993877991494	-0.00015707963267948963	1.17670858	31.75592232	1.00042156	0.05586228945893909	0.0200344	0.00011
0.0375	-0.0483	-0.359	0.0050841441110594816	-0.0004991641660703782	5.235987755982988e-06	1.21905828	32.89881516	1.01778468	0.08052305517569139	0.0174208	0.00014
0.043	-0.0763	-0.3806	0.005092870757319453	-0.00048345620280242926	-6.806784082777885e-05	1.15714157	31.22786522	1.00258147	0.05998692190558412	0.018541	0.00017
0.0523	-0.0929	-0.3628	0.0054873151682701725	-0.00039793506945470715	-9.948376736367679e-05	1.16901445	31.54827881	1.00358902	0.06926907354171695	0.0176315	0.00013
0.0503	-0.0984	-0.3561	0.005553637679845957	-0.0004049163864626844	-0.00016929693744344995	1.12704408	30.4156208	0.96780519	0.021355849933176713	0.0168216	0.0001
0.0481	-0.1192	-0.3497	0.005715953300281429	-0.0005323254218582705	-0.0002495820830351891	1.14741492	30.96537209	0.97291973	0.04790049007113991	0.0176771	0.00011
0.0471	-0.1187	-0.3401	0.005445427266222308	-0.000609119908946021	-0.00022165681500327985	1.21932483	32.90600967	0.99963859	0.029862289458939033	0.0171273	0.00025
0.0495	-0.1038	-0.3161	0.005017821599483697	-0.0005742133239061344	-0.0002199114857512855	1.14068711	30.78380585	0.98444339	0.06451287905152464	0.0170441	0.00021
0.0509	-0.1405	-0.3395	0.0051173053668473745	-0.0005602506898901797	-0.0002600540585471551	1.14625943	30.93418694	1.00254381	0.06917944870877514	0.0195276	0.00036
0.0489	-0.1362	-0.3248	0.005499532473034132	-0.000640535835481919	-0.0003001966313430247	1.17142749	31.61340141	0.99399811	0.04613274122871842	0.0188952	0.00017
0.0466	-0.1182	-0.3204	0.005599016240397809	-0.0006911503837897545	-0.0003385938748868999	1.09469926	29.54273033	0.95702434	0.03412477796076933	0.0179375	0.00011
0.047	-0.1051	-0.3227	0.005427973973702364	-0.0006632251157578452	-0.0003717551306747922	1.10861111	29.91817093	0.95760098	0.027406439525762296	0.0181016	0.0001
0.0448	-0.0942	-0.3268	0.0053058009260627615	-0.0006894050545377602	-0.0003944444109507184	1.12896073	30.4673481	0.96703258	0.025752113334772193	0.0169151	4e-05
0.0407	-0.0618	-0.3039	0.005017821599483697	-0.0009372418083209549	-0.00019547687622336493	1.11981153	30.220438	0.97638067	0.09613918075448062	0.0156041	9e-05
0.042	-0.0725	-0.3213	0.004956735075663896	-0.0009075712110370514	-0.0001186823891356144	1.07989323	29.14315987	0.9709749	0.03777758040957273	0.0160924	7e-05
0.0439	-0.1056	-0.3107	0.005162683927399226	-0.000932005820564972	-0.0001884955592153876	1.1265589	30.40252686	1.00165156	0.06060983156715123	0.0173424	8e-05
0.0408	-0.1036	-0.3092	0.005595525581893821	-0.0010890854532444615	-0.00019547687622336493	1.12071311	30.24476814	0.97257729	0.036445130209103074	0.0150611	6e-05
0.0397	-0.1069	-0.322	0.005693264020005502	-0.0010838494654884787	-0.00023212879051524583	1.09319723	29.50219345	0.9501393	0.024181317007977297	0.0147021	5e-05
0.0371	-0.0965	-0.3206	0.005260422365510909	-0.000895353906273091	-0.00033335788713091696	1.13477361	30.62421989	0.96463441	0.05052831551628263	0.0154681	6e-05
0.0348	-0.084	-0.321	0.004963716392671873	-0.0009372418083209549	-0.00023212879051524583	1.17578518	31.73100281	0.98314334	0.037191148575128535	0.0148143	0.0001
0.0476	-0.1165	-0.3512	0.0046530477858168825	-0.0005899212871740833	-0.000307177948351002	1.13340473	30.58727837	1.01929509	0.11215191429188094	0.0163537	9e-05
0.046	-0.1429	-0.3535	0.005106833391335408	-0.0005253441048502931	-0.00038048177693476387	1.12483072	30.35589027	0.98979724	0.05988333082130386	0.0168176	5e-05
0.0443	-0.1222	-0.329	0.005480333851262195	-0.000726056968829641	-0.00029496064358704166	1.16214824	31.3629818	1.00360209	0.07988672286269279	0.0154571	7e-05
0.0425	-0.1104	-0.3148	0.005818927726149094	-0.0010384709049366262	-0.00033335788713091696	1.13789892	30.70856094	0.98240436	0.062270252726887965	0.0143212	6e-05
0.0466	-0.0983	-0.327	0.006031857894892403	-0.0011990411961201044	-0.00039968039870670147	1.19980431	32.37920761	1.00021869	0.05039114857512859	0.0180302	8e-05
0.0383	-0.0719	-0.3061	0.005359906132874586	-0.0010245082709206715	-0.0003089232776029963	1.21363008	32.75232315	1.01628762	0.1024620904160478	0.0147458	3e-05
0.0237	-0.0424	-0.2499	0.0050230575872396805	-0.001054178868204575	-0.000450294947014537	1.15583813	31.1926899	1.02024243	0.12569454061651744	0.0140514	7e-05
0.0305	-0.1526	-0.2922	0.0048188540647563435	-0.000926769832808989	-0.0003595378259108319	1.1595062	31.29167938	1.07978423	0.18041848394913143	0.0159495	8e-05
0.0343	-0.146	-0.3246	0.004937536453891958	-0.000874409955249159	-0.0004258603374866164	1.13510358	30.6331234	0.99586095	0.05466823891356146	0.0161046	7e-05
0.0524	-0.1169	-0.3312	0.0048904125640881115	-0.0007993607974134029	-0.0004014257279586958	1.09079421	29.4373436	0.98558297	0.061130382858376145	0.0161643	0.00011
0.0343	-0.1138	-0.3305	0.005223770451219028	-0.0010995574287564276	-0.000439822971502571	1.10580564	29.84245872	0.98716895	0.05549758810089082	0.0146081	9e-05
0.0334	-0.0759	-0.2946	0.005115560037595381	-0.000900589894029074	-0.0003054326190990077	1.12075961	30.24602318	0.99756814	0.09677841503772829	0.0140152	7e-05
0.0351	-0.1029	-0.3306	0.005494296485278149	-0.0009913470151327792	-0.00038397243543875244	1.10917282	29.93332863	0.99012699	0.09210166925631097	0.0142019	2e-05
0.0329	-0.1401	-0.3242	0.005949827420048669	-0.0012164944886400475	-0.0005637413483941684	1.16641116	31.47802544	1.01085291	0.08882236606166022	0.0153691	5e-05
0.0318	-0.1241	-0.3082	0.0054105206811824215	-0.0012304571226560022	-0.0005497787143782138	1.14817822	30.98596954	0.98458546	0.06146160034490785	0.0155548	9e-05
0.0359	-0.0941	-0.295	0.0049898963314517885	-0.0010471975511965976	-0.000307177948351002	1.19476438	32.24319458	1.00688162	0.08962423436086243	0.0144668	7e-05
0.0398	-0.0975	-0.2959	0.004571017310973149	-0.00091106186954104	-0.0002740166925631097	1.1832341	31.93202591	0.98011088	0.03760879789610448	0.0142308	6e-05
0.0408	-0.1397	-0.3297	0.0048136180770003605	-0.0008150687606813518	-0.0004310963252425994	1.11132967	29.99153519	0.98203662	0.10178367537831944	0.0157368	5e-05
0.0374	-0.1264	-0.3241	0.004803146101488395	-0.0009162978572970229	-0.0005602506898901797	1.17537498	31.71993065	0.9785853	0.0343427718387608	0.0163976	7e-05
0.0339	-0.1221	-0.3343	0.004838052686528281	-0.0009162978572970229	-0.0006178465552059926	1.25369811	33.83364487	1.0048205	0.02262512251778494	0.0158818	0.00014
0.032	-0.1118	-0.3276	0.004728096943652638	-0.0008779006137531476	-0.0006021385919380437	1.21952474	32.91140366	0.99939772	0.02710304748437335	0.0155228	9e-05
0.0297	-0.0812	-0.3034	0.004536110725933263	-0.0009930923443847736	-0.0005340707511102648	1.24045396	33.47622299	0.99424008	0.07586228945893903	0.0142628	8e-05
0.032	-0.1151	-0.3331	0.004838052686528281	-0.001001818990644745	-0.0004991641660703782	1.11946988	30.21121788	0.97428704	0.08317875959474384	0.015837	1e-05
0.0345	-0.1447	-0.3203	0.005141739976375294	-0.001069886831472524	-0.00062482787221397	1.17371941	31.67525291	1.00472486	0.06977094184091923	0.0154501	5e-05
0.0357	-0.1295	-0.3048	0.005220279792715039	-0.0011798425743481666	-0.0006387905062299246	1.17557859	31.72542572	0.98686913	0.04202290966156705	0.014915	4e-05
0.0323	-0.1198	-0.2962	0.005181882549171164	-0.001265363707695889	-0.0006894050545377602	1.12019765	30.23085594	0.97203007	0.030426646259971643	0.013794	5e-05
0.0299	-0.0972	-0.2828	0.00503527489200364	-0.0011850785621041497	-0.0005427973973702365	1.14690351	30.9515686	0.98670205	0.057075022996339354	0.0131241	7e-05
0.0312	-0.0759	-0.2622	0.00495848040491589	-0.0013456488532876281	-0.00022165681500327985	1.10622513	29.85378075	0.9891218	0.07112526803190927	0.0121144	5e-05
0.0307	-0.1388	-0.3101	0.005033529562751646	-0.001282817000215832	-0.000466002910282486	1.13052034	30.50943565	1.02873786	0.13041135530933787	0.0127169	5e-05
0.0262	-0.1306	-0.3036	0.005457644570986268	-0.0014067353771074296	-0.0005427973973702365	1.0737344	28.97694969	0.96729019	0.05044139361069853	0.0135801	2e-05
0.0241	-0.135	-0.3107	0.005497787143782138	-0.001473057888683214	-0.0006056292504420323	1.12355113	30.32135582	0.96979972	0.02206484687217252	0.0140213	4e-05
0.0224	-0.1209	-0.3131	0.005400048705670456	-0.0014416419621473165	-0.0006370451769779302	1.16850185	31.53444481	0.98376804	0.02622851455917388	0.0141837	7e-05
0.0256	-0.0948	-0.2879	0.004874704600820162	-0.0013700834628155487	-0.0003944444109507184	1.20789778	32.59762573	1.00584017	0.09647516851046369	0.014265	0.0001
0.0251	-0.0848	-0.2876	0.004904375198104066	-0.0013962634015954637	-0.0002583087292951608	1.21277332	32.72920227	0.99369184	0.02039931088596877	0.0135139	5e-05
0.0274	-0.1343	-0.2921	0.005241223743738971	-0.0013631021458075715	-0.00041713369122664475	1.11767423	30.16275787	0.98684416	0.08274173816771406	0.0138481	6e-05
0.0258	-0.1483	-0.2738	0.005710717312525446	-0.001462585913171248	-0.0005201081170943102	1.12190711	30.27698898	0.98147952	0.06749758810089088	0.0145802	6e-05
0.0285	-0.1381	-0.2655	0.005778785153353225	-0.0015079644737231008	-0.0006981317007977319	1.21640515	32.8272171	1.00539145	0.03577349925415261	0.014909	6e-05
0.0278	-0.1368	-0.2665	0.006265732014659643	-0.0014835298641951804	-0.0007906341511534313	1.18926501	32.09478378	1.01870865	0.033194196059501885	0.0155081	8e-05
0.0231	-0.0962	-0.259	0.005419247327442393	-0.0014329153158873448	-0.0003682644721708035	1.18956339	32.10283661	1.04828669	0.11877344572538567	0.0137265	4e-05
0.0256	-0.0791	-0.273	0.005061454830783556	-0.0016545721308906245	-0.0002443460952792061	1.13034534	30.50471306	1.06294246	0.06876838442768574	0.0169804	0.00037
0.0197	-0.1423	-0.4625	0.00628493063643158	-0.0020629791758572974	-0.0004136430327226561	1.38789177	37.45513916	1.3762293	0.3486589894029074	0.0245007	0.00106
0.0275	-0.1009	-0.2556	0.005342452840354642	-0.0016231562043547262	-0.0003874630939427412	1.46220732	39.46069717	1.44429926	0.32652403531797125	0.0162418	0.00022
0.0284	-0.0865	-0.1216	0.004534365396681268	-0.0013700834628155487	-0.0004939281783143952	1.24029589	33.47195816	1.21088794	0.2076812634792103	0.017761	0.00051
0.0218	-0.097	-0.1529	0.004469788214357478	-0.0012269664641520136	-0.0004415683007545654	1.17033589	31.58394241	1.05005774	0.06140270292735778	0.0155704	0.00014
0.0245	-0.0946	-0.1498	0.004021238596594935	-0.0013055062804917586	-0.0005689773361501514	1.11552227	30.10468102	0.99508794	0.0409249234748937	0.0143579	5e-05
0.0303	-0.1538	-0.1919	0.003981096023799066	-0.0012322024519079964	-0.0006492624817418905	1.10188365	29.73661613	1.01184634	0.11678657734856848	0.0151145	7e-05
0.0301	-0.1699	-0.2085	0.004319689898685966	-0.0012618730491919003	-0.0005759586531581287	1.08782554	29.35722923	0.96306385	0.05497841503772828	0.0135497	9e-05
0.0329	-0.1518	-0.2038	0.00437379510549779	-0.001291543646475804	-0.0005375614096142535	1.12678313	30.40857887	0.97075654	0.03170865238198014	0.0135498	0.00019
0.0328	-0.1406	-0.2049	0.004487241506877421	-0.0013386675362796509	-0.0005044001538263612	1.20319378	32.47068024	0.98602383	0.02208657734856851	0.0134526	0.00014
0.0296	-0.1241	-0.2046	0.004286528642898074	-0.0013124875974997359	-0.000486946861306418	1.15721023	31.22971916	0.97408665	0.03221730476396029	0.0129959	0.00014
0.0231	-0.1057	-0.1958	0.003975860036043083	-0.001467821900927231	-0.00047647488579445195	1.16452956	31.42724609	0.98970028	0.0575237442897226	0.0144023	0.00027
0.0276	-0.1527	-0.2319	0.0044156830075456534	-0.0014067353771074296	-0.0005951572749300663	1.15567148	31.18819237	1.01935635	0.1185795942228993	0.0140428	0.00014
0.031	-0.1615	-0.2027	0.004750786223928565	-0.0015393804002589986	-0.0006562437987498679	1.20086884	32.4079361	1.01720239	0.0678417381677141	0.014751	8e-05
0.0278	-0.145	-0.1971	0.004686209041604775	-0.001462585913171248	-0.0007417649320975902	1.15087712	31.05880737	0.98726717	0.036644640137963126	0.014275	7e-05
0.0258	-0.1293	-0.1912	0.0047577675409365425	-0.0014957471689591403	-0.0007016223593017205	1.17435455	31.69239426	0.99008154	0.03084311639577644	0.014165	5e-05
0.0268	-0.1126	-0.1817	0.0045308747381772796	-0.0015219271077390555	-0.0005166174585903216	1.13987923	30.76200485	0.97253885	0.049103882112528856	0.0134063	5e-05
0.0298	-0.1416	-0.2102	0.0046530477858168825	-0.0014329153158873448	-0.0005235987755982988	1.06351888	28.70126152	0.96015005	0.07140830782496453	0.0135986	4e-05
0.0307	-0.1628	-0.1894	0.005085889440311476	-0.0015132004614790836	-0.0005864306286700947	1.11937654	30.20869827	0.99606174	0.0716979326579064	0.0152087	0.00012
0.0263	-0.1521	-0.1878	0.005096361415823441	-0.0015114551322270892	-0.0006789330790257941	1.17954528	31.83247566	0.98175157	0.02193598775598296	0.0146678	1e-05
0.0246	-0.1468	-0.1936	0.004949753758655919	-0.0015027284859671175	-0.0006981317007977319	1.200495	32.39784622	1.00129221	0.0215266462599716	0.0136828	0.00011
0.027	-0.1284	-0.1868	0.00474904089467657	-0.0014870205226991688	-0.0005305800926062762	1.20657933	32.56204605	0.9939463	0.04679862177193768	0.0126295	6e-05
0.0266	-0.1152	-0.1864	0.0045204027626653135	-0.001504473815219112	-0.00046949356878647465	1.12449384	30.34679794	0.95798054	0.029358897417550045	0.0118843	5e-05
0.0311	-0.1548	-0.21	0.004773475504204492	-0.0013962634015954637	-0.0005201081170943102	1.10109341	29.71529007	0.96657383	0.0882948851735331	0.0127669	2e-05
0.0311	-0.1574	-0.1976	0.004993386989955777	-0.0015289084247470327	-0.0005794493116621174	1.15277815	31.11010933	0.98363188	0.03559488517353309	0.0135069	5e-05
0.0311	-0.1375	-0.1841	0.004759512870188536	-0.001553343034274953	-0.0005619960191421741	1.1765393	31.75135231	0.98365673	0.0471881010907552	0.01341	3e-05
0.0305	-0.1277	-0.1851	0.0045553093477052	-0.0014765485471872027	-0.00047822021504644627	1.18031251	31.85318184	0.98388886	0.02963869068334069	0.0128756	6e-05
0.0338	-0.1013	-0.1836	0.0044820055191214375	-0.0015865042900628454	-0.00039095375244672985	1.1525079	31.10281563	0.98130096	0.04472630170295606	0.011853	5e-05
0.0326	-0.1385	-0.2154	0.004771730174952496	-0.0015428710587629874	-0.0004747295565424576	1.09434104	29.53306389	0.96318614	0.09105668456133224	0.0114149	2e-05
0.0313	-0.1486	-0.1946	0.005120796025351363	-0.001710422666954443	-0.0005253441048502931	1.07919681	29.12436485	0.97706123	0.06056160034490789	0.013599	9e-05
0.0273	-0.1484	-0.2052	0.005274384999526864	-0.001785471824790199	-0.0006736970912698113	1.1754868	31.72294998	0.98270123	0.03364955592153878	0.0136333	6e-05
0.0249	-0.1488	-0.2016	0.004911356515112043	-0.001689478715930511	-0.0006667157742618339	1.16386187	31.40922737	0.97665328	0.02970014551412432	0.0136362	7e-05
0.028	-0.1254	-0.1818	0.004667010419832838	-0.0014433872913993105	-0.0004729842272904633	1.15613008	31.20056915	0.98072285	0.0805084533390888	0.0127423	5e-05
0.0325	-0.1065	-0.1747	0.0039706240482871	-0.0013910274138394805	-0.00022340214425527416	1.10910046	29.9313755	0.98261352	0.08041641660703785	0.0137216	3e-05
0.0311	-0.1607	-0.2206	0.00441393767829366	-0.0014276793281313615	-0.000460766922526503	1.08820641	29.36750793	1.00243057	0.13736651612848347	0.0126486	6e-05
0.0199	-0.1561	-0.2166	0.004899139210348083	-0.001595230936322817	-0.0007609635538695277	1.11319268	30.0418129	0.98011703	0.0674474885794452	0.0128402	6e-05
0.0181	-0.1458	-0.2237	0.004756022211684548	-0.001481784534943186	-0.0008342673824532895	1.09414315	29.52772331	0.94710097	0.03569336143134639	0.0145572	9e-05
0.0188	-0.1405	-0.2389	0.004932300466135976	-0.0014922565104551516	-0.0007661995416255106	1.20230651	32.44673538	0.99580776	0.03394090353955862	0.012903	0.0001
0.021	-0.1067	-0.2129	0.0044628068973495	-0.001541125729510993	-0.0004886921905584122	1.20857584	32.61592484	1.01547058	0.1017935069454708	0.0122604	0.0001
0.0222	-0.1094	-0.2128	0.0042167154728183	-0.001637118838370681	-0.00040317105721069014	1.18763649	32.05083466	0.99449596	0.025380283336930487	0.0116363	2e-05
0.0276	-0.1721	-0.2303	0.0044924774946334045	-0.001562069680534925	-0.0004799655442984406	1.14317143	30.85085297	1.01223136	0.10698028333693053	0.0125068	6e-05
0.0243	-0.1691	-0.222	0.004759512870188536	-0.001583013631558857	-0.0006387905062299246	1.14647532	30.94001389	0.98091727	0.0369402144255274	0.0132898	8e-05
0.0198	-0.1542	-0.2231	0.0048467793327882525	-0.0016545721308906245	-0.000752236907609556	1.17136455	31.61170197	0.97644282	0.03411356816555575	0.0132371	4e-05
0.0131	-0.1561	-0.229	0.004886921905584123	-0.001658062789394613	-0.0007871434926494425	1.21260154	32.72456741	0.99198931	0.018426990816987284	0.0132414	9e-05
0.0192	-0.1152	-0.1888	0.0043703044469938016	-0.001593485607070823	-0.0005044001538263612	1.22707927	33.11528015	1.01929946	0.13039689898685963	0.013223	0.00014
0.0099	-0.0929	-0.1531	0.005578072289373877	-0.0019722220547535923	0.0003577924966588376	1.33038867	35.90329742	1.21374139	0.18973484702740212	0.0180395	0.00444
-0.0296	-0.0302	-0.3443	0.007730063257082885	-0.0020856684561332234	0.00010471975511965978	1.60441494	43.29846573	1.60390013	0.4193255055313908	0.0272626	0.0105
-0.0115	-0.1464	-0.3119	0.005494296485278149	-0.0019041542139258136	-0.0004747295565424576	1.39994025	37.78029251	1.35433061	0.31653651628371315	0.021731	0.00137
0.0068	-0.2248	-0.2824	0.0060580378336723174	-0.001467821900927231	-0.0008813912722571365	1.18770146	32.0525856	1.15129987	0.19653676885537147	0.0187538	0.0002
0.0128	-0.1942	-0.2712	0.006553711341238707	-0.0011327186845443199	-0.0013665928043115599	1.11507666	30.09265518	1.03689695	0.11359891280018616	0.019098	0.00042
0.0129	-0.1651	-0.2691	0.006363470452771325	-0.001281071670963838	-0.0013665928043115599	1.09610581	29.58068848	0.97935574	0.04822969374434499	0.0181454	0.00025
0.0211	-0.1916	-0.2957	0.0058416170064250214	-0.0011100294042683937	-0.001403244718603441	1.05714655	28.52929306	0.99077239	0.09777738136668146	0.017104	0.00015
0.0081	-0.1604	-0.2727	0.0051452306348792835	-0.0014590952546672592	-0.0015812683023068625	1.13395	30.60199165	1.00335118	0.12837379028240128	0.0153978	0.0001
0.0044	-0.1067	-0.2791	0.00493055513688398	-0.0015585790220309364	-0.0014870205226991688	1.20328569	32.47315979	1.02479772	0.08422035224833371	0.0145805	0.00011
-0.0008	-0.0784	-0.2765	0.005094616086571448	-0.0016650441064025902	-0.0015132004614790836	1.20375991	32.4859581	0.98103315	0.050935298641951794	0.0145378	9e-05
0.0008	-0.0627	-0.2719	0.004876449930072156	-0.001762782544514273	-0.0014381513036433276	1.1852448	31.98628998	1.00035349	0.04144768762233656	0.0152499	0.00012
0.0004	-0.0994	-0.2916	0.004598942579005058	-0.0017889624832941875	-0.0015254177662430443	1.18203235	31.89959335	1.0210407	0.07634768762233651	0.014491	5e-05
-0.0068	-0.1591	-0.2891	0.004963716392671873	-0.0018936822384138475	-0.001837831702350029	1.14843082	30.99278831	1.02081149	0.10849537524467295	0.0152112	9e-05
-0.0029	-0.1476	-0.249	0.004686209041604775	-0.001912880860185785	-0.0017383479349863521	1.17762029	31.78052521	0.99954804	0.07530948701013562	0.0149114	0.00013
0.0027	-0.1548	-0.2465	0.004698426346368735	-0.0018971728969178364	-0.0017226399717184032	1.15329039	31.12393379	0.97515566	0.017481661564992857	0.0139251	6e-05
-0.0017	-0.1579	-0.2515	0.0046914450293607576	-0.0019442967867216831	-0.0017994344588061536	1.0877372	29.35484505	0.94605237	0.019044984694978766	0.0142358	2e-05
-0.0037	-0.1457	-0.254	0.004646066468808905	-0.0019757127132575807	-0.0017645278737662671	1.16377831	31.40697098	0.98600924	0.022285053606381864	0.0159743	6e-05
0.0016	-0.1605	-0.3006	0.005026548245743668	-0.0019512781037296606	-0.0017470745812463236	1.17474174	31.70284081	1.02770089	0.08781848394913133	0.0173833	7e-05
0.0003	-0.1701	-0.2673	0.0049846603436958055	-0.0018971728969178364	-0.0016999506914424768	1.1641866	31.41798973	0.99401568	0.05135584993317666	0.0151156	6e-05
-0.0007	-0.1335	-0.2494	0.0045553093477052	-0.0017924531417981763	-0.0016545721308906245	1.15752423	31.2381916	0.98736625	0.08447246558310582	0.0147963	3e-05
-0.0077	-0.1024	-0.2273	0.004185299546282402	-0.0018605209826259553	-0.0014765485471872027	1.10152674	29.72698402	0.97334372	0.09100506129769993	0.0143375	4e-05
-0.01	-0.072	-0.2453	0.004150392961242515	-0.0018273597268380628	-0.0010157816246606998	1.08246255	29.21249771	0.98522345	0.0771417381677141	0.0131593	4e-05
0.0119	-0.1644	-0.2128	0.004605923896013036	-0.003501130479500625	6.981317007977319e-05	1.28195298	34.59616089	1.30320348	0.3075448241086778	0.0181376	0.00065
0.0095	-0.1431	-0.2088	0.004577998627981126	-0.003237585762449481	-0.00091106186954104	1.18251145	31.91252327	1.1319913	0.09131725123519328	0.0151471	0.00026
-0.0075	-0.1004	-0.2707	0.004876449930072156	-0.0024277529895241124	-0.0014852751934471744	1.19247055	32.18128967	1.08031462	0.20572486994612663	0.0152475	0.00012
-0.016	-0.0917	-0.2611	0.0045588000062091886	-0.0018884462506578647	-0.001329940890019679	1.17998135	31.844244	1.01716299	0.07741454830783553	0.0153357	8e-05
-0.0151	-0.079	-0.2536	0.00450294947014537	-0.001710422666954443	-0.0010053096491487337	1.18122065	31.87768936	0.99443981	0.049025268031909305	0.0127418	6e-05
-0.0029	-0.1313	-0.2663	0.0044261549830576195	-0.0014224433403753785	-0.0008237954069413235	1.15968704	31.29655838	1.00719865	0.10451440279371121	0.014383	6e-05
-0.0047	-0.1734	-0.2887	0.004996877648459765	-0.0015376350710070042	-0.0009459684545809266	1.1411525	30.79636765	0.99230845	0.10670437218366877	0.0138458	5e-05
-0.0048	-0.1701	-0.2772	0.0050789081233034985	-0.0015306537539990272	-0.0009948376736367678	1.13112259	30.52569008	0.96258274	0.021794050545377575	0.0143524	9e-05
-0.0102	-0.1695	-0.2779	0.005129522671611334	-0.0016667894356545846	-0.0010925761117484504	1.23287511	33.27169037	1.00167524	0.02092443340375376	0.0145692	9e-05
-0.0157	-0.1431	-0.258	0.0049235738198760036	-0.0017697638615222502	-0.0010454522219446034	1.20600474	32.54653931	1.00234703	0.06960235837034215	0.0139892	0.00018
-0.0159	-0.1117	-0.2451	0.0042882739721500675	-0.0018849555921538759	-0.0008604473212332044	1.21503294	32.79018402	1.01137956	0.09127482395344806	0.013721	6e-05
-0.0174	-0.1363	-0.263	0.00401076662108297	-0.001790707812546182	-0.0009389871375729493	1.09572351	29.57037163	0.97117639	0.06651474735072685	0.0154031	9e-05
-0.0191	-0.1515	-0.2836	0.004626867847036967	-0.0017156586547104257	-0.0011257373675363424	1.08499646	29.28087997	0.96536608	0.08139503068765734	0.0147339	5e-05
-0.0251	-0.1481	-0.2756	0.004888667234836118	-0.0019425514574696887	-0.0013648474750595659	1.16788363	31.51776314	0.99275001	0.05379011490408184	0.0147629	6e-05
-0.0248	-0.138	-0.274	0.005096361415823441	-0.0019669860669976093	-0.001350884841043611	1.17858875	31.80666161	0.98630383	0.024304571226559952	0.0146961	5e-05
-0.0226	-0.1274	-0.265	0.0049898963314517885	-0.001858775653373961	-0.0012671090369478833	1.16672575	31.48651505	0.97876135	0.03672256510455144	0.0140067	7e-05
-0.0234	-0.1016	-0.2646	0.004424409653805625	-0.0018291050560900572	-0.0011274826967883368	1.15062022	31.05187225	0.99855327	0.06373918075448072	0.0129008	6e-05
-0.025	-0.1164	-0.2737	0.004197516851046362	-0.0018762289458939042	-0.0010768681484805013	1.03796041	28.01151276	0.94642643	0.04173156204354728	0.0125149	0.0
-0.0227	-0.1547	-0.2978	0.0047577675409365425	-0.001726130630222392	-0.0011449359893082802	1.06424403	28.72083282	0.96963085	0.1036208423194736	0.013293	6e-05
-0.0178	-0.1556	-0.2625	0.004799655442984407	-0.0017767451785302276	-0.0012042771838760874	1.08144438	29.18501854	0.98421384	0.048692182246175345	0.013709	9e-05
-0.0172	-0.1529	-0.269	0.004977679026687828	-0.001785471824790199	-0.0012688543661998775	1.12912393	30.47175217	0.97512611	0.022366370614359105	0.0130141	6e-05
-0.017	-0.1423	-0.2635	0.00485376064979623	-0.0019390607989657003	-0.0012199851471440364	1.15412176	31.14636803	0.97804812	0.032618828506147	0.0128651	9e-05
-0.0112	-0.1115	-0.2286	0.004073598474154764	-0.0019285888234537342	-0.0009128071987930344	1.1581291	31.2545166	0.98888372	0.12639060497522173	0.0130016	8e-05
-0.0085	-0.1188	-0.2563	0.004071853144902771	-0.0018675022996339327	-0.000879645943005142	1.12537944	30.37069702	0.98090455	0.04249965544298436	0.0120593	5e-05
-0.0028	-0.1408	-0.249	0.004544837372193235	-0.0018814649336498872	-0.0009459684545809266	1.13494349	30.62880325	0.98415616	0.06266346864411014	0.0123887	5e-05
-0.0063	-0.1375	-0.2503	0.0045971972497530645	-0.0019041542139258136	-0.0010733774899765126	1.11209059	30.0120697	0.95807989	0.01822290966156712	0.0132189	4e-05
-0.0022	-0.1313	-0.256	0.004546582701445229	-0.0018029251173101424	-0.001054178868204575	1.17301214	31.65616608	0.98204839	0.02455211333477222	0.0123588	2e-05
-0.0011	-0.1036	-0.2338	0.0045867252742410975	-0.0019896753472735357	-0.0009808750396208131	1.14051366	30.77912521	0.99067086	0.0660098315671512	0.0139654	7e-05
0.0006	-0.1416	-0.2353	0.004743804906920588	-0.001980948701013564	-0.0009581857593448868	1.1390177	30.73875427	0.99715461	0.05062477796076942	0.0135818	8e-05
0.0008	-0.1734	-0.2434	0.004639085151800928	-0.0017470745812463236	-0.001090830782496456	1.11809552	30.17412758	0.9849626	0.06366194490192348	0.0128238	5e-05
-0.0034	-0.1667	-0.2502	0.004544837372193235	-0.0018151424220741027	-0.0010332349171806431	1.06256819	28.67560768	0.95733936	0.028695574287564234	0.0130636	9e-05
-0.0055	-0.1436	-0.2441	0.004302236606166022	-0.0016824973989225337	-0.0009651670763528643	1.07123733	28.90956116	0.96086819	0.053465681500327995	0.0137249	1e-05
-0.0039	-0.1015	-0.2306	0.00400727596257898	-0.001656317460142619	-0.0006824237375297829	1.0557729	28.49221992	0.97647851	0.08739419605950188	0.0125114	4e-05
-0.0059	-0.1194	-0.2423	0.003954916085019151	-0.001541125729510993	-0.0006527531402458793	1.03930962	28.04792404	0.9634453	0.04146111027376794	0.0122707	2e-05
-0.0057	-0.1614	-0.2623	0.00411548637620263	-0.001614429558094755	-0.0008936085770210966	1.04564571	28.21891975	0.96734681	0.08593647782712288	0.0144203	6e-05
-0.0052	-0.1486	-0.2578	0.004314453910929983	-0.0016615534478986017	-0.001054178868204575	1.15943491	31.28975677	0.97638283	0.0381330857857339	0.0130737	7e-05
-0.0042	-0.1342	-0.247	0.004386012410261751	-0.001726130630222392	-0.00102799892942466	1.15434158	31.15229988	0.98151937	0.034315781021773635	0.012166	6e-05
-0.0056	-0.1157	-0.2325	0.004317944569433971	-0.0017016960206944712	-0.000932005820564972	1.19191611	32.16632843	0.98741748	0.043824777960769425	0.0117819	4e-05
-0.0015	-0.1019	-0.2352	0.003949680097263168	-0.0016528268016386303	-0.0008552113334772215	1.15820944	31.25668526	0.9806124	0.04529640891571971	0.0116102	5e-05
-0.0015	-0.1382	-0.2546	0.0038135444156076103	-0.0015638150097869194	-0.0008674286382411819	1.10820174	29.90712166	0.97956086	0.06756823891356141	0.014632	8e-05
-0.0001	-0.1578	-0.2609	0.004241150082346221	-0.0016772614111665507	-0.0009494591130849152	1.1759392	31.73515701	0.98829368	0.05845412714809879	0.0134494	7e-05
0.0021	-0.1429	-0.2396	0.004211479485062317	-0.0017872171540421933	-0.0009529497715889039	1.18885636	32.08375549	0.9923954	0.045555849933176754	0.0140973	3e-05
0.0028	-0.1358	-0.2275	0.00393048147549123	-0.001790707812546182	-0.0009337511498169664	1.17990553	31.84219933	0.98763289	0.03508436449235066	0.0150454	7e-05
-0.0004	-0.1154	-0.2161	0.003965388060531117	-0.0018273597268380628	-0.0009337511498169664	1.18196011	31.89764404	0.97973261	0.0385779249665884	0.0123927	3e-05
-0.0047	-0.1131	-0.2283	0.0036250488563922224	-0.001853539665617978	-0.0009285151620609833	1.08807552	29.36397552	0.95717594	0.03738775653373965	0.0140613	1e-05
-0.0028	-0.1502	-0.2434	0.0037891098060796892	-0.0018151424220741027	-0.0011344640137963143	1.14544868	30.91230774	0.99396502	0.07452035224833363	0.0156928	0.0001
-0.003	-0.1402	-0.2411	0.004455825580341524	-0.0019076448724298022	-0.0011466813185602744	1.18686867	32.03011322	0.99792726	0.05107177646907472	0.0140535	2e-05
-0.0009	-0.1306	-0.2389	0.004495968153137393	-0.0018465583486100008	-0.0011187560505283654	1.14912689	31.01157379	0.9694247	0.020357718232378967	0.0138176	8e-05
0.0001	-0.1192	-0.2386	0.004447098934081553	-0.0018046704465621369	-0.0009686577348568529	1.15262723	31.10603523	0.97836668	0.02474277183876082	0.0131706	4e-05
-0.0051	-0.0759	-0.1757	0.004139920985730549	-0.0017749998492782332	-0.0007906341511534313	1.17841721	31.80203247	1.05858404	0.13714360646691645	0.0135743	9e-05
-0.0045	-0.1211	-0.1708	0.004274311338134113	-0.001706932008450454	-0.0007679448708775049	1.05774307	28.54538918	1.009604	0.061957373675363456	0.0126173	4e-05
-0.0066	-0.1838	-0.2078	0.004565781323217166	-0.0016388641676226754	-0.0007766715171374765	1.0653646	28.75107384	0.98546357	0.12021322360854018	0.0129787	6e-05
-0.004	-0.1758	-0.2145	0.004633849164044945	-0.0015865042900628454	-0.0008517206749732328	1.01927114	27.50714493	0.95067822	0.02707384381116821	0.0133944	7e-05
-0.0016	-0.1575	-0.227	0.0047577675409365425	-0.0017837264955382047	-0.0008779006137531476	1.21929336	32.905159	1.02553374	0.05056602605734361	0.0132868	8e-05
-0.0014	-0.1389	-0.2317	0.004710643651132695	-0.00199142067652553	-0.0009145525280450286	1.2322998	33.25616455	1.01514963	0.03807349925415266	0.013136	6e-05
0.0018	-0.1262	-0.2283	0.004733332931408622	-0.0019303341527057286	-0.0007731808586334879	1.21964145	32.9145546	1.00430038	0.030557373675363417	0.0120479	8e-05
-0.0013	-0.1032	-0.2015	0.004120722363958612	-0.0018308503853420514	-0.0007487462491055673	1.12043822	30.23734856	0.98073834	0.08972644721708038	0.0133585	1e-05
-0.002	-0.1144	-0.2445	0.004223696789826277	-0.0018238690683340744	-0.0007155849933176752	1.16428053	31.4205246	1.01667622	0.06205584993317671	0.0125299	4e-05
0.0002	-0.1407	-0.2534	0.004365068459237818	-0.0017732545200262388	-0.0008848819307611251	1.16611576	31.47005081	1.00283096	0.055464157758141314	0.0144773	5e-05
0.0461	-0.124	-0.2274	0.004499458811641381	-0.0016790067404185449	-0.00045553093477052	1.27531791	34.417099	1.14751208	0.12149945640009314	0.015099	0.00112
0.0675	-0.1693	-0.2185	0.004670501078336825	-0.0015481070465189703	-0.0003595378259108319	1.23961866	33.45368195	1.11744144	0.09549675347273534	0.0170943	0.00174
0.0356	-0.1774	-0.2055	0.0045971972497530645	-0.0017732545200262388	-0.0009529497715889039	1.12234664	30.28885269	1.08104058	0.09759316238845507	0.0149085	4e-05
0.0235	-0.181	-0.2396	0.005921902152016759	-0.0022130774915288098	-0.001228711793404008	1.09699082	29.6045723	1.06607267	0.15181449477906847	0.0169522	0.00052
0.0062	-0.2135	-0.2052	0.0054105206811824215	-0.0021048670779051613	-0.0011676252695842063	1.09073293	29.43568993	1.02619163	0.11823392041388937	0.0166069	0.00062
-0.0027	-0.1387	-0.2365	0.005164429256651221	-0.0021851522234969008	-0.0010314895879286487	1.12139523	30.26317596	1.04219559	0.1381256125889249	0.0151151	0.00021
-0.0094	-0.1512	-0.2639	0.005194099853935124	-0.0022165681500327986	-0.0009494591130849152	1.1153692	30.10055161	1.04205504	0.053755849933176746	0.0163357	0.00021
-0.0058	-0.1588	-0.2386	0.0050230575872396805	-0.0019390607989657003	-0.0010314895879286487	1.1165539	30.13252258	1.01812211	0.06302900463031377	0.0160552	0.0001
0.0031	-0.1334	-0.2446	0.004639085151800928	-0.0018133970928221085	-0.001001818990644745	1.13262153	30.56614113	0.9885684	0.06726533694331241	0.0140518	9e-05
0.0001	-0.1186	-0.2359	0.004684463712352781	-0.0019285888234537342	-0.001001818990644745	1.15835667	31.26065636	0.98811604	0.034528514559173926	0.0129657	2e-05
-0.0015	-0.0835	-0.2007	0.004234168765338243	-0.0017994344588061536	-0.0006335545184739417	1.22491944	33.05699158	1.02105826	0.11928568919164606	0.0123941	4e-05
-0.0034	-0.107	-0.1992	0.0037734018428117405	-0.0018762289458939042	-0.0007155849933176752	1.17085552	31.59796333	0.98954193	0.05787959422289933	0.0137366	8e-05
0.0027	-0.1606	-0.2408	0.00408756110817072	-0.0016982053621904826	-0.0007208209810736582	1.13694406	30.68279457	1.007193	0.1261709418409192	0.0131255	2e-05
0.0065	-0.1606	-0.2341	0.004244640740850209	-0.001579522973054868	-0.0007609635538695277	1.1138823	30.0604248	0.96338351	0.026295229730548663	0.013283	9e-05
0.0073	-0.1533	-0.2373	0.004075343803406759	-0.001595230936322817	-0.000853466004225227	1.19248343	32.18163681	0.99009718	0.025175367553354932	0.0127705	4e-05
-0.0031	-0.1464	-0.2396	0.003981096023799066	-0.0017941984710501708	-0.0010175269539126942	1.15602672	31.1977787	0.9814635	0.04246381320112568	0.0133616	4e-05
-0.0047	-0.1236	-0.2279	0.003914773512223281	-0.001780235837034216	-0.000853466004225227	1.18724191	32.04018402	0.98678402	0.048317304763960366	0.0124937	6e-05
-0.0084	-0.1033	-0.2123	0.0036041049053682902	-0.001858775653373961	-0.0008080874436733745	1.12059128	30.24147987	0.96310135	0.06132934918732941	0.0124104	7e-05
-0.0051	-0.1294	-0.2459	0.00386590429316744	-0.0017749998492782332	-0.0007871434926494425	1.07228339	28.93778992	0.96657118	0.08132595714594046	0.0123751	5e-05
-0.0011	-0.1443	-0.2389	0.004080579791162742	-0.0017016960206944712	-0.0009023352232810684	1.11427963	30.07114601	0.96759141	0.04605855286053454	0.0130256	5e-05
0.0002	-0.1386	-0.245	0.004178318229274424	-0.0016632987771505957	-0.0009128071987930344	1.1627543	31.37933731	0.9680218	0.020430382858376197	0.012765	6e-05
-0.0023	-0.1317	-0.2466	0.004153883619746505	-0.0017662732030182616	-0.0009529497715889039	1.15302289	31.11671448	0.97751048	0.01937758040957276	0.0125438	7e-05
0.0027	-0.1209	-0.2504	0.0041608649367544815	-0.0017715091907742446	-0.000804596785169386	1.18046629	31.85733223	0.9795804	0.02762851455917391	0.0125964	4e-05
0.0043	-0.095	-0.2307	0.0038467056713955023	-0.0018291050560900572	-0.0004886921905584122	1.16782224	31.51610565	0.9801793	0.08158298626428828	0.0117805	2e-05
0.0003	-0.1045	-0.2488	0.0038938295611993493	-0.001912880860185785	-0.0004485496177625427	1.04712009	28.25870705	0.94581633	0.040152113334772234	0.0121307	1e-05
0.0001	-0.1703	-0.2718	0.004420918995301637	-0.0017523105690023068	-0.0005462880558742252	1.09940183	29.66963768	0.99819148	0.12826990816987247	0.0134609	9e-05
0.0014	-0.1579	-0.2691	0.004888667234836118	-0.0018517943363659836	-0.0006073745796940267	1.15395129	31.14176941	0.99172947	0.0478159265358979	0.0128942	6e-05
0.0018	-0.134	-0.2792	0.004738568919164605	-0.0019442967867216831	-0.0007155849933176752	1.24626839	33.63313675	1.02371822	0.05194055898254304	0.0131119	8e-05
0.0047	-0.1206	-0.289	0.004700171675620729	-0.002005383310541485	-0.0006108652381980154	1.22814131	33.14393997	1.00800914	0.03631017612416686	0.0124586	8e-05
0.0045	-0.0965	-0.2846	0.0044436082755775624	-0.0019041542139258136	-0.0005096361415823442	1.12898517	30.46800613	0.96765631	0.0516510796637254	0.0123103	3e-05
0.0046	-0.0771	-0.2538	0.004246386070102203	-0.0019041542139258136	-0.0003438298626428829	1.14140606	30.80321121	0.97945843	0.06845142422074103	0.0127214	6e-05
0.0499	-0.1134	-0.2672	0.004277801996638102	-0.0012374384396639797	-0.00010471975511965978	1.34017384	36.16736984	1.22092905	0.14186209041604775	0.0174807	0.00272
0.0558	-0.1719	-0.2717	0.0051120693790913906	-0.001265363707695889	5.061454830783555e-05	1.30332911	35.17303848	1.23048509	0.11977634769563464	0.0165735	0.00175
0.0155	-0.1943	-0.2539	0.005626941508429718	-0.001658062789394613	-0.0004258603374866164	1.14136457	30.8020916	1.10753196	0.14970230484157515	0.0155914	6e-05
0.0105	-0.1724	-0.2637	0.005827654372409066	-0.0020751964806212577	-0.0006719517620178169	0.9986456	26.95052338	0.95880744	0.07989689898685963	0.0170074	9e-05
-0.0072	-0.1725	-0.2091	0.0049462631001519295	-0.0017924531417981763	-0.0006562437987498679	1.08596694	29.30707169	1.02282864	0.13139212871740832	0.0172321	0.00025
0.0346	-0.0963	-0.1829	0.004181808887778414	-0.0016318828506146981	-0.00017104226669544429	1.20804107	32.60149384	1.14405064	0.21471130178057088	0.0162888	0.00093
0.0274	-0.1563	-0.0843	0.004096287754430691	-0.0019495327744776662	-0.00013962634015954637	1.23092878	33.2191658	1.22106276	0.1875293491873294	0.0194352	0.00052
0.0122	-0.2257	-0.1779	0.004049163864626845	-0.0018186330805780916	-0.00041015237421866745	1.20734191	32.58262634	1.17624582	0.20062748088812712	0.0170357	0.00012
0.0114	-0.2192	-0.2222	0.004125958351714595	-0.0013962634015954637	-0.000705113017805709	1.17843354	31.80247307	1.03227726	0.091306240482871	0.0150462	9e-05
0.0113	-0.1594	-0.2347	0.004190535534038385	-0.0013212142437597075	-0.0008220500776893293	1.1241641	30.33789825	0.98592927	0.08522817000215833	0.0127876	1e-05
0.0065	-0.1405	-0.2404	0.004139920985730549	-0.0013962634015954637	-0.0008779006137531476	1.24182868	33.51332092	1.0058595	0.038475712110370486	0.0132822	5e-05
0.0057	-0.1283	-0.2316	0.004019493267342941	-0.0013910274138394805	-0.0008342673824532895	1.25238848	33.7983017	1.01064745	0.030264846872172495	0.0122615	0.00014
-0.0013	-0.1102	-0.2028	0.0037594392087957856	-0.0014433872913993105	-0.0007435102613495844	1.23655784	33.37107849	1.00888541	0.07405855286053449	0.0128841	9e-05
-0.0063	-0.1153	-0.2101	0.003652974124424132	-0.0015638150097869194	-0.0007068583470577034	1.14372885	30.86589622	0.98139732	0.030577235852557182	0.0122688	0.0001
-0.0084	-0.1736	-0.2449	0.003974114706791089	-0.001504473815219112	-0.0008499753457212384	1.14371288	30.86546326	1.00263481	0.12137993877991499	0.0143611	6e-05
-0.0063	-0.1863	-0.2383	0.00429700061841004	-0.001635373509118687	-0.0009372418083209549	1.19183743	32.16420364	0.99141595	0.048452603405912086	0.0142617	5e-05
-0.0029	-0.1874	-0.2297	0.0043877577395137445	-0.0016388641676226754	-0.000895353906273091	1.21534038	32.79848099	1.00217373	0.01990678408277789	0.0142815	8e-05
-0.0001	-0.1766	-0.2214	0.004202752838802345	-0.001504473815219112	-0.0008011061266653974	1.20997036	32.65356064	0.99808248	0.0425821516361328	0.0137941	0.0001
-0.0026	-0.1479	-0.2106	0.0039723693775390945	-0.0016772614111665507	-0.0007295476273336296	1.16510928	31.44289017	0.97489841	0.06573647782712286	0.0132447	5e-05
-0.0028	-0.1568	-0.2334	0.003968878719035105	-0.0016859880574265225	-0.000661479786505851	1.1476506	30.97173309	0.98119411	0.03591425727958697	0.0138053	5e-05
-0.0005	-0.1789	-0.2364	0.004221951460574283	-0.0016528268016386303	-0.0006894050545377602	1.16419303	31.4181633	0.98969841	0.043107963267949	0.0148013	0.00011
0.0002	-0.1497	-0.2165	0.004251622057858187	-0.0016755160819145565	-0.000752236907609556	1.19486237	32.24583817	0.99633561	0.05555958653158127	0.0142512	5e-05
0.0009	-0.1399	-0.2105	0.00437379510549779	-0.0016859880574265225	-0.0007487462491055673	1.18976092	32.10816574	0.98526785	0.02330678408277789	0.0137815	1e-05
0.0014	-0.1411	-0.2223	0.004276056667386107	-0.0017470745812463236	-0.0008639379797371932	1.13555503	30.64530754	0.95937017	0.02720083462815552	0.0131122	4e-05
0.0006	-0.1309	-0.2209	0.004129449010218584	-0.0017558012275062952	-0.0007714355293814937	1.13744974	30.69643974	0.96705565	0.024791837689159688	0.0130762	4e-05
0.0011	-0.1184	-0.2228	0.0037489672332838195	-0.0018099064343181197	-0.0006597344572538566	1.14135826	30.80191994	0.98577093	0.04221440279371128	0.0126619	7e-05
-0.0005	-0.1694	-0.2429	0.004012511950334963	-0.0018413223608540175	-0.0007853981633974483	1.09164476	29.46029663	0.99282148	0.09373121748653165	0.013311	6e-05
0.0012	-0.1692	-0.2269	0.004077089132658754	-0.0018709929581379211	-0.0007941248096574199	1.14165449	30.80991364	0.9831219	0.023048721293383295	0.0130811	4e-05
0.0033	-0.1561	-0.2201	0.004145156973486532	-0.001947787445225672	-0.0007557275661135446	1.16705322	31.49535179	0.98257894	0.03116297857297024	0.0122718	2e-05
0.0024	-0.1639	-0.2256	0.004214970143566306	-0.0021170843826691216	-0.0007749261878854823	1.13173842	30.5423069	0.96191987	0.027115436464758048	0.0126725	4e-05
-0.0014	-0.1558	-0.2258	0.004337143191205909	-0.00217293491873294	-0.0007644542123735164	1.17157519	31.61738586	0.98173543	0.021524777960769365	0.0125179	5e-05
-0.0068	-0.1225	-0.1922	0.0036250488563922224	-0.002176425577236929	-0.0005515240436302081	1.20930207	32.63552475	1.01260547	0.11872575810304915	0.013086	5e-05
-0.0068	-0.1189	-0.2031	0.003485422516232676	-0.002228785454796759	-0.0003944444109507184	1.17208898	31.63125038	0.99147407	0.031953292519943284	0.0126337	5e-05
-0.0057	-0.1657	-0.2253	0.004068362486398782	-0.002155481626212997	-0.0004625122517784973	1.11401629	30.06404114	0.99646152	0.1063155819788823	0.0130256	7e-05
-0.0038	-0.1592	-0.214	0.004420918995301637	-0.0021799162357409173	-0.0005462880558742252	1.10887837	29.92538261	0.97027972	0.042738346126325134	0.0135282	0.0001
-0.0034	-0.1459	-0.1993	0.00451516677490933	-0.0023125612588924867	-0.0006579891280018621	1.19906151	32.35916138	1.00488352	0.045329693744344965	0.0139108	2e-05
-0.003	-0.1512	-0.1925	0.0044593162388455124	-0.002462659574563999	-0.0007435102613495844	1.22811925	33.14334488	1.01805304	0.02707349925415263	0.0153706	8e-05
-0.0018	-0.1379	-0.1608	0.0036128315516282617	-0.0021118483949131386	-0.00030194196059501896	1.25042582	33.74533463	1.0661985	0.12814320838113383	0.0162359	0.00066
-0.0024	-0.1336	-0.1651	0.003373721444105039	-0.0019373154697137059	-0.00023387411976724014	1.12216473	30.28394127	1.01076394	0.03328554367752171	0.0127985	3e-05
-0.0043	-0.1989	-0.2245	0.003710569989739945	-0.0017680185322702558	-0.0006178465552059926	1.12487113	30.35697937	1.02719932	0.1711058959258554	0.0153794	8e-05
-0.0093	-0.1821	-0.2259	0.004038691889114879	-0.0019268434942017398	-0.0008080874436733745	1.07972765	29.13868904	0.96080912	0.057059387488689946	0.0138478	0.00011
-0.0035	-0.1659	-0.2301	0.0039339721339952186	-0.001996656664281513	-0.0007295476273336296	1.07759523	29.08114243	0.96355978	0.038853637076958936	0.0130064	5e-05
-0.0057	-0.1332	-0.2055	0.0033911747366249826	-0.002040289895581371	-0.0006859143960337716	1.16739917	31.50468636	0.99896174	0.09100319299849759	0.0133402	6e-05
-0.0109	-0.112	-0.1864	0.0033265975543011915	-0.00222529479629277	-0.0005305800926062762	1.18476593	31.97336578	0.988504	0.06574581932313427	0.0131169	6e-05
-0.0117	-0.1443	-0.2176	0.0034400439556808234	-0.0022270401255447643	-0.0005654866776461627	1.15794086	31.24943542	1.00226807	0.07180491578357563	0.0128511	7e-05
-0.0084	-0.1811	-0.2234	0.0038449603421435077	-0.0022026055160168437	-0.000736528944341607	1.14154398	30.80693245	0.99250629	0.07591966313430243	0.0129912	6e-05
-0.0076	-0.1666	-0.2263	0.003965388060531117	-0.002256710722828668	-0.0008656833089891874	1.0877769	29.35591507	0.94852471	0.033384364492350715	0.0132925	2e-05
-0.0087	-0.1669	-0.2361	0.0038693949516714287	-0.0022497294058206906	-0.0009354964790689606	1.2428304	33.54035568	1.00109991	0.01983937979737192	0.013286	6e-05
-0.0099	-0.1346	-0.1951	0.0033999013828849537	-0.0023125612588924867	-0.0008360127117052838	1.18982255	32.10982895	1.00449301	0.1060904594610974	0.0129301	0.00013
-0.0134	-0.1266	-0.1979	0.003269001688985379	-0.0023876104167282427	-0.0007295476273336296	1.17728019	31.77134895	0.98943166	0.02992069680534925	0.013324	3e-05
-0.014	-0.171	-0.2128	0.003459242577452761	-0.0023457225146803788	-0.0008133234314293575	1.09962606	29.6756897	0.98360539	0.07569522973054871	0.0141785	5e-05
-0.0109	-0.1651	-0.2016	0.0034993851502486306	-0.002331759880664424	-0.0009093165402890458	1.09985948	29.68198776	0.95619407	0.02770491578357565	0.0158311	7e-05
-0.0108	-0.1585	-0.2078	0.0037699111843077517	-0.0023753931119642824	-0.000932005820564972	1.16584098	31.46263695	0.97415594	0.029742427281745296	0.0138236	2e-05
-0.0125	-0.1596	-0.2104	0.0039235001584832525	-0.002373647782712288	-0.0009337511498169664	1.16902184	31.54847908	0.97708817	0.01325398163397445	0.0140103	3e-05
-0.0132	-0.1381	-0.1897	0.003824016391119576	-0.002333505209916419	-0.0007470009198535729	1.14069009	30.78388786	0.97241114	0.05921882850614695	0.0134193	8e-05
-0.0136	-0.1248	-0.1933	0.0035901422713523357	-0.002324778563656447	-0.0006230825429619757	1.11465657	30.0813179	0.97397267	0.03562595714594046	0.0129901	5e-05
-0.0122	-0.1662	-0.2187	0.003855432317655474	-0.0022741640153486112	-0.0006911503837897545	1.06789672	28.81940842	0.97575731	0.08739862177193763	0.0135282	6e-05
-0.01	-0.1593	-0.2081	0.004019493267342941	-0.0022898719786165604	-0.0007766715171374765	1.09169388	29.46162224	0.95707885	0.03296450231515689	0.0135441	7e-05
-0.0074	-0.1613	-0.2202	0.00399505865781502	-0.0023230332344044524	-0.0008255407361933179	1.07234514	28.93945885	0.94374867	0.02202325421858274	0.0136238	5e-05
-0.0072	-0.1507	-0.2245	0.0037646751965517687	-0.0023125612588924867	-0.0008761552845011534	1.11618233	30.12249374	0.96852931	0.0296734992541526	0.0135263	4e-05
-0.0099	-0.12	-0.2022	0.0035517450278084606	-0.0023160519173964756	-0.000726056968829641	1.12948263	30.48143005	0.98062209	0.07402595714594046	0.0125874	4e-05
-0.0103	-0.1391	-0.2132	0.0034487706019407953	-0.0023457225146803788	-0.0007557275661135446	1.06543672	28.75301933	0.96473129	0.038615781021773626	0.0128856	2e-05
-0.009	-0.1657	-0.2203	0.003904301536711315	-0.002356194490192345	-0.000804596785169386	1.09504056	29.55194092	0.96549749	0.06074360646691634	0.0129006	5e-05
-0.0071	-0.1539	-0.2168	0.0040945424251786966	-0.002469640891571976	-0.0008185594191853405	1.1192776	30.20602798	0.96058456	0.033082496193148334	0.0130128	3e-05
-0.0115	-0.149	-0.2137	0.0040282199136029125	-0.002501056818107874	-0.0008918632477691023	1.09802663	29.63252449	0.95251684	0.02095211333477221	0.012696	4e-05
-0.0225	-0.117	-0.1946	0.0035203291012725624	-0.0025237460983838006	-0.0008517206749732328	1.10425591	29.80063438	0.96886828	0.09063613327010728	0.0133499	7e-05
-0.0151	-0.1471	-0.21	0.0035883969421003415	-0.002494075501099897	-0.0006998770300497262	1.11300302	30.03669357	0.97648287	0.06537910415175947	0.0128547	9e-05
-0.0152	-0.1929	-0.2122	0.003979350694547071	-0.0024172810140121463	-0.0007644542123735164	1.10599184	29.84748459	0.9830442	0.0747162710929135	0.0141678	8e-05
-0.0155	-0.1736	-0.204	0.0041381756564785556	-0.0024486969405480446	-0.0008499753457212384	1.12303841	30.30752182	0.97024057	0.041588101090755225	0.0141789	7e-05
-0.0151	-0.1685	-0.2126	0.004148647631990522	-0.0025394540616517493	-0.0008656833089891874	1.17149973	31.61535072	0.98232345	0.019946852994181002	0.0137365	3e-05
-0.0157	-0.1492	-0.1995	0.0040055306333269865	-0.0026511551337793865	-0.0008168140899333463	1.17258322	31.64459038	0.97044523	0.04818436449235068	0.0133733	5e-05
-0.0183	-0.1202	-0.1997	0.0037350045992678655	-0.002584832622203602	-0.0007609635538695277	1.11656332	30.13277626	0.96052935	0.05143495408493618	0.0133759	8e-05
-0.029	-0.0816	-0.1298	0.003555235686312449	-0.002494075501099897	-0.0006684611035138282	1.20866644	32.61837006	1.12649792	0.13735142422074104	0.0175046	0.00044
-0.037	-0.0769	0.0386	0.004305727264670011	-0.0030525808617380824	-0.0010821041362364843	1.38742733	37.44260406	1.43820206	0.2672319985859202	0.0344946	0.0127
-0.0493	-0.2024	0.1939	0.0072954762733362976	-0.003494149162492647	-0.0016964600329384882	1.58697569	42.82783127	1.75945645	0.4953836603061428	0.0649549	0.07412
-0.0267	-0.365	0.0305	0.005653121447209634	-0.0023352505391684127	-0.0016074482410867775	1.56557333	42.25024414	1.6519109	0.49311326206513045	0.0435485	0.02702
-0.0221	-0.3632	-0.0392	0.004928809807631986	-0.0020245819323134223	-0.001282817000215832	1.40343654	37.87464523	1.19823612	0.14408057436517915	0.0359212	0.01165
-0.0301	-0.305	-0.0949	0.004595451920501069	-0.0021258110289290935	-0.0011187560505283654	1.37055576	36.98728943	1.14901824	0.15183239667170276	0.0251825	0.00285
-0.0362	-0.2396	-0.1253	0.004612905213021013	-0.0022636920398366456	-0.0011746065865921838	1.24126875	33.49821091	1.0488195	0.1124592419745657	0.0206153	0.00092
-0.0377	-0.1641	-0.1429	0.004523893421169302	-0.0022427480888127134	-0.0012164944886400475	1.27223957	34.33402252	1.06019759	0.10219218224617536	0.0175642	0.00044
-0.0409	-0.1124	-0.1526	0.00445058959258554	-0.0023003439541285265	-0.0012164944886400475	1.23603046	33.35684586	1.0442706	0.07114498469497876	0.0168228	0.00037
-0.0413	-0.0919	-0.1589	0.004406956361285682	-0.0022741640153486112	-0.0012199851471440364	1.23701763	33.3834877	1.02378096	0.03086519142918812	0.0166202	0.0004
-0.0433	-0.1015	-0.1722	0.004424409653805625	-0.002331759880664424	-0.0012409290981679683	1.19057655	32.13017654	0.98376732	0.02969965544298436	0.0158257	0.00022
-0.0467	-0.138	-0.1715	0.004148647631990522	-0.002366666465704311	-0.0012723450247038664	1.19153714	32.15610123	1.01399021	0.0577042266695444	0.0185533	0.00027
-0.0478	-0.1628	-0.1603	0.004016002608838952	-0.0025289820861397836	-0.0011449359893082802	1.24650896	33.63962936	1.03342251	0.05821848394913145	0.017794	0.00055
-0.0467	-0.2079	-0.1656	0.0038519416591514853	-0.0026092672317315226	-0.0011798425743481666	1.16267562	31.37721252	1.03097066	0.06546263401595459	0.0201407	0.00113
-0.0442	-0.2559	-0.1733	0.0037699111843077517	-0.002530727415391778	-0.0012060225131280816	1.15836513	31.26088524	1.03851026	0.0675375114981697	0.0240825	0.0023
-0.0436	-0.3022	-0.177	0.0040229839258469294	-0.00239459173373622	-0.0011938052083641214	1.11430514	30.07183647	1.03065573	0.0706712863979348	0.027028	0.00505
-0.0454	-0.2881	-0.1492	0.004263839362622147	-0.0023596851486963333	-0.0012025318546240932	1.18177247	31.89258194	1.03939743	0.0579244334037538	0.028398	0.0059
-0.0461	-0.2327	-0.1414	0.004314453910929983	-0.002336995868420407	-0.0012042771838760874	1.15003407	31.03605461	1.01225023	0.06765245789178785	0.026085	0.00569
-0.0437	-0.1808	-0.1462	0.0043266712156939426	-0.002469640891571976	-0.001192059879112127	1.23259425	33.26411057	1.04822318	0.06695398163397447	0.0246814	0.00604
-0.0421	-0.1357	-0.1424	0.004302236606166022	-0.002469640891571976	-0.001186823891356144	1.18679094	32.02801514	1.02358547	0.05198352986419517	0.0247588	0.00703
-0.0399	-0.1086	-0.1393	0.004317944569433971	-0.0025062928058638572	-0.0011100294042683937	1.1948055	32.24430466	1.01642134	0.03885771823237902	0.0249873	0.00796
-0.0381	-0.1126	-0.1459	0.0043982297150257105	-0.0025289820861397836	-0.0011013027580084218	1.10931838	29.93725777	0.96185014	0.01798505360638188	0.0242621	0.00809
-0.0389	-0.1388	-0.1542	0.004494222823885398	-0.0025778513051956248	-0.0011431906600562858	1.14399469	30.87306786	0.96900539	0.04463751149816964	0.0248817	0.0085
-0.0403	-0.1644	-0.1581	0.004471533543609472	-0.002595304597715568	-0.0012112585008840647	1.18910563	32.0904808	0.98965487	0.036310520681182394	0.0251355	0.00866
-0.0405	-0.1873	-0.1478	0.0044820055191214375	-0.0026022859147235454	-0.0011205013797803594	1.16206479	31.36072922	0.98374849	0.0388105206811824	0.0257822	0.00911
-0.0407	-0.2099	-0.1446	0.004616395871525002	-0.0026843163895672786	-0.0010506882097005862	1.16736007	31.5036335	0.98879083	0.04031169986635354	0.0263063	0.00921
-0.0394	-0.2311	-0.139	0.004572762640225143	-0.0027349309378751144	-0.0010192722831646884	1.13400555	30.60349083	0.96746234	0.03438318530717962	0.0268242	0.00965
-0.039	-0.2214	-0.1395	0.0044645522266014955	-0.00277332818141899	-0.001048942880448592	1.10229599	29.74774361	0.95076971	0.01941391272257132	0.0258412	0.00846
-0.0425	-0.2028	-0.1343	0.004389503068765739	-0.0028309240467348025	-0.0010471975511965976	1.15545785	31.18242645	0.98271068	0.034019517620178186	0.0246752	0.00706
-0.0439	-0.1599	-0.1225	0.004024729255098924	-0.0029024825460665696	-0.0009826203688728075	1.14594984	30.92583275	0.99409682	0.08114547476611862	0.0236523	0.00524
-0.0411	-0.1724	-0.1435	0.004401720373529699	-0.0031381019950858045	-0.0010053096491487337	1.1307478	30.5155735	0.98944848	0.0680649923862968	0.0220229	0.00382
-0.0408	-0.1611	-0.1401	0.004707152992628707	-0.0030647981665020423	-0.000973893722612836	1.14123559	30.79861069	0.98505825	0.035507618710933365	0.0209863	0.00308
-0.0395	-0.1425	-0.1399	0.004468042885105484	-0.0027995081201989047	-0.0008866272600131194	1.10179484	29.7342186	0.96891989	0.04968333082130386	0.0181044	0.00163
-0.0405	-0.145	-0.1499	0.004574507969477138	-0.002885029253546627	-0.0009791297103688187	1.07159805	28.91929626	0.94897304	0.027724433403753787	0.0174484	0.001
