trans_x	trans_y	trans_z	rot_x	rot_y	rot_z	dvars_std	dvars_nstd	dvars_vstd	framewise_displacement	aqi	aor
0.0	-0.0	0.0	-0.0	0.0	-0.0	n/a	n/a	n/a	n/a	0.11496	0.02065
-0.0154	-0.0241	-0.0067	5.235987755982989e-05	-0.00041015237421866745	7.853981633974481e-05	1.34904671	37.8325882	1.02914435	0.0732526034059121	0.114641	0.02071
-0.0189	0.031	0.0349	-0.00029845130209103034	-0.0004014257279586958	9.42477796076938e-05	1.25646615	35.23626328	1.05687241	0.11896228945893904	0.105071	0.01385
-0.0149	0.0689	0.0401	-0.0003089232776029963	-0.00033684854563490564	0.00017802358370342162	1.23312294	34.58162689	1.04821088	0.05504124809657421	0.102879	0.01328
-0.0174	-0.0118	0.0197	0.0003577924966588376	-0.0005009094953223725	0.00020769418098732522	1.23021162	34.49998093	1.0906499	0.1466223660616602	0.110323	0.01785
-0.0339	-0.0072	0.0145	0.00048520153205442357	-0.0008604473212332044	0.00023212879051524583	1.15048647	32.26417542	0.99534156	0.05186907354171692	0.109623	0.01683
-0.0307	0.0472	0.0499	-7.155849933176751e-05	-0.0006422811647339132	0.0002443460952792061	1.17290759	32.89295197	1.00678624	0.13235717463247207	0.101651	0.01186
-0.0243	0.0433	0.0279	0.00014486232791552936	-0.0004939281783143952	0.0002530727415391778	1.27784383	35.83577728	1.03263408	0.050975022996339325	0.106045	0.0139
-0.0329	-0.0312	0.006	0.0005131268000863328	-0.0006841690667817771	0.00024260076602721178	1.278265	35.84758759	1.06926415	0.13344886680750756	0.112985	0.01859
-0.0368	-0.0034	0.0225	0.00032812189937493397	-0.0007435102613495844	0.0001972222054753592	1.26223624	35.39807892	0.9987967	0.06268623279155294	0.108085	0.01535
-0.0264	0.0705	0.054	-0.0003193952531149623	-0.0004014257279586958	0.0001832595714594046	1.20327199	33.74448776	1.05727579	0.16597821599483695	0.10064	0.01146
-0.0213	0.0001	0.0125	0.00029321531433504735	-0.0004991641660703782	0.00020943951023931956	1.32629895	37.19464874	1.08073008	0.15382644721708033	0.111889	0.01737
-0.0297	-0.033	0.0086	0.0005532693728822024	-0.0007539822368615504	0.0002705260340591211	1.13018978	31.69497681	0.99991827	0.07419793265790643	0.113536	0.01886
-0.0289	0.0156	0.0335	0.000312413936106985	-0.0008063421144213803	0.00029321531433504735	1.21384871	34.04110336	1.03794306	0.09009522973054869	0.106014	0.01395
-0.023	0.047	0.0302	0.00026878070480712676	-0.0006928957130417488	0.0003630284844148205	1.345155	37.72344971	1.03378212	0.051944640137963134	0.105919	0.01356
-0.0271	-0.0455	-0.0064	0.0008482300164692441	-0.0008150687606813518	0.0003525565089028545	1.29298091	36.26028061	1.10485744	0.1688047167406843	0.11557	0.01982
-0.0243	-0.0177	0.0138	0.0007086036763096977	-0.0007976154681614085	0.00033684854563490564	1.3236897	37.12147522	1.01890688	0.059439379797371926	0.10924	0.01664
-0.0141	0.066	0.0454	0.0001239183768915974	-0.00047647488579445195	0.0003316125578789226	1.23137212	34.53252792	1.08214396	0.171053093477052	0.100507	0.01172
-0.0115	0.005	0.0239	0.0006265732014659643	-0.0004468042885105483	0.0003211405823669566	1.27134478	35.65351868	1.0491827	0.11223986986851182	0.108058	0.01583
-0.0169	-0.0177	0.0311	0.0007417649320975902	-0.0006562437987498679	0.0003351032163829112	1.1122092	31.19073105	0.98410587	0.05222969374434501	0.107487	0.01565
-0.02	0.0662	0.0666	0.0002513274122871834	-0.00062482787221397	0.0003577924966588376	1.20520961	33.79882812	1.04626175	0.1497271363311116	0.0971454	0.01018
-0.0197	0.0603	0.051	0.00048520153205442357	-0.0006213372137099814	0.0004014257279586958	1.27920043	35.87382126	1.01274515	0.03584990047855435	0.100582	0.01114
-0.0274	-0.0368	0.0365	0.0008482300164692441	-0.0009128071987930344	0.000439822971502571	1.28262269	35.96979523	1.08505218	0.15394478565208744	0.106251	0.01458
-0.0283	0.007	0.062	0.0005619960191421741	-0.0009930923443847736	0.0004049163864626844	1.17888129	33.06047821	0.98964131	0.09027128639793479	0.099776	0.01123
-0.0242	0.0886	0.0968	9.42477796076938e-05	-0.0008220500776893293	0.0004485496177625427	1.18779862	33.3105545	1.04756439	0.15462118687648913	0.0908576	0.00726
-0.0246	0.0434	0.0659	0.0004363323129985824	-0.0008848819307611251	0.00046425758103049166	1.2854383	36.04875565	1.0384955	0.0975312174865317	0.0988638	0.01031
-0.0308	0.0156	0.078	0.0007190756518216638	-0.0011938052083641214	0.0004014257279586958	1.24636245	34.95291519	1.0168245	0.07882492347489366	0.0974753	0.01041
-0.0363	0.0921	0.1116	0.0005515240436302081	-0.001356120828799594	0.0004049163864626844	1.14811993	32.19780731	1.04917366	0.13226789435654585	0.0886936	0.00718
-0.041	0.1337	0.1519	0.00011693705988362007	-0.0014782938764391971	0.00035430183815484887	1.20293057	33.73491287	1.04032893	0.11696872898470134	0.0803064	0.00439
-0.0349	0.0341	0.1004	0.00047123889803846896	-0.0011850785621041497	0.00023212879051524583	1.2941668	36.29353714	1.10670747	0.19568451000647497	0.0930239	0.00795
-0.044	0.0163	0.1	0.00041015237421866745	-0.0013578661580515882	0.00020943951023931956	1.22851551	34.45241547	1.01114222	0.04012817000215831	0.0943922	0.00896
-0.0492	0.0815	0.1354	7.330382858376184e-05	-0.0013107422682477415	0.0002478367537831948	1.24321294	34.86458969	1.06429069	0.12691848394913138	0.0832452	0.00474
-0.0478	0.1059	0.1345	1.3962634015954635e-05	-0.0012130038301360591	0.0002495820830351891	1.20035768	33.66276169	1.01066626	0.034641248096574165	0.0834355	0.00456
-0.0509	0.0103	0.1098	0.000450294947014537	-0.0014451326206513049	0.00021467549799530252	1.2335937	34.59482956	1.0757679	0.15856838442768573	0.0910279	0.0071
-0.0409	0.0224	0.1163	0.0002024581932313422	-0.0012042771838760874	0.0002548180707911721	1.31854284	36.97713852	1.07183871	0.0550417381677141	0.0923409	0.00819
-0.0265	0.0671	0.1524	-0.0012374384396639797	-0.00048345620280242926	0.00018151424220741024	1.74363208	48.89831543	1.28429659	0.20690107212763711	0.0887343	0.00698
-0.0325	0.1376	0.1211	8.203047484373349e-05	-0.0009616764178488756	0.00013439035240356338	1.71390188	48.06456375	1.16804819	0.20004065096790033	0.0860391	0.00547
-0.0376	0.1507	0.1592	-0.0002007128639793479	-0.0008918632477691023	0.00021642082724729686	1.29714203	36.37697601	1.05427052	0.07802934918732941	0.0774857	0.00385
-0.0313	0.1197	0.1434	-2.792526803190927e-05	-0.0007400196028455958	0.00016406094968746698	1.35042489	37.87123489	1.05489912	0.07194955592153877	0.0813546	0.00474
-0.0302	0.0614	0.1283	0.0003106686068549907	-0.000926769832808989	0.0001291543646475804	1.23105931	34.52375412	1.04705846	0.102512534494509	0.0868974	0.00679
-0.0362	0.0607	0.1374	0.0004014257279586958	-0.0011449359893082802	0.00019024088846738194	1.1595993	32.51973343	0.99069378	0.03430049007113989	0.0857667	0.0061
-0.0349	0.1034	0.1797	-8.552113334772214e-05	-0.001043706892692609	0.00016929693744344995	1.25830328	35.28778458	1.01450999	0.11675599544730109	0.0773479	0.00391
-0.0291	0.063	0.1462	0.0002513274122871834	-0.0009180431865490173	0.00017976891295541595	1.26876509	35.58117294	1.01984893	0.10334921136452316	0.0854329	0.00623
-0.033	0.004	0.1383	0.0006003932626860494	-0.0010576695267085637	0.00019547687622336493	1.23270524	34.56991196	1.03112801	0.09602000769131806	0.0895235	0.00836
-0.0368	0.0383	0.1484	0.000614355896702004	-0.0011606439525762293	0.00017278759594743863	1.12568414	31.56862068	0.95979628	0.055181317007977314	0.0860427	0.00737
-0.0383	0.1106	0.1922	0.00015184364492350666	-0.0010978120995044332	0.00020420352248333657	1.14731097	32.17512131	1.01689815	0.14543800156930958	0.0759542	0.00406
-0.0335	0.0954	0.1703	0.0004188790204786391	-0.0009948376736367678	0.0002129301687433082	1.19757104	33.5846138	0.98911426	0.06083682238413848	0.0805696	0.00547
-0.0306	0.0624	0.1622	0.0006510078109938849	-0.0011152653920243766	0.000158824961931484	1.22358668	34.31419373	0.9844834	0.06433308578573393	0.0830166	0.00609
-0.0324	0.1054	0.1814	0.0003438298626428829	-0.0009529497715889039	6.981317007977319e-05	1.14599562	32.13823318	0.99578779	0.09192526803190924	0.0774857	0.00477
-0.0304	0.1679	0.1972	-0.00010297442586766544	-0.0006649704450098395	1.0471975511965975e-05	1.14884055	32.21801758	1.05132521	0.12000624048287097	0.0718865	0.00354
-0.0275	0.0725	0.1692	0.00040840704496667313	-0.0007766715171374765	4.18879020478639e-05	1.18036687	33.10213852	1.06746859	0.15902492347489366	0.0794528	0.00552
-0.028	0.0745	0.1783	0.0005235987755982988	-0.0008709192967451704	1.7453292519943294e-06	1.13767254	31.9048214	0.97666668	0.02407910415175945	0.0772235	0.00496
-0.0268	0.1195	0.2061	0.00014486232791552936	-0.000710349005561692	1.0471975511965975e-05	1.09005082	30.56932068	0.99386154	0.10140166925631099	0.0696126	0.00266
-0.0276	0.1183	0.1988	0.00022165681500327985	-0.0007696902001294993	3.665191429188092e-05	1.07628441	30.18325806	0.94726513	0.017415781021773626	0.069877	0.00281
-0.0332	0.0549	0.1991	0.0006928957130417488	-0.000905825881785057	8.37758040957278e-05	1.09008348	30.57023811	0.98531176	0.10202492347489368	0.0727264	0.00349
-0.0373	0.0689	0.2057	0.0007853981633974483	-0.0010367255756846318	5.93411945678072e-05	0.97717428	27.40381813	0.91270335	0.03709183768915975	0.0711739	0.00337
-0.0398	0.1318	0.2347	0.00015009831567151235	-0.000804596785169386	1.5707963267948964e-05	1.0232693	28.69650459	0.96630975	0.139953093477052	0.0638496	0.00182
-0.0368	0.1095	0.2022	0.0002705260340591211	-0.0006684611035138282	2.792526803190927e-05	1.11565697	31.28741837	0.97589618	0.07123903524035635	0.0707664	0.00297
-0.0374	0.0603	0.1928	0.0007592182246175333	-0.0008447393579652555	1.7453292519943296e-05	1.16407478	32.6452446	1.00143363	0.09297212102609026	0.0751757	0.00422
-0.0542	0.0864	0.2199	0.0009634217471008699	-0.001424188669627373	-0.0002129301687433082	1.10435414	30.97044373	1.00447486	0.12070181477043528	0.0673991	0.00325
-0.0523	0.1386	0.2069	5.759586531581287e-05	-0.0012112585008840647	-0.00011344640137963142	1.16095674	32.55780411	1.05988971	0.1280119908946021	0.0685885	0.00241
-0.0502	0.0988	0.1512	0.0003682644721708035	-0.0012007865253720988	-7.67944870877505e-05	1.2356776	34.65327072	1.07882195	0.11548962483294185	0.0810478	0.00521
-0.0662	0.018	0.0804	0.0007435102613495844	-0.001504473815219112	0.00021467549799530252	1.28988266	36.17339325	1.13168698	0.2161201532054424	0.0948657	0.00993
-0.0487	0.0334	0.0977	0.0004188790204786391	-0.0008307767239493009	0.00011170107212763708	1.22591567	34.37950897	1.08627448	0.10526513790042108	0.0918472	0.00866
-0.0281	0.1091	0.149	-0.00018500490071139895	-0.0002844886680750757	-0.00013264502315156904	1.33132243	37.33552933	1.15669202	0.21732590361717344	0.0797332	0.00446
-0.0283	0.0239	0.1115	0.00023561944901923448	-0.00032463124087094524	-0.00014660765716752367	1.2723223	35.68093109	1.08472569	0.14663647782712289	0.0885807	0.00709
-0.0348	0.0355	0.1283	0.00017976891295541595	-0.0005375614096142535	-0.00012042771838760874	1.14650178	32.15242767	0.98299083	0.04964803217935208	0.0846817	0.00554
-0.0324	0.1091	0.1865	-0.0004904375198104066	-0.00029321531433504735	-0.0001937315469713706	1.24225056	34.83760071	1.04970338	0.1835928178314395	0.0735702	0.00287
-0.0278	0.1183	0.1668	-0.00031415926535897925	-0.00022340214425527416	-0.00015009831567151235	1.29422128	36.29506683	1.04185634	0.04798623279155293	0.0772803	0.00389
-0.0297	0.0348	0.15	6.108652381980153e-05	-0.0004537856055185257	-8.203047484373349e-05	1.25291336	35.1366272	1.06916822	0.1358848545634906	0.0830147	0.00516
-0.0368	0.0704	0.1684	-1.3962634015954635e-05	-0.000582939970166106	-4.537856055185256e-05	1.09025753	30.57511902	0.96632441	0.07314277183876086	0.078725	0.00417
-0.0369	0.1309	0.2174	-0.0005201081170943102	-0.00042760566673861073	-1.3962634015954635e-05	1.16989994	32.80860519	1.01265019	0.14424478565208745	0.0705419	0.00244
-0.033	0.085	0.1894	-0.00017278759594743863	-0.0003385938748868999	1.9198621771937625e-05	1.21382654	34.04048157	1.02528277	0.1012746784393237	0.0781821	0.00428
-0.0317	0.0604	0.1938	5.061454830783555e-05	-0.0005462880558742252	0.0	1.14782965	32.18966675	0.98296423	0.052814747350726846	0.0777454	0.00426
-0.0269	0.0891	0.2033	-1.7453292519943294e-06	-0.0005532693728822024	6.9813170079773176e-06	1.06395161	29.83739662	0.94879843	0.04631612557878922	0.0747834	0.00382
-0.0259	0.1584	0.2335	-0.000598647933434055	-0.00038571776469074686	-3.316125578789226e-05	1.12455833	31.53704834	0.99872939	0.14072983925846932	0.0672739	0.0024
-0.0216	0.0867	0.1929	-0.0001361356816555577	-0.0002670353755551324	-4.886921905584123e-05	1.17119622	32.84495926	1.01899825	0.14644513020910307	0.0763271	0.00423
-0.0201	0.0755	0.1979	0.00011519173063162575	-0.0004468042885105483	-5.235987755982988e-06	1.1589576	32.5017395	0.96709966	0.04143647782712289	0.0760574	0.00443
-0.0243	0.0977	0.2017	0.00023212879051524583	-0.0005358160803622592	1.2217304763960308e-05	1.06053293	29.74152184	0.9527567	0.04137010721276371	0.0742083	0.00406
-0.0334	0.1686	0.2364	-0.0002478367537831948	-0.0006841690667817771	0.0001012290966156711	1.08945096	30.55249977	0.99985967	0.15056651612848349	0.0657346	0.00215
-0.0332	0.1152	0.2041	0.00020943951023931956	-0.000736528944341607	8.726646259971648e-05	1.16269386	32.60651779	1.01680171	0.11207993877991494	0.0718501	0.00322
-0.0317	0.1051	0.2183	0.0003473205211468716	-0.0008848819307611251	4.18879020478639e-05	1.21034944	33.94297028	0.97728992	0.04238062789394612	0.0692583	0.0027
-0.0368	0.1747	0.2695	1.7453292519943294e-06	-0.0009285151620609833	4.886921905584123e-05	1.19585657	33.53653336	1.04076954	0.14570948701013567	0.0593099	0.00139
-0.0348	0.1968	0.2775	-6.108652381980153e-05	-0.0009232791743050004	4.363323129985824e-05	1.17483151	32.94690704	1.02249542	0.0357651914291881	0.0582041	0.00127
-0.0294	0.1221	0.2523	0.0005061454830783556	-0.0008813912722571365	1.0471975511965975e-05	1.17886209	33.05994034	1.04198953	0.13741405823669567	0.0619287	0.00188
-0.028	0.1567	0.2692	0.00035430183815484887	-0.0006998770300497262	-5.061454830783555e-05	1.17271793	32.88763428	1.00176897	0.0726222205475359	0.0580057	0.00134
-0.0304	0.2191	0.2817	-0.00010995574287564276	-0.0007120943348136865	-1.5707963267948964e-05	1.1555016	32.40481949	1.01887997	0.10286907354171693	0.0542814	0.00078
-0.0342	0.1119	0.2258	0.0003054326190990077	-0.0007330382858376184	-2.4434609527920616e-05	1.25569785	35.21471786	1.11309894	0.18915294796292767	0.0653953	0.00194
-0.0406	0.1215	0.2368	0.00033335788713091696	-0.0010332349171806431	-5.235987755982988e-06	1.15001285	32.25089264	0.98038774	0.044366026057343584	0.0627235	0.00161
-0.0386	0.1898	0.2816	-0.0001832595714594046	-0.0008063421144213803	0.00011344640137963142	1.20737588	33.85957718	1.02377812	0.15820963252425993	0.0558842	0.00091
-0.0352	0.1977	0.2719	-0.00015707963267948963	-0.0006998770300497262	0.000148352986419518	1.24739718	34.98193359	0.99697665	0.029377580409572817	0.0580737	0.00109
-0.0374	0.1128	0.2681	0.000312413936106985	-0.0009512044423369096	0.00014486232791552936	1.20796192	33.87601471	1.04675543	0.12711558197888229	0.06009	0.00108
-0.0461	0.1735	0.317	9.250245035569947e-05	-0.0013159782560037243	8.37758040957278e-05	1.14008904	31.9725914	1.0289229	0.15058859116189507	0.0529881	0.00073
-0.0615	0.2421	0.344	-0.0006841690667817771	-0.0015446163880149814	0.0002652900463031381	1.14227915	32.03400803	1.04342702	0.1703411945678072	0.049357	0.00039
-0.0521	0.1964	0.281	-0.00034906585039886593	-0.0012007865253720988	0.0002740166925631097	1.28792667	36.11854172	1.07684526	0.1524829862642882	0.058844	0.00109
-0.0378	0.1403	0.2134	0.0003769911184307752	-0.0010454522219446034	0.00015184364492350666	1.42175531	39.87162399	1.22322139	0.18817821599483703	0.0733758	0.00375
-0.0069	0.0239	0.271	-0.0016231562043547262	-5.93411945678072e-05	0.0001972222054753592	2.17190003	60.908638	1.49470705	0.35648184553570755	0.0729752	0.00566
0.001	0.211	0.2286	-0.001001818990644745	0.00023212879051524583	6.806784082777885e-05	1.83247268	51.38975525	1.37805454	0.2894980781720307	0.0676289	0.00241
-0.022	0.1909	0.2334	-0.00039793506945470715	-0.0002722713633111154	0.0	1.28148639	35.93793106	1.08940732	0.1067175957922089	0.0632554	0.00161
-0.0261	0.2154	0.2825	-0.0007539822368615504	-0.0002530727415391778	-2.6179938779914945e-05	1.24503732	34.91575241	1.03778934	0.0977712863979348	0.0551594	0.00086
-0.023	0.1287	0.2447	-0.0003822271061867582	-6.108652381980153e-05	-0.00018151424220741024	1.34918618	37.83649826	1.08016508	0.1635537825910832	0.0622436	0.00158
-0.0273	0.1149	0.2569	-0.00022340214425527416	-0.00029845130209103034	-0.00022340214425527416	1.37908912	38.6750946	0.99801896	0.05220388211252886	0.0604742	0.00145
-0.0335	0.1305	0.2682	-0.0004729842272904633	-0.00041189770347066176	-0.00017627825445142725	1.1294136	31.67321014	0.97625393	0.05360761871093335	0.0600029	0.00116
-0.0371	0.1662	0.2737	-0.0006597344572538566	-0.0003298672286269283	-0.00012042771838760874	1.25474989	35.18813324	1.01006728	0.06103156204354725	0.0589867	0.00114
-0.0329	0.0922	0.2462	-0.00017278759594743863	-0.00038048177693476387	-0.00014311699866353502	1.27355421	35.7154808	1.05586642	0.133712534494509	0.0668291	0.00213
-0.0396	0.099	0.2506	-6.45771823237902e-05	-0.0006510078109938849	-0.00018151424220741024	1.12286127	31.48945427	0.98211626	0.03875668456133222	0.0657599	0.00202
-0.0354	0.1634	0.2892	-0.0005794493116621174	-0.0003351032163829112	-0.00022165681500327985	1.08596528	30.45474625	0.99371482	0.15074596483725855	0.0587609	0.00132
-0.0216	0.1882	0.2926	-0.000731292956585624	3.316125578789226e-05	-0.00024609142453120044	1.18326676	33.18346405	0.99749008	0.06922713633111155	0.0584435	0.0013
-0.014	0.1147	0.2608	-0.00034906585039886593	0.000153588974175501	-0.00030368728984701333	1.20725477	33.8561821	1.03006855	0.14091253449450905	0.0651879	0.00239
-0.0161	0.1214	0.2616	-0.00018500490071139895	-3.4906585039886588e-06	-0.0003211405823669566	1.18263006	33.16560745	0.96422568	0.026529693744345016	0.0652997	0.00262
-0.0271	0.1697	0.2901	-0.000486946861306418	-0.00018500490071139895	-0.00021467549799530252	1.12141013	31.44875908	0.98282958	0.1172960643587042	0.0587008	0.00151
-0.0256	0.2081	0.295	-0.0005323254218582705	-0.0002513274122871834	-0.000148352986419518	1.17011058	32.81451416	1.01722775	0.05370117918517105	0.0565115	0.00108
-0.0282	0.1254	0.2692	0.00011170107212763708	-0.00046425758103049166	-0.00018675022996339323	1.22580516	34.37640762	1.04801095	0.15586769531365452	0.0630234	0.00191
-0.0356	0.1525	0.2931	7.853981633974481e-05	-0.0006771877497737998	-0.00021467549799530252	1.18658769	33.27659607	0.99556246	0.0721008346281555	0.0579159	0.00134
-0.0356	0.2421	0.3548	-0.0006894050545377602	-0.0006178465552059926	-0.00023387411976724014	1.20421791	33.77101517	1.07780479	0.19362423436086248	0.0468199	0.00042
-0.0325	0.1901	0.3209	-0.0002565634000431664	-0.0005235987755982988	-0.00022863813201125715	1.17339349	32.90657806	1.04010301	0.11561627109291352	0.051406	0.00068
-0.0389	0.1446	0.3272	6.981317007977319e-05	-0.0007679448708775049	-0.00026354471705114377	1.19200683	33.42856979	1.02242921	0.08848146252210157	0.0506558	0.00066
-0.0443	0.2033	0.3514	-0.00032637657012293966	-0.0008377580409572782	-0.00024260076602721178	1.15771711	32.46694946	1.02489577	0.11264734306532093	0.0454494	0.00038
-0.0438	0.2566	0.3598	-0.0006632251157578452	-0.000635299847725936	-0.00021118483949131387	1.24976408	35.04830933	1.06387942	0.09073613327010728	0.0427324	0.00032
-0.0396	0.1568	0.3357	-0.00019024088846738194	-0.0005742133239061344	-0.0002303834612632515	1.24725938	34.97806931	1.0786627	0.15576346864411011	0.0473114	0.00041
-0.0423	0.1682	0.3417	7.330382858376184e-05	-0.0007888888219014368	-0.00022165681500327985	1.13557041	31.84587097	0.98299874	0.04444734306532089	0.046422	0.0005
-0.0429	0.2163	0.3827	-0.0003054326190990077	-0.0006998770300497262	-0.0001884955592153876	1.11975765	31.40241814	0.99187769	0.1147454747661186	0.0411049	0.00028
-0.0371	0.229	0.3868	-0.0001064650843716541	-0.000582939970166106	-0.0001658062789394613	1.1759845	32.97924042	0.96556483	0.03952969374434501	0.0416032	0.00029
-0.0427	0.1639	0.3904	0.000317649923862968	-0.0006632251157578452	-0.00023561944901923448	1.10583615	31.01200294	0.98871656	0.10301066619530679	0.0431916	0.00027
-0.0469	0.2016	0.425	0.00022340214425527416	-0.0007819075048934597	-0.0002443460952792061	1.04700279	29.36208344	0.94403164	0.08758284075016397	0.0386619	0.00018
-0.0434	0.2744	0.479	-8.901179185171081e-05	-0.0005759586531581287	-0.0002530727415391778	1.07605612	30.17685509	0.99624977	0.15665447170511435	0.032268	0.0001
-0.0487	0.2145	0.4822	0.00014486232791552936	-0.0009494591130849152	-0.0004433136300065597	1.20211804	33.71212769	1.0125	0.10828077340807044	0.033586	0.00018
-0.0497	0.1975	0.4526	-1.2217304763960308e-05	-0.000874409955249159	-0.0003438298626428829	1.20530748	33.80157089	1.03573636	0.06418062789394613	0.0368449	0.00018
-0.0457	0.2846	0.5187	-0.0005759586531581287	-0.000726056968829641	-0.0003525565089028545	1.22090518	34.2389946	1.07669668	0.19324104905368297	0.0283252	3e-05
-0.0457	0.2436	0.4885	-0.00035081117965086024	-0.0006230825429619757	-0.0003682644721708035	1.18774056	33.30892563	1.00694154	0.08839149313214421	0.0308235	4e-05
-0.0483	0.1954	0.4742	1.9198621771937625e-05	-0.0007766715171374765	-0.00047123889803846896	1.15129137	32.28674698	0.97535253	0.09642866007329821	0.0324529	0.00013
-0.0537	0.2312	0.4859	-0.0002024581932313422	-0.0008360127117052838	-0.0004939281783143952	1.15133691	32.2880249	0.9670705	0.06808436449235065	0.0317295	6e-05
-0.0514	0.3041	0.5088	-0.0008813912722571365	-0.0006806784082777885	-0.0004433136300065597	1.18081963	33.11483765	1.01719041	0.14234409653805627	0.030045	9e-05
-0.045	0.2061	0.4693	-0.00030194196059501896	-0.0007155849933176752	-0.0004310963252425994	1.33699787	37.49468994	1.07267106	0.17522866007329824	0.0348616	0.00011
-0.0428	0.2183	0.481	-0.00017278759594743863	-0.0007976154681614085	-0.0005148721293383271	1.12958753	31.67808723	0.95691108	0.040848032179352047	0.0329998	0.00012
-0.0412	0.247	0.4953	-0.00048345620280242926	-0.0006806784082777885	-0.0005340707511102648	1.03237617	28.95189667	0.93791347	0.06694021442552744	0.0329527	9e-05
-0.0359	0.2983	0.5115	-0.000921533845053006	-0.00045553093477052	-0.00048520153205442357	1.12720084	31.61115456	0.97975172	0.10840471674068426	0.0303652	0.00011
-0.0182	0.1981	0.4228	-7.155849933176751e-05	-0.00034033920413889426	-0.00041713369122664475	1.29837096	36.41143799	1.11612682	0.25826174585903205	0.0406634	0.0004
-0.02	0.176	0.4308	0.0002024581932313422	-0.0005672320068981572	-0.0003944444109507184	1.20204294	33.71002197	0.99607907	0.05807993877991495	0.039009	0.00024
-0.0298	0.2162	0.4628	5.759586531581287e-05	-0.0006265732014659643	-0.00038397243543875244	1.14367139	32.07305527	0.99395697	0.0927337748997651	0.0346714	0.00018
-0.0284	0.2775	0.4831	-0.00043458698374658803	-0.00041713369122664475	-0.0003351032163829112	1.25659835	35.23997116	1.05186845	0.12052457891787809	0.031547	0.00012
-0.0176	0.1846	0.42	0.00029496064358704166	-0.0003787364476827695	-0.0003944444109507184	1.28307211	35.98239899	1.09883199	0.20816430327226565	0.0385305	0.00032
0.0493	0.2236	0.4501	-0.00042760566673861073	0.0005253441048502931	-7.67944870877505e-05	1.6247406	45.56412888	1.30378625	0.23321483933608417	0.0443902	0.00297
0.0892	0.2061	0.4574	-0.0006597344572538566	0.0015481070465189703	7.155849933176751e-05	1.84630919	51.77778625	1.42088428	0.134862235930172	0.0439659	0.0025
0.0264	0.3339	0.4752	-9.773843811168246e-05	0.0004310963252425994	-0.00027576202181510406	1.61808312	45.37742996	1.25085906	0.3097163630782708	0.033911	0.00037
0.0025	0.3182	0.5202	-0.0004310963252425994	0.00021642082724729686	-0.00019547687622336493	1.25280595	35.1336174	1.05610853	0.11601592653589791	0.0289693	0.00017
0.0019	0.3005	0.5136	-0.00015009831567151235	0.00020594885173533088	-0.00012740903539558605	1.30181062	36.50790024	1.06499876	0.04287689129554165	0.02886	8e-05
0.0046	0.2019	0.4748	0.000153588974175501	8.726646259971648e-05	-0.00017627825445142725	1.24316514	34.86325073	1.10392351	0.16366194490192337	0.035113	0.00027
0.0028	0.209	0.4733	0.0002478367537831948	-0.0001186823891356144	3.4906585039886588e-06	1.12712955	31.60915375	0.99947057	0.03439827721492202	0.0336803	0.00021
-0.0064	0.2608	0.4919	-0.0002740166925631097	-0.00014311699866353502	8.726646259971648e-06	1.22850168	34.45203018	1.01708597	0.1071762021815104	0.0321437	0.00016
0.0049	0.1699	0.4354	0.00029321531433504735	-1.0471975511965975e-05	-0.00012042771838760874	1.3383311	37.53207779	1.08735601	0.20015156973486528	0.0378723	0.00033
-0.0045	0.1865	0.4628	0.00048345620280242926	-0.00032812189937493397	-0.00015009831567151235	1.24826705	35.00632858	1.00414937	0.08027807048071266	0.0342454	0.00025
-0.008	0.2514	0.5166	-1.0471975511965975e-05	-0.000307177948351002	-0.00013439035240356338	1.20703363	33.8499794	1.01507061	0.14872900463031377	0.0286095	0.00011
-0.0062	0.2837	0.5051	-6.45771823237902e-05	-6.108652381980153e-05	-0.00014137166941154068	1.20553851	33.80805206	1.02702469	0.060958897417550055	0.0302092	0.00019
-0.0046	0.2048	0.5227	0.00011170107212763708	-0.00024260076602721178	-0.00024609142453120044	1.27037954	35.62644958	1.14817271	0.12122561258892492	0.0312212	0.00014
-0.0308	0.4794	1.1134	-0.003876376268679406	-0.0012147491593880533	-0.0004747295565424576	2.52843356	70.90724182	2.43961235	1.150943193308957	0.025979	0.0005
-0.0578	0.5283	1.2541	-0.004883431247080134	-0.0019355701404617114	-0.0002530727415391778	1.6139859	45.26252747	1.49872561	0.3140766387238833	0.0280914	0.00022
-0.07	0.3838	1.1552	-0.0050073496239717305	-0.002176425577236929	-0.0004974188368183839	1.33243847	37.3668251	1.20768605	0.28605599544730104	0.0218443	0.00018
-0.1172	0.2138	0.7314	-0.0029775317039023265	-0.0028693212902786776	-0.0002600540585471551	1.97157156	55.29063797	1.88908501	0.7890039205691188	0.0247204	0.0001
-0.1339	0.2835	0.6623	-0.003467969223712733	-0.0025464353786597265	-0.0003211405823669566	1.62922633	45.68992615	1.49741787	0.19922049776245795	0.0242746	0.00013
-0.1295	0.3161	0.6213	-0.0033143802495372316	-0.0025551620249196984	-0.0005619960191421741	1.66035616	46.56293106	1.57159046	0.09815855286053456	0.0317011	0.00046
-0.1113	0.4035	0.8208	-0.003981096023799066	-0.0021258110289290935	-0.0007470009198535729	1.68911171	47.36935043	1.60169643	0.369153583548192	0.0188818	0.00018
-0.1272	0.4053	0.8485	-0.003862413634663451	-0.002663372438543347	-0.0004625122517784973	1.19353616	33.47145844	1.09380366	0.09243662334124722	0.0164897	9e-05
-0.1346	0.4358	0.8235	-0.003703588672731967	-0.0027192229746071652	-0.00034033920413889426	1.27845585	35.85293961	1.08030312	0.07974242728174531	0.0156369	5e-05
-0.1863	0.2374	0.5065	-0.002239257430308725	-0.0032306044454415038	0.00013788101090755203	1.84670472	51.78887939	1.67701118	0.6897966464152013	0.0335855	0.00016
-0.2062	0.187	0.444	-0.0023003439541285265	-0.003602359576116296	0.00022689280275926284	1.32358396	37.1185112	1.13292292	0.1588926723173152	0.0409451	0.00029
-0.1894	0.2313	0.4781	-0.0026197392072434887	-0.0033667401270970616	0.00023561944901923448	1.30495107	36.59597015	1.06353619	0.12338706741970842	0.0370055	0.00014
-0.172	0.2278	0.4496	-0.002239257430308725	-0.002621484536495483	0.00015009831567151235	1.25871217	35.29925156	1.05079046	0.10996292504420328	0.0377221	0.00018
-0.1736	0.1935	0.472	-0.0024766222085799536	-0.002998475654926258	0.0002303834612632515	1.18367553	33.19492722	1.02353303	0.09303205211468714	0.0372311	0.00013
-0.1747	0.2287	0.482	-0.0029792770331543207	-0.0028623399732707008	0.00022689280275926284	1.22047985	34.22706604	1.0177968	0.07841405823669563	0.0359546	0.00018
-0.1641	0.2644	0.4864	-0.003153809958353753	-0.002331759880664424	0.00012042771838760874	1.33627295	37.47436142	1.07096305	0.09127890510886823	0.03449	0.00015
-0.1572	0.1897	0.4608	-0.002665117767795341	-0.0023439771854283846	8.901179185171081e-05	1.31626296	36.91320038	1.06905137	0.13381627109291355	0.0376935	0.00024
-0.1614	0.2054	0.4667	-0.0024556782575560214	-0.0026755897433073067	0.0002007128639793479	1.22315061	34.30196381	1.00448987	0.05843765701229393	0.0373333	0.00024
-0.1601	0.2613	0.5175	-0.0029548424236264	-0.0025551620249196984	0.00022689280275926284	1.19338846	33.46731567	1.02404535	0.14028859116189504	0.0328396	0.0003
-0.1524	0.2788	0.5156	-0.0027192229746071652	-0.0022427480888127134	0.00019896753472735358	1.26606226	35.50537491	1.00842535	0.05589793265790646	0.0318926	0.0002
-0.1504	0.2076	0.4949	-0.002165953601724963	-0.0021991148575128553	4.886921905584123e-05	1.25393522	35.16528702	1.03072344	0.13125004599267856	0.0340827	0.00018
-0.1578	0.2394	0.523	-0.0020420352248333657	-0.0024836035255879313	2.792526803190927e-05	1.11715138	31.32932663	0.98491585	0.08876754979953026	0.0304706	0.00016
-0.1582	0.3181	0.612	-0.003120648702565861	-0.002331759880664424	-2.792526803190927e-05	1.20404088	33.76605225	1.05192863	0.232415382935991	0.0247312	0.00013
-0.1519	0.3145	0.5964	-0.0028518679977587343	-0.0021799162357409173	-7.853981633974481e-05	1.23538983	34.64519882	1.03091126	0.04906194490192339	0.0246256	5e-05
-0.1588	0.2735	0.6246	-0.002398082392240209	-0.0027314402793711255	-5.061454830783555e-05	1.28951347	36.16304016	1.0246031	0.12776174585903213	0.0228969	5e-05
-0.1545	0.317	0.6585	-0.002562143341927676	-0.0027052603405912107	-0.00012042771838760874	1.14720142	32.17205048	0.99076984	0.09470270292735768	0.020722	1e-05
-0.1455	0.3805	0.714	-0.0036721727461960694	-0.0024801128670839424	-0.00010995574287564276	1.14642119	32.15016937	1.01878146	0.19528244266438136	0.0186356	1e-05
-0.1298	0.3306	0.6644	-0.002939134460358451	-0.002141518992197042	-0.0001605702911834783	1.28429615	36.01672745	1.03531285	0.17131233545161767	0.0201484	2e-05
-0.1358	0.2884	0.6881	-0.002574360646691636	-0.0025202554398798117	-0.00018500490071139895	1.1470958	32.16908646	1.00119427	0.11029724354387532	0.019289	1e-05
-0.1358	0.3402	0.7204	-0.0029530970943744054	-0.002541199390903744	-0.00018500490071139895	1.12106168	31.43898964	0.98425046	0.10408401993533507	0.0171552	1e-05
-0.1238	0.3905	0.7236	-0.003569198320328404	-0.001965240737745615	-0.0002548180707911721	1.1835891	33.19250488	1.00464937	0.12859365245959503	0.0167534	2e-05
-0.117	0.2856	0.664	-0.0028012534494508993	-0.0016615534478986017	-0.0003769911184307752	1.24600589	34.94291687	1.0632395	0.230990260418206	0.0185731	2e-05
-0.122	0.29	0.6766	-0.002452187599052033	-0.0020001473227855013	-0.0004049163864626844	1.17181814	32.86240005	0.97422394	0.057779249665883645	0.0181549	3e-05
-0.1305	0.3609	0.7292	-0.003003711642682241	-0.0023003439541285265	-0.00028274333882308137	1.17611933	32.98302078	1.0070693	0.18069468613064185	0.0161516	1e-05
-0.1274	0.3907	0.7443	-0.0031328660073298214	-0.002281145332356589	-0.00021642082724729686	1.18802524	33.31690979	0.99001591	0.058733774899765126	0.0164428	1e-05
-0.1332	0.315	0.7421	-0.0023352505391684127	-0.0025569073541716926	-0.00020943951023931956	1.1786623	33.05433655	1.01014534	0.13771794034922447	0.0171324	1e-05
-0.1358	0.3393	0.756	-0.002103121748653167	-0.002967059728390361	-0.0002740166925631097	1.14505601	32.11188507	0.98958421	0.07614291735288518	0.0170775	3e-05
-0.1342	0.4197	0.793	-0.003262020371977402	-0.0028885199120506156	-0.00022689280275926284	1.17056346	32.82721329	1.04983487	0.1832281164733914	0.016435	3e-05
-0.1119	0.3116	0.6663	-0.002516764781375823	-0.002209586833024821	-0.00030368728984701333	1.31847703	36.97529221	1.173693	0.33214915783575627	0.0195771	2e-05
-0.1155	0.2572	0.6545	-0.002061233846605303	-0.002371902453460294	-0.00029496064358704166	1.1844151	33.21566772	1.02508606	0.10112866007329827	0.021151	3e-05
-0.1164	0.3453	0.6503	-0.002659881780039358	-0.0022026055160168437	-0.0003089232776029963	1.27200508	35.67203522	1.0885662	0.132295375244673	0.0206914	6e-05
-0.0817	0.4128	0.7667	-0.0023387411976724015	-0.001614429558094755	-0.000312413936106985	1.64121187	46.02605057	1.44287283	0.2642403599396518	0.0220379	0.00043
-0.0706	0.3886	1.0223	-0.0037245326237558994	-0.0012130038301360591	-0.0003787364476827695	2.12595868	59.62025833	1.86270105	0.3835769832808989	0.0294657	0.00149
-0.1101	0.3844	0.7005	-0.0009616764178488756	-0.002436479635784084	-0.0001937315469713706	2.19202828	61.47311401	1.84591503	0.5740668456133223	0.0219601	0.00023
-0.134	0.3022	0.71	-0.0010576695267085637	-0.0035412730522964946	-0.00010995574287564276	1.4453361	40.53292084	1.24013512	0.17982811647339128	0.0229158	0.00011
-0.1217	0.4282	0.7682	-0.0027192229746071652	-0.0033702307856010505	-0.0003769911184307752	1.56595886	43.91565704	1.43192675	0.3014815545074589	0.0180966	4e-05
-0.1187	0.1994	0.5577	-0.0010245082709206715	-0.0027366762671271086	0.00010471975511965978	1.59092438	44.61579132	1.48147866	0.5827990047855436	0.0262278	3e-05
-0.1253	0.1507	0.5612	-0.0010140362954087054	-0.002665117767795341	3.665191429188092e-05	1.23613334	34.66604996	1.04236207	0.06630491578357567	0.0273645	5e-05
-0.1162	0.2155	0.5869	-0.0017540558982543013	-0.0019722220547535923	-0.0001658062789394613	1.23779225	34.71257401	1.05682545	0.18136867545593427	0.0227329	6e-05
-0.1276	0.2648	0.6032	-0.002036799237077382	-0.002253220064324679	-5.4105206811824215e-05	1.26132727	35.37258911	1.05569605	0.1107721210260902	0.0220938	6e-05
-0.1272	0.1988	0.549	-0.0016859880574265225	-0.002230530784048753	-0.0001239183768915974	1.34377515	37.68475342	1.06140959	0.1427656815003278	0.0268663	8e-05
-0.1412	0.2254	0.5714	-0.0019442967867216831	-0.0024207716725161347	-0.00010471975511965978	1.15561426	32.40797806	0.98022294	0.08638741197672394	0.025645	1e-05
-0.146	0.2881	0.6122	-0.002366666465704311	-0.002457423586808016	-9.948376736367679e-05	1.16256392	32.60287476	1.02243434	0.1315128790515246	0.0233607	3e-05
-0.1297	0.3278	0.6302	-0.002356194490192345	-0.0019076448724298022	-0.00016231562043547262	1.2853142	36.04527664	1.03245764	0.10515412714809874	0.0219159	3e-05
-0.1317	0.2545	0.6074	-0.0016667894356545846	-0.002106612407157156	-0.00020420352248333657	1.20359349	33.75350571	1.04955983	0.14461302456564884	0.0234396	9e-05
-0.1464	0.285	0.6405	-0.0015917402778188286	-0.0026197392072434887	-7.853981633974481e-05	1.19141686	33.41202545	0.99596327	0.11399198320328388	0.0224251	7e-05
-0.1488	0.3609	0.7199	-0.002530727415391778	-0.0026267205242514655	-6.108652381980153e-05	1.21071815	33.95330811	1.02359562	0.20587108735504353	0.019039	3e-05
-0.1348	0.3388	0.6977	-0.002190388211252884	-0.0022724186860966175	-0.00012740903539558605	1.18901765	33.34474182	1.00532241	0.09634817769347633	0.0199195	3e-05
-0.1341	0.2746	0.6775	-0.0016807520696705393	-0.0027384215963791032	-2.792526803190927e-05	1.18048418	33.1054306	1.00922807	0.13885614096142532	0.0216537	8e-05
-0.1339	0.3121	0.7053	-0.0021170843826691216	-0.0027349309378751144	-2.792526803190927e-05	1.11422837	31.24735451	0.97300302	0.08749114857512857	0.0197116	2e-05
-0.1254	0.3731	0.7272	-0.002593559268463574	-0.002537708732399755	2.96705972839036e-05	1.13309288	31.77639198	1.01773687	0.1279646478292811	0.0179151	0.0
-0.1119	0.3086	0.6996	-0.0019460421159736775	-0.0022322761133007477	-0.00011170107212763708	1.14917243	32.22732544	1.01134047	0.1603160720500222	0.0187203	3e-05
-0.124	0.3317	0.7109	-0.002089159114637212	-0.0026197392072434887	-0.00013264502315156904	1.11088693	31.15364838	0.97147841	0.07407620218151038	0.0182601	2e-05
-0.1247	0.3934	0.7579	-0.0026110125609835172	-0.0025254914276357948	-2.6179938779914945e-05	1.14364719	32.07237625	1.01533794	0.14552831551628273	0.0154704	1e-05
-0.1204	0.3911	0.7219	-0.002305579941884509	-0.0023160519173964756	-7.155849933176751e-05	1.15966237	32.52150345	0.99887592	0.07061253449450905	0.0163731	1e-05
-0.1195	0.3143	0.693	-0.0019303341527057286	-0.002366666465704311	-0.00013962634015954637	1.21277225	34.01091385	1.03541949	0.13129640891571975	0.0169466	7e-05
-0.1279	0.3463	0.704	-0.001912880860185785	-0.002515019452123829	-0.00014486232791552936	1.16406727	32.64503479	0.98540278	0.05995211333477224	0.0163561	1e-05
-0.1332	0.4146	0.7712	-0.0027576202181510408	-0.0026075219024795284	-8.726646259971648e-06	1.1596123	32.52009964	1.00800629	0.1944688744988257	0.0161784	3e-05
-0.1397	0.3271	0.7063	-0.0013945180723434693	-0.00301941960595019	-2.4434609527920616e-05	1.19966388	33.64330292	1.0489979	0.24843539062730907	0.0184423	3e-05
-0.1453	0.3311	0.7245	-0.002282890661608583	-0.003258529713473413	2.96705972839036e-05	1.11485362	31.26489067	0.98403603	0.08687939518000809	0.0174452	2e-05
-0.1475	0.3749	0.7583	-0.0029897490086662863	-0.0032777283352453507	0.0001256637061435917	1.09329414	30.66027641	0.97379488	0.12090250388446636	0.0179665	3e-05
-0.1289	0.379	0.7256	-0.002883283924294633	-0.002780309498426967	0.0001256637061435917	1.12607062	31.57945824	0.98327205	0.08559419605950179	0.0174475	1e-05
-0.1172	0.2864	0.6771	-0.0023282692221604354	-0.002371902453460294	-5.235987755982989e-05	1.22962952	34.48365784	1.04849579	0.20987226654021465	0.0186533	2e-05
-0.1172	0.314	0.6938	-0.002462659574563999	-0.0022724186860966175	-0.00014660765716752367	1.11676371	31.31845474	0.95368574	0.06070609496874665	0.0167705	3e-05
-0.113	0.3785	0.716	-0.0028274333882308137	-0.002118829711921116	-9.075712110370512e-05	1.15301013	32.33494949	0.99054298	0.11961066619530673	0.0162777	3e-05
-0.099	0.29	0.6391	-0.0020682151636132805	-0.0017313666179783749	-0.0001832595714594046	1.29013407	36.18044281	1.0660226	0.24135918844579868	0.0191346	3e-05
-0.1048	0.2906	0.6496	-0.0019408061282176943	-0.0019792033717615696	-0.00015707963267948963	1.19367981	33.47548676	0.97806443	0.036971286397934795	0.0180947	2e-05
-0.1139	0.3495	0.7037	-0.0024975661596038853	-0.00222529479629277	-7.67944870877505e-05	1.16524959	32.67819214	0.98979764	0.16625683007545652	0.0158527	3e-05
-0.1089	0.3924	0.7163	-0.002778564169174973	-0.0021048670779051613	-1.2217304763960308e-05	1.21833169	34.16682434	0.99302618	0.08380014551412443	0.0167089	7e-05
-0.1055	0.3016	0.6854	-0.0020315632493213996	-0.002050761871093337	-9.250245035569947e-05	1.18008542	33.09424591	1.0224193	0.16916956361285693	0.017678	3e-05
-0.1171	0.3078	0.6874	-0.0019826940302655584	-0.002495820830351891	-8.37758040957278e-05	1.09447193	30.69330788	0.95997384	0.04493274122871838	0.0179344	4e-05
-0.1142	0.3709	0.7337	-0.0027680921936630064	-0.002373647782712288	-1.7453292519943294e-06	1.12075329	31.43033981	0.99015393	0.1617800842940392	0.0161076	2e-05
-0.1003	0.3311	0.6897	-0.002186897552748895	-0.001973967384005587	-6.108652381980153e-05	1.24807644	35.00098419	1.00838106	0.14971081170943104	0.0184155	3e-05
-0.1008	0.287	0.6872	-0.0018517943363659836	-0.0021886428820008896	-5.235987755982989e-05	1.1150918	31.2715683	0.98482665	0.07502526803190926	0.0190584	1e-05
-0.0981	0.3297	0.7027	-0.002097885760897184	-0.0020315632493213996	-9.075712110370512e-05	1.13279235	31.76796341	0.96784078	0.08297841503772825	0.0174811	1e-05
-0.1019	0.3837	0.7199	-0.002647664475275398	-0.002143264321449037	4.0142572795869576e-05	1.14769006	32.18575287	0.98242722	0.11461897402027128	0.0173727	0.0
-0.0984	0.2939	0.667	-0.001837831702350029	-0.0020176006153054447	-4.537856055185256e-05	1.1821034	33.15083694	1.0343959	0.19725088062083407	0.0193976	2e-05
-0.1054	0.3177	0.6823	-0.0017680185322702558	-0.00239459173373622	-5.235987755982989e-05	1.17592633	32.97760773	0.96659295	0.06878928027592626	0.0187444	3e-05
-0.1165	0.3795	0.7305	-0.0025115287936198403	-0.0026110125609835172	7.504915783575618e-05	1.18199706	33.14785767	0.99016769	0.17546700619962344	0.017356	2e-05
-0.1109	0.3807	0.6949	-0.0021537362969610025	-0.0024242623310201236	0.00010297442586766544	1.18689239	33.28514099	0.99778696	0.07102339973270709	0.0188082	3e-05
-0.1115	0.3023	0.6853	-0.0016598081186466073	-0.0025481807079117207	3.665191429188092e-05	1.16974175	32.8041687	1.01819475	0.12280845333908876	0.0185089	2e-05
-0.1156	0.3587	0.7288	-0.002050761871093337	-0.0027192229746071652	0.00011693705988362007	1.10220575	30.9101944	0.98811451	0.13611405823669567	0.0165028	1e-05
-0.1059	0.4167	0.7421	-0.0026546457922833754	-0.0023387411976724015	0.00018500490071139895	1.15259242	32.32323456	1.00923241	0.13362167694762903	0.0156198	2e-05
-0.0936	0.3087	0.6767	-0.001820378409830086	-0.0021048670779051613	9.599310885968811e-05	1.30692637	36.65136719	1.08089277	0.24355766470361204	0.0181589	2e-05
-0.0975	0.3187	0.692	-0.0016126842288427606	-0.0022410027595607188	6.45771823237902e-05	1.10884583	31.09640694	0.96670906	0.047962289458939024	0.0163506	1e-05
-0.1025	0.3725	0.732	-0.0023701571242082994	-0.0022026055160168437	6.108652381980153e-05	1.11836374	31.36332703	0.98633915	0.13876803987067016	0.0149238	3e-05
-0.0978	0.371	0.7	-0.002228785454796759	-0.002078687139125246	0.0001239183768915974	1.16719222	32.73266983	0.99114107	0.05460609496874672	0.0162393	4e-05
-0.1034	0.3042	0.7069	-0.001637118838370681	-0.002371902453460294	0.00011519173063162575	1.19569182	33.53190994	1.0090359	0.12398042885105486	0.0162625	0.0
-0.1047	0.3481	0.7272	-0.001843067690106012	-0.002490584842595908	7.67944870877505e-05	1.10152018	30.89096832	0.96981646	0.08365142422074097	0.0160596	3e-05
-0.1064	0.3995	0.7619	-0.00244695161129605	-0.0026075219024795284	0.00021467549799530252	1.12765586	31.62391663	0.99156419	0.13073509959906057	0.0154622	6e-05
-0.1114	0.3396	0.7202	-0.0014486232791552935	-0.003080506129769991	7.67944870877505e-05	1.22555375	34.36935806	1.04020544	0.18705967851693864	0.0176217	3e-05
-0.1127	0.313	0.711	-0.0019949113350295183	-0.0028623399732707008	4.18879020478639e-05	1.12912512	31.66511917	0.99603036	0.07706803987067008	0.0186604	3e-05
-0.1115	0.3491	0.7192	-0.0023422318561763904	-0.0027296949501191318	0.00010297442586766544	1.14986718	32.2468071	0.98793826	0.07255260340591214	0.0161037	2e-05
-0.0929	0.42	0.8379	-0.0007330382858376184	-0.0038519416591514853	0.001181587903600161	1.44447589	40.50879669	1.34943646	0.398702687855181	0.0207341	0.00045
-0.1132	0.3429	0.8446	6.283185307179586e-05	-0.005215043804959057	0.0015323990832510211	1.32086384	37.0422287	1.19207293	0.22958917321839237	0.0240347	0.00037
-0.1356	0.3558	0.8588	-0.0017313666179783749	-0.005216789134211051	0.0010629055144645468	1.23562896	34.65190506	1.08027349	0.16277186845443195	0.0197604	8e-05
-0.1284	0.4071	0.8692	-0.00272096830385916	-0.004307472593922005	0.0007696902001294993	1.18066609	33.11053085	1.0285313	0.1785066770252439	0.0183729	4e-05
-0.1086	0.41	0.8414	-0.0024678955623199817	-0.003626794185644217	0.0005585053606381855	1.19990718	33.65012741	1.01652054	0.10774679946541386	0.0170512	6e-05
-0.0962	0.3502	0.8477	-0.0018605209826259553	-0.003701843343479973	0.0003700098014227979	1.1251024	31.55230713	1.00488227	0.12204596483725844	0.0168542	2e-05
-0.11	0.3674	0.8606	-0.0018657569703819383	-0.003986332011555049	0.0003944444109507184	1.0343461	29.00714111	0.9414451	0.059607963267949	0.0170631	3e-05
-0.1008	0.4264	0.903	-0.0024556782575560214	-0.003710569989739945	0.00045902159327450867	1.08017731	30.29243088	0.96460584	0.15711302456564885	0.016897	5e-05
-0.0935	0.3553	0.8736	-0.0015306537539990272	-0.00400727596257898	0.0005445427266222308	1.26277411	35.41316223	1.023056	0.17316258048718755	0.0184367	0.00011
-0.1313	0.3349	0.9422	-0.0029949849964222694	-0.004961971063419879	0.0004886921905584122	1.35053134	37.8742218	1.20457566	0.250543843966398	0.0205762	0.00025
-0.1365	0.3405	0.7656	-0.00376118453804778	-0.0036285395148962112	7.330382858376184e-05	1.37333167	38.51363373	1.36912165	0.3131509726061916	0.0180643	4e-05
-0.1149	0.328	0.727	-0.0030874874467779687	-0.0026022859147235454	-0.00020594885173533088	1.11975121	31.40223885	1.01987484	0.17166016858807848	0.0173202	3e-05
-0.1097	0.2989	0.7241	-0.002808234766458876	-0.0026511551337793865	-0.0002897246558310587	1.15156388	32.29439163	0.97969762	0.05779488517353311	0.0175526	3e-05
-0.1073	0.335	0.7382	-0.0027680921936630064	-0.0026389378290154262	-0.000312413936106985	1.09031749	30.5768013	0.93932197	0.05635245789178783	0.0164988	3e-05
-0.108	0.3874	0.7827	-0.0032899456400093115	-0.002495820830351891	-0.0002670353755551324	1.01936054	28.58688736	0.94047042	0.1331174502780846	0.0156189	1e-05
-0.0986	0.371	0.7494	-0.003160791275361731	-0.0020472712125893483	-0.000291469985083053	1.06975818	30.00023651	0.95215896	0.08920692959690223	0.0164843	2e-05
-0.1023	0.2735	0.6895	-0.002488839513343914	-0.002258456052080662	-0.0003159045946109737	1.12481081	31.54412842	1.0112962	0.20647856055185249	0.0194993	7e-05
-0.1104	0.2989	0.693	-0.002535963403147761	-0.0026127578902355115	-0.0002617993877991494	0.9940064	27.8758564	0.91930224	0.05977654673852596	0.019296	3e-05
-0.11	0.3617	0.7426	-0.0032306044454415038	-0.002462659574563999	-0.00017278759594743863	1.04034901	29.17548752	0.97222797	0.1594875574908484	0.0175202	0.0
-0.1014	0.3188	0.6293	-0.002686061718819273	-0.0020699604928652747	-0.0002478367537831948	1.2995075	36.4433136	1.16478001	0.2154145483078356	0.0231709	5e-05
-0.1227	0.254	0.607	-0.002590068609959585	-0.0028640853025226946	-0.0002740166925631097	1.29676187	36.36631393	1.13471155	0.15421489286485107	0.0259401	0.00012
-0.1195	0.3638	0.6198	-0.0036250488563922224	-0.002879793265790644	-0.00033335788713091696	1.84414232	51.71701813	1.84343836	0.18130147021341975	0.0365524	0.00162
-0.1013	0.5203	0.8806	-0.005188863866179142	-0.0022427480888127134	-0.00039793506945470715	2.10047603	58.90562439	2.04788171	0.548771868454432	0.0172673	0.00023
-0.0914	0.3828	0.8883	-0.004948008429403923	-0.002178170906488923	-0.0005061454830783556	1.342785	37.65698242	1.2008507	0.17578215163613278	0.0137727	0.0
-0.1009	0.4278	0.9837	-0.005651376117957638	-0.00243473430653209	-0.0004572762640225143	1.14547777	32.12371063	1.04145768	0.20034001538263624	0.0142761	2e-05
-0.1081	0.4274	0.9744	-0.005682792044493536	-0.002363175807200322	-0.0003577924966588376	1.09200966	30.62425613	0.94220043	0.02702290966156713	0.0147907	4e-05
-0.1036	0.4616	1.0009	-0.006087708430956222	-0.002015855286053451	-0.00034208453339088857	1.15999079	32.53071213	0.98375186	0.10359724354387516	0.0160183	7e-05
-0.0828	0.3694	0.9514	-0.005448917924726297	-0.0016074482410867775	-0.0005375614096142535	1.18885791	33.34026337	1.04224636	0.22463372137099805	0.0139941	8e-05
-0.0941	0.3878	0.9728	-0.005092870757319453	-0.002045525883337354	-0.0005288347633542819	1.131145	31.72176361	0.98422239	0.09124257279586952	0.0144176	1e-05
-0.1036	0.4573	1.0266	-0.005351179486614613	-0.002633701841259443	-0.0005427973973702365	1.07818401	30.2365284	0.99693061	0.17582236606166018	0.0164867	3e-05
-0.1111	0.4744	1.0147	-0.005352924815866608	-0.002921681167838507	-0.0007941248096574199	1.19362879	33.47405624	1.09403106	0.06355260340591214	0.0196437	5e-05
-0.0971	0.3922	0.903	-0.005091125428067459	-0.002778564169174973	-0.0007487462491055673	1.39919758	39.23901367	1.25434364	0.23041474735072673	0.0173525	0.00029
-0.0982	0.4074	0.9164	-0.00518013721991917	-0.0026389378290154262	-0.0008011061266653974	1.25240564	35.12239075	0.99555748	0.04374990047855432	0.0157771	0.00012
-0.0823	0.4491	0.9191	-0.0050125856117277144	-0.0019268434942017398	-0.000900589894029074	1.16577029	32.6927948	1.02451863	0.109256485518441	0.0149429	4e-05
-0.0812	0.4172	0.8709	-0.004911356515112043	-0.001912880860185785	-0.0009354964790689606	1.17885625	33.05977631	1.03828588	0.08870491578357564	0.0131956	3e-05
-0.0882	0.3403	0.8655	-0.004618141200776996	-0.0022741640153486112	-0.0008499753457212384	1.13771594	31.90603828	1.02707794	0.12630098014227975	0.0131677	3e-05
-0.0903	0.3556	0.8817	-0.004745550236172582	-0.0022898719786165604	-0.0008150687606813518	1.00836968	28.27865982	0.93006564	0.042501179185171115	0.013365	1e-05
-0.0876	0.4204	0.9453	-0.005506513790042109	-0.001954768762233649	-0.0008255407361933179	1.06463099	29.85644913	0.96805445	0.1864269372882202	0.0136715	1e-05
-0.0806	0.3867	0.9035	-0.004916592502868026	-0.001778490507782222	-0.0008604473212332044	1.10795462	31.07141304	0.95449142	0.12255530633326989	0.0136789	3e-05
-0.0815	0.348	0.9118	-0.0046914450293607576	-0.0020629791758572974	-0.0007888888219014368	0.99896699	28.01497269	0.93155921	0.07695973204570566	0.0139291	2e-05
-0.0873	0.3811	0.9252	-0.00485376064979623	-0.002237512101056731	-0.000731292956585624	0.95815283	26.87038231	0.91279308	0.07202222054753593	0.0140958	4e-05
-0.0854	0.4474	0.9614	-0.005537929716578008	-0.002150245638457014	-0.0006719517620178169	1.03035223	28.89513779	0.95092406	0.14593883619746514	0.0149167	3e-05
-0.0752	0.3734	0.9185	-0.004820599394008338	-0.0018709929581379211	-0.0007661995416255106	1.09854019	30.80739784	0.97940596	0.1816415391248229	0.0135665	8e-05
-0.0699	0.3701	0.9345	-0.004743804906920588	-0.001839577031602023	-0.0008587019919812101	1.08353531	30.3866024	0.93326281	0.03463564319896743	0.0139018	2e-05
-0.0758	0.4063	0.9527	-0.004878195259324152	-0.0020263272615654165	-0.000778416846389471	0.98888075	27.73211479	0.91713163	0.08037128639793481	0.0144937	3e-05
-0.0773	0.4761	0.9877	-0.00545415391248228	-0.0019582594207376374	-0.0006841690667817771	1.02573216	28.7655735	0.95475184	0.1432137136796801	0.0159419	3e-05
-0.0685	0.3911	0.9172	-0.004754276882432553	-0.001621410875102732	-0.0008412486994612669	1.07947385	30.27270126	0.99557382	0.22399026041820608	0.0142828	4e-05
-0.0752	0.3888	0.9298	-0.00450294947014537	-0.0019408061282176943	-0.0008639379797371932	0.99787611	27.98437881	0.91750183	0.051270597283903575	0.0146782	2e-05
-0.0824	0.406	0.9346	-0.004431390970813603	-0.002235766771804736	-0.0007766715171374765	0.94941753	26.62541008	0.90108046	0.051889280275926354	0.015322	7e-05
-0.0807	0.4772	0.9905	-0.005195845183187119	-0.002087413785385218	-0.0006841690667817771	1.05673039	29.63488579	0.96117461	0.17906548245743675	0.0172109	0.0
-0.0762	0.4149	0.9399	-0.004605923896013036	-0.0019582594207376374	-0.0007906341511534313	1.06526566	29.8742466	0.96303886	0.15867703680966602	0.0155022	1e-05
-0.0774	0.3922	0.9375	-0.004272566008882118	-0.002169444260228951	-0.0008307767239493009	1.02699339	28.80094147	0.92710286	0.055534264970905	0.0149917	3e-05
-0.0797	0.4357	0.964	-0.004700171675620729	-0.002209586833024821	-0.0007993607974134029	1.00383568	28.15151024	0.9354169	0.09725820830351888	0.014946	3e-05
-0.0752	0.4817	0.9835	-0.0054157566689384045	-0.002007128639793479	-0.0007801621756414653	1.12152994	31.45211983	0.98818328	0.11686209041604784	0.0164215	3e-05
-0.0704	0.391	0.9315	-0.004508185457901353	-0.0019024088846738192	-0.0008482300164692441	1.17163014	32.85712814	1.04575153	0.2015179403492246	0.0129004	0.0
-0.0738	0.396	0.9316	-0.00436157780073383	-0.0020804324683772408	-0.0008918632477691023	1.13947856	31.95546913	0.96406582	0.026913223608540118	0.0127632	2e-05
-0.0771	0.4563	0.9638	-0.005110324049839397	-0.0018867009214058703	-0.0007539822368615504	1.18413281	33.20775223	1.00470881	0.14981794034922444	0.013462	3e-05
-0.0711	0.4349	0.9139	-0.004661774432076854	-0.0016301375213627037	-0.0008168140899333463	1.16475892	32.66443253	1.00649897	0.11569724354387519	0.0125542	0.0
-0.0715	0.377	0.9073	-0.004316199240181977	-0.0018413223608540175	-0.0008656833089891874	1.15870774	32.4947319	0.99506167	0.09518146252210163	0.0120178	1e-05
-0.0763	0.4197	0.9301	-0.004509930787153347	-0.002139773662945048	-0.0008220500776893293	1.07523906	30.15394211	0.9622413	0.09709080401811301	0.0129422	2e-05
-0.0772	0.5	0.9834	-0.0055920349233898325	-0.0018971728969178364	-0.0007452555906015787	1.12229526	31.47358322	0.99677599	0.2045749694675724	0.0155712	1e-05
-0.0698	0.4232	0.9342	-0.004590215932745087	-0.0018186330805780916	-0.0008115781021773631	1.22950518	34.4801712	1.01894037	0.19073406592801373	0.0128956	1e-05
-0.0803	0.397	0.9479	-0.0041835542170304075	-0.0023073252711365037	-0.0008395033702092724	1.0911963	30.60144615	0.97356207	0.09656395871524995	0.0133089	0.0
-0.1334	0.4201	0.9496	-0.004693190358612751	-0.003785619147575701	-0.0008656833089891874	1.11563599	31.28682899	1.05939023	0.17860549784007276	0.0177439	1e-05
-0.1017	0.4412	0.8977	-0.005016076270231703	-0.002513274122871834	-0.0008395033702092724	1.23493624	34.63248062	1.07995461	0.1857705437551366	0.0145457	2e-05
-0.0737	0.3458	0.8553	-0.004263839362622147	-0.0018727382873899156	-0.0010384709049366262	1.24296701	34.85769272	1.07236199	0.24538701389094153	0.0129741	3e-05
-0.0803	0.3714	0.8917	-0.004429645641561609	-0.002165953601724963	-0.0010175269539126942	1.22848046	34.45143509	0.9877852	0.09259827721492216	0.0131249	6e-05
-0.0799	0.4481	0.9502	-0.005253441048502931	-0.0019844393595175526	-0.0009424777960769379	1.1590898	32.50544739	1.02341234	0.18961794034922444	0.0133672	3e-05
-0.057	0.418	0.9153	-0.005080653452555493	-0.001282817000215832	-0.0011082840750163993	1.21594203	34.09980774	1.01969686	0.13991081170943107	0.0128703	2e-05
-0.0468	0.3598	0.9162	-0.0046198865300289904	-0.0010978120995044332	-0.0011798425743481666	1.11735451	31.33502579	0.99088883	0.1051665161284834	0.0126426	2e-05
-0.0567	0.3997	0.938	-0.004621631859280984	-0.001382300767579509	-0.0011082840750163993	1.05183959	29.49772835	0.93988162	0.08948962483294175	0.0127522	2e-05
-0.0663	0.4706	0.969	-0.005195845183187119	-0.0016022122533307947	-0.000932005820564972	1.10280502	30.92700005	0.95983117	0.16002015320544247	0.0141684	3e-05
-0.0646	0.3937	0.9083	-0.004494222823885398	-0.0015219271077390555	-0.0010122909661567112	1.20538092	33.80363083	1.00376673	0.18240963252425996	0.0134466	4e-05
-0.0578	0.3735	0.9027	-0.004120722363958612	-0.0012897983172238095	-0.0011187560505283654	1.08526134	30.4350071	0.96487952	0.06820471674068439	0.0134302	0.0
-0.061	0.4124	0.9163	-0.004363323129985824	-0.0012793263417118436	-0.0010786134777324957	1.07666421	30.19390678	0.96171706	0.07036076571675243	0.0135097	0.0
-0.0622	0.4518	0.9265	-0.0048188540647563435	-0.001282817000215832	-0.0010960667702524388	1.15279078	32.32879639	0.98820821	0.07462374428972254	0.0146686	7e-05
-0.0622	0.3813	0.9085	-0.004557054676957195	-0.001265363707695889	-0.0012269664641520136	1.17592764	32.97764587	1.01096839	0.10900761871093335	0.0132092	3e-05
-0.0596	0.3853	0.9134	-0.0045553093477052	-0.0012112585008840647	-0.0012932889757277981	1.18601322	33.2604866	0.95332794	0.017608652381980186	0.0135798	1e-05
-0.0661	0.4405	0.9587	-0.005028293574995664	-0.0014329153158873448	-0.0011484266478122688	1.08081853	30.31041145	0.97083073	0.14897516851046366	0.0142651	2e-05
-0.0587	0.4564	0.9582	-0.0051277773423593406	-0.0012897983172238095	-0.0011344640137963143	1.17983031	33.08709335	0.97286344	0.036628170002158254	0.0150814	3e-05
-0.0527	0.3741	0.9336	-0.0047088983218807005	-0.0010716321607245184	-0.00124965574442794	1.1934303	33.4684906	1.02162678	0.1505118453804779	0.0143595	0.0
-0.0616	0.4012	0.9432	-0.004405211032033687	-0.0014695672301792255	-0.0011938052083641214	1.13152838	31.73251534	0.97069505	0.08347364476827701	0.0145848	1e-05
-0.0681	0.466	0.9924	-0.004993386989955777	-0.0017715091907742446	-0.0009651670763528643	1.07006836	30.00893402	0.98438573	0.1764378025264182	0.0155548	3e-05
-0.0631	0.4466	0.9635	-0.0046809730538487915	-0.0016807520696705393	-0.0009808750396208131	1.17519379	32.95706558	0.99239058	0.07424395102393194	0.0152965	1e-05
-0.0664	0.3948	0.9606	-0.004146902302738527	-0.00182212373908208	-0.0011274826967883368	1.16567945	32.69024658	1.00477468	0.09910250388446647	0.0143039	4e-05
-0.0679	0.4449	0.9989	-0.004571017310973149	-0.0018709929581379211	-0.001085594794740473	1.17422819	32.92998505	0.99281987	0.1156436064669164	0.0150255	2e-05
-0.0493	0.5199	1.0175	-0.005021312257987686	-0.0013718287920675431	-0.0010681415022205296	1.17552745	32.96642303	1.03821491	0.160545620280243	0.0161842	2e-05
-0.0502	0.4293	0.9728	-0.004431390970813603	-0.0014416419621473165	-0.0011362093430483087	1.18799365	33.31602478	1.05657699	0.17259011490408188	0.0143828	3e-05
-0.0517	0.4442	0.9888	-0.00434586983746588	-0.0017819811662862105	-0.0010821041362364843	1.09258091	30.64027596	0.96291233	0.05639827721492204	0.0146849	1e-05
-0.0483	0.5089	1.0462	-0.00540179403492245	-0.0014835298641951804	-0.001022762941668677	1.07492292	30.14507675	0.9755249	0.19618583470577045	0.0175352	2e-05
-0.0399	0.5021	1.0245	-0.005246459731494954	-0.0011990411961201044	-0.0010245082709206715	1.14052773	31.98489189	0.97973709	0.05897841503772839	0.0168616	3e-05
-0.0355	0.4237	0.9995	-0.004595451920501069	-0.001282817000215832	-0.0010768681484805013	1.09046781	30.58101463	0.98719605	0.14715717463247202	0.0144815	1e-05
-0.0377	0.4647	1.0205	-0.004820599394008338	-0.0013491395117916165	-0.0010419615634406148	1.04036105	29.17582512	0.95719863	0.0805188285061469	0.0152581	2e-05
-0.0347	0.5136	1.0314	-0.005262167694762903	-0.0011117747335203881	-0.0010070549784007281	1.09230852	30.63263702	0.96517997	0.09849198320328409	0.0158293	0.0
-0.0353	0.428	1.0166	-0.004637339822548933	-0.0011798425743481666	-0.0010088003076527223	1.24615872	34.94720078	1.02072432	0.13573205211468722	0.0149633	1e-05
-0.0426	0.4402	1.0339	-0.004389503068765739	-0.0014765485471872027	-0.0010454522219446034	1.16954827	32.7987442	0.97411619	0.06585973204570565	0.0156437	0.0
-0.0491	0.5131	1.0852	-0.004855505979048225	-0.0016493361431346415	-0.0009704030641088471	1.10702097	31.04523087	0.99793589	0.166391983203284	0.0191166	2e-05
-0.0673	0.4863	1.0712	-0.0040945424251786966	-0.002438224965036078	-0.0010838494654884787	1.19165611	33.4187355	0.99960857	0.14216493885752984	0.0190033	1e-05
-0.0559	0.4214	1.015	-0.004316199240181977	-0.0019512781037296606	-0.0011711159280881952	1.19008482	33.37466812	1.04652958	0.1722935069454708	0.0154467	3e-05
-0.0653	0.4487	0.9931	-0.005002113636215748	-0.001759291886010284	-0.0010978120995044332	1.13733625	31.89539146	0.98184619	0.10616022211684537	0.0156018	3e-05
-0.0552	0.4749	0.9671	-0.0053389621818506535	-0.0008115781021773631	-0.0011257373675363424	1.20930254	33.91360855	1.02560724	0.12792437987498678	0.014773	1e-05
-0.0354	0.3847	0.9339	-0.004714134309636684	-0.00040840704496667313	-0.0013107422682477415	1.1999315	33.65081024	1.0486379	0.2038501915068029	0.0127071	2e-05
-0.0395	0.3838	0.9634	-0.004569271981721155	-0.0006719517620178169	-0.001356120828799594	1.12454784	31.5367527	0.97416644	0.0571892802759264	0.0129119	1e-05
-0.0444	0.4388	1.0102	-0.0049235738198760036	-0.0008028514559173916	-0.0012897983172238095	1.08828855	30.51989937	0.96072028	0.1342762021815104	0.0138403	2e-05
-0.039	0.4923	1.0295	-0.005468116546498235	-0.0005969026041820607	-0.0012723450247038664	1.17973244	33.08434677	0.98359751	0.11659724354387536	0.0146688	2e-05
-0.0298	0.407	0.9931	-0.00476474885794452	-0.00034557519189487725	-0.0013334315485236678	1.26864851	35.57790375	1.03844062	0.18168908123303512	0.0135864	3e-05
-0.0386	0.403	1.0012	-0.004534365396681268	-0.0007278022980816354	-0.0013264502315156904	1.13640535	31.86928558	0.96576463	0.05187959422289944	0.0134631	6e-05
-0.0495	0.4397	1.0255	-0.004698426346368735	-0.0008709192967451704	-0.0012636183784438947	1.04349971	29.26384354	0.94464553	0.09040049007113984	0.014339	2e-05
-0.0501	0.5038	1.0472	-0.005202826500195096	-0.0005811946409141118	-0.001254891732183923	1.11495066	31.26761055	0.96310964	0.1265425727958694	0.0164648	2e-05
-0.0545	0.4071	0.9863	-0.004136430327226561	-0.0006841690667817771	-0.0012112585008840647	1.19170725	33.42016983	1.02628314	0.22265019150680287	0.0146314	6e-05
-0.0459	0.4116	0.9905	-0.00398284135305106	-0.0006283185307179585	-0.001254891732183923	1.09803057	30.79310417	0.94556361	0.029953637076959	0.0146448	1e-05
-0.0463	0.4462	1.0063	-0.004509930787153347	-0.000619591884457987	-0.0011833332328521555	1.01202297	28.38111305	0.92756219	0.08116872898470123	0.0154348	3e-05
-0.0389	0.49	1.0109	-0.005099852074327431	-0.00020420352248333657	-0.0012322024519079964	1.06573522	29.88741684	0.97057802	0.10850894341022868	0.0162486	3e-05
-0.0315	0.4138	0.9686	-0.0046478117980608994	-5.061454830783555e-05	-0.0012845623294678264	1.12798357	31.63310623	0.99723917	0.158799456400093	0.0151662	1e-05
-0.0367	0.4332	0.986	-0.004501204140893376	-0.000445058959258554	-0.0012671090369478833	1.12784708	31.62927628	0.95724505	0.0699252680319092	0.0153306	1e-05
-0.0427	0.5145	1.0466	-0.005290092962794812	-0.0005585053606381855	-0.0011449359893082802	1.11837447	31.36362839	1.00273352	0.19912541354603355	0.0172752	2e-05
-0.0361	0.4952	1.0126	-0.00503876555050763	-0.00023212879051524583	-0.0012409290981679683	1.15283072	32.32991791	0.98890758	0.09358485456349054	0.015817	0.0
-0.0422	0.4258	1.0109	-0.00436157780073383	-0.0005951572749300663	-0.0012199851471440364	1.1616751	32.57794952	1.01046744	0.13025800926062758	0.0147454	0.0
-0.0416	0.4757	1.05	-0.004562290664713178	-0.0006841690667817771	-0.0011746065865921838	1.07583916	30.17077065	0.96838612	0.10635516081914569	0.0153198	2e-05
-0.0477	0.5376	1.0786	-0.005508259119294104	-0.0005811946409141118	-0.0011013027580084218	1.1133821	31.22362137	0.98647981	0.15271233545161755	0.0165885	3e-05
-0.0381	0.4413	1.0155	-0.004722860955896656	-0.00021118483949131387	-0.0012461650859239514	1.22746944	34.42308044	1.04244219	0.23401351463678868	0.0138741	1e-05
-0.0378	0.4263	1.0094	-0.0045867252742410975	-0.0002565634000431664	-0.0013264502315156904	1.10956085	31.11645889	0.96938423	0.0344899693899575	0.0138087	0.0
-0.044	0.4784	1.0313	-0.004879940588576145	-0.0002670353755551324	-0.0012356931104119853	1.1548934	32.38776398	1.00727438	0.09992222054753597	0.0145009	3e-05
-0.033	0.5368	1.0799	-0.005523967082562053	0.0003787364476827695	-0.0013910274138394805	1.22523797	34.36050034	1.05239394	0.1902566310325653	0.017148	3e-05
-0.0202	0.4436	1.0732	-0.004988151002199794	0.0008098327729253688	-0.0014870205226991688	1.20340741	33.7482872	1.0314733	0.16584527572322755	0.0153592	1e-05
-0.015	0.4745	1.0749	-0.004899139210348083	0.0007539822368615504	-0.0015393804002589986	1.06063271	29.74431992	0.95089349	0.047661110273767966	0.0157081	2e-05
-0.0256	0.5029	1.1131	-0.005312782243070739	0.00028797932657906436	-0.0013735741213195373	1.02789366	28.82618904	0.94618384	0.12947261109723024	0.0173341	3e-05
-0.0354	0.5286	1.1023	-0.005722934617289407	-0.00010821041362364843	-0.0013683381335635543	1.11897373	31.38043404	0.98920223	0.08687890510886803	0.0176991	1e-05
-0.0234	0.4223	1.0441	-0.005169665244407204	0.00014137166941154068	-0.0014224433403753785	1.20759594	33.86574936	1.06347626	0.2193478331364608	0.0145695	2e-05
-0.0158	0.4311	1.0556	-0.005077162794051505	0.0002740166925631097	-0.0014905111812031574	1.15117109	32.28337479	0.96114278	0.0425607657167524	0.0148383	1e-05
-0.021	0.4853	1.0904	-0.00564788545945365	0.00029845130209103034	-0.0014451326206513049	1.08710778	30.4867878	0.97978748	0.12622679177409588	0.0176234	5e-05
-0.0094	0.4996	1.0545	-0.005927138139772744	0.0009023352232810684	-0.0015376350710070042	1.15048349	32.26409149	1.02530862	0.1105819525932416	0.0161536	1e-05
-0.017	0.4271	0.9703	-0.004834562028024293	0.00035081117965086024	-0.0014154620233674013	1.20597696	33.82034683	1.05578472	0.2526136601509131	0.0135568	2e-05
-0.0162	0.4185	0.9421	-0.004675737066092809	0.00020594885173533088	-0.0013735741213195373	1.11502659	31.26974106	0.98482225	0.05487875959474384	0.0122789	2e-05
-0.0255	0.4719	0.9932	-0.005394812717914472	7.330382858376184e-05	-0.001265363707695889	1.10411131	30.96363258	0.98623679	0.16179655442984395	0.0141566	2e-05
-0.0195	0.4956	0.995	-0.0057421332390613445	0.0004625122517784973	-0.0013107422682477415	1.16252542	32.6017952	0.99751617	0.07059537524467302	0.0156382	7e-05
-0.0084	0.3993	0.9633	-0.005085889440311476	0.0006911503837897545	-0.0013910274138394805	1.18008149	33.09413528	1.04037236	0.1873583538176432	0.0142875	2e-05
-0.0134	0.4144	0.9849	-0.0048956485518440946	0.0004206243497306334	-0.0014172073526193955	1.1170373	31.32612801	0.95749166	0.06604734306532084	0.0155822	1e-05
-0.0253	0.4759	1.0381	-0.005557128338349946	0.0001832595714594046	-0.0013788101090755204	1.0498476	29.44186401	0.96496159	0.1734620904160478	0.0174881	3e-05
-0.0117	0.4732	1.0277	-0.00558330827712986	0.000577703982410123	-0.0014346606451393388	1.15977037	32.52453232	0.96984599	0.050523744289722505	0.0179733	3e-05
-0.0027	0.3977	1.0091	-0.005068436147791533	0.0009773843811168245	-0.001567305668290908	1.0775373	30.21839333	0.97517462	0.15545987755982985	0.017319	3e-05
0.0044	0.4362	1.0168	-0.005146975964131278	0.001129228026040331	-0.0016109388995907662	0.98515278	27.62756729	0.9172869	0.06700083462815527	0.0174876	3e-05
0.0038	0.5073	1.0566	-0.005803219762881146	0.0010384709049366262	-0.0015114551322270892	1.02151752	28.64737701	0.94283313	0.15382423436086257	0.0183811	6e-05
0.0082	0.4487	1.0139	-0.0053162729015747276	0.0011623892818282235	-0.0015603243512829306	1.15975428	32.52408218	0.96838297	0.13868672286269285	0.017445	7e-05
0.0088	0.4276	1.0176	-0.005099852074327431	0.0010402162341886204	-0.0015882496193148398	1.14325905	32.06148911	0.93563179	0.0437259571459405	0.01702	2e-05
0.0101	0.4554	1.0339	-0.005138249317871306	0.0009896016858807848	-0.0015760323145508795	1.08181953	30.33848381	0.94816044	0.05046145483078357	0.0173718	3e-05
0.001	0.5259	1.0875	-0.0058171823968971	0.0008412486994612669	-0.0014695672301792255	1.04469717	29.29742622	0.97805594	0.17988755749084817	0.0184529	0.0
0.0055	0.4631	1.0438	-0.005324999547834699	0.0009669124056048585	-0.0015114551322270892	1.07636452	30.18550301	0.98507923	0.14398672286269268	0.0162223	0.0
-0.0001	0.4392	1.0466	-0.005082398781807488	0.0007644542123735164	-0.0015289084247470327	1.06756008	29.938591	0.96218773	0.0554256125889248	0.0159444	2e-05
0.0011	0.481	1.0763	-0.005368632779134557	0.000890117918517108	-0.0015184364492350666	1.03844154	29.12199402	0.95032744	0.09381848394913143	0.0171407	3e-05
-0.0006	0.5279	1.086	-0.005804965092133139	0.0008936085770210966	-0.00147131255943122	1.10220301	30.9101181	0.94534397	0.08264734306532096	0.0184921	2e-05
0.003	0.434	1.0485	-0.005028293574995664	0.0009930923443847736	-0.0015550883635269475	1.10008681	30.85076904	0.97336856	0.18299655442984408	0.0159572	3e-05
-0.0071	0.4414	1.0531	-0.004858996637552213	0.0005096361415823442	-0.0014887658519511632	0.98492807	27.62126541	0.92048787	0.05805378259108315	0.0159992	3e-05
-0.0146	0.5018	1.1037	-0.005448917924726297	0.0003473205211468716	-0.0013316862192716734	1.00007915	28.04616165	0.95274562	0.16396582701445228	0.0184304	3e-05
-0.0078	0.5071	1.0899	-0.00540179403492245	0.0006719517620178169	-0.001322959573011702	1.03589034	29.05044937	0.9390001	0.04492408884673794	0.0183572	2e-05
-0.0044	0.4434	1.0751	-0.004944517770899936	0.0005881759579220891	-0.0014800392056911916	1.12932456	31.67071342	0.98880412	0.1168065850398867	0.0174493	3e-05
-0.0091	0.4744	1.0976	-0.005037020221255636	0.00035081117965086024	-0.001403244718603441	1.1242193	31.52754021	0.97354141	0.07853308578573392	0.0175163	4e-05
-0.0079	0.5336	1.1056	-0.005906194188748811	0.0006370451769779302	-0.001403244718603441	1.15582168	32.41379547	1.0319509	0.12617039824101223	0.0201848	3e-05
0.0035	0.4357	1.0393	-0.005054473513775579	0.0008377580409572782	-0.0014922565104551516	1.19188321	33.42510223	1.05063471	0.23267226654021453	0.0150597	4e-05
-0.0058	0.452	1.0716	-0.004939281783143952	0.0004904375198104066	-0.001462585913171248	1.15622592	32.42513275	0.97315478	0.08250914245312035	0.0171553	3e-05
-0.0163	0.5497	1.139	-0.00597426202957659	0.0002617993877991494	-0.0014154620233674013	1.12672007	31.59767342	1.02127777	0.24113711341238692	0.0208332	7e-05
-0.0352	0.4878	1.1008	-0.004874704600820162	-0.000486946861306418	-0.0013945180723434693	1.21541166	34.08493423	1.08736677	0.21246238144429627	0.0201815	4e-05
-0.0289	0.3927	0.9559	-0.0051173053668473745	-0.00032637657012293966	-0.001446877949903299	1.35800076	38.08369446	1.2994548	0.26907654673852605	0.0150754	3e-05
-0.0089	0.5556	1.1742	-0.006302383928951523	0.0003630284844148205	-0.001706932008450454	1.44473219	40.51598358	1.41183521	0.507926883759453	0.0240723	3e-05
-0.003	0.4383	0.8784	-0.004546582701445229	0.0003612831551628262	-0.001403244718603441	1.64876151	46.23777008	1.56935629	0.522061692330265	0.0163685	7e-05
-0.0143	0.2872	0.8487	-0.004996877648459765	0.0010576695267085637	-0.0013648474750595659	1.71595192	48.12205505	1.39606521	0.2513539281052074	0.0219088	0.00102
0.0209	0.3923	0.843	-0.005298819609054784	0.002078687139125246	-0.0016406094968746698	1.92511022	53.98767853	1.34366214	0.22593607974134028	0.0177359	0.00033
0.0241	0.3761	0.8207	-0.00481710873550435	0.0017924531417981763	-0.0016999506914424768	1.44460738	40.5124855	1.08045717	0.08306430327226552	0.0149808	1e-05
0.0214	0.4039	0.8914	-0.0057526052145733106	0.0018517943363659836	-0.0016824973989225337	1.22762609	34.42747498	1.03629423	0.15181454830783556	0.0142412	1e-05
0.0188	0.4253	0.892	-0.005832890360165049	0.0019024088846738192	-0.0017139133254584315	1.23869085	34.7377739	1.01002528	0.03271578102177367	0.0142771	3e-05
0.0261	0.3372	0.8524	-0.005324999547834699	0.002169444260228951	-0.0018238690683340744	1.32950819	37.2846489	1.0594009	0.17924409653805623	0.0155249	6e-05
0.0285	0.3682	0.8799	-0.005281366316534841	0.0021991148575128553	-0.0018605209826259553	1.24809122	35.00139618	0.98664448	0.06639778714378214	0.0148834	4e-05
0.0324	0.4229	0.9232	-0.00588525023772488	0.002488839513343914	-0.0018849555921538759	1.17812502	33.03926849	0.97072607	0.14780215932745086	0.016579	9e-05
0.0406	0.4872	0.9564	-0.006466444878638991	0.0027558748888990466	-0.0019582594207376374	1.14424348	32.08909607	0.97971158	0.15177669225265028	0.0179841	0.00025
0.0393	0.3903	0.9312	-0.005677556056737554	0.0027715828521669953	-0.0019792033717615696	1.18843782	33.32847977	1.02058072	0.1646770368096659	0.0174249	9e-05
0.0344	0.3903	0.9402	-0.005473352534254217	0.0024399702942880727	-0.001980948701013564	1.06044006	29.7389183	0.93146752	0.04077807048071272	0.0171881	3e-05
0.0269	0.4339	0.9801	-0.005834635689417044	0.0021938788697568722	-0.001891936909161853	1.0463165	29.34283829	0.95541358	0.12581931857728687	0.0179542	8e-05
0.0278	0.5003	1.0052	-0.00641757565958315	0.0022933626371205488	-0.001839577031602023	1.0535028	29.54437065	0.97283032	0.12913918075448072	0.0196497	0.00013
0.0308	0.4048	0.9643	-0.005658357434965616	0.002256710722828668	-0.0018133970928221085	1.08378208	30.39352036	0.98214935	0.18050250388446648	0.0186824	4e-05
0.0245	0.4046	0.9519	-0.005276130328778859	0.0018901915799098587	-0.0017872171540421933	1.12803423	31.6345253	0.9372968	0.05764630939427413	0.0182511	9e-05
0.0149	0.451	0.9934	-0.0057089719832734516	0.0017174039839624202	-0.0017645278737662671	1.02778351	28.82309914	0.94994207	0.12891592653589784	0.0189272	4e-05
0.0083	0.5105	1.0195	-0.006188937527571893	0.0016283921921107093	-0.0017558012275062952	1.03865051	29.12785339	0.96754537	0.12108519912050626	0.0196359	4e-05
0.008	0.4269	0.9744	-0.005335471523346666	0.0015306537539990272	-0.0017924531417981763	1.08148384	30.32907104	0.99972479	0.17839281783143943	0.0175357	4e-05
0.0019	0.4498	0.9776	-0.0051557026103912496	0.0011850785621041497	-0.001790707812546182	1.00668085	28.23130035	0.93464517	0.058554471705114366	0.0162255	1e-05
-0.0044	0.5138	1.0412	-0.006033603224144398	0.00119729586686811	-0.0017418385934903407	1.04513884	29.30981255	0.98985931	0.18084935687864737	0.0177192	3e-05
-0.0028	0.5236	1.023	-0.006056292504420323	0.0013665928043115599	-0.0017732545200262388	1.11810231	31.35599709	1.00278816	0.04077010721276356	0.0184796	7e-05
0.008	0.4286	0.9735	-0.005208062487951079	0.0014748032179352085	-0.0018133970928221085	1.14461195	32.09943008	1.03676786	0.205129150144438	0.015492	3e-05
0.0016	0.4638	0.9946	-0.005279620987282846	0.0012601277199399059	-0.0018029251173101424	1.06032681	29.73574257	0.96151587	0.07753529864195181	0.0158015	3e-05
0.0014	0.54	1.059	-0.006455972903127025	0.001473057888683214	-0.0017278759594743865	1.1012032	30.88207817	1.0080878	0.21401656212116207	0.0180335	3e-05
0.0105	0.4706	1.0026	-0.005640904142445672	0.0017767451785302276	-0.0018151424220741027	1.18794525	33.31466675	1.02055559	0.19520112565640413	0.0159411	3e-05
0.0085	0.4187	0.9928	-0.005351179486614613	0.0015132004614790836	-0.0017819811662862105	1.05827487	29.67819977	0.9551964	0.09302153143350465	0.0149021	2e-05
0.0052	0.4803	1.0324	-0.005956808737056647	0.0015079644737231008	-0.0017435839227423352	1.06076849	29.74812889	0.97403189	0.13696312408709452	0.0164019	1e-05
0.0068	0.5242	1.0372	-0.006199409503083859	0.0015847589608108511	-0.0017540558982543013	1.14087307	31.99457741	0.97037147	0.06679336143134633	0.0181019	3e-05
-0.0066	0.4273	0.9827	-0.005003858965467743	0.0009564404300928925	-0.0018308503853420514	1.25002646	35.05566788	1.08124931	0.2598331777710911	0.0160739	3e-05
-0.027	0.3977	0.8904	-0.005223770451219028	0.00040666171571467877	-0.0016179202165987434	1.22218704	34.27494049	1.11953556	0.1914310184436404	0.0144756	0.0
-0.0111	0.4562	0.9282	-0.006440264939859076	0.0014276793281313615	-0.0017191493132144146	1.25643778	35.235466	1.08884182	0.22913705988362007	0.0155693	3e-05
-0.0081	0.3981	0.876	-0.005771803836345247	0.0016824973989225337	-0.001748819910498318	1.27097714	35.64320755	1.0626805	0.16094748857944524	0.0154107	2e-05
-0.0088	0.3598	0.8616	-0.005440191278466324	0.0014329153158873448	-0.0018291050560900572	1.21479976	34.06777191	1.01076473	0.08647398932529252	0.0165925	4e-05
-0.0073	0.4262	0.9291	-0.006150540284028017	0.001583013631558857	-0.0018814649336498872	1.19693172	33.56668472	1.03053916	0.18104035993965167	0.0155945	3e-05
0.0028	0.4727	0.9526	-0.00647866218340295	0.0019041542139258136	-0.001864011641129944	1.18120205	33.12556076	1.02332542	0.11343578871309162	0.0169139	6e-05
0.0179	0.3746	0.9001	-0.00544193660771832	0.002165953601724963	-0.0019530234329816546	1.28452516	36.02314758	1.06339732	0.23507683776677452	0.0173728	3e-05
0.0286	0.3574	0.8762	-0.005133013330115323	0.0023911010752322315	-0.00204378055408536	1.12935424	31.67154503	0.97274495	0.08304139361069858	0.0179319	6e-05
0.0316	0.3979	0.8934	-0.005525712411814047	0.0026755897433073067	-0.0019530234329816546	1.0976342	30.78198814	0.95439334	0.0990972435438752	0.0188218	3e-05
0.0452	0.4424	0.917	-0.00623257075887175	0.0031747539093776853	-0.0019355701404617114	1.14784169	32.19000626	0.98474835	0.14287379028240138	0.0192689	0.0001
0.0407	0.3682	0.8922	-0.00564788545945365	0.0030578168494940655	-0.0019181168479417679	1.10130858	30.88503265	1.01026697	0.1394537825910832	0.0178714	8e-05
0.0427	0.3631	0.8906	-0.005420992656694387	0.0029199358385865134	-0.001954768762233649	1.02866459	28.84780884	0.92537515	0.0287712863979349	0.0172943	3e-05
0.0299	0.4272	0.9444	-0.00610341639422417	0.0025918139392115793	-0.0018500490071139892	1.00972474	28.31666183	0.96265112	0.18646326960121895	0.0175701	5e-05
0.0375	0.4325	0.9241	-0.006173229564303944	0.0027576202181510408	-0.0018692476288859267	1.15680051	32.44124603	0.99478635	0.04594090353955861	0.0194195	0.0001
0.0362	0.3536	0.8924	-0.005473352534254217	0.0026546457922833754	-0.0018238690683340744	1.20246124	33.72175217	1.01474499	0.1543115008234623	0.0192589	3e-05
0.0382	0.3594	0.8888	-0.0051731559029111925	0.0025272367568877894	-0.001820378409830086	1.15308428	32.3370285	0.94122139	0.03295481626212986	0.0194777	8e-05
0.0368	0.3781	0.8923	-0.005242969072990966	0.002453932928304027	-0.0018483036778619948	1.01788831	28.54559898	0.92915519	0.03215211333477216	0.0192979	7e-05
0.0392	0.4155	0.9279	-0.005605997557405786	0.002623229865747477	-0.0018675022996339327	1.02473545	28.73762131	0.95916519	0.10297620218151037	0.0178615	2e-05
0.038	0.4732	0.9337	-0.0060580378336723174	0.002621484536495483	-0.0018500490071139892	1.07601535	30.17571259	0.99489425	0.0882619449019235	0.0176926	8e-05
0.0402	0.3763	0.8915	-0.0051452306348792835	0.002590068609959585	-0.0018675022996339327	1.18571007	33.25198364	1.04160156	0.1893838208924437	0.0171762	6e-05
0.0377	0.3788	0.9033	-0.00493404579538797	0.0022427480888127134	-0.0018238690683340744	1.10030866	30.85699081	0.94671603	0.04690692959690222	0.0166802	5e-05
0.0305	0.4534	0.9668	-0.006019640590128442	0.0022549653935766737	-0.001785471824790199	1.08429253	30.40783691	1.00233853	0.20211046715241535	0.0164589	0.0
0.0306	0.4538	0.9293	-0.005555383009097951	0.0022846359908605773	-0.0018029251173101424	1.16015697	32.53537369	1.0037438	0.06356907354171684	0.0157432	6e-05
0.0292	0.394	0.9148	-0.004928809807631986	0.00204378055408536	-0.0018291050560900572	1.16251957	32.60163116	1.01239098	0.12038042885105492	0.0147928	2e-05
0.025	0.4434	0.951	-0.005544911033585984	0.0020210912738094335	-0.0018273597268380628	1.10848796	31.08637047	0.98650282	0.12182679177409596	0.016821	6e-05
0.024	0.5042	0.9678	-0.006164502918043972	0.002228785454796759	-0.0017156586547104257	1.12092996	31.4352951	0.98808582	0.12554935687864752	0.0167526	2e-05
0.0286	0.3944	0.8952	-0.005195845183187119	0.002452187599052033	-0.0018291050560900572	1.186252	33.2671814	1.09041833	0.2522753140245879	0.0173459	1e-05
0.0263	0.3883	0.8843	-0.0047193702973926666	0.0020420352248333657	-0.0018099064343181197	1.14334869	32.06400299	0.96653391	0.06459129408925289	0.0141912	3e-05
0.0194	0.4704	0.9604	-0.006017895260876448	0.0020420352248333657	-0.001726130630222392	1.13380885	31.79646873	1.00028762	0.23421503837897556	0.016228	1e-05
0.0278	0.4492	0.9239	-0.005468116546498235	0.0022968532956245376	-0.0017767451785302276	1.20457876	33.78113556	0.99640588	0.10886056667386096	0.0154148	3e-05
0.025	0.383	0.907	-0.004731587602156627	0.0019669860669976093	-0.001759291886010284	1.18354809	33.19135284	1.00213999	0.14009247327442395	0.0143198	2e-05
0.0142	0.4486	0.9639	-0.005323254218582705	0.0017540558982543013	-0.0017819811662862105	1.14239943	32.03738403	0.99692552	0.1746643032722656	0.014881	2e-05
0.0048	0.4936	0.9578	-0.005235987755982988	0.0016510814723866359	-0.0019425514574696887	1.14697444	32.16568375	1.01869733	0.07804055898254304	0.0157569	3e-05
0.01	0.4088	0.9384	-0.004885176576332128	0.001420698011123384	-0.001932079481957723	1.23858571	34.73482513	1.05371624	0.13898333082130385	0.0149512	4e-05
0.0057	0.3989	0.9151	-0.004911356515112043	0.0013753194505715315	-0.0018727382873899156	1.15392542	32.36061859	0.97444015	0.04404498469497877	0.0139977	8e-05
0.0052	0.4876	0.9731	-0.005895722213236845	0.0016004669240788003	-0.0018675022996339327	1.17558253	32.96796799	1.03664594	0.2079374579694026	0.0160432	3e-05
0.0142	0.4247	0.9183	-0.005417501998190398	0.002022836603061428	-0.0019931660057775245	1.2449789	34.91411591	1.03410343	0.17801268000863324	0.0162386	3e-05
0.0222	0.3847	0.9027	-0.0048904125640881115	0.0020734511513692635	-0.0020193459445574393	1.1675142	32.74169922	0.980897	0.09379419605950196	0.014242	1e-05
0.0116	0.4234	0.93	-0.005202826500195096	0.001843067690106012	-0.0019373154697137059	1.06743658	29.93512726	0.94272878	0.10784139361069858	0.0146982	3e-05
0.02	0.4903	0.9656	-0.006005677956112489	0.002239257430308725	-0.0019722220547535923	1.1494211	32.23429871	0.99934117	0.17259738905799962	0.0167836	3e-05
0.0305	0.392	0.91	-0.005152211951887261	0.002469640891571976	-0.00205599785884932	1.20128703	33.6888237	1.04298052	0.2227812634792103	0.0157309	2e-05
0.0273	0.3891	0.9007	-0.004843288674284265	0.0022130774915288098	-0.002040289895581371	1.14051092	31.98442078	0.94728514	0.04445973204570567	0.0149209	1e-05
0.0202	0.456	0.9705	-0.005747369226817327	0.0022165681500327986	-0.0019879300180215415	1.07530355	30.15575027	0.99280326	0.19179655442984408	0.0154015	0.0
0.0294	0.4608	0.9513	-0.005689773361501514	0.002438224965036078	-0.0020751964806212577	1.19830787	33.6052742	1.00289596	0.05152595714594038	0.0161875	7e-05
0.0318	0.3915	0.9297	-0.0050893800988154655	0.002324778563656447	-0.0020769418098732523	1.1439079	32.07968521	1.0100645	0.12907924966588374	0.0164635	1e-05
0.0375	0.4079	0.9315	-0.004970697709679851	0.0023492131731843676	-0.002040289895581371	1.07683969	30.19882965	0.95854295	0.032888445647770805	0.0160571	1e-05
0.0282	0.4744	0.9803	-0.0057648225193372695	0.002155481626212997	-0.0019774580425095754	1.0798614	30.28356934	0.96642165	0.17713441048502923	0.0164693	3e-05
0.0428	0.4169	0.9301	-0.005394812717914472	0.002495820830351891	-0.002057743188101315	1.19709313	33.57120895	1.00282962	0.16183170755767143	0.0181784	6e-05
0.0427	0.426	0.9191	-0.004738568919164605	0.0025342180738957666	-0.002061233846605303	1.17056668	32.82730484	0.99729175	0.055106585039886566	0.0186226	7e-05
0.0264	0.463	0.977	-0.006476916854150957	0.0018605209826259553	-0.0022322761133007477	1.19953394	33.63965988	1.07027925	0.2403543646475804	0.0186059	4e-05
0.0157	0.6213	1.0223	-0.006579891280018623	0.0012688543661998775	-0.0022427480888127134	1.28797328	36.11984634	1.2067254	0.2495556508902854	0.0234098	0.0003
0.0248	0.5002	0.919	-0.004602433237509047	0.0020298179200694054	-0.002143264321449037	1.35667086	38.04639816	1.19059423	0.375395268187139	0.0216743	0.00033
0.0118	0.4088	0.8908	-0.004838052686528281	0.001593485607070823	-0.0022462387473167022	1.3118664	36.78990555	1.08632118	0.1713463093942741	0.0210193	0.00027
0.009	0.4339	0.9274	-0.004675737066092809	0.001296779634231787	-0.0020769418098732523	1.24713135	34.97447968	1.05318128	0.09591592653589785	0.0177569	0.0001
0.0085	0.5021	0.984	-0.005768313177841259	0.0013631021458075715	-0.0020210912738094335	1.22552311	34.36849976	1.06502965	0.1860374579694026	0.0169408	7e-05
0.0044	0.44	0.9213	-0.004820599394008338	0.0012322024519079964	-0.0020943951023931952	1.20867765	33.89608383	1.04805111	0.18649586531581283	0.0173288	0.0001
0.0035	0.4272	0.9215	-0.004445353604829557	0.0009442231253289323	-0.0020856684561332234	1.11597824	31.29642868	0.96562737	0.04749758810089081	0.015265	3e-05
0.0016	0.4731	0.9496	-0.0047856928089684515	0.0009564404300928925	-0.0020751964806212577	1.01745796	28.5335331	0.94489485	0.09405142422074099	0.0160809	4e-05
0.0052	0.5305	0.977	-0.005599016240397809	0.0012217304763960308	-0.00204378055408536	1.09783697	30.78767586	0.98042408	0.1439014702134196	0.0175972	0.00017
0.0078	0.4272	0.9243	-0.00451865743341332	0.00119729586686811	-0.0020664698343612863	1.20113194	33.68447495	1.0399432	0.21497413483941677	0.0163767	0.0001
0.0104	0.4203	0.9192	-0.004488986836129415	0.0012147491593880533	-0.002131047016685076	1.04849255	29.40386391	0.93283756	0.02018505360638189	0.015758	3e-05
0.0005	0.4773	0.977	-0.005433209961458348	0.0013805554383275148	-0.00204378055408536	1.03287137	28.96578407	0.96337469	0.18456479334340548	0.0157765	2e-05
0.014	0.4295	0.9318	-0.005044001538263612	0.0017505652397503124	-0.0021101030656611444	1.14486563	32.10654449	0.97796719	0.14777703680966595	0.0157403	7e-05
0.0099	0.3846	0.934	-0.004609414554517024	0.0014329153158873448	-0.002103121748653167	1.06157064	29.77062416	0.96545778	0.0891609112308767	0.0161601	3e-05
0.0048	0.4442	0.973	-0.004996877648459765	0.001181587903600161	-0.0020839231268812296	1.0424211	29.23359489	0.95592518	0.13659945640009302	0.0163707	2e-05
-0.0205	0.5715	1.0884	-0.006735225583446118	0.00041189770347066176	-0.0022078415037728267	1.21860409	34.17446136	1.14818764	0.3995978256003725	0.0214354	0.00018
-0.0141	0.7834	1.8677	-0.006059783162924312	0.0013962634015954637	-0.002366666465704311	3.40007758	95.35157776	4.01776531	1.0885316540289045	0.127463	0.0723
0.0692	0.4851	1.5614	-0.005345943498858631	0.0029269171555944902	-0.0027296949501191318	3.14602637	88.22698212	3.66656094	0.8182760951239764	0.0737244	0.01489
0.0984	0.4838	1.5124	-0.0057648225193372695	0.0035674529910764093	-0.0028309240467348025	1.51079154	42.36854935	1.35801352	0.13753219762881133	0.0534111	0.00255
0.1257	0.5126	1.4534	-0.006080727113948244	0.003996803987067014	-0.0028518679977587343	1.26208019	35.39370346	1.14753417	0.15340997708127546	0.0468664	0.00174
0.0897	0.397	1.3522	-0.005490805826774161	0.003258529713473413	-0.002750638901143063	1.24681365	34.96556854	1.2009674	0.3242712328691677	0.0369197	0.00063
0.1089	0.4213	1.342	-0.00541401133968641	0.003426081321664869	-0.0028221974004748306	1.02616501	28.77770996	0.93815217	0.06949522973054868	0.0361643	0.00034
0.1152	0.4752	1.3877	-0.005785766470361203	0.003675663404700058	-0.002858849314766712	1.04884219	29.41366959	0.97660539	0.13879945640009303	0.0401526	0.00056
0.1242	0.5126	1.3938	-0.005895722213236845	0.003787364476827695	-0.0027925268031909274	1.13588583	31.85471725	0.96221695	0.06689896632895312	0.0415731	0.00083
0.1206	0.4348	1.3605	-0.005262167694762903	0.0037088246604879502	-0.0027523842303950577	1.05175209	29.4952755	0.97270043	0.15231184538047762	0.0391857	0.00069
0.1226	0.4401	1.3615	-0.005014330940979708	0.003626794185644217	-0.0027960174616949163	1.03387392	28.99389839	0.9368368	0.026975022996339207	0.0400202	0.00071
0.1139	0.4678	1.393	-0.005159193268895238	0.003497639820996636	-0.0027157323161031764	1.0948441	30.70374298	0.98131805	0.08561509190774262	0.0423259	0.00084
0.1134	0.525	1.4182	-0.005797983775125162	0.003495894491744642	-0.0026616271092913526	1.24458337	34.90302277	1.0031922	0.117632052114687	0.0451034	0.00107
0.1094	0.4033	1.3512	-0.005134758659367318	0.003530801076784529	-0.002633701841259443	1.1228174	31.48822594	1.05556495	0.229002848441482	0.0401404	0.00118
0.1149	0.3838	1.3471	-0.004858996637552213	0.0034016467121369483	-0.0027523842303950577	1.18653917	33.27523422	0.93827985	0.05527993877991502	0.0406503	0.00118
0.1238	0.4419	1.3886	-0.004956735075663896	0.0037489672332838195	-0.002834414705238791	1.03706467	29.08337975	0.95986373	0.13485447170511447	0.0434242	0.00165
0.1366	0.5028	1.4183	-0.005497787143782138	0.0041329396687225725	-0.0029024825460665696	1.03260791	28.958395	0.97166954	0.15305461721923855	0.0461572	0.00184
0.1391	0.4237	1.393	-0.005009094953223725	0.004262094033370152	-0.002886774582798621	0.99647415	27.94506264	0.96144214	0.1385777259236969	0.0442399	0.00162
0.1253	0.4324	1.3862	-0.004675737066092809	0.0037891098060796892	-0.002874557278034661	0.97803813	27.42804337	0.91267691	0.07022797095926685	0.0429302	0.00134
0.1131	0.4486	1.3941	-0.00514348530562729	0.0034348079679248403	-0.002853613327010729	1.02591312	28.77064705	0.9427857	0.07844970143566286	0.042399	0.00096
0.1098	0.531	1.4291	-0.005506513790042109	0.0032812189937493396	-0.0028099800957108703	1.07527602	30.1549778	0.99396744	0.1487125344945091	0.0449283	0.00097
0.1021	0.462	1.3739	-0.004860741966804208	0.0031119220563058892	-0.0027454029133870805	1.01764405	28.5387516	0.97337386	0.1758822971502572	0.0391939	0.00059
0.0918	0.4514	1.3848	-0.004516912104161324	0.002707005669843205	-0.0026895523773232616	0.99759281	27.97643471	0.91999047	0.07202983925846947	0.0392777	0.00053
0.0948	0.5001	1.4235	-0.004925319149127998	0.002816961412718848	-0.00266860842629933	0.98751569	27.6938324	0.93703644	0.11736533694331236	0.0431473	0.00071
0.0965	0.5165	1.4213	-0.004953244417159907	0.002858849314766712	-0.0026022859147235454	1.08973193	30.56037712	0.95982463	0.027106784082777828	0.0425618	0.00057
0.0864	0.3404	1.1851	-0.0038065630985996326	0.0027052603405912107	-0.0025499260371637153	1.44379199	40.48961639	1.44317536	0.49003150851478017	0.027934	0.00024
0.0619	0.3777	1.1687	-0.0038432150128915135	0.002331759880664424	-0.002621484536495483	1.16474199	32.66395569	1.10790599	0.10228554367752173	0.0247186	8e-05
0.058	0.6706	1.5926	-0.005122541354603357	0.0021921335405048776	-0.003073524812762014	2.35250258	65.97344208	2.60067847	0.814249647906896	0.0736725	0.01551
0.0752	0.709	1.9195	-0.004344124508213886	0.0023876104167282427	-0.00312413936106985	2.28745222	64.14917755	2.60496798	0.4337254135460335	0.112358	0.0295
0.087	0.5568	1.8895	-0.004286528642898074	0.0026511551337793865	-0.0030944687637859463	1.31702292	36.93451309	1.21732854	0.211540558982543	0.10067	0.02032
0.0804	0.5393	1.8692	-0.004363323129985824	0.0023753931119642824	-0.0030281462522101614	1.07622266	30.18152618	0.97410992	0.0653439510239319	0.0963494	0.01767
0.0693	0.6245	1.9312	-0.005047492196767601	0.0021275563581810873	-0.003043854215478111	1.13395691	31.80062103	1.06433705	0.2056856891916462	0.107889	0.02427
0.0691	0.5965	1.9149	-0.004391248398017733	0.002054252529597326	-0.003010692959690218	1.17440212	32.93486404	0.99658027	0.08263544415607614	0.105408	0.02267
0.0521	0.5613	1.9218	-0.00365646478292812	0.0011885692206081383	-0.0031223940318178558	1.06505024	29.86820793	1.02741051	0.14470839981032185	0.107233	0.02525
0.0656	0.5879	1.8942	-0.004595451920501069	0.0017348572764823637	-0.0030578168494940655	1.04753625	29.37704468	1.03382727	0.14519261878854803	0.101738	0.01985
0.0781	0.646	1.9111	-0.005110324049839397	0.0022706733568446224	-0.0030665434957540365	1.10037255	30.85878372	1.03763558	0.14047074279802782	0.104814	0.02233
0.0907	0.5704	1.8329	-0.004527384079673291	0.0024260076602721182	-0.0031293753488258326	1.26607406	35.50570679	1.13799879	0.2064553063332699	0.0929159	0.01462
0.1057	0.5826	1.8134	-0.0037437312455278365	0.0025237460983838006	-0.003153809958353753	1.23572302	34.65454483	1.0563677	0.09199129408925293	0.0911986	0.01458
0.1422	0.5976	1.8242	-0.0037315139407638766	0.003558726344816438	-0.003502875808752619	1.20460415	33.78184891	1.06881074	0.1321131700797733	0.0955646	0.01767
0.1467	0.6184	1.8501	-0.004206243497306334	0.0035918876006043304	-0.00334579617607313	1.14617932	32.14338684	1.02038729	0.08444852225049193	0.0999899	0.01988
0.1206	0.6425	1.8696	-0.004504694799397364	0.0032777283352453507	-0.0032777283352453507	1.22388315	34.32250595	1.07442592	0.10373392041388928	0.101161	0.02013
0.1193	0.5	1.8117	-0.003920009499979264	0.003223623128433527	-0.003269001688985379	1.28545821	36.04931641	1.18753138	0.23407585762449457	0.0902354	0.01465
0.1204	0.482	1.7963	-0.003686135380212024	0.0030525808617380824	-0.0032847096522533284	1.14270413	32.04592896	0.99231443	0.0555312174865318	0.0879569	0.014
0.1192	0.5412	1.8418	-0.004131194339470578	0.0031381019950858045	-0.003242821750205464	1.15264535	32.32471848	1.04038998	0.1345233997327071	0.0937217	0.01717
0.1252	0.5766	1.8312	-0.0041381756564785556	0.003267256359733385	-0.0030979594222899347	1.23029089	34.5022049	1.03390425	0.06604990047855454	0.0931105	0.01639
0.1213	0.5006	1.7978	-0.0037734018428117405	0.0032340951039454926	-0.003089232776029963	1.25885582	35.30327988	1.05851555	0.1336330857857338	0.0885759	0.01447
0.1326	0.5167	1.7891	-0.0036425021489121657	0.0033580134808370897	-0.003134611336581816	1.10027719	30.85610771	0.97145832	0.0511098315671514	0.0886269	0.01499
0.1244	0.565	1.8315	-0.003977605365295077	0.0032969269570172887	-0.0031311206780778272	1.07212162	30.06651688	0.9791443	0.11888401993533491	0.0958994	0.01795
0.1259	0.6158	1.8576	-0.004274311338134113	0.00325329372571743	-0.003078760800517997	1.10119641	30.88188744	0.98033147	0.09803495408493633	0.10024	0.01967
0.1299	0.5215	1.8155	-0.003904301536711315	0.0034313173094208515	-0.003085742117525975	1.14406443	32.08407593	1.06750715	0.1681507351067099	0.0933874	0.01722
0.1277	0.5137	1.8222	-0.003530801076784529	0.0031834805556376572	-0.0030717794835100195	1.14483714	32.10574722	0.96422333	0.048464992386296826	0.0946139	0.01806
0.1196	0.5549	1.869	-0.003932226804743224	0.002935643801854462	-0.0029775317039023265	1.09679568	30.75847435	0.99907767	0.133275513067479	0.10061	0.02152
0.1221	0.603	1.8794	-0.004110250388446646	0.002939134460358451	-0.0029530970943744054	1.13768411	31.90514565	1.01345253	0.07129744258676657	0.102285	0.02189
0.1182	0.5093	1.8442	-0.0034068826998929313	0.002694788365079245	-0.002949606435870417	1.20770037	33.86867905	1.09445885	0.18036022211684533	0.0965167	0.01915
0.1052	0.5348	1.8704	-0.0033981560536329595	0.0022602013813326567	-0.0029862583501622975	1.17975652	33.08502197	1.00759741	0.08869827721492211	0.0989462	0.02005
0.0949	0.6332	1.949	-0.0041608649367544815	0.0021467549799530253	-0.002925171826342496	1.15110493	32.28152084	1.12265535	0.23416209041604769	0.111167	0.02769
0.0954	0.6119	1.9064	-0.003691371367968007	0.0021013764194011725	-0.002858849314766712	1.14787781	32.19101715	1.05000108	0.09345973204570553	0.104976	0.02351
0.0917	0.5639	1.9072	-0.003516838442768574	0.0019233528356977512	-0.0028902652413026098	1.15590549	32.41614532	1.03593415	0.07169862177193756	0.105414	0.02325
0.0865	0.6407	1.9462	-0.003986332011555049	0.0019669860669976093	-0.0028012534494508993	1.10573101	31.00905609	1.04172118	0.1511069295969022	0.113625	0.02888
0.0902	0.6737	1.9448	-0.004185299546282402	0.0022235494670407763	-0.0027558748888990466	1.14252675	32.04095459	1.00859206	0.06314547476611841	0.114825	0.02953
0.093	0.5637	1.9002	-0.0036163222101322505	0.0022410027595607188	-0.002707005669843205	1.19353092	33.47130966	1.10243006	0.18916499238629692	0.10586	0.02363
0.0874	0.5971	1.9259	-0.003661700770684103	0.002038544566329377	-0.0026912977065752563	1.0825448	30.35882378	0.96516631	0.07787723585255718	0.109835	0.02614
0.085	0.67	1.9726	-0.004209734155810323	0.002045525883337354	-0.0026319565120074486	1.13162816	31.73531342	1.02774567	0.1527177948351003	0.118577	0.03297
0.0959	0.601	1.934	-0.003728023282259888	0.0022724186860966175	-0.0026145032194875057	1.19386804	33.4807663	1.05285558	0.15480284844148207	0.109929	0.02661
0.0894	0.5703	1.9545	-0.00364424747816416	0.0019896753472735357	-0.002645919146023404	1.11510217	31.27186012	0.98271983	0.07759675347273531	0.112915	0.02851
0.0774	0.6242	1.9638	-0.0037943457938356727	0.0015027284859671175	-0.0026563911215353696	1.05484188	29.58192444	0.99549549	0.10757585762449484	0.114252	0.02997
0.0878	0.6596	1.9321	-0.004237659423842232	0.0018762289458939042	-0.002565634000431664	1.15176535	32.3000412	1.06786398	0.1228785605518526	0.109995	0.02593
0.105	0.5698	1.9076	-0.003953170755767157	0.0023212879051524586	-0.002584832622203602	1.22834492	34.44763184	1.10183996	0.16893731245527832	0.103556	0.02247
0.1011	0.5904	1.9122	-0.0037594392087957856	0.002064724505109292	-0.0026406831582674204	1.14581132	32.13306427	1.00553083	0.05440727415391781	0.105741	0.02337
0.0963	0.6455	1.9537	-0.004248131399354198	0.002139773662945048	-0.002663372438543347	1.14477861	32.10410309	1.03792046	0.13072153143350476	0.113975	0.02924
0.1054	0.6824	1.9539	-0.00446629755585349	0.0024870941840919192	-0.0026441738167714093	1.1171397	31.32900047	1.00575059	0.0754342649709051	0.116237	0.03065
0.1108	0.5679	1.9112	-0.004057890510886817	0.0026965336943312393	-0.0027104963283471934	1.20910096	33.90795517	1.09595486	0.1968084533390889	0.107176	0.02504
0.1125	0.5767	1.9081	-0.004038691889114879	0.0025272367568877894	-0.0027838001569309555	1.11846566	31.36618423	0.94463265	0.026689969389957668	0.106314	0.02468
0.099	0.6401	1.9587	-0.0046251225177849735	0.0024452062820440558	-0.0027052603405912107	1.10397267	30.95974541	1.00307161	0.16485004599267888	0.114646	0.03012
0.0986	0.6724	1.9669	-0.004686209041604775	0.0023771384412162766	-0.002708750999095199	1.21238875	34.00016022	1.01192141	0.04753225115757847	0.11717	0.03108
0.1164	0.5655	1.9475	-0.003649483465920143	0.0023474678439323734	-0.002501056818107874	1.19338191	33.46713257	1.0955163	0.20780451769779312	0.112475	0.03028
0.1189	0.605	1.9351	-0.0036599554414321086	0.0022200588085367874	-0.002366666465704311	1.13179088	31.7398777	0.99377703	0.06801356816555569	0.111405	0.02826
0.1071	0.6605	1.9707	-0.004237659423842232	0.002022836603061428	-0.002181661564992912	1.14110482	32.00107574	1.05688717	0.15089655442984393	0.117629	0.03338
0.1196	0.6569	1.9375	-0.003946189438759179	0.0022026055160168437	-0.002237512101056731	1.23186791	34.5464325	1.04916391	0.07565447170511418	0.112044	0.02944
0.1219	0.5784	1.9371	-0.003467969223712733	0.002033308578573394	-0.002129301687433082	1.17248976	32.88123322	1.0663477	0.11898637830567724	0.111682	0.02933
0.1185	0.6021	1.9383	-0.0033405601883171464	0.0019233528356977512	-0.00204378055408536	1.15484798	32.38648987	1.00410241	0.04444429558094737	0.112449	0.03044
0.1048	0.683	1.9807	-0.003892084231947355	0.0018744836166419098	-0.0018570303241219666	1.16131783	32.56792831	1.06685345	0.17635717463247225	0.121677	0.03704
0.1117	0.6103	1.9029	-0.0036843900509600297	0.001895427567665842	-0.0019355701404617114	1.24055684	34.79010391	1.15703418	0.1727588974175501	0.107495	0.02629
0.1026	0.5558	1.8967	-0.00325329372571743	0.0016877333866785165	-0.0019355701404617114	1.17892206	33.06162262	1.02180111	0.1017395253114962	0.105694	0.02567
0.1025	0.6204	1.9276	-0.003516838442768574	0.0016929693744344998	-0.0019250981649497454	1.07086027	30.03114319	0.98374989	0.10956263401595456	0.112283	0.02994
0.1051	0.6906	1.9613	-0.00411548637620263	0.002061233846605303	-0.0019198621771937623	1.09027362	30.57556915	1.01714145	0.15510741966804223	0.119262	0.03463
0.1124	0.6081	1.9275	-0.0037053340019839614	0.0020263272615654165	-0.0020717058221172693	1.25833452	35.28865814	1.05492056	0.15344513020910316	0.111939	0.02923
0.1145	0.5987	1.9447	-0.003703588672731967	0.0018762289458939042	-0.0021537362969610025	1.13537061	31.84026718	0.97066369	0.04039370598836206	0.113484	0.03108
0.1114	0.6437	1.9781	-0.003886848244191372	0.0017610372152622785	-0.002078687139125246	1.05474925	29.57932472	0.98753955	0.10017502299633928	0.11901	0.0349
0.1141	0.6995	1.9867	-0.004153883619746505	0.0018901915799098587	-0.0019460421159736775	1.13564384	31.847929	1.0301799	0.09354173816771395	0.121732	0.03626
0.1218	0.5904	1.9236	-0.0036704274169440743	0.001996656664281513	-0.0020525072003453313	1.27452075	35.74258423	1.12602578	0.2147193185772868	0.109424	0.02723
0.1205	0.6042	1.935	-0.0036041049053682902	0.0019268434942017398	-0.0020856684561332234	1.1145407	31.25611305	0.97254974	0.03496484687217247	0.111409	0.02897
0.107	0.6637	1.9788	-0.0041381756564785556	0.0018029251173101424	-0.002038544566329377	1.15320897	32.34052658	1.04134734	0.1520556508902853	0.120037	0.03458
0.111	0.6894	1.9733	-0.004283037984394084	0.0018901915799098587	-0.002124065699677099	1.17717981	33.01276016	1.04843377	0.051082496193148266	0.118934	0.03312
0.119	0.6016	1.9457	-0.0038065630985996326	0.0019216075064457567	-0.0022270401255447643	1.19675219	33.56164932	1.05047646	0.1539432619099008	0.112302	0.02874
0.1158	0.6312	1.9618	-0.0038135444156076103	0.0018849555921538759	-0.002282890661608583	1.10327137	30.94007683	0.97179678	0.053874188368183834	0.114904	0.03059
0.1157	0.7041	1.9967	-0.004391248398017733	0.001996656664281513	-0.002228785454796759	1.13380778	31.79644012	1.02974128	0.14507551306747907	0.121994	0.03627
0.1189	0.6402	1.9548	-0.003940953451003196	0.0021118483949131386	-0.0023230332344044524	1.16017401	32.53585052	1.03498912	0.1419867228626926	0.114248	0.0297
0.116	0.607	1.9459	-0.0037472219040318253	0.0019006635554218248	-0.002366666465704311	1.07754886	30.21871758	0.99042523	0.0674274808881273	0.11162	0.02748
0.0918	0.6514	1.9667	-0.004255112716362175	0.0016720254234105676	-0.0023230332344044524	1.10146773	30.88949585	1.02979035	0.12840810878207315	0.115302	0.02972
0.0963	0.6869	1.9498	-0.004501204140893376	0.0019250981649497454	-0.0023753931119642824	1.13934159	31.95162964	1.02712346	0.08447620218151033	0.114163	0.02867
0.1093	0.5694	1.8929	-0.004118977034706617	0.0020263272615654165	-0.0024853488548399255	1.24358094	34.87491226	1.12746446	0.21707059728390357	0.103542	0.02126
0.1134	0.5879	1.8881	-0.004117231705454623	0.0019757127132575807	-0.002457423586808016	1.16762114	32.74469757	0.97898259	0.03141425727958705	0.103449	0.021
0.1147	0.6457	1.9393	-0.00473682358991261	0.0022026055160168437	-0.0023876104167282427	1.17755687	33.0233345	1.04609178	0.15611489286485136	0.111646	0.02727
0.1159	0.6304	1.9072	-0.004543092042941239	0.0022933626371205488	-0.002432988977280095	1.21061385	33.95038223	1.04403515	0.06509336143134653	0.105395	0.02279
0.1162	0.553	1.8853	-0.004302236606166022	0.0023003439541285265	-0.0025516713664157096	1.16441202	32.65470123	1.03857013	0.11792595714594042	0.100664	0.01971
0.1227	0.577	1.8922	-0.004349360495969869	0.00233001455141243	-0.0026790804018112955	1.10326767	30.93997383	0.95920411	0.04761017612416689	0.102237	0.02064
0.1208	0.6257	1.9388	-0.004651302456564888	0.0023596851486963333	-0.0026389378290154262	1.10040414	30.85966873	1.01548953	0.1157877565337396	0.11038	0.02615
0.129	0.6593	1.9364	-0.00493055513688398	0.002713986986851182	-0.0026790804018112955	1.12079287	31.43144798	1.01081892	0.07788485456349067	0.110586	0.02635
0.1365	0.5715	1.9121	-0.004523893421169302	0.0029914943379182805	-0.0027296949501191318	1.18632138	33.26912689	1.03746166	0.15633918075448064	0.106357	0.02362
0.1486	0.5744	1.9055	-0.004539601384437251	0.003258529713473413	-0.002853613327010729	1.03095281	28.91197968	0.94539062	0.0419330857857339	0.106169	0.02438
0.1535	0.5959	1.9116	-0.004804891430740389	0.003438298626428829	-0.0029181905093345183	0.96894741	27.17310524	0.91470761	0.05798180707911711	0.108447	0.02564
0.1578	0.6432	1.9251	-0.005209807817203074	0.003560471674068432	-0.002975786374650332	1.01095521	28.35116768	0.94605075	0.09433426497090512	0.112375	0.0278
0.1718	0.5672	1.8819	-0.004848524662040247	0.003858922976159462	-0.0030368728984701333	1.12203348	31.46623993	1.02236735	0.169241049053683	0.105233	0.02391
0.174	0.5587	1.881	-0.0046809730538487915	0.003766420525803763	-0.003033382239966145	1.04734719	29.37174416	0.94297455	0.02477723585255712	0.105309	0.02425
0.1742	0.5861	1.8845	-0.0046809730538487915	0.003755948550291797	-0.0029827676916583086	1.02559137	28.76162529	0.93938157	0.03415432619099014	0.106318	0.02446
0.164	0.6636	1.9429	-0.0053058009260627615	0.0035883969421003415	-0.0029792770331543207	1.08257592	30.35969734	1.0575841	0.1858935069454707	0.116289	0.03134
0.1707	0.624	1.905	-0.0050841441110594816	0.0037943457938356727	-0.003029891581462156	1.10906768	31.10263062	1.02746202	0.10811101075232232	0.110788	0.02739
0.1761	0.5966	1.8947	-0.005124286683855352	0.0038275070496235643	-0.0031258846903218446	1.18995738	33.37109375	1.0060858	0.051564846872172505	0.108268	0.02553
0.1807	0.6219	1.9142	-0.004953244417159907	0.003841469683639519	-0.003080506129769991	1.18637133	33.27052689	1.00970826	0.06091917306316249	0.110442	0.02778
0.1833	0.6573	1.8301	-0.005661848093469605	0.004201007509550351	-0.002960078411382383	1.30920064	36.71514511	1.2970786	0.18152846103040676	0.0985245	0.02109
0.1799	0.6725	1.8644	-0.005335471523346666	0.004241150082346221	-0.0032463124087094525	1.30944848	36.72209549	1.22737975	0.08553765701229388	0.104036	0.02453
0.1902	0.7684	2.0399	-0.005103342732831419	0.00420449816805434	-0.003495894491744642	1.83170712	51.36828613	2.11496627	0.3076181393921156	0.140788	0.06048
0.1955	0.834	2.2113	-0.005197590512439113	0.004073598474154764	-0.003488913174736664	1.67579377	46.99586105	1.867238	0.2539064395257626	0.170875	0.08562
0.1855	0.8188	2.203	-0.005258677036258915	0.0038693949516714287	-0.0033196162372932147	1.29973292	36.44963455	1.11017889	0.05522934918732955	0.168258	0.07977
0.1872	0.6652	2.1252	-0.004839798015780276	0.0039287361462392355	-0.00326551103048139	1.35810816	38.08670425	1.27029347	0.25971627109291334	0.149798	0.05995
0.1877	0.6421	2.1143	-0.004911356515112043	0.003958406743523139	-0.003298672286269283	1.15641391	32.43040466	0.98259992	0.041219517620178094	0.145517	0.0566
0.171	0.7149	2.1702	-0.005768313177841259	0.003715805977495928	-0.00318871654339364	1.12567449	31.56834793	1.06034714	0.20587565858160328	0.155172	0.06538
0.1682	0.6855	2.128	-0.005171410573659199	0.0035447637108004834	-0.0031695179216217023	1.23989499	34.7715416	1.06594711	0.11375717463247192	0.148034	0.05844
0.1743	0.6468	2.1251	-0.005014330940979708	0.003687880709464018	-0.0032847096522533284	1.14396381	32.08125305	1.01946771	0.06846941809873244	0.145656	0.05655
0.1635	0.7114	2.1476	-0.005208062487951079	0.0034330626386728466	-0.003387684078120994	1.06701398	29.9232769	0.99983139	0.12547620218151034	0.151351	0.06159
0.1424	0.778	2.1607	-0.005914920835008782	0.0032009338481576006	-0.0033056536032772606	1.08648038	30.4691906	1.03906733	0.1518508806208338	0.153022	0.06297
0.1422	0.7187	2.0498	-0.005213298475707063	0.003227113786937515	-0.0034697145529647274	1.3621192	38.19919205	1.283833	0.21499316238845503	0.133899	0.04513
0.2223	0.5981	2.1003	-0.0065554566704907015	0.004173082241518442	-0.003274237676741362	2.02872396	56.89341736	1.59137673	0.3753801762793966	0.14739	0.06116
0.2207	0.811	2.1259	-0.006679375047382299	0.00426907535037813	-0.0034365532971768345	1.85469925	52.01307678	1.48070485	0.25921135530933825	0.151613	0.06675
