trans_x	trans_y	trans_z	rot_x	rot_y	rot_z	dvars_std	dvars_nstd	dvars_vstd	framewise_displacement	aqi	aor
0.0	-0.0	0.0	-0.0	0.0	-0.0	n/a	n/a	n/a	n/a	0.155092	0.01863
0.0005	0.0264	0.0239	-0.00043458698374658803	-0.00014486232791552936	0.00012042771838760874	1.01485491	36.70571899	0.98924261	0.08579385150248629	0.151731	0.01689
-0.0472	-0.0646	-0.0813	-0.001165879940332212	-0.0009913470151327792	6.806784082777885e-05	1.14936101	41.57059479	1.18024345	0.3254068760681352	0.13774	0.01354
-0.6722	-0.05	-0.5425	-0.014587461888168606	-0.015053464798451092	0.0008377580409572782	3.05870152	110.62846375	2.9319014	2.5134694965642095	0.095452	0.00182
-1.0269	0.2296	-0.8428	-0.02180090768666117	-0.023349014733180143	0.0006422811647339132	2.22141027	80.34494781	2.49818073	1.7198236304722487	0.146655	0.00987
-0.8756	0.3935	-0.7523	-0.019627972767928232	-0.02001892652037496	0.0008761552845011534	1.36353612	49.31697845	1.47363635	0.692544862565268	0.124268	0.00458
-0.7611	0.3944	-0.731	-0.018655824374567385	-0.01772032789549843	0.0013910274138394805	1.02603185	37.10997391	1.10353232	0.32598095737878524	0.116479	0.00332
-0.7098	0.2906	-0.6854	-0.017409659288643436	-0.01668709297831778	0.0013421581947836393	1.00473559	36.33972168	1.05508545	0.3171134611080219	0.104208	0.00198
-0.7433	0.2551	-0.6921	-0.01640784029799869	-0.017373007374351556	0.0009372418083209549	0.96377569	34.85826492	0.9923808	0.18033248865706025	0.103203	0.00177
-0.7516	0.2106	-0.6933	-0.016025613191811935	-0.017516124373015092	0.0008831366015091308	0.99420685	35.9589119	0.99081668	0.08297246558310585	0.102264	0.00159
-0.7299	0.185	-0.672	-0.015767304462516774	-0.017222909058680045	0.0010262536001726657	0.99821883	36.10401917	0.97781328	0.1033320521146872	0.0981244	0.00136
-0.7313	0.0611	-0.6725	-0.014440854231001082	-0.017189747802892154	0.0009808750396208131	0.99137008	35.8563118	1.02572088	0.1960495023927717	0.094794	0.0012
-0.7269	0.0404	-0.6529	-0.013838715639063038	-0.017207201095412093	0.0009773843811168245	0.99051958	35.82555008	0.97793173	0.07585412714809853	0.0915651	0.0012
-0.7179	0.0853	-0.6335	-0.014002776588750506	-0.017009978889936737	0.0010663961729685354	1.01868618	36.84429169	0.9942655	0.09581474735072681	0.0889178	0.00115
-0.713	0.1506	-0.6065	-0.014489723450056924	-0.016861625903517218	0.0011990411961201044	0.99584532	36.01817322	0.99080864	0.13559724354387523	0.0866806	0.00087
-0.7187	0.1231	-0.6243	-0.01372177857917942	-0.016975072304896848	0.0011449359893082802	0.91345263	33.03815842	0.9464526	0.09777482395344787	0.0893611	0.00105
-0.7253	0.1306	-0.6107	-0.01283864197767029	-0.01698379895115682	0.0009686577348568529	0.9590295	34.68660355	0.96640862	0.08110707511102641	0.0877846	0.00104
-0.7183	0.1668	-0.5864	-0.012683307674242791	-0.016856389915761234	0.001117010721276371	0.94186568	34.06581497	0.96120133	0.08905481626213009	0.0852037	0.00094
-0.7017	0.2103	-0.6284	-0.013109168011729408	-0.01645845484630653	0.0012636183784438947	0.99168259	35.86761475	0.97798486	0.1506201532054422	0.091729	0.00125
-0.7045	0.1138	-0.6431	-0.012196360812936374	-0.01649510676059841	0.0012671090369478833	0.91837335	33.21613312	0.96095998	0.1616474885794452	0.090717	0.00129
-0.7039	0.0933	-0.6167	-0.011690215329858018	-0.01658411855245012	0.001244419756671957	0.96259475	34.81555176	0.97641994	0.07839232776029961	0.0868779	0.00123
-0.6985	0.1081	-0.589	-0.01175479251218181	-0.016451473529298547	0.001270599695451872	0.9911983	35.85009766	0.99214598	0.05907010721276392	0.0830575	0.00094
-0.6911	0.0953	-0.5902	-0.012199851471440362	-0.016261232640831166	0.001322959573011702	0.96339977	34.84466934	0.97424764	0.05578298626428812	0.0837605	0.00082
-0.7017	0.011	-0.5991	-0.011267845650875392	-0.016243779348311223	0.0011327186845443199	0.95883071	34.67941284	0.98526787	0.1607850000776147	0.0849868	0.00102
-0.7163	-0.0003	-0.5648	-0.01053306203578578	-0.016566665259930176	0.0010733774899765126	0.99939215	36.14645767	0.97807548	0.11605053606381864	0.0807351	0.00096
-0.7049	0.0616	-0.5671	-0.010814060045356866	-0.016514305382370347	0.0011152653920243766	1.04084766	37.64583969	0.96638171	0.09436228945893912	0.0821956	0.00093
-0.6936	0.0822	-0.5658	-0.01075122819228507	-0.016465436163314504	0.0012426744274199627	0.9928723	35.91064453	0.97311408	0.04515550537616133	0.0825209	0.00102
-0.7	0.0197	-0.5439	-0.00966737872679659	-0.01638689634697476	0.0011379546723003027	0.99027598	35.81673813	0.9794342	0.15415545184739407	0.0791218	0.00092
-0.7128	0.0526	-0.5373	-0.00932005820564972	-0.016409585627250686	0.0009948376736367678	0.98264378	35.54069519	0.97240679	0.07795634000431667	0.0794028	0.00114
-0.6988	0.0956	-0.4878	-0.009642944117268671	-0.015858061583620478	0.0009494591130849152	0.98689836	35.69457626	0.9793494	0.15248942579005056	0.0744949	0.00068
-0.6899	0.0834	-0.4545	-0.0091717052192302	-0.015601498183577313	0.0008447393579652555	0.99090528	35.83950043	0.96167022	0.09602610266006477	0.0714323	0.00068
-0.6962	0.0372	-0.4525	-0.008422958970124635	-0.01559626219582133	0.0006335545184739417	0.94770169	34.27689362	0.9605468	0.10275835381764326	0.070518	0.00078
-0.688	0.0206	-0.4365	-0.008361872446304834	-0.015257668320934429	0.0008011061266653974	0.98252916	35.53654861	0.96260597	0.06916160034490793	0.0698329	0.00069
-0.6894	0.005	-0.4644	-0.007756243195862801	-0.015575318244797397	0.0008761552845011534	1.03167176	37.31396103	0.99640386	0.09481641660703792	0.0712161	0.00079
-0.6988	-0.0143	-0.5737	-0.007606144880191289	-0.015957545350984155	0.0009442231253289323	1.0288043	37.21024704	1.02690765	0.1680196631343024	0.0830822	0.00148
-0.6755	0.0664	-0.5347	-0.008243190057169218	-0.015353661429794118	0.0010053096491487337	0.95438015	34.51844406	0.98543249	0.2081007810993884	0.0811843	0.00119
-0.6709	0.0193	-0.5552	-0.007340854833888149	-0.015182619163098673	0.0007888888219014368	0.87865347	31.77952576	0.93982925	0.1366899158611906	0.0839695	0.00141
-0.6781	-0.0059	-0.5188	-0.006508332780686855	-0.015098843359002943	0.0006963863715457374	0.95788348	34.64515305	0.96898015	0.11924001538263614	0.082848	0.00143
-0.6738	0.0116	-0.5062	-0.006352998477259359	-0.015009831567151233	0.0007155849933176752	0.97060692	35.10533905	0.95576501	0.04757723585255728	0.0817721	0.00132
-0.6648	0.067	-0.489	-0.007143632628412791	-0.014936527738567473	0.0005515240436302081	1.05455256	38.14152145	1.0002489	0.132999946471233	0.0812841	0.00125
-0.6652	0.0169	-0.5439	-0.0071802845427046715	-0.015042992822939125	0.000705113017805709	1.04242647	37.70294189	1.00989254	0.12023529864195177	0.086553	0.00166
-0.6477	-0.0157	-0.5194	-0.00721170046924057	-0.014755013496360062	0.0006475171524898963	1.05384207	38.11582565	1.03085536	0.09344955592153872	0.0866069	0.00168
-0.6466	0.0067	-0.5227	-0.006979571678725324	-0.014477506145292963	0.0005619960191421741	1.01742649	36.79873276	0.98844934	0.056557863746503526	0.0882528	0.00185
-0.6484	0.0427	-0.492	-0.007513642429835589	-0.01465378439974439	0.0007487462491055673	0.95468563	34.52949142	0.96121618	0.11335496177625438	0.0829803	0.00145
-0.6565	0.0494	-0.5285	-0.007902850853030323	-0.014870205226991689	0.0007801621756414653	0.97863424	35.39567566	0.94584107	0.08315225884889647	0.0864947	0.0016
-0.6692	-0.0139	-0.5573	-0.006843435997069766	-0.015074408749475025	0.0006719517620178169	0.96486866	34.89779663	0.99317677	0.1733914396033771	0.0865523	0.00188
-0.6462	-0.0139	-0.6225	-0.007316420224360229	-0.014386749024189257	0.0009372418083209549	0.9781431	35.37791061	1.00826895	0.15949669994396848	0.0937893	0.00252
-0.5778	0.0743	-0.4743	-0.008826130027335325	-0.011922344120373267	0.0008639379797371932	1.12561321	40.71167755	1.16281043	0.5071709267687424	0.0788443	0.00116
-0.5811	0.0611	-0.4246	-0.008995426964778775	-0.011796680414229672	0.0006161012259539982	0.91988134	33.27067566	0.97399348	0.093339869868512	0.0719844	0.00078
-0.5771	0.0124	-0.3732	-0.008375835080320788	-0.011472049173358728	0.0006056292504420323	0.88968807	32.17863083	0.95085536	0.1518347550420448	0.0675026	0.00063
-0.5575	0.062	-0.2977	-0.008686503687175778	-0.010974630336540345	0.0002129301687433082	1.02342927	37.01584244	1.03774958	0.20473932626860475	0.0636339	0.00048
-0.5721	0.1152	-0.0209	-0.008997172294030768	-0.011602948867258303	-0.00039793506945470715	1.9516108	70.58672333	2.05846054	0.4220926187885483	0.0930508	0.01377
-0.5485	0.0655	0.0993	-0.00684518132632176	-0.01100953692158023	-0.0009616764178488756	2.45619488	88.83673859	2.56605874	0.35895721308906253	0.065477	0.00142
-0.5062	0.0049	-0.0854	-0.004960225734167885	-0.010173524209874947	-0.0007173303225696694	1.33210814	48.18027496	1.32440703	0.4358657199569183	0.0625232	0.00017
-0.4976	0.0329	-0.0464	-0.005215043804959057	-0.010089748405779218	-0.00048520153205442357	0.88064504	31.85155869	0.94461208	0.10413613327010732	0.0595561	0.00012
-0.5057	-0.0374	-0.0944	-0.004593706591249075	-0.010402162341886203	-0.0005393067388662478	0.86289251	31.20947647	0.92854066	0.17579281783143955	0.0613402	0.00023
-0.5008	-0.0764	-0.1028	-0.003867649622419434	-0.010236356062946742	-0.00046949356878647465	0.90558815	32.7537117	0.95024793	0.10038382089244378	0.0649136	0.00035
-0.5015	-0.052	-0.1033	-0.004148647631990522	-0.010327113184050447	-0.0004572762640225143	0.94834888	34.3003006	0.95544796	0.044798621771937594	0.0645176	0.00029
-0.4998	0.0078	-0.0302	-0.004970697709679851	-0.010423106292910135	-0.0004363323129985824	0.99516374	35.99352264	0.98804932	0.18154935687864732	0.0597469	0.00011
-0.4876	-0.0358	-0.0528	-0.004590215932745087	-0.010152580258851015	-0.00048171087355043494	0.93631458	33.86503983	0.95206411	0.11321931857728688	0.0618601	0.00019
-0.4867	-0.0504	-0.0378	-0.0037245326237558994	-0.01007753110101526	-0.0006632251157578452	0.92832637	33.57611847	0.94793359	0.08661233545161763	0.0657919	0.00026
-0.4889	-0.0258	-0.0698	-0.0038798669271833948	-0.010122909661567111	-0.00047822021504644627	0.96961313	35.06939697	0.98265472	0.07808588823453728	0.0669051	0.0004
-0.4785	-0.0035	-0.0562	-0.004794419455228423	-0.010042624515975372	-0.0002670353755551324	0.99358225	35.93632126	1.00571409	0.10660112565640407	0.0621021	0.00015
-0.484	-0.0526	-0.0816	-0.003965388060531117	-0.010152580258851015	-0.0002617993877991494	0.90630871	32.77977371	0.94059622	0.12721115626644663	0.0649163	0.00034
-0.4913	-0.0467	-0.0954	-0.0034330626386728466	-0.010325367854798453	-0.00026878070480712676	0.88235527	31.91341591	0.93273696	0.0626047167406843	0.0670859	0.0004
-0.5144	-0.0043	-0.0559	-0.004363323129985824	-0.010560987303817687	-0.000317649923862968	0.99499607	35.98745728	1.00779049	0.1657374579694026	0.0618827	0.00026
-0.516	-0.0131	-0.1029	-0.0045588000062091886	-0.010868165252168691	-0.00017627825445142725	0.94483089	34.17306137	0.98270996	0.08960132469929552	0.0607298	0.00021
-0.5147	-0.0857	-0.1418	-0.0035517450278084606	-0.010588912571849598	-0.0002303834612632515	0.9181639	33.20855713	0.96745669	0.17982064327658223	0.0662653	0.00047
-0.5213	-0.0743	-0.1166	-0.0032044245066615894	-0.010817550703860854	-0.00018151424220741024	0.96488357	34.8983345	0.97457433	0.07444139361069836	0.0670378	0.0004
-0.5127	0.0047	-0.0672	-0.004272566008882118	-0.010754718850789057	-0.00029496064358704166	1.09246957	39.51292038	0.98947635	0.19922098783359776	0.0635605	0.00015
-0.5249	-0.0463	-0.1002	-0.004263839362622147	-0.011187560505283653	-0.000322885911618951	1.02059507	36.91333389	1.00559123	0.1196746784393238	0.0641003	0.00026
-0.5169	-0.1082	-0.1203	-0.003649483465920143	-0.011061896799140061	-0.00039269908169872416	0.98746485	35.715065	0.9900548	0.13049163864626845	0.0664123	0.00042
-0.5206	-0.1069	-0.1126	-0.0034627332359567498	-0.010896090520200599	-0.00040840704496667313	1.01311421	36.64276123	0.98246595	0.031113223608540182	0.0680141	0.00054
-0.5255	-0.077	-0.0836	-0.0034609879067047556	-0.011028735543352168	-0.00042760566673861073	1.03085816	37.28453445	0.97340246	0.07147944870877511	0.0666096	0.00039
-0.5213	-0.0231	-0.0618	-0.003916518841475275	-0.011039207518864133	-0.00045902159327450867	1.12150824	40.56320572	0.97097687	0.10477094184091904	0.0662717	0.00039
-0.5274	-0.0658	-0.0885	-0.003298672286269283	-0.011037462189612138	-0.0005288347633542819	1.04405427	37.76181793	0.98532645	0.10997025272688798	0.0687549	0.00053
-0.5328	-0.0768	-0.0816	-0.002778564169174973	-0.011098548713431942	-0.0005305800926062762	0.99592233	36.02095795	0.96675817	0.052446998508305455	0.0707023	0.00051
-0.545	-0.0549	-0.0681	-0.00312413936106985	-0.011229448407331515	-0.0005654866776461627	1.02541018	37.08749008	0.97283166	0.07316907354171685	0.0688366	0.00044
-0.5321	-0.0099	-0.0302	-0.0038571776469074684	-0.011061896799140061	-0.00046949356878647465	0.96833926	35.02332306	0.96504403	0.14562915014443803	0.0641257	0.00029
-0.5414	-0.0461	-0.0666	-0.0037419859162758423	-0.011273081638631376	-0.00047822021504644627	0.96502036	34.90328217	0.95425339	0.0986551608191456	0.0650071	0.00035
-0.5486	-0.1041	-0.0773	-0.0029269171555944902	-0.01147728516111471	-0.0005759586531581287	0.95252621	34.45138931	0.95724461	0.13175053606381842	0.0679443	0.00046
-0.5466	-0.0931	-0.0866	-0.0025761059759436306	-0.011381292052255023	-0.000486946861306418	0.94198543	34.07014465	0.9542167	0.049090804018112895	0.0697693	0.00049
-0.5428	-0.0459	-0.0657	-0.003164281933865719	-0.011383037381507017	-0.000312413936106985	0.97369516	35.2170372	0.97715379	0.1101227106186758	0.0661554	0.00032
-0.5389	-0.043	-0.0855	-0.0032916909692613052	-0.011287044272647331	-0.0002652900463031381	0.95282829	34.46231461	0.96433365	0.04012630170295589	0.0657933	0.0004
-0.5343	-0.105	-0.1111	-0.002408554367752175	-0.011075859433156017	-0.00028797932657906436	0.9642942	34.87701797	0.96285466	0.14805053606381863	0.0707971	0.00064
-0.5372	-0.1006	-0.1031	-0.002118829711921116	-0.011095058054927952	-0.0002670353755551324	0.93149388	33.69068146	0.94720632	0.03179336143134636	0.0718442	0.00066
-0.5361	-0.0401	-0.0645	-0.002769837522915001	-0.011281808284891344	-0.00017802358370342162	1.05680966	38.22315979	0.98579798	0.14653849164044935	0.0691007	0.00037
-0.5428	-0.0883	-0.1169	-0.0023998277214922034	-0.011290534931151317	-0.0003159045946109737	1.00239265	36.25498199	0.98834226	0.1331308729295161	0.071937	0.00062
-0.5446	-0.112	-0.1303	-0.0018465583486100008	-0.011014772909336213	-0.00035430183815484887	1.01162422	36.588871	0.9729592	0.0822714319120591	0.0762907	0.00084
-0.5336	-0.0799	-0.0951	-0.002155481626212997	-0.010857693276656723	-0.00028099800957108706	1.01777065	36.81118011	0.96693548	0.10526533694331237	0.073551	0.00065
-0.5351	-0.0478	-0.0915	-0.0026319565120074486	-0.011114256676699892	-0.0002740166925631097	1.07384706	38.83937454	0.95943811	0.07420098014227992	0.0725068	0.00059
-0.5357	-0.1108	-0.1146	-0.002209586833024821	-0.011004300933824247	-0.0003316125578789226	1.01692796	36.78070068	0.99143042	0.1161960643587042	0.0747196	0.00082
-0.5475	-0.1062	-0.102	-0.0016772614111665507	-0.011178833859023681	-0.0003089232776029963	0.97652799	35.31949615	0.97020784	0.06547738136668156	0.0765174	0.0008
-0.5428	-0.083	-0.0737	-0.0019285888234537342	-0.010999064946068265	-0.0002617993877991494	0.99359995	35.93696213	0.98130712	0.08011101075232238	0.0737488	0.00062
-0.5426	-0.0494	-0.1071	-0.0023073252711365037	-0.011020008897092195	-0.0002705260340591211	0.97942472	35.42426682	0.98576913	0.08762035224833357	0.072612	0.0007
-0.5488	-0.11	-0.1109	-0.0019233528356977512	-0.011103784701187924	-0.0003630284844148205	0.95164943	34.41967773	0.96207412	0.09861253449450899	0.0736318	0.00069
-0.5489	-0.1048	-0.1304	-0.0015882496193148398	-0.011325441516191205	-0.0003001966313430247	0.91571516	33.1199913	0.94288581	0.05577959422289948	0.0755084	0.00077
-0.552	-0.0523	-0.0955	-0.0025551620249196984	-0.011356857442727103	-0.000307177948351002	0.99762195	36.08243179	0.98641004	0.14076548245743667	0.0694362	0.00045
-0.5594	-0.0993	-0.1499	-0.002363175807200322	-0.011625638147534229	-0.0003717551306747922	0.98751229	35.71678162	0.98601243	0.13506720524251456	0.0714543	0.00067
-0.577	-0.1355	-0.1634	-0.0018046704465621369	-0.011950269388405174	-0.0004921828490624009	0.96326965	34.83996201	0.96200417	0.1174782159948369	0.0742562	0.00082
-0.5771	-0.1016	-0.1527	-0.0017523105690023068	-0.012046262497264863	-0.00035430183815484887	0.98190743	35.51406097	0.95839235	0.05901169986635356	0.0748658	0.00073
-0.5615	-0.0543	-0.109	-0.0024870941840919192	-0.011716395268637934	-0.00033684854563490564	1.0446111	37.78195572	0.96469643	0.1607052068118242	0.0724294	0.00055
-0.5696	-0.0965	-0.1377	-0.0024120450262561633	-0.011833332328521556	-0.00048171087355043494	1.02306378	37.00262451	1.00444177	0.09584242728174533	0.0743673	0.00069
-0.564	-0.1241	-0.1462	-0.001647590813882647	-0.011761773829189788	-0.0004974188368183839	1.0212096	36.93555832	0.98671806	0.08428603374866173	0.0784782	0.00085
-0.5722	-0.1119	-0.158	-0.0017575465567582897	-0.011861257596553463	-0.00041538836197465044	1.01147676	36.58353806	0.97038149	0.046773499254152674	0.077707	0.00093
-0.5574	-0.0569	-0.1042	-0.0027558748888990466	-0.011547098331194484	-0.0003577924966588376	1.02039611	36.90613556	0.98046991	0.19210417314077743	0.0710818	0.00058
-0.5671	-0.0767	-0.112	-0.002829178717482808	-0.011878710889073406	-0.0004799655442984406	0.97620261	35.30772781	0.98955444	0.06365447170511437	0.071277	0.00062
-0.5582	-0.1126	-0.1428	-0.0018727382873899156	-0.011459831868594766	-0.0005672320068981572	0.96793586	35.00873184	0.99096601	0.1487292956585625	0.0755603	0.00081
-0.5486	-0.1041	-0.1282	-0.0015184364492350666	-0.011358602771979098	-0.0004310963252425994	0.92009515	33.27840805	0.95344311	0.0622833308213038	0.0766706	0.00071
-0.5496	-0.0391	-0.0751	-0.002898991887562581	-0.011468558514854739	-0.0005166174585903216	0.99115485	35.848526	0.99421927	0.19790161572754392	0.0687801	0.00037
-0.5554	-0.1021	-0.1292	-0.0026075219024795284	-0.0116343647937942	-0.0005846852994181004	0.92414868	33.42501831	0.96576524	0.14916720524251464	0.0700526	0.00059
-0.5443	-0.1169	-0.1334	-0.0016947147036864942	-0.011465067856350753	-0.000726056968829641	0.9401595	34.00410461	0.96686407	0.09127379028240105	0.076336	0.00075
-0.5498	-0.0988	-0.1386	-0.0013404128655316449	-0.011313224211427244	-0.0007819075048934597	1.01505601	36.71299362	0.97446304	0.056899800957108816	0.0799478	0.00085
-0.5368	-0.0407	-0.0993	-0.0018971728969178364	-0.011374310735247044	-0.0005759586531581287	1.04091179	37.64815903	0.98788406	0.15158977034706603	0.0762262	0.0006
-0.5438	-0.0823	-0.1256	-0.0014748032179352085	-0.011402236003278955	-0.0005375614096142535	0.97383481	35.22208786	0.95516893	0.09933460952792057	0.0796542	0.00078
-0.5449	-0.1221	-0.1203	-0.0007155849933176752	-0.01131147888217525	-0.0006562437987498679	0.94806343	34.28997803	0.96434448	0.09463288674284276	0.0837151	0.00103
-0.5467	-0.1126	-0.1211	-0.0006527531402458793	-0.01124341104134747	-0.0006894050545377602	1.01471746	36.70074844	0.97059023	0.020303047484373248	0.0833381	0.00099
-0.5409	-0.0696	-0.0927	-0.001509709802975095	-0.01117010721276371	-0.0005044001538263612	1.03673863	37.49721909	0.98747742	0.13296326960121868	0.0777968	0.00067
-0.5541	-0.1122	-0.1176	-0.0013700834628155487	-0.011482521148870694	-0.0005497787143782138	0.99598318	36.02315903	0.97049434	0.10557094184091914	0.0777505	0.00089
-0.5617	-0.1456	-0.104	-0.0006684611035138282	-0.011611675513518273	-0.0005724679946541401	0.97217524	35.1620636	0.97067904	0.09727330021126125	0.0810071	0.00093
-0.5575	-0.115	-0.1	-0.0008028514559173916	-0.011568042282218416	-0.0005410520681182421	0.93556374	33.837883	0.93972765	0.049271975511965896	0.0803583	0.00079
-0.5453	-0.0734	-0.0792	-0.001481784534943186	-0.011554079648202462	-0.0004328416544945937	0.99713588	36.06484985	0.98313312	0.1146553063332698	0.076375	0.00064
-0.5488	-0.1366	-0.1017	-0.0009075712110370514	-0.01147728516111471	-0.0005044001538263612	0.94555444	34.19923019	0.96194451	0.12532831551628262	0.0787717	0.0008
-0.5583	-0.1484	-0.1137	-0.0007452555906015787	-0.011459831868594766	-0.0005305800926062762	0.9878844	35.73023987	0.96679345	0.04359744258676668	0.0804998	0.0009
-0.5543	-0.1214	-0.105	-0.0011274826967883368	-0.011466813185602744	-0.0003438298626428829	1.02261567	36.98641586	0.97385989	0.06849793265790652	0.0783002	0.00083
-0.548	-0.0807	-0.1031	-0.001556833692778942	-0.011566296952966421	-0.000312413936106985	0.98517793	35.63235092	0.9555566	0.07691253449450897	0.0764506	0.00077
-0.5491	-0.1265	-0.1151	-0.0009459684545809266	-0.011526154380170553	-0.00041189770347066176	0.9720186	35.15639877	0.98137628	0.096424578917878	0.0813224	0.0011
-0.5488	-0.1423	-0.0972	-0.0007347836150896127	-0.011377801393751033	-0.00038397243543875244	1.00313687	36.2818985	0.98991831	0.05337315469713724	0.0819506	0.00108
-0.5624	-0.0583	0.0271	-0.0024277529895241124	-0.011763519158441782	-0.00043458698374658803	1.09610534	39.64442062	1.085361	0.3283650843716543	0.0718204	0.0004
-0.7079	0.1225	0.2804	-0.01466600170450835	-0.015856316254368483	-0.0015132004614790836	2.2656796	81.94609833	2.05964092	1.4500829644321716	0.0592378	0.00393
-0.9582	0.8166	1.7364	-0.042318998373106514	-0.02175203846760533	-0.0016458454846306526	4.16070223	150.4861145	3.76547809	4.084468195249328	0.217653	0.05309
-0.9028	0.3773	0.6955	-0.03237236696599082	-0.020552997271485223	-0.0012356931104119853	3.33130908	120.48825836	3.10986524	2.113391248872724	0.0946531	0.00544
-0.8794	0.2717	0.1187	-0.023994786556418044	-0.019727456535291905	-0.0011641346110802177	2.36724424	85.61953735	2.11159062	1.1695339822548931	0.0445922	0.00022
-0.8657	0.2962	0.1132	-0.02248158609493896	-0.019291124222293322	-0.0010629055144645468	1.12850034	40.81609726	1.06910569	0.14623809355466683	0.0359346	7e-05
-0.8698	0.1885	0.082	-0.020495401406169407	-0.019296360210049306	-0.0012164944886400475	1.07766449	38.97744751	1.03944405	0.25025048253505194	0.0319018	0.0
-0.8749	0.1763	0.1237	-0.019607028816904296	-0.01913229926036184	-0.0013735741213195373	1.08711088	39.31910706	1.02324086	0.11947565858160324	0.0301111	1e-05
-0.8692	0.1908	0.1564	-0.018915878433114545	-0.01915673386988976	-0.0012356931104119853	1.03039587	37.26781464	0.98427901	0.0955733002112611	0.0279484	1e-05
-0.8555	0.2423	0.207	-0.019704767255015982	-0.018811158677994884	-0.0013159782560037243	1.09741414	39.69176102	0.98221621	0.1765374579694025	0.0285081	3e-05
-0.8719	0.1657	0.1802	-0.01910437399232993	-0.01913578991886583	-0.0012409290981679683	1.06002343	38.33939362	0.99198859	0.16980368306963767	0.0281678	1e-05
-0.8866	0.1231	0.2059	-0.018001325905069518	-0.019085175370557993	-0.0013404128655316449	1.05629373	38.20449829	1.00309012	0.14565732014659638	0.0274521	0.0
-0.8951	0.1281	0.2252	-0.017420131264155404	-0.019360937392373097	-0.0013456488532876281	0.98808658	35.73755264	0.96083708	0.07590963252426	0.0267869	2e-05
-0.8812	0.1824	0.2457	-0.01804321380711738	-0.01933475745359318	-0.0011205013797803594	1.01972079	36.88171005	0.97147506	0.132420497762458	0.026991	1e-05
-0.8728	0.1349	0.2203	-0.01754754029955099	-0.019142771235873806	-0.0010210176124166828	0.98889714	35.76686859	0.97191143	0.12065717463247208	0.0268235	1e-05
-0.8719	0.0921	0.2501	-0.01639038700547875	-0.019029324834494175	-0.0011763519158441782	0.97915661	35.41456985	0.98001137	0.1447966999439683	0.0273814	0.0
-0.8732	0.1302	0.2447	-0.016095426361891707	-0.018872245201814686	-0.0013037609512397642	0.95286089	34.46349335	0.95901837	0.07377246558310582	0.0282318	1e-05
-0.8584	0.1797	0.2814	-0.01652477735788231	-0.01883908394602679	-0.001129228026040331	0.95367408	34.49290466	0.9528729	0.1328522588488965	0.027637	0.0
-0.8639	0.1379	0.2728	-0.016044811813583873	-0.018971728969178363	-0.001048942880448592	1.01420105	36.68207169	1.01021187	0.09054478565208739	0.0284193	8e-05
-0.8633	0.1082	0.2776	-0.014922565104551517	-0.018774506763703007	-0.0012479104151759456	0.94177687	34.062603	0.9718566	0.11102182246175332	0.0314201	0.00013
-0.854	0.132	0.2954	-0.014599679192932567	-0.01860520982625955	-0.0013124875974997359	0.95212251	34.43678665	0.95913355	0.07873800156930978	0.0323554	0.00012
-0.8545	0.1637	0.3298	-0.014866714568487698	-0.01861568180177152	-0.0012793263417118436	0.99283719	35.90937424	0.97321098	0.08213343034274959	0.032631	7e-05
-0.8558	0.0803	0.3131	-0.013789846420007199	-0.01849525408338391	-0.0014765485471872027	0.9849326	35.62347794	0.9794671	0.1711259036171733	0.0331717	7e-05
-0.8587	0.0509	0.3239	-0.012749630185818579	-0.01810779098944117	-0.001706932008450454	1.02182472	36.95780945	0.98563302	0.1260031394697306	0.0360505	6e-05
-0.8664	0.0825	0.3448	-0.013171999864801205	-0.018490018095627926	-0.0016807520696705393	0.97697836	35.33578491	0.95989509	0.10173883619746477	0.0352124	7e-05
-0.8533	0.106	0.3494	-0.013480923142404202	-0.018423695584052144	-0.0015306537539990272	1.04564953	37.81951523	0.95278651	0.06746720524251457	0.0361022	7e-05
-0.8432	0.0208	0.3242	-0.012238248714984239	-0.018214256073812825	-0.0016493361431346415	0.99214786	35.88444138	0.97678095	0.1990398163397448	0.03771	5e-05
-0.8496	0.0368	0.3272	-0.011615166172022264	-0.018448130193580062	-0.0017558012275062952	0.96946394	35.06399918	0.96169717	0.0735710873550433	0.0403903	6e-05
-0.8422	0.0844	0.3651	-0.012224286080968285	-0.018219492061568806	-0.0015987215948268059	1.00700951	36.42196655	0.966273	0.14264188368183836	0.0390202	8e-05
-0.8386	0.0996	0.3562	-0.01219461548368438	-0.018222982720072795	-0.0015376350710070042	0.94964194	34.34706879	0.9453976	0.032412388980384704	0.0384026	6e-05
-0.8406	0.0359	0.3718	-0.011590731562494343	-0.017933258064241737	-0.0017715091907742446	0.96385944	34.86129379	0.95918038	0.13767413483941676	0.0407542	7e-05
-0.8364	0.0646	0.3776	-0.011611675513518273	-0.017711601249238453	-0.0018849555921538759	0.93972361	33.98833847	0.93401497	0.056502358370342246	0.040638	6e-05
-0.8198	0.0991	0.3914	-0.01180715238974164	-0.017748253163530334	-0.0016999506914424768	0.99626106	36.03321075	0.96885315	0.08575668456133237	0.0416836	7e-05
-0.792	0.0624	0.3686	-0.011356857442727103	-0.016938420390604968	-0.0016807520696705393	0.98833847	35.74666214	0.96917853	0.15126631708559196	0.0410938	5e-05
-0.7886	0.0232	0.3508	-0.010754718850789057	-0.01666091303953787	-0.0019303341527057286	0.97409403	35.23146439	0.95890679	0.11686140130201676	0.0428959	7e-05
-0.7855	0.0224	0.3125	-0.010372491744602301	-0.016481144126582453	-0.0018448130193580064	0.99863112	36.11893082	0.97165065	0.07457585762449473	0.0418093	6e-05
-0.7751	0.0756	0.3451	-0.010887363873940627	-0.016575391906190146	-0.0016824973989225337	0.95540082	34.55535889	0.95344905	0.13477177646907457	0.0398887	6e-05
-0.7706	0.0375	0.3093	-0.010547024669801732	-0.016435765566030602	-0.0016982053621904826	0.9940303	35.95252609	0.94564818	0.1031836753783194	0.0404032	8e-05
-0.7625	-0.0033	0.3001	-0.009864600932271952	-0.016203636775515357	-0.0019093902016817967	0.98764354	35.7215271	0.9621913	0.114386868376817	0.0426211	7e-05
-0.7566	0.0151	0.2869	-0.010189232173142895	-0.016114624983663645	-0.0020594885173533086	0.98653185	35.68132019	0.96818177	0.0656870674197083	0.0412986	7e-05
-0.7279	0.056	0.2906	-0.010311405220782499	-0.015720180572712926	-0.001762782544514273	1.00805819	36.45989227	0.97555341	0.11396617157146798	0.0411798	7e-05
-0.6771	0.0996	0.361	-0.011622147489030243	-0.014393730341197234	-0.0023928464044842257	1.06073022	38.36495972	1.05506296	0.3281628179866693	0.0446488	0.0003
-0.6442	0.0737	0.4078	-0.0126501464184549	-0.013393656679804486	-0.002823942729726825	1.01160717	36.58825302	1.00943649	0.22855844580300033	0.0477583	0.00047
-0.6356	0.072	0.3705	-0.012208578117700335	-0.013081242743697501	-0.002535963403147761	0.93711829	33.89410782	0.95800806	0.09969807817203062	0.0455109	0.00045
-0.6438	0.1394	0.42	-0.012288863263292073	-0.013857914260834978	-0.002022836603061428	1.00136173	36.21769333	0.98321949	0.19360417314077727	0.0479214	0.00037
-0.5982	0.0641	0.4278	-0.011885692206081384	-0.013582152239019872	-0.001239183768915974	0.96444964	34.88264084	0.98056088	0.20182929565856247	0.0518391	0.00044
-0.597	0.0421	0.4513	-0.011398745344774966	-0.013187707828069155	-0.0017505652397503124	0.9276247	33.55073929	0.96613413	0.11633863715457364	0.0549774	0.00059
-0.6408	0.0565	0.413	-0.010918779800476527	-0.013692107981895515	-0.002134537675189065	1.06699479	38.59153748	1.07063692	0.1649169066781776	0.049346	0.00018
-0.721	0.125	0.4516	-0.01161865683052625	-0.014875441214747669	-0.0026616271092913526	1.06805432	38.62985992	1.06325279	0.30781498485020814	0.047136	2e-05
-0.7809	0.2192	0.4049	-0.011208504456307583	-0.015296065564478304	-0.0031311206780778272	1.03699076	37.50634003	1.06107837	0.2658135146367889	0.0459634	2e-05
-0.7564	0.2132	0.3597	-0.010416124975902158	-0.014905111812031574	-0.0025638886711796703	0.95400399	34.50483704	0.98664587	0.16322826198751558	0.0454044	2e-05
-0.7505	0.2546	0.3961	-0.011011282250832225	-0.015179128504594684	-0.002267182698340634	0.97013777	35.08837128	0.95246962	0.14199399701661064	0.0457538	1e-05
-0.7472	0.2627	0.4143	-0.01069014166846527	-0.015128513956286848	-0.0025342180738957666	0.98727524	35.70820618	0.94983624	0.06153952531149618	0.0492031	2e-05
-0.7471	0.2901	0.4726	-0.010841985313388773	-0.015385077356330015	-0.002457423586808016	0.98755157	35.71820068	0.9786931	0.1100600766027211	0.0533745	2e-05
-0.7345	0.1861	0.4217	-0.0097878064451842	-0.014905111812031574	-0.0024801128670839424	0.95450282	34.52288055	0.97648811	0.245341684638947	0.0503263	2e-05
-0.7171	0.1701	0.4055	-0.009391616704981487	-0.01440769297521319	-0.002457423586808016	0.95169038	34.42115784	0.95550581	0.09541489286485128	0.0515283	3e-05
-0.7012	0.1638	0.386	-0.009368927424705562	-0.014119713648634126	-0.0025062928058638572	0.98863167	35.757267	0.97083755	0.05967689129554141	0.0492457	4e-05
-0.7037	0.2093	0.431	-0.010044369845227366	-0.014137166941154071	-0.002494075501099897	1.00155783	36.22478485	0.97570078	0.12825565089028543	0.0513219	4e-05
-0.711	0.2156	0.467	-0.010199704148654861	-0.014472270157536982	-0.002333505209916419	0.96294701	34.82829285	0.95575647	0.08215039054969422	0.0521704	3e-05
-0.716	0.1499	0.4525	-0.009353219461437613	-0.01451241273033285	-0.0022148228207808044	0.92655331	33.51198959	0.94906563	0.13546548245743656	0.05405	4e-05
-0.7204	0.1538	0.4482	-0.008972737684502848	-0.014634585777972452	-0.0022846359908605773	0.95358253	34.48959351	0.95096466	0.04122339973270708	0.0554071	3e-05
-0.7137	0.1809	0.4623	-0.009419541973013396	-0.014707889606556213	-0.002143264321449037	0.98359084	35.57494736	0.97064772	0.08097398932529248	0.0549105	4e-05
-0.7098	0.1707	0.4349	-0.009454448558053281	-0.014857987922227728	-0.001963495408493621	0.96159106	34.7792511	0.96469827	0.059738690683340825	0.0526769	2e-05
-0.715	0.1298	0.4371	-0.00869173967493176	-0.014632840448720458	-0.002082177797629235	0.95888346	34.68132019	0.96676695	0.1036269372882202	0.0553349	4e-05
-0.6932	0.163	0.4393	-0.008515461420480335	-0.014233160050013757	-0.0019303341527057286	0.99703807	36.06131363	0.97698612	0.0935901149040816	0.0572144	4e-05
-0.6933	0.1658	0.4526	-0.009056513488598575	-0.014376277048677293	-0.0019495327744776662	1.02456069	37.0567627	0.97146494	0.05136838442768566	0.056033	4e-05
-0.6707	0.2027	0.4627	-0.009531243045141035	-0.014158110892178001	-0.001843067690106012	1.00002897	36.16949081	0.97871687	0.10956803987067032	0.0557839	6e-05
-0.6664	0.1613	0.4464	-0.009864600932271952	-0.013903292821386828	-0.0018901915799098587	0.93325698	33.75445175	0.96489625	0.0937649923862968	0.0522829	2e-05
-0.6451	0.2205	0.6623	-0.011854276279545488	-0.013704325286659476	-0.0018448130193580064	1.17766225	42.59420776	1.15723651	0.40810107212763697	0.0695597	0.00019
-0.6329	0.3606	0.9936	-0.01448448746230094	-0.014037683173790392	-0.0017872171540421933	1.50637341	54.48317719	1.43978263	0.6346582467601091	0.109373	0.0022
-0.644	0.2824	0.7795	-0.014447835548009057	-0.01374272253020335	-0.0020176006153054447	1.19324553	43.1578331	1.23479132	0.3314998009571088	0.075783	0.00022
-0.6477	0.1528	0.6072	-0.012489576127271423	-0.013292427583188814	-0.0022462387473167022	1.02876639	37.20887756	1.04738271	0.4374596249881714	0.0606182	3e-05
-0.6594	0.1157	0.5593	-0.011517427733910582	-0.013309880875708755	-0.0024591689160600103	0.89217138	32.26844788	0.93474456	0.1568265927312044	0.0583715	2e-05
-0.6701	0.1393	0.5558	-0.011105530030439919	-0.013672909360123577	-0.0024399702942880727	0.96034855	34.73431015	0.95894622	0.07750624048287126	0.0592408	3e-05
-0.6767	0.1928	0.6372	-0.011609930184266279	-0.014123204307138116	-0.0023911010752322315	1.09745383	39.69319534	0.9816219	0.1916782159948369	0.0665655	0.00012
-0.6847	0.1928	0.6415	-0.011777481792457734	-0.014358823756157348	-0.002310815929640492	1.03968465	37.60377502	0.99516046	0.03647281014012137	0.0664019	9e-05
-0.6931	0.146	0.6307	-0.01118232451752767	-0.014475760816040968	-0.002363175807200322	1.01811576	36.8236618	0.98378725	0.10422271061867568	0.0669621	0.00012
-0.6901	0.1495	0.6167	-0.010864674593664702	-0.014393730341197234	-0.0024137903555081575	0.98884052	35.7648201	0.96807218	0.04301474735072691	0.0663831	0.00014
-0.6895	0.1933	0.663	-0.011376056064499042	-0.014402456987457207	-0.0022759093446006054	1.0110755	36.56902695	0.97691733	0.12359945640009332	0.0682477	0.00013
-0.6845	0.2203	0.6849	-0.012150982252384522	-0.014505431413324872	-0.0022724186860966175	0.99461025	35.97350311	0.95902086	0.09796956361285657	0.0678371	0.00012
-0.688	0.1342	0.6504	-0.011280062955639353	-0.014535102010608777	-0.002235766771804736	0.96223921	34.80269241	0.97449384	0.1709620904160477	0.0676949	0.00011
-0.6862	0.1141	0.6391	-0.010611601852125523	-0.014805628044667897	-0.0021153390534171274	0.98572356	35.65208435	0.9612474	0.08617074279802785	0.0688806	0.00017
-0.6831	0.1342	0.6071	-0.010547024669801732	-0.014857987922227728	-0.0022410027595607188	0.98461419	35.61196136	0.97243333	0.0673300383013607	0.0660301	0.00012
-0.6835	0.1803	0.643	-0.011100294042683936	-0.01489987582427559	-0.0021746802479849347	1.00360036	36.29866028	0.98238601	0.11547398932529254	0.0677153	0.00011
-0.682	0.1727	0.6083	-0.010903071837208577	-0.014798646727659919	-0.00209614043164519	0.93115932	33.67858124	0.94123432	0.06264955592153879	0.0645667	0.0001
-0.6809	0.1233	0.6103	-0.0101264003200711	-0.0147427961915961	-0.00199142067652553	0.95119256	34.40315247	0.95623459	0.09936209041604782	0.0671179	0.0001
-0.6858	0.1501	0.6004	-0.009742427884632348	-0.014830062654195819	-0.002005383310541485	0.9574253	34.628582	0.94600578	0.0658600766027212	0.0676615	0.0001
-0.6873	0.21	0.6469	-0.010527826048029794	-0.01496096234809539	-0.0019111355309337906	1.05305886	38.08749771	0.99784645	0.15842728184523563	0.0700043	0.00012
-0.6927	0.1541	0.6071	-0.010168288222118963	-0.014866714568487698	-0.0021275563581810873	1.00793397	36.45540237	0.98693979	0.13461032163829106	0.0678185	0.00011
-0.6934	0.1278	0.6031	-0.009576621605692885	-0.01462585913171248	-0.0021921335405048776	1.01498222	36.71032715	0.97369029	0.07585496177625435	0.0692015	0.0001
-0.6932	0.1399	0.6096	-0.00951728041112508	-0.014667747033760345	-0.002012364627549462	0.96918297	35.05383682	0.9541714	0.0328499004785544	0.0690411	0.00016
-0.694	0.1971	0.6445	-0.010527826048029794	-0.015023794201167189	-0.0019093902016817967	1.03462529	37.420784	0.97548934	0.166378361508961	0.0694084	0.00012
-0.6969	0.1483	0.6175	-0.010290461269758567	-0.015016812884159212	-0.0018762289458939042	1.00255632	36.26089859	0.97921085	0.09257536755335476	0.0669085	0.00011
-0.7076	0.1121	0.6374	-0.00950157244785713	-0.015095352700498957	-0.0019425514574696887	0.97659349	35.32186508	0.97700204	0.11348755749084828	0.0723413	0.00026
-0.704	0.1313	0.6236	-0.009367182095453565	-0.014933037080063483	-0.0018186330805780916	0.97530329	35.27519989	0.96408123	0.05763121748653172	0.0712947	0.00024
-0.7085	0.1862	0.6692	-0.010255554684718681	-0.015208799101878586	-0.0016755160819145565	0.95236909	34.44570541	0.95606068	0.17036258048718772	0.0717204	0.00017
-0.705	0.1454	0.6166	-0.009588838910456846	-0.015036011505931148	-0.0017645278737662671	0.95977384	34.71352386	0.9665829	0.14332575810304923	0.0681276	0.00014
-0.7073	0.1269	0.6028	-0.009496336460101147	-0.014953981031087414	-0.0019058995431778078	0.94105178	34.03637695	0.96054249	0.05039522973054876	0.0689555	0.00015
-0.7069	0.1099	0.5814	-0.009388126046477499	-0.015037756835183142	-0.0019181168479417679	0.99930245	36.14321136	0.97208371	0.04901017612416692	0.0666258	0.0001
-0.7088	0.1917	0.6322	-0.0105574966453137	-0.015282102930462348	-0.0018849555921538759	1.00494409	36.34725952	0.99051467	0.20684389749516488	0.0682821	8e-05
-0.7196	0.1372	0.5873	-0.010344566476570392	-0.015381586697826025	-0.001970476725501598	0.96023715	34.73028183	0.96951984	0.13009675347273536	0.0633641	5e-05
-0.7448	0.1093	0.5737	-0.009992009967667536	-0.01570098195094099	-0.002303834612632515	0.96215791	34.79975128	0.9597422	0.11696548245743683	0.061893	7e-05
-0.7588	0.1145	0.5674	-0.009915215480579786	-0.016044811813583873	-0.0024556782575560214	1.02933347	37.22938919	0.94011039	0.05412339973270706	0.0623057	5e-05
-0.7398	0.1722	0.6111	-0.01077915346031698	-0.015779521767280733	-0.002190388211252884	1.05404544	38.12318039	0.99486047	0.1901259036171736	0.0644038	7e-05
-0.742	0.1412	0.6101	-0.010639527120157432	-0.01587551487614042	-0.0021938788697568722	0.99416399	35.95736313	0.97927555	0.046155505376161206	0.0649812	8e-05
-0.7319	0.0941	0.6032	-0.010023425894203436	-0.01547583447743372	-0.0022636920398366456	0.98825902	35.74378967	0.97648614	0.11837973973702348	0.0669168	8e-05
-0.7263	0.1162	0.6142	-0.010067059125503292	-0.015505505074717624	-0.002139773662945048	0.98080295	35.47411346	0.9511873	0.04856111027376789	0.0666797	0.00016
-0.7261	0.1483	0.6261	-0.010421360963658142	-0.015468853160425742	-0.0021589722847169856	1.11476564	40.31933594	0.96190954	0.06470761871093351	0.067615	0.00021
-0.6397	0.264	0.8728	-0.009908234163571809	-0.012562879955855184	-0.0034574972482007667	1.49350011	54.0175705	1.47454121	0.6846812484070335	0.109869	0.00341
-0.5878	0.0586	0.3731	-0.010072295113259275	-0.010841985313388773	-0.0029967303256742636	1.99654353	72.21186829	1.89569048	0.8742861257340192	0.0567151	0.00026
-0.6348	0.0931	0.3295	-0.009887290212547877	-0.012002629265965004	-0.002823942729726825	1.10117543	39.82780075	1.12801609	0.20102182246175343	0.0482925	1e-05
-0.6158	0.1928	0.4689	-0.010344566476570392	-0.012095131716320704	-0.00209614043164519	1.01272392	36.62864685	1.06123021	0.3219790506229925	0.0566901	6e-05
-0.6196	0.1787	0.5194	-0.010571459279329653	-0.01241976295719165	-0.002001892652037496	0.86111736	31.14527321	0.93608227	0.10068859116189505	0.059721	6e-05
-0.622	0.1352	0.4755	-0.009819222371720098	-0.012479104151759455	-0.002124065699677099	0.97330481	35.20291901	0.99495541	0.13648755749084815	0.0580813	7e-05
-0.6247	0.1205	0.4396	-0.009508553764865106	-0.012253956678252185	-0.0021991148575128553	0.98807871	35.73726654	0.98099837	0.08384326190990093	0.0572386	6e-05
-0.6305	0.1074	0.4523	-0.00925199036482194	-0.0127426488688106	-0.0020472712125893483	1.16645586	42.18889236	1.00277868	0.07645496177625434	0.0600592	4e-05
-0.6402	0.1219	0.4807	-0.009470156521321231	-0.01307426142668952	-0.0019146261894377795	1.0672338	38.60018539	0.99570059	0.08672118687648912	0.0609277	5e-05
-0.6405	0.0532	0.4382	-0.008573057285796147	-0.012798499404874418	-0.0019582594207376374	1.01083553	36.5603447	0.99218694	0.1723247244320022	0.0602797	8e-05
-0.6496	0.0489	0.4461	-0.008077383778229757	-0.012966051013065874	-0.0019861846887695473	1.00444973	36.32938004	0.96864423	0.0558575191894878	0.0618943	0.00011
-0.6454	0.0885	0.4717	-0.008588765249064094	-0.013261011656652916	-0.0018517943363659836	1.06895161	38.66231537	0.96667598	0.11643662334124708	0.0610606	0.00012
-0.6565	0.1115	0.4696	-0.009211847792026072	-0.013426817935592377	-0.00204378055408536	1.05120504	38.02044678	0.99927802	0.08524375198104076	0.0579217	7e-05
-0.7849	0.0286	0.1039	-0.017018705536196707	-0.015498523757709647	-0.002436479635784084	2.2182405	80.2303009	1.9295051	1.0905631323993314	0.0474047	0.00012
-0.8909	0.4859	-0.4593	-0.039364155949480104	-0.017680185322702557	-0.001329940890019679	3.28412199	118.78157806	3.59846058	2.408182536202036	0.168613	0.01732
-0.9474	0.7394	-0.5224	-0.04200134844924354	-0.018896679811342607	-0.0016441001553786586	1.37323642	49.66781998	1.66842503	0.5814923126881232	0.187637	0.02268
-0.9474	0.7668	-0.4969	-0.03889640770994563	-0.019032815492998165	-0.001970476725501598	1.14862716	41.54405594	1.17862392	0.2312726495538203	0.170788	0.01793
-0.9024	0.7815	-0.4116	-0.03743382179677438	-0.018568557911967674	-0.0017034413499464657	1.08266819	39.15842056	1.13084289	0.2546939434878436	0.153046	0.01374
-0.8887	0.6593	-0.4194	-0.03592062133529529	-0.018259634634364676	-0.0017523105690023068	0.98837107	35.74784088	1.03669456	0.2372496479068964	0.142458	0.01045
-0.8943	0.5576	-0.4018	-0.03468143756637932	-0.01833468379220043	-0.0019041542139258136	1.00351369	36.2955246	1.02696515	0.1982038285837616	0.13229	0.00787
-0.8792	0.4874	-0.3648	-0.03330786344505979	-0.017936748722745723	-0.0018936822384138475	1.04750013	37.88644791	1.04836042	0.21139905831431033	0.12036	0.00561
-0.8389	0.4658	-0.3075	-0.03199712117681204	-0.017519615031519078	-0.001410226035611418	1.04426324	37.76937485	1.05628349	0.22976660811384117	0.106314	0.00355
-0.8272	0.4166	-0.2858	-0.031056388709987098	-0.017332864801555686	-0.0012461650859239514	1.09533012	39.6163826	1.02749494	0.14717718232378996	0.0980045	0.00249
-0.828	0.3224	-0.2811	-0.0294873377124442	-0.017327628813799702	-0.0013334315485236678	1.01510835	36.71488571	1.0298183	0.1827776723949298	0.0896345	0.00143
-0.8209	0.3298	-0.413	-0.027373743988279065	-0.017135642596080327	-0.0009878563566287904	1.1431334	41.34535217	1.14947063	0.27895775668896927	0.0972585	0.0021
-0.8415	0.4377	-0.4635	-0.026015877830227473	-0.017318902167539733	-0.0008377580409572782	1.44058526	52.10372543	1.42437091	0.26356120225912555	0.102283	0.00248
-0.8524	0.5777	-0.0147	-0.027518606316194596	-0.01786693555266595	-0.0007871434926494425	1.63951766	59.29879761	1.6280137	0.7047688209700589	0.0634677	0.00034
-0.8391	0.4646	-0.0198	-0.0260088965132195	-0.017448056532187315	-0.000731292956585624	0.93363911	33.7682724	1.00790704	0.23072196797587752	0.0535158	0.00012
-0.8314	0.4342	-0.0231	-0.025322982117185727	-0.017395696654627483	-0.0006003932626860494	0.99937654	36.1458931	0.98033809	0.08485869837465902	0.0509104	6e-05
-0.8305	0.4436	0.0455	-0.025590017492740858	-0.01747947245872321	-0.0005567600313861911	1.03693151	37.50419617	0.98211175	0.09862222054753592	0.0476448	5e-05
-0.8291	0.429	0.0809	-0.026031585793495425	-0.01762433478663874	-0.0005951572749300663	1.13913882	41.20087433	0.98692755	0.08264139361069853	0.0471807	7e-05
-0.8229	0.2859	0.0295	-0.02472782484225566	-0.01753706832403902	-0.0005881759579220891	1.08994055	39.42145157	1.04384336	0.270600436542373	0.0437435	5e-05
-0.8277	0.268	-0.0194	-0.024218188700673313	-0.017748253163530334	-0.0005480333851262194	1.02744353	37.16102982	0.9840387	0.10964817769347653	0.044633	2e-05
-0.8285	0.2817	0.0152	-0.024427628210912634	-0.01781283034585413	-0.0003769911184307752	1.03755176	37.5266304	0.98049326	0.07135294796292804	0.0433987	3e-05
-0.8214	0.3457	0.0685	-0.025143213204230314	-0.017936748722745723	-0.00028099800957108706	1.02158487	36.94913101	0.9737295	0.17117482395344816	0.0427628	4e-05
-0.8176	0.2746	0.0336	-0.024331635102052947	-0.017868680881917946	-0.0002373647782712288	0.97906572	35.41128159	0.9693382	0.15596395871525015	0.0425451	4e-05
-0.8311	0.2876	0.0058	-0.02405063709248186	-0.018202038769048863	-0.00034208453339088857	1.01404786	36.67653275	0.97633113	0.09025378259108319	0.0432295	7e-05
-0.8459	0.3221	0.0191	-0.023776620399918753	-0.01835737307247636	-0.000486946861306418	1.03140152	37.30418396	0.98763717	0.09131066619530671	0.0415223	6e-05
-0.8281	0.3801	0.0779	-0.024591689160600103	-0.018125244281961113	-0.00030368728984701333	1.06313396	38.45190048	0.99442389	0.19612285613280017	0.0415183	6e-05
-0.8202	0.3836	0.0707	-0.025059437400134582	-0.01806415775814131	-0.0001658062789394613	0.93402368	33.78218079	0.95724121	0.05193578871309158	0.0423045	3e-05
-0.8221	0.2848	-0.005	-0.023368213354952077	-0.01826137996361667	-4.71238898038469e-05	0.92212546	33.35184097	0.96395483	0.2767564319896739	0.0402323	4e-05
-0.8387	0.2873	-0.0019	-0.021828832954693077	-0.01873087353240314	0.00022689280275926284	0.91168898	32.97436905	0.97668944	0.13634453308042893	0.0364865	1e-05
-0.8501	0.3126	0.0699	-0.020853193902828252	-0.018961256993666395	0.00017453292519943296	0.97270513	35.18122864	1.00268357	0.17141911953439543	0.032166	2e-05
-0.8685	0.2773	0.0768	-0.02032959512722995	-0.01944994918422481	0.00013788101090755203	1.01090062	36.56270218	1.00448552	0.11304714402242992	0.0301518	2e-05
-0.8694	0.1649	0.026	-0.018826866641262832	-0.019238764344733497	0.00026878070480712676	1.00258434	36.2619133	1.0049717	0.25634065096790026	0.0287225	1e-05
-0.8711	0.1623	0.0521	-0.0178826435159339	-0.018910642445358557	0.000296705972839036	1.06264639	38.43426514	0.99930842	0.09541351463678908	0.0280761	0.0
-0.8616	0.2014	0.0168	-0.017530087007031046	-0.018961256993666395	0.0004258603374866164	1.04284394	37.71804047	0.99504458	0.11051627109291356	0.0293247	1e-05
-0.8675	0.2376	0.0011	-0.01629962988437504	-0.019198621771937627	0.0003612831551628262	1.0868001	39.30786514	1.00733108	0.13441995416255137	0.0328935	2e-05
-0.8517	0.1903	-0.0227	-0.014526375364348806	-0.018517943363659833	0.000312413936106985	1.09503174	39.60559082	1.02280794	0.2120401073679936	0.0327374	0.0
-0.8334	0.1771	-0.0649	-0.014196508135721876	-0.018174113501016952	0.0003944444109507184	1.029284	37.2276001	1.00990878	0.11148637830567713	0.034327	0.0
-0.8443	0.2302	0.0172	-0.015353661429794118	-0.01865756970381938	0.0008272860654453122	1.00302863	36.27798462	1.00103617	0.2497725575684632	0.0308595	1e-05
-0.8426	0.2744	0.0682	-0.013603096190043804	-0.01827359726838063	0.00034033920413889426	1.00284111	36.27120209	1.01826181	0.22797422682477417	0.0314698	2e-05
-0.8439	0.2524	0.1362	-0.013807299712527142	-0.01817934948877294	0.00032463124087094524	0.91928744	33.2491951	0.95829453	0.10700796326794876	0.0296845	0.0
-0.8336	0.2339	0.2234	-0.014285519927573587	-0.01779363172408219	0.0003769911184307752	0.92277128	33.37519836	0.95555009	0.1618148928648512	0.0284881	0.0
-0.8264	0.1114	0.1822	-0.013178981181809182	-0.017577210896834894	0.00022689280275926284	0.94076997	34.02618408	0.97578253	0.24455289443416073	0.0286182	1e-05
-0.816	0.0761	0.1651	-0.013194689145077132	-0.017146114571592295	-1.3962634015954635e-05	0.96516746	34.90860367	0.97074067	0.0971829862642884	0.0278459	0.0
-0.8217	0.08	0.1688	-0.012939871074285958	-0.01722639971718403	-0.00016231562043547262	0.96444428	34.88244629	0.95429069	0.03747281014012143	0.0277208	0.0
-0.8208	0.1512	0.2297	-0.014536847339860768	-0.017399187313131472	-0.00015009831567151235	1.08278239	39.16255188	1.07416595	0.22209905831431057	0.0308223	0.00027
-0.8337	0.1275	0.173	-0.01401673922276646	-0.0176976386152225	-0.0001064650843716541	1.01617002	36.75328827	0.99480309	0.13640963252425972	0.032446	0.00013
-0.8384	0.158	0.1636	-0.013857914260834978	-0.017702874602978484	-0.00028274333882308137	0.96013916	34.72673798	0.96202806	0.06161696020694471	0.0313286	0.00019
-0.8201	0.2436	0.2934	-0.014055136466310337	-0.017603390835614807	-7.67944870877505e-05	1.0781002	38.99320602	1.06126729	0.25883274122871835	0.0336118	0.00012
-0.8291	0.2535	0.2525	-0.014147638916666034	-0.017512633714511103	-0.00016231562043547262	0.91171259	32.97522354	0.960149	0.073239035240356	0.0323645	0.00011
-0.8382	0.1693	0.2103	-0.013353514107008614	-0.0176051361648668	-0.00021118483949131387	0.89955574	32.53553009	0.95100751	0.182274823953448	0.0310177	8e-05
-0.8438	0.1896	0.3466	-0.013789846420007199	-0.01786693555266595	-0.0002513274122871834	0.98239619	35.53173828	1.01229185	0.19911371367968028	0.0349562	7e-05
-0.8458	0.1916	0.3588	-0.014175564184697944	-0.017969909978533618	-0.00022863813201125715	0.93299848	33.74510193	0.96501945	0.04176907354171689	0.0343335	5e-05
-0.8285	0.2175	0.3594	-0.014660765716752367	-0.01759990017711082	-0.0001064650843716541	0.96094972	34.75605392	0.99297853	0.09266921905584109	0.0310762	1e-05
-0.8128	0.1427	0.302	-0.014437363572497095	-0.01730493953352378	-0.000148352986419518	0.91808563	33.20572662	0.96423952	0.17591253449450894	0.0288786	2e-05
-0.8095	0.0912	0.2692	-0.013889330187370872	-0.017315411509035743	-0.00018151424220741024	0.91232157	32.9972496	0.93998261	0.1171833308213039	0.0289108	0.0
-0.8189	0.0974	0.2542	-0.014049900478554355	-0.01752834167777905	-0.00019198621771937622	0.93590957	33.85039139	0.94517172	0.049798621771937765	0.0294197	1e-05
-0.8215	0.1512	0.2845	-0.01426632130580165	-0.01773254520026239	-0.0002373647782712288	0.9856692	35.65011978	0.95256414	0.11000014551412432	0.0293819	1e-05
-0.8245	0.2235	0.3188	-0.015219271077390554	-0.01798736327105356	-0.00021642082724729686	1.02112401	36.9324646	0.9837618	0.17103558967020038	0.0312977	0.0
-0.8265	0.1355	0.3025	-0.014295991903085555	-0.01798736327105356	-0.0001937315469713706	0.98429221	35.60031509	0.96939354	0.15359842272904622	0.0303885	0.0
-0.8237	0.1407	0.2924	-0.013697343969651499	-0.017982127283297577	-0.00021642082724729686	0.93903613	33.96347427	0.94128937	0.04942866007329834	0.0308041	1e-05
-0.8262	0.1494	0.2783	-0.01322959573011702	-0.01811302697719715	-0.0001256637061435917	0.97924733	35.41785049	0.9647359	0.05977025272688798	0.0310935	0.0
-0.8265	0.1957	0.3468	-0.013454743203624287	-0.018100809672433188	0.00012042771838760874	1.00347126	36.29399109	0.9823799	0.13927281014012155	0.0330131	0.0
-0.8277	0.1713	0.3024	-0.013273228961416875	-0.018097319013929202	0.0001361356816555577	0.93661731	33.87598801	0.95639945	0.08003564319896735	0.0315943	0.0
-0.8376	0.092	0.2855	-0.012845623294678265	-0.018174113501016952	-9.773843811168246e-05	0.92840219	33.57886124	0.95772195	0.14301371367968005	0.0314392	0.0
-0.853	0.1066	0.2694	-0.012491321456523418	-0.018448130193580062	-0.0001064650843716541	0.92113918	33.31616974	0.95168949	0.07795225884889638	0.0320114	0.0
-0.8345	0.1318	0.2747	-0.0124651415177435	-0.018341665109208406	9.42477796076938e-05	1.12954652	40.85393906	0.98034825	0.06566789435654605	0.0322706	0.0
-0.8263	0.1309	0.2805	-0.013018410890625703	-0.01831024918267251	0.00019024088846738194	1.03915	37.58443832	0.9918284	0.0489339204138894	0.0315624	0.0
-0.8334	0.0641	0.2616	-0.012150982252384522	-0.01816887751326097	-5.061454830783555e-05	1.01331592	36.65005875	0.97953893	0.15528278722139696	0.0325655	0.0
-0.8442	0.0926	0.2798	-0.01196423202242113	-0.018275342597632624	-4.537856055185256e-05	1.01235759	36.61539841	0.96382271	0.0724225651045515	0.033419	0.0
-0.8367	0.1606	0.3246	-0.012786282100110458	-0.018186330805780915	0.00016929693744344995	1.01653337	36.7664299	0.96018081	0.17658686837681695	0.0345034	1e-05
-0.8383	0.1732	0.3051	-0.01316152788928924	-0.018432422230312114	0.0002530727415391778	0.97572041	35.29028702	0.97088241	0.06895565089028553	0.0321487	2e-05
-0.8466	0.1153	0.2854	-0.012603022528651052	-0.018404496962280206	5.585053606381854e-05	0.94184005	34.064888	0.94892424	0.1250826417072727	0.031746	1e-05
-0.8473	0.1233	0.2736	-0.011859512267301468	-0.0184062422915322	0.00011519173063162575	0.93096608	33.67159271	0.94730219	0.060729839258469295	0.0333174	0.0
-0.8434	0.1513	0.3176	-0.012205087459196346	-0.01828057858538861	0.00021467549799530252	1.01554894	36.73082352	0.97941849	0.10443613327010716	0.0337676	0.0
-0.8379	0.1643	0.2986	-0.012409290981679684	-0.0181898214642849	0.00028797932657906436	1.00727403	36.43153381	0.98065417	0.055913223608540605	0.0335473	1e-05
-0.83	0.0864	0.3309	-0.012248720690496205	-0.017948966027509686	0.0002007128639793479	1.05718565	38.23675919	1.05445967	0.14253460952792055	0.0354437	4e-05
-0.8299	0.1009	0.3398	-0.011711159280881954	-0.017908823454713816	6.283185307179586e-05	0.94318759	34.11362457	0.95535659	0.0592792496658836	0.0391599	0.00011
-0.7746	0.0799	0.2712	-0.011632619464542205	-0.01694365637836095	0.00018500490071139895	1.11564744	40.35123062	1.06912037	0.20319399701661084	0.0382604	0.00033
-0.741	0.1219	0.3103	-0.011110766018195902	-0.01633104581091094	0.00021467549799530252	1.06592703	38.5529213	1.02907942	0.1729067305540108	0.0411618	0.00035
-0.7408	0.1591	0.3637	-0.011815879036001611	-0.016203636775515357	0.00032463124087094524	1.02046156	36.90850449	1.00250068	0.13792388980384676	0.0411824	0.00024
-0.7543	0.075	0.3145	-0.011273081638631376	-0.016378169700714786	0.00013962634015954637	1.05374002	38.11213303	1.07299411	0.19191676116405312	0.0348448	0.0
-0.7644	0.0678	0.2994	-0.010978120995044333	-0.016357225749690858	1.3962634015954635e-05	0.9104206	32.9284935	0.94673336	0.05447841503772818	0.0363441	1e-05
-0.7599	0.0977	0.299	-0.010861183935160713	-0.016444492212290572	0.00011170107212763708	1.02608943	37.11205673	0.96857491	0.0498970980297508	0.036774	1e-05
-0.7626	0.1327	0.34	-0.011388273369263	-0.016662658368789864	0.00027750735106709843	1.04460573	37.78176117	0.9952179	0.12425309347705193	0.038312	1e-05
-0.7719	0.0567	0.3122	-0.010983356982800315	-0.016847663269501264	0.00010821041362364843	0.99322182	35.92328644	0.98356083	0.1510609112308769	0.0370816	0.0
-0.7709	0.0573	0.293	-0.010424851622162131	-0.01648812544359043	4.537856055185256e-05	0.9771142	35.34069824	0.96029809	0.06984375198104059	0.0381773	0.0
-0.7552	0.056	0.2833	-0.010241592050702726	-0.01660855316197804	0.0006771877497737998	0.97423542	35.23657608	0.95595564	0.07347482395344813	0.0379485	2e-05
-0.7057	0.1421	0.3749	-0.010269517318734636	-0.016268213957839145	0.0011519173063162574	1.04705548	37.87036514	1.0457132	0.2693497014356632	0.0437078	2e-05
-0.7949	0.2188	0.4347	-0.009189158511750145	-0.01667662100280582	0.00027576202181510406	1.13469303	41.04007721	1.1109141	0.34394605682261603	0.0561393	6e-05
-0.8172	0.2425	0.609	-0.011590731562494343	-0.016821483330721348	-0.0003892084231947355	1.16341245	42.07881546	1.15297439	0.38087029118347826	0.0628107	0.00017
-0.7867	0.0166	0.4884	-0.011571532940722405	-0.015704472609444978	-0.0008220500776893293	1.21682096	44.01051712	1.21970078	0.4554525498771451	0.0485826	2e-05
-0.7447	0.0342	0.4494	-0.010527826048029794	-0.015339698795778163	-0.000598647933434055	0.90097189	32.58675003	0.95727846	0.18019414253073487	0.0476465	2e-05
-0.7341	0.0538	0.4007	-0.009988519309163548	-0.015557864952277452	-0.00039968039870670147	1.00322723	36.28516388	0.99539963	0.1267220215046445	0.0443573	4e-05
-0.7488	0.0827	0.3493	-0.009717993275104427	-0.016083209057127745	-0.00014311699866353502	1.00301945	36.27765274	0.9847667	0.1476216769476291	0.0429332	0.0
-0.7529	0.1152	0.3179	-0.009611528190732771	-0.01608844504488373	-3.665191429188092e-05	1.00693107	36.41912842	0.97463672	0.07890830782496465	0.0421768	0.0
-0.7699	0.1475	0.3051	-0.009583602922700864	-0.016517796040874336	4.537856055185256e-05	0.98445421	35.60617447	0.97046733	0.08906533694331248	0.0425628	0.0
-0.7796	0.0828	0.2536	-0.0091106186954104	-0.016578882564694135	0.00015533430342749534	0.97217041	35.16188812	0.98382706	0.1581013246992951	0.0407285	0.0
-0.786	0.0959	0.2032	-0.009279915632853849	-0.016847663269501264	0.00030194196059501896	1.00314569	36.28221512	0.96450393	0.09913426497090513	0.03916	0.0
-0.7994	0.0687	0.1774	-0.009309586230137754	-0.0172054557661601	0.00031415926535897925	1.02742803	37.16046906	0.97596432	0.08638401993533498	0.0377101	0.0
-0.7856	0.0765	0.2084	-0.00978431578668021	-0.017092009364780468	0.0004258603374866164	0.99766487	36.08398438	0.97420951	0.08759385150248622	0.03794	2e-05
-0.7869	0.0526	0.1861	-0.0098803088955399	-0.016898277817809098	0.00024609142453120044	0.9731226	35.19632721	0.9671681	0.07097467843932387	0.0380261	1e-05
-0.8097	0.0084	0.1746	-0.009836675664240041	-0.01714785990084429	5.235987755982989e-05	0.96568626	34.92736816	0.96670934	0.10284734306532096	0.0415738	4e-05
-0.8205	0.0187	0.1807	-0.009632472141756703	-0.017456783178447285	0.0002181661564992912	0.97156531	35.1400032	0.96013663	0.06114665395128975	0.0437058	0.00014
-0.8274	0.0328	0.1861	-0.009450957899549294	-0.01769240262746652	0.0003577924966588376	1.00125241	36.21373749	0.96893364	0.05423800156930951	0.0463879	0.00012
-0.8309	0.0414	0.1863	-0.009436995265533338	-0.017699383944474494	0.000460766922526503	1.02910352	37.22106934	0.96373417	0.018495918844579736	0.0484498	0.00017
-0.8363	0.067	0.192	-0.009250245035569947	-0.017634806762150707	0.00039269908169872416	1.03431427	37.40953445	0.98313972	0.05266976265574799	0.0501506	0.00014
-0.8342	0.0875	0.1906	-0.009419541973013396	-0.01757895622608689	0.0003595378259108319	0.97602272	35.30121994	0.96186279	0.036915436464757936	0.04875	0.00016
-0.8359	0.1003	0.1709	-0.009510299094117103	-0.01762084412813475	0.00038571776469074686	0.99315655	35.92092514	0.97256851	0.04214124809657408	0.0482816	0.0003
-0.8386	0.0946	0.1558	-0.009248499706317952	-0.017612117481874783	0.00032637657012293966	0.97024453	35.09223175	0.96417617	0.03999336143134624	0.0467772	0.00018
-0.8362	0.0904	0.1376	-0.009445721911793312	-0.017671458676442584	0.0004956735075663896	0.93601424	33.85417557	0.95468145	0.04609301687433044	0.044063	0.00022
-0.8441	0.0684	0.116	-0.009663888068292601	-0.017722073224750425	0.0004991641660703782	0.97816461	35.37868881	0.97402988	0.06511356816555587	0.0409476	7e-05
-0.8393	0.0689	0.1009	-0.010414379646650164	-0.017671458676442584	0.0004520402762665313	0.98923403	35.77905273	0.96770625	0.06281150082346243	0.0369328	5e-05
-0.8647	0.1625	-0.0468	-0.019743164498559854	-0.01802401518534544	-0.0003089232776029963	1.76463568	63.82412338	1.57996036	0.7888152457341037	0.0438229	4e-05
-0.9219	0.483	0.1242	-0.03439520356905225	-0.018645352399055425	-0.0005585053606381855	2.16550064	78.32278442	2.00734793	1.3248479183618784	0.096544	0.00172
-1.0657	1.176	1.2759	-0.05938133714060307	-0.022197097426863883	-0.0010873401239924673	3.63674545	131.53541565	3.57843934	3.441835668135678	0.259218	0.06327
-1.0852	1.639	2.2611	-0.07020412383221991	-0.021856758222724988	-0.0006981317007977319	2.94195175	106.4058075	3.04620878	2.045316715947523	0.351424	0.11207
-1.1433	1.1897	1.4652	-0.0630657271915631	-0.02310641396715293	-0.0010506882097005862	3.21686459	116.34897614	3.31338752	1.7403304446993804	0.302729	0.08083
-1.6937	1.2213	-0.9475	-0.07315722092659432	-0.03557330081414842	-0.0035203291012725624	5.62843323	203.57165527	7.22199922	4.246101073679935	0.404675	0.13734
-1.823	3.3139	-1.8025	-0.14538243603262366	-0.038875463758921695	-0.0058747782622129135	5.33901882	193.10398865	7.42688537	6.970991360587148	0.575913	0.24624
-1.6956	2.5208	-2.4162	-0.10174222341575744	-0.03743382179677438	-0.0021013764194011725	4.65395117	168.32615662	5.76597066	3.976962821091264	0.533265	0.20472
-1.5655	2.3244	-2.3509	-0.0953560636827102	-0.03499036084398232	-0.001811651763570114	1.76902449	63.98286057	2.43791919	0.8477672670835179	0.504098	0.17891
-1.4907	2.2579	-2.2748	-0.09453401360502088	-0.033625513368922756	-0.001843067690106012	1.08189642	39.13050842	1.2822243	0.3283156739642392	0.493909	0.17277
-1.4636	2.077	-2.2701	-0.09368229293004764	-0.03295530693615693	-0.0018099064343181197	1.02219069	36.97104645	1.16299645	0.2904544181763479	0.489961	0.16886
-1.4638	1.9437	-2.2286	-0.093263413909569	-0.03281742592524938	-0.0018605209826259553	1.03008366	37.25651932	1.11422553	0.2053687289847005	0.485858	0.16674
-1.4718	1.8128	-2.1752	-0.09205913672569292	-0.032806953949737414	-0.00209614043164519	1.02509379	37.07604599	1.15574697	0.2648184304203647	0.481316	0.16408
-1.4589	1.6888	-2.1856	-0.09096306995544047	-0.03276506604768955	-0.0018064157758141308	1.13174903	40.93359756	1.13897679	0.21868396640656876	0.477469	0.16184
-1.4431	1.5907	-2.2073	-0.08888961880407122	-0.032868040473557215	-0.0012636183784438947	1.11383569	40.28570175	1.18787765	0.271561148730358	0.475329	0.15871
-1.4065	1.6164	-2.0531	-0.08687899950577374	-0.03227986451563512	-0.0006597344572538566	1.20351601	43.52929688	1.46094097	0.3766339588704802	0.462129	0.1517
-1.3358	1.664	-1.6574	-0.08412661527537868	-0.030937706320851483	0.0012007865253720988	1.57920098	57.11724091	2.27640134	0.8117531703902326	0.436454	0.13814
-1.3414	1.6921	-1.5071	-0.08390146780187141	-0.030691614896320284	0.0013404128655316449	1.1473484	41.49780273	1.43391951	0.21454326190990045	0.428586	0.13363
-1.3453	1.6691	-1.5829	-0.08268322798397937	-0.030831241236479828	0.001228711793404008	1.00662744	36.4081459	1.06835873	0.17617836150896088	0.42791	0.13313
-1.3478	1.6694	-1.5767	-0.08050505707749044	-0.03110176727053895	0.0012479104151759456	1.08477068	39.23446655	1.19524738	0.1323947781159998	0.420487	0.13035
-1.3674	1.6439	-1.5623	-0.08012981128831166	-0.031314697439282266	0.0011257373675363424	0.99393576	35.94910812	1.06082187	0.09501745027808448	0.418346	0.12926
-1.3627	1.5754	-1.5469	-0.0793461584541662	-0.031086059307271003	0.0009546951008408983	0.98079944	35.47398758	1.04489308	0.1477666616426082	0.416392	0.12689
-1.3599	1.5353	-1.5589	-0.07852236304722487	-0.031115729904554905	0.0011763519158441782	1.01904488	36.85726547	1.05531683	0.10865614096142533	0.414029	0.1267
-1.3532	1.4976	-1.5029	-0.07755719597087202	-0.031276300195738384	0.001553343034274953	1.03874767	37.56988525	1.11544452	0.17553642429835584	0.408059	0.1235
-1.3533	1.4587	-1.4745	-0.07725001802252102	-0.03131295211003027	0.001656317460142619	1.08864295	39.37451935	1.06023679	0.0897402144255274	0.403602	0.12162
-1.3564	1.3283	-1.5176	-0.07584153731616158	-0.03130422546377029	0.001408480706359424	0.97999173	35.44477463	1.06167599	0.25985220532013054	0.40346	0.1197
-1.3614	1.3091	-1.5201	-0.07511024435957596	-0.031354840012078125	0.0013910274138394805	0.98729861	35.70905304	1.02541245	0.06666803987067006	0.401946	0.11966
-1.3645	1.3304	-1.5161	-0.07440513134177025	-0.03136531198759009	0.001520181778487061	1.00719905	36.42882156	1.0771452	0.07063696789826306	0.401149	0.11896
-1.3619	1.3792	-1.4412	-0.0737768128110523	-0.03144210647467785	0.0018779742751458986	1.04525816	37.80535889	1.16149181	0.17944527572322683	0.393993	0.11695
-1.356	1.3032	-1.5155	-0.07139443838208005	-0.03150144766924565	0.0018448130193580064	1.01075232	36.5573349	1.11426027	0.27994384396639727	0.390403	0.11408
-1.3476	1.2026	-1.7088	-0.06892130683200408	-0.031000538173923283	0.0013316862192716734	1.09107339	39.46242523	1.20722488	0.47665839227423373	0.395938	0.11639
-1.3604	1.2203	-1.7361	-0.06815161663187458	-0.031208232354910607	0.001296779634231787	1.0001471	36.17376328	1.05694773	0.10841454830783556	0.395218	0.11524
-1.3639	1.2674	-1.6275	-0.06759311127123639	-0.03139149192637001	0.0011798425743481666	1.12237167	40.59443283	1.19495963	0.20213509959906048	0.384508	0.11143
-1.3625	1.2392	-1.5681	-0.06719866686028568	-0.031197760379398642	0.0013473941825396225	1.03138936	37.30374527	1.10464354	0.12678637830567646	0.378446	0.1069
-1.3351	1.1107	-1.6086	-0.06594552045735375	-0.030829495907227836	0.001420698011123384	1.0082171	36.46564102	1.08469851	0.2811357351843253	0.37836	0.10516
-1.3374	1.0817	-1.6059	-0.06596995506688166	-0.030593876458208602	0.0012897983172238095	1.01347041	36.65564728	1.05208204	0.05354768762233616	0.378113	0.104
-1.3537	1.1089	-1.5269	-0.0661462333213331	-0.03089581841880362	0.001281071670963838	1.06412053	38.48758316	1.0947721	0.14684734306532118	0.373708	0.10281
-1.363	1.1203	-1.4923	-0.06642199534314819	-0.03114190984333482	0.0013683381335635543	1.04009891	37.61875534	1.05455927	0.08575599544730057	0.371959	0.10212
-1.3748	1.0442	-1.4968	-0.06568721172805858	-0.03135658534133012	0.0011885692206081383	0.98241758	35.53251266	1.0542397	0.1488614013020163	0.371367	0.10151
-1.3887	1.0362	-1.5262	-0.06507111050210458	-0.03159744077810534	0.0010663961729685354	1.05091238	38.00986481	1.04952083	0.10025648551844116	0.373374	0.1022
-1.3858	1.0747	-1.5246	-0.06559645460695487	-0.0314560691086938	0.0010943214410004448	1.03210771	37.32972717	1.04745211	0.0777320521146873	0.374314	0.10344
-1.3748	1.1378	-1.4974	-0.06632076624653252	-0.031477013059717736	0.0014067353771074296	1.0331068	37.3658638	1.05821334	0.15418347633542806	0.374474	0.10348
-1.399	1.1	-1.4895	-0.06552315077837112	-0.03181909759310862	0.00119729586686811	0.98387033	35.5850563	1.03620301	0.13735697558958015	0.373613	0.10242
-1.401	1.0819	-1.5071	-0.06463128753060202	-0.03184178687338455	0.0009389871375729493	0.96297318	34.82923889	1.00998337	0.0963430628670096	0.372567	0.10301
-1.3863	1.0906	-1.5032	-0.06449166119044247	-0.03162362071688526	0.0010192722831646884	0.94041508	34.01334763	0.99299082	0.049203882112528574	0.37105	0.10266
-1.375	1.1248	-1.4803	-0.06535210851167568	-0.03168819789920905	0.0012775810124598492	0.92412508	33.42416382	0.99875708	0.1275666616426082	0.369856	0.10212
-1.3777	1.0406	-1.5091	-0.06458939962855416	-0.03178244567881674	0.0012723450247038664	0.88485247	32.00373459	0.9964512	0.1588096325242598	0.368643	0.10049
-1.3822	1.0106	-1.5151	-0.0633746504691661	-0.03177546436180877	0.0010995574287564276	0.95503241	34.54203415	1.06210916	0.11022590361717347	0.36598	0.09777
-1.3818	1.0142	-1.5015	-0.06336243316440214	-0.03182956956862059	0.0012322024519079964	1.0865221	39.2978096	1.09057939	0.027548376736367616	0.363867	0.0964
-1.3863	1.0532	-1.4936	-0.06377782152637679	-0.03207391566389979	0.0013316862192716734	1.08916175	39.39328384	1.07098451	0.08936091123087635	0.363982	0.09652
-1.3963	0.9677	-1.4921	-0.06241122872206522	-0.03214023817547558	0.0012426744274199627	1.04243779	37.70335007	1.09563476	0.1730963553869534	0.362347	0.09499
-1.392	1.0019	-1.3942	-0.06326469472629045	-0.03159045946109736	0.001090830782496456	1.18334317	42.7996788	1.20375126	0.21415441817634803	0.359905	0.0949
-1.3785	1.0585	-1.3183	-0.06295053546093148	-0.030803315968447924	0.0008813912722571365	1.48257875	53.62256241	1.75579124	0.2115371134123868	0.355021	0.09334
-1.4	0.9804	-1.3609	-0.05883330375547685	-0.030478684727576973	0.0008848819307611251	1.51461363	54.78121567	1.89523125	0.364467680241478	0.345754	0.08883
-1.3911	0.9053	-1.534	-0.05659753698367211	-0.03014358151119407	0.0007941248096574199	1.1568557	41.84166718	1.31417514	0.39018135546456734	0.352245	0.09184
-1.3977	0.8925	-1.4059	-0.05431639165131553	-0.030593876458208602	0.0006562437987498679	1.12431335	40.66466141	1.43168594	0.2909660645139336	0.333999	0.08431
-1.4008	0.8723	-1.3836	-0.05215567403734655	-0.030702086871832252	0.0005096361415823442	0.99037528	35.82033157	1.18851041	0.16637678423800772	0.323809	0.07912
-1.4037	0.831	-1.2777	-0.052017793026439	-0.03067416160380034	0.0005742133239061344	1.07037461	38.71378326	1.26341895	0.1616191730631621	0.31208	0.07334
-1.4022	0.6877	-1.3511	-0.05037020221255636	-0.03058165915344464	0.00026354471705114377	0.99546236	36.00432205	1.10151051	0.32073809355466687	0.313236	0.07214
-1.4126	0.6707	-1.3703	-0.04941899777021944	-0.030836477224235815	0.00020420352248333657	0.96593058	34.936203	1.03036503	0.10986818538479513	0.312695	0.07249
-1.4137	0.6894	-1.3427	-0.04925842747903596	-0.030736993456872138	0.00023561944901923448	1.0572201	38.23800278	1.08297223	0.06197349925415303	0.309405	0.07119
-1.4143	0.7182	-1.2739	-0.05000193774038554	-0.03072303082285618	0.00015707963267948963	1.03100419	37.289814	1.10223808	0.14000063558526413	0.305773	0.06963
-1.4201	0.6208	-1.302	-0.04898441078647285	-0.03077364537116402	-0.00017976891295541595	0.98986292	35.80179977	1.05326346	0.2015495023927716	0.30602	0.06924
-1.4265	0.6439	-1.3119	-0.04840845213331472	-0.031255356244714455	-0.00011693705988362007	0.92738169	33.54195023	0.98614582	0.09542506898901848	0.305457	0.06926
-1.4279	0.6993	-1.3001	-0.0487854432517455	-0.031209977684162598	-0.00010297442586766544	1.03881419	37.57228851	0.99725155	0.09041661564992944	0.304165	0.06925
-1.4246	0.7876	-1.0888	-0.04756196744609747	-0.03130597079302229	0.00033684854563490564	1.43947446	52.06354904	1.7375967	0.3908645943005144	0.281745	0.06069
-1.2823	1.1698	0.5313	-0.043945645235965225	-0.026277677218026627	0.0004468042885105483	4.39193344	158.84939575	5.42769399	2.5823285764001778	0.191947	0.0372
-1.2063	0.4317	0.1692	-0.044872415068774214	-0.024183282115633427	-0.0006876597252857658	3.38892341	122.57207489	3.65522416	1.3839814474499255	0.177322	0.01795
-0.968	0.1904	-0.6371	-0.04297698750110837	-0.020013690532618977	-7.504915783575618e-05	2.86279058	103.54267883	3.02809058	1.6197814859065147	0.20455	0.02556
-0.8796	0.239	-0.8229	-0.0393659012787321	-0.018879226518822664	0.0005288347633542819	1.27433085	46.09056091	1.33820392	0.5902717078681309	0.202862	0.02441
-0.8867	0.3303	-0.9619	-0.041022218738874724	-0.01940631595292495	0.0009599310885968812	1.15460694	41.76033401	1.36492833	0.3681251609743754	0.224257	0.03249
-0.9096	0.4108	-1.2064	-0.040329323025832975	-0.01985835622919148	0.0012112585008840647	1.64794481	59.60359573	2.02300358	0.4177131700797729	0.252256	0.04338
-0.919	0.635	-0.6334	-0.041111230530726434	-0.019921188082263275	0.000853466004225227	1.93863165	70.11728668	2.40646765	0.8667265927312047	0.191493	0.02225
-0.9072	0.5831	-0.6663	-0.04113915579875834	-0.01981821365639561	0.0010349802464326373	0.91871601	33.22852707	1.02145256	0.11222069680534932	0.194713	0.02266
-0.9033	0.5605	-0.699	-0.04076914599733555	-0.019881045509467406	0.0011746065865921838	0.93115026	33.67825317	0.99165032	0.08782339973270675	0.196656	0.0238
-0.9034	0.5597	-0.6765	-0.041495202966165184	-0.019980529276831083	0.0013648474750595659	0.97916621	35.41491699	1.00101844	0.0741890812330348	0.19512	0.02382
-0.9048	0.4267	-0.7098	-0.04121944094435008	-0.0199456226917912	0.001265363707695889	1.03495491	37.43270493	1.0480448	0.1882076187109332	0.198032	0.02455
-0.9043	0.349	-0.7124	-0.04090877233749509	-0.019737928510803873	0.0011362093430483087	0.98923212	35.77898407	0.99820491	0.113175857624495	0.198291	0.0245
-0.9163	0.3036	-0.7128	-0.04098207616607885	-0.020162043519038494	0.001228711793404008	0.97950488	35.42716599	0.98432573	0.087296064358704	0.200214	0.02526
-0.9163	0.3061	-0.732	-0.0407534380340676	-0.02036624704152183	0.001635373509118687	1.04557467	37.81680679	0.97996987	0.06367516851046345	0.201326	0.02625
-0.9281	0.3435	-0.7113	-0.04122118627360208	-0.020762436781724545	0.0019268434942017398	1.02480733	37.06568527	1.00619114	0.12767039824101228	0.200135	0.02647
-0.949	0.2968	-0.745	-0.039646899288303186	-0.02112371993688737	0.0018151424220741027	0.96145767	34.77442551	1.00711374	0.20366356062946755	0.197694	0.02537
-0.9484	0.3285	-0.756	-0.03894527692900147	-0.0210835773640915	0.0018570303241219666	0.97606295	35.30267715	0.99791854	0.08248264170727257	0.194875	0.02416
-0.9538	0.3937	-0.7567	-0.03924023757258851	-0.02116735316818723	0.0018867009214058703	1.00487697	36.34483337	1.00814372	0.09172035224833384	0.19535	0.02475
-0.9587	0.4795	-0.7385	-0.04000469178496203	-0.021345376751890653	0.0018046704465621369	0.96721804	34.98276901	1.00340015	0.1601254135460337	0.195612	0.02466
-0.9475	0.426	-0.6775	-0.04073947540005164	-0.0206838969653848	0.0016824973989225337	0.98142385	35.49657059	1.03201267	0.20162182246175356	0.191908	0.02299
-0.9276	0.5003	-0.5743	-0.04398578780876109	-0.019825194973403588	0.001673770752662562	1.12970698	40.85974121	1.20111333	0.40308705234753167	0.199617	0.02493
-0.9125	0.5152	-0.5743	-0.04292113696504455	-0.019739673840055868	0.0018901915799098587	0.97556525	35.2846756	1.09039725	0.09832964021557793	0.195045	0.02336
-0.9	0.2811	-1.568	-0.03684913649735628	-0.020397662968057728	0.002008873969045473	2.96189404	107.12709045	3.53413306	1.5827335992412874	0.294732	0.06437
-0.9567	0.3544	-1.4912	-0.034348079679248404	-0.021005037547751758	0.0010838494654884787	1.94291043	70.27204132	2.49083516	0.40847279506794487	0.280416	0.05464
-0.9539	0.3039	-1.767	-0.03170041520397301	-0.02142915255598638	0.0012112585008840647	1.55832243	56.36209488	1.99206625	0.48905942594528	0.302569	0.06338
-0.962	0.2984	-1.8425	-0.030220375998281816	-0.02156354290838994	0.0013491395117916165	0.94814223	34.29282761	1.09474574	0.17671552845011543	0.306969	0.06611
-0.9748	0.3179	-1.8448	-0.029728193149219415	-0.021837559600953054	0.0014189526818713899	1.01044405	36.54618454	1.03974522	0.07640063558526439	0.306075	0.06602
-0.9785	0.29	-1.8877	-0.029293606165472823	-0.021924826063552765	0.0015917402778188286	1.07035804	38.71318054	1.07240114	0.10923205211468708	0.311625	0.06818
-0.9692	0.2167	-1.8793	-0.028928832351806013	-0.021481512433546204	0.0014224433403753785	1.0326072	37.34779358	1.06391762	0.13986921905584107	0.311383	0.06758
-0.9607	0.2058	-1.8669	-0.028752554097354586	-0.021146409217163296	0.001361356816555577	1.00728273	36.43184662	1.0305823	0.06042339973270674	0.309731	0.06815
-0.9558	0.2105	-1.8644	-0.029218557007637067	-0.02111150263212341	0.0014364059743913332	1.00384843	36.30763245	1.0141018	0.04089793265790612	0.308994	0.06751
-0.9568	0.2247	-1.8756	-0.02903180677767368	-0.021299998191338796	0.0018099064343181197	0.99933934	36.14454651	1.00856699	0.06383731245527793	0.309571	0.06784
-0.9614	0.1852	-1.9097	-0.029356438018544623	-0.021345376751890653	0.001541125729510993	0.95975685	34.7129097	1.02705461	0.11013952531149641	0.313284	0.07069
-0.8564	0.1714	-1.9038	-0.029761354405007306	-0.019582594207376378	0.002106612407157156	1.09584641	39.63505554	1.2071934	0.261359280431156	0.314392	0.07155
-0.7751	0.2247	-1.8862	-0.030627037713996493	-0.018041468477865384	0.0028187067419708422	1.15538394	41.78843689	1.30808285	0.3081451686656933	0.31323	0.07112
-0.8262	0.2529	-1.8949	-0.030941196979355472	-0.019244000332489478	0.0027192229746071652	1.02036035	36.90484238	1.07540583	0.16880874436733745	0.314577	0.07091
-0.8319	0.2685	-1.9414	-0.031257101573966446	-0.019399334635916973	0.0030176742766981957	0.95503515	34.54213333	1.03057807	0.1062845100064749	0.32145	0.0756
-0.842	0.2138	-1.9864	-0.030309387790133525	-0.01947089313524874	0.002853613327010729	1.07893467	39.02338791	1.13426779	0.16896666164260768	0.324833	0.07497
-0.8467	0.2204	-2.0144	-0.030131364206430103	-0.019490091757020676	0.002811725424962865	0.96537513	34.91611481	1.01581799	0.05125550537616146	0.327526	0.07642
-0.8397	0.2423	-2.0183	-0.030188960071745916	-0.01950405439103663	0.0029618237406343773	1.0755831	38.90216446	0.99944958	0.043882840750163694	0.329036	0.07783
-0.8437	0.2631	-2.006	-0.03106511535624707	-0.019601792829148316	0.003014183618194207	1.07872081	39.0156517	1.05210051	0.08841268000863374	0.32906	0.07746
-0.8546	0.1939	-2.0431	-0.030709068188840227	-0.019587830195132362	0.0027942721324429216	0.99946809	36.14920425	1.05756726	0.1466960643587043	0.334642	0.08037
-0.8622	0.19	-2.0385	-0.030475194069072984	-0.019694295279504014	0.002769837522915001	0.99495101	35.9858284	1.00728684	0.03433869068334065	0.334458	0.08042
-0.8775	0.2172	-2.0542	-0.030173252108477967	-0.019936896045531227	0.002816961412718848	0.98945928	35.78720093	1.01337896	0.08778333082130364	0.335278	0.08122
-0.8697	0.2682	-1.9822	-0.03020292270576187	-0.02007303172718678	0.0031171580440618727	1.00769997	36.44693756	1.06752576	0.15410014551412377	0.326083	0.07606
-0.8642	0.2159	-2.0181	-0.029548424236264	-0.01996656664281513	0.0032463124087094525	0.91632861	33.14217758	0.98102379	0.13820589592585503	0.328805	0.07717
-0.8689	0.1818	-2.0112	-0.02868797691503079	-0.01991071610675131	0.0030368728984701333	0.92364824	33.40691757	0.99232358	0.10198686837681732	0.327255	0.07703
-0.8774	0.1832	-2.0227	-0.028567549196643185	-0.020130627592502597	0.0028902652413026098	0.98347932	35.57091522	1.00842915	0.04574734306532058	0.327254	0.07683
-0.8753	0.2373	-2.0221	-0.029255208921928948	-0.020174260823802453	0.0029181905093345183	1.04401124	37.76026154	1.05980843	0.09476091123087624	0.326915	0.07704
-0.8818	0.2081	-2.0422	-0.029893999428158877	-0.02019520477482639	0.0029565877528783943	0.98470122	35.61510849	1.03968131	0.09070658503988693	0.330043	0.07808
-0.8885	0.162	-2.0389	-0.0293320034090167	-0.02029294321293807	0.0027244589623631483	0.96431035	34.87760162	0.99970805	0.100693162388455	0.329633	0.07771
-0.8803	0.1764	-2.0524	-0.029105110606257437	-0.020347048419749894	0.002879793265790644	0.92220944	33.35487747	0.9719844	0.05791661564992924	0.329517	0.07833
-0.8809	0.2391	-2.0279	-0.029869564818630956	-0.02036101105376585	0.0030962140930379405	1.08735216	39.32783127	1.02965192	0.13754188368183887	0.326858	0.07658
-0.8853	0.1945	-2.0438	-0.02980847829481115	-0.0204063896143177	0.0031799898971336684	1.01045954	36.54674911	1.03767731	0.07441204442336939	0.330461	0.07815
-0.8869	0.1427	-2.0311	-0.029087657313737494	-0.020226620701362285	0.0029862583501622975	0.95449579	34.52262497	0.994259	0.12081607205002241	0.329339	0.07744
-0.8974	0.1518	-2.0391	-0.029103365277005445	-0.020509364040185368	0.0030578168494940655	0.96875715	35.03843689	0.99428325	0.046100490071140074	0.330281	0.07869
-0.8927	0.218	-2.0333	-0.029754373087999334	-0.020648990380344914	0.003218387140677544	0.96352929	34.84935379	1.01287964	0.12426022211684543	0.329618	0.07857
-0.8915	0.2152	-2.0492	-0.02977880769752725	-0.020743238159952604	0.0032166418114255493	0.94171679	34.06042862	0.97963174	0.025921385919379827	0.331036	0.07911
-0.9005	0.1312	-2.0616	-0.02838254429593179	-0.020996310901491785	0.003242821750205464	0.95805591	34.65139008	1.03284761	0.18917580409572776	0.329344	0.0782
-0.8989	0.1382	-2.0784	-0.028122490237384633	-0.020593139844281093	0.003220132469929538	0.93935287	33.97492981	0.99270976	0.05969571980168852	0.33079	0.07997
-0.8687	0.3123	-1.5847	-0.03178244567881674	-0.019669860669976093	0.0027768188399229783	1.87373769	67.77017212	2.46590466	0.9493274122871832	0.279264	0.05326
-0.835	0.5118	-0.6709	-0.0392751441576284	-0.018826866641262832	0.002457423586808016	2.66143107	96.25981903	3.25313574	1.5797543880319944	0.192727	0.02045
-0.7974	0.3539	-0.4618	-0.039570104801215436	-0.01706932008450454	0.002305579941884509	1.39514983	50.46039581	1.59161073	0.5148175422634417	0.167913	0.01245
-0.7942	0.3343	-0.1969	-0.03899065548955332	-0.01664171441776593	0.00243473430653209	1.47264028	53.26310349	1.58257929	0.34451046715241535	0.146059	0.00672
-0.8484	0.5141	0.3061	-0.04244117142074611	-0.018102555001685183	0.003220132469929538	1.87054324	67.65463257	1.82639751	1.0218377339254745	0.151286	0.00828
-0.8631	0.5361	0.8009	-0.043641957946118214	-0.020135863580258578	0.003485422516232676	1.90031552	68.73145294	1.95920655	0.7064692575124315	0.178116	0.02589
-0.816	0.5052	1.1539	-0.0449701535068859	-0.019008380883470243	0.0026389378290154262	1.85208249	66.98693848	1.93434726	0.5961081472386636	0.176425	0.02254
-0.7696	0.4179	1.1719	-0.04452160388912335	-0.017626080115890733	0.00277332818141899	1.01690078	36.77971649	1.12346716	0.24996203688728116	0.172508	0.02088
-0.7944	0.4147	1.1851	-0.04397182517474514	-0.018137461586725072	0.0025987952562195565	0.89534593	32.38326645	0.97425657	0.10298465552059922	0.166846	0.0191
-0.8088	0.4549	1.1801	-0.04387757739513744	-0.018565067253463685	0.0026145032194875057	0.95076382	34.38764572	0.97409813	0.08647807048071339	0.164568	0.01876
-0.8134	0.4541	1.1862	-0.043483132984186726	-0.018647097728307416	0.0026302111827554544	0.91756892	33.18703842	0.9466332	0.036109142453119615	0.162937	0.01809
-0.8092	0.4317	1.2116	-0.04257032578539369	-0.018512707375903853	0.002453932928304027	0.95143116	34.41178131	0.96982356	0.11317379028240156	0.162319	0.01847
-0.8122	0.4549	1.2246	-0.04219158933771092	-0.018666296350079353	0.0023876104167282427	0.97377932	35.22008133	0.96672232	0.06913239667170237	0.161146	0.01883
-0.807	0.4967	1.2791	-0.042893211697012636	-0.01872040155689118	0.002541199390903744	0.96520483	34.90995407	0.95714373	0.14696582701445196	0.166135	0.02045
-0.8079	0.5224	1.2837	-0.04347964232568274	-0.018858282567798732	0.0027558748888990466	1.0518899	38.04521942	0.9508687	0.07814935687864785	0.16753	0.02195
-0.794	0.4345	1.2888	-0.04298047815961236	-0.018617427131023514	0.002593559268463574	0.95195055	34.4305687	0.96084442	0.1520167611640531	0.169438	0.02177
-0.7837	0.4045	1.299	-0.04281641720992489	-0.01859997383850357	0.0025865779514555962	0.96322399	34.83831024	0.95038788	0.05992477796076948	0.170488	0.02194
-0.7816	0.4046	1.2746	-0.043367941253555094	-0.01883035729976682	0.0027680921936630064	0.98300987	35.553936	0.97833342	0.07477108735504305	0.170527	0.02149
-0.7808	0.4217	1.2712	-0.04376238566450582	-0.019046778127014115	0.003010692959690218	0.99177331	35.87089539	0.979477	0.0639733002112613	0.172489	0.02223
-0.7964	0.4494	1.2506	-0.04387583206588545	-0.019346974758357144	0.0031223940318178558	0.93833143	33.93798447	0.95656043	0.09016720524251517	0.171819	0.0221
-0.7988	0.3975	1.2467	-0.043128831146031874	-0.019238764344733497	0.0030072023011862297	0.90277779	32.65206528	0.9342109	0.1067201532054426	0.170627	0.02071
-0.7992	0.4158	1.2369	-0.042476078005786	-0.01901187154197423	0.002885029253546627	0.91031891	32.92481613	0.95958195	0.0785909495322372	0.16539	0.0195
-0.8059	0.4652	1.2332	-0.04257032578539369	-0.018956021005910415	0.003014183618194207	0.93086791	33.66804123	0.97699951	0.07376263401595416	0.162721	0.01877
-0.8243	0.4945	1.2199	-0.04259126973641763	-0.019339993441349165	0.0030700341542580253	1.08565795	39.26655579	0.98652636	0.08403834612632574	0.15923	0.01833
-0.8294	0.4092	1.1959	-0.04213748413089909	-0.019771089766591764	0.0030246555937061734	0.98895967	35.76913071	0.99549011	0.16091302456564935	0.158912	0.0177
-0.8464	0.3971	1.1901	-0.04112868382324638	-0.020296433871442057	0.003001966313430246	1.00765979	36.44548416	0.99241326	0.11274168463894665	0.154746	0.01637
-0.8605	0.3976	1.1943	-0.040868629764699224	-0.020399408297309723	0.003178244567881674	1.02953839	37.23680115	0.98490286	0.04576533694331249	0.15413	0.01606
-0.8696	0.4254	1.1958	-0.0410274547266307	-0.020392426980301748	0.003321361566545209	1.034168	37.40424728	0.97112555	0.05384616388014923	0.153683	0.01661
-0.8718	0.3436	1.1742	-0.04032757769658098	-0.020586158527273118	0.003162536604613725	1.01651442	36.76574326	1.00493683	0.1582216769476288	0.15266	0.01573
-0.8708	0.3412	1.1788	-0.040278708477525134	-0.020662953014360868	0.0032061698359135836	1.01809311	36.82284164	0.98050146	0.016464846872172756	0.152488	0.01515
-0.8731	0.3759	1.1987	-0.040236820575477276	-0.020472712125893484	0.003186971214141646	1.01957619	36.87648392	0.98079349	0.06946637061435897	0.152221	0.0158
-0.8872	0.3884	1.202	-0.04014431812512158	-0.02080083402526842	0.003190461872645634	0.95641178	34.59192276	0.94334501	0.05110575041173101	0.150401	0.0156
-0.8843	0.3204	1.1647	-0.03954741552093951	-0.02084621258582027	0.003239331091701475	0.96185541	34.78881073	0.97716126	0.14275751918948792	0.148553	0.01413
-0.8814	0.3174	1.1616	-0.039739401738658885	-0.020839231268812295	0.003118903373313867	1.03012908	37.25816345	0.98083048	0.024969762655748056	0.147877	0.01354
-0.8636	0.2721	0.7572	-0.03921405763380859	-0.020388936321797755	0.00312413936106985	1.6517607	59.74161148	1.54482507	0.5165437519810406	0.126282	0.00616
-0.8638	0.3697	0.828	-0.04236088627515437	-0.0204063896143177	0.0031747539093776853	1.42286408	51.46277618	1.41191324	0.329344824108678	0.140405	0.00896
-0.8549	0.3995	0.9017	-0.04205894431455936	-0.02053728930821728	0.0031223940318178558	0.98477966	35.61794662	1.03750394	0.13666007660272103	0.141098	0.00947
-0.8262	0.3636	0.7321	-0.040425316134692656	-0.02034879374900189	0.0035674529910764093	1.05841839	38.28134537	1.11388206	0.3475591349170323	0.127976	0.00594
-0.7827	0.3407	0.4732	-0.03592760265230328	-0.01958084887812438	0.0035203291012725624	1.38321066	50.0285759	1.36984077	0.5909391121535367	0.0949067	0.0015
-0.7946	0.34	0.7176	-0.035356879986901124	-0.019509290378792614	0.0034400439556808234	1.34157956	48.52284241	1.35470468	0.2931283155162829	0.0977978	0.00246
-0.8128	0.3294	0.7052	-0.035321973401861245	-0.019783307071355723	0.0035116024550125905	0.99146873	35.85987854	1.04299871	0.06022408884673773	0.0972254	0.00243
-0.7803	0.2861	0.7462	-0.03551745027808461	-0.019715239230527943	0.003687880709464018	0.90021241	32.5592804	0.98554547	0.13879114857512853	0.10015	0.00336
-0.8013	0.2658	0.8383	-0.03635695364829388	-0.020038125142146895	0.0035342917352885177	1.05972207	38.32849503	1.04493419	0.19919891280018637	0.110176	0.00522
-0.8094	0.1269	0.8318	-0.035561083509384465	-0.02007826771494277	0.003333578871309169	1.03230226	37.33676529	1.04463678	0.2053362787842319	0.113147	0.00511
-0.8186	0.1321	0.8462	-0.03585080816521552	-0.020118410287738638	0.00294262511886244	0.98738343	35.71212006	0.98439455	0.0648410490536826	0.112675	0.00491
-0.8191	0.1595	0.8099	-0.036198128686362394	-0.020177751482306442	0.0030368728984701333	1.01865101	36.84301758	0.99154907	0.08924547476611862	0.111169	0.00473
-0.8093	0.228	0.8216	-0.03713537049468335	-0.02007826771494277	0.0031817352263856626	1.06768584	38.61653519	0.99921534	0.14907939518000807	0.112485	0.00547
-0.8138	0.2675	0.8016	-0.03720518366476312	-0.02011491962923465	0.0032306044454415038	0.99638999	36.03787231	0.98762571	0.07176671517137463	0.110332	0.00511
-0.8264	0.2558	0.8479	-0.036892769728656134	-0.020251055310890206	0.0030578168494940655	1.00755966	36.44186401	0.97025812	0.10166686068549924	0.111852	0.00523
-0.8304	0.2806	0.8316	-0.03651926926872935	-0.020432569553097617	0.003082251459021986	1.0488894	37.9366951	0.96205292	0.07407246558310569	0.109518	0.00482
-0.8287	0.3159	0.8694	-0.03693814828920799	-0.020427333565341634	0.0033772121026090277	1.05505693	38.15976334	0.99216831	0.11075378259108308	0.111375	0.00562
-0.823	0.3011	0.847	-0.0366868208769208	-0.020334831114985935	0.003488913174736664	0.92151934	33.32991791	0.95474074	0.06567654673852609	0.10993	0.00517
-0.8359	0.2082	0.8232	-0.035627406020960255	-0.020495401406169407	0.0032759830059933565	0.90712821	32.80941391	0.97269427	0.2012457657943663	0.107933	0.00467
-0.8467	0.1809	0.8056	-0.0333026274573038	-0.020518090686445337	0.002946115777366428	1.07533944	38.89335251	1.06545019	0.1895667536279657	0.0969188	0.00304
-0.8184	0.2558	0.8733	-0.033550464211087	-0.02033832177348992	0.0031293753488258326	1.03949034	37.59674454	1.03221914	0.2014432619099009	0.0980735	0.00393
-0.8166	0.2222	0.8782	-0.03307573465454454	-0.020540779966721264	0.0033283428835531865	0.89690548	32.43967438	0.95215348	0.08410776422505782	0.0989851	0.00396
-0.8421	0.0999	0.8359	-0.032328733734690966	-0.020909044438892067	0.003080506129769991	0.93156081	33.69310379	0.99312493	0.25825510729037854	0.0986089	0.00318
-0.8401	0.0981	0.7425	-0.033192671714428156	-0.02122145837499905	0.003426081321664869	0.94344288	34.12285995	1.0045249	0.1732963553869525	0.0949912	0.00257
-0.8281	0.2573	1.0022	-0.03307049866678856	-0.020689132953140784	0.003525565089028546	1.43793118	52.00772858	1.3130228	0.46859911184307695	0.110436	0.0056
-0.8378	0.2936	0.9851	-0.03363424001518272	-0.020898572463380102	0.003956661414271145	1.12871909	40.82400894	1.07689968	0.123313859193804	0.109376	0.00535
-0.8261	0.1749	0.9754	-0.03259053312249011	-0.020488420089161432	0.003911282853719292	1.02419913	37.04368591	1.04306316	0.21506189137315648	0.107294	0.00486
-0.839	0.1988	1.0233	-0.032871531132061205	-0.020539034637469273	0.003682644721708035	1.02679551	37.13759232	0.99980322	0.11271253449450953	0.112555	0.00559
-0.844	0.171	0.9808	-0.03300417615521277	-0.02087064719534819	0.0037210419652519105	0.99490702	35.98423767	0.95989743	0.10043274122871804	0.109393	0.00502
-0.8482	0.1866	0.9821	-0.03262369437827801	-0.02095093234093993	0.003862413634663451	1.05922627	38.31056213	0.98992089	0.051206929596902	0.108197	0.00493
-0.849	0.1538	0.9481	-0.03264463832930194	-0.020999801559995774	0.0040945424251786966	1.03509688	37.43784332	0.98155478	0.08269709802975078	0.106956	0.00502
-0.8336	0.0811	0.9199	-0.03244741612382658	-0.020340067102741916	0.0039287361462392355	0.98693389	35.69586182	0.97976932	0.1674381470834337	0.10776	0.00468
-0.8289	0.1084	0.9419	-0.032494540013630425	-0.02028072590817411	0.003834488366631542	1.0013988	36.2190361	0.96137541	0.06403564319896722	0.1089	0.00468
-0.8299	0.1619	0.9676	-0.03286978580280921	-0.020423842906837644	0.0038187804033635933	0.91907555	33.24153137	0.96493049	0.10690353755551332	0.108053	0.00491
-0.8281	0.1983	0.9365	-0.033496359004275174	-0.020509364040185368	0.0039339721339952186	1.01088762	36.56222916	0.98533603	0.11066430327226584	0.105962	0.00487
-0.8246	0.1305	0.8601	-0.032642893000049945	-0.020450022845617557	0.003490658503988659	0.96430284	34.87733078	0.99945302	0.21550604143997987	0.0988425	0.00328
-0.8589	0.1477	0.7647	-0.030894073089551628	-0.02057917721026514	0.0025778513051956248	1.05469	38.146492	1.05103257	0.28643907369694666	0.0830228	0.00146
-0.8418	0.2025	0.8181	-0.03137752929235406	-0.020839231268812295	0.002967059728390361	1.0526818	38.07386017	1.0086038	0.18193593422721616	0.0879592	0.00226
-0.8179	0.2294	0.9223	-0.03221877799181532	-0.02030865117620602	0.0033911747366249826	1.00272548	36.26701736	1.0144456	0.244797190015108	0.0997935	0.00377
-0.7989	0.1804	1.0023	-0.03363773067368671	-0.020359265724513857	0.0038746309394274117	1.06619871	38.56274414	1.03845288	0.2456511716490825	0.115521	0.00618
-0.8119	0.154	0.9717	-0.03365343863695466	-0.02072927552593665	0.004050909193878839	0.95299923	34.46849823	0.96964251	0.09809980095710867	0.112655	0.00563
-0.8037	0.1624	0.9494	-0.034014721792117494	-0.02072927552593665	0.004211479485062317	1.02559209	37.09406662	0.95778011	0.06499267231731541	0.111727	0.0057
-0.7982	0.1977	0.9468	-0.034807101272522914	-0.020936969706923977	0.004523893421169302	1.07848263	39.0070343	0.99787338	0.10902437987498656	0.113048	0.00634
-0.7853	0.1605	0.9586	-0.03489436773512263	-0.02061408379530503	0.004532620067429273	1.00947618	36.51118088	1.00295478	0.08284395102393195	0.116925	0.00717
-0.7771	0.1775	0.9617	-0.03452959392145582	-0.020205676750338353	0.0044977134823893875	1.00756991	36.44223404	0.98481296	0.0687043721836687	0.11567	0.00668
-0.7663	0.1835	0.9645	-0.03468143756637932	-0.019971802630571116	0.004543092042941239	0.9552812	34.55103302	0.94935951	0.04115481626212958	0.115191	0.00654
-0.7791	0.2164	0.986	-0.034803610614018925	-0.020251055310890206	0.004551818689201211	0.95990103	34.71812439	0.94326593	0.08770761871093324	0.113534	0.00677
-0.7888	0.2112	0.9803	-0.03488738641811465	-0.020416861589829666	0.004714134309636684	0.93865442	33.94966888	0.93813894	0.041194885173533057	0.114864	0.00693
-0.7966	0.14	0.9922	-0.034344589020744415	-0.020661207685108873	0.004729842272904633	0.97785336	35.36743164	0.97834931	0.13104257279586973	0.117976	0.0074
-0.8091	0.141	0.9662	-0.03400774047510951	-0.021022490840271697	0.0047088983218807005	0.99622637	36.03195572	0.96906498	0.07545378259108318	0.116117	0.0068
-0.8038	0.1554	0.9524	-0.034044392389401386	-0.020788616720504458	0.00471238898038469	0.99317515	35.92159653	0.95967285	0.04720083462815533	0.1144	0.00653
-0.7998	0.2003	0.9723	-0.03500781413650226	-0.020650735709596905	0.004803146101488395	0.98549962	35.64398575	0.96451992	0.12840299395560656	0.117017	0.00705
-0.8062	0.157	0.9482	-0.034571481823503676	-0.020746728818456597	0.004686209041604775	0.98231834	35.52892303	0.95552664	0.1062631240870948	0.114084	0.00663
-0.8065	0.1594	0.9486	-0.03407580831593729	-0.0206524810388489	0.004574507969477138	0.94959497	34.34537125	0.95184293	0.03818111796508596	0.113049	0.00597
-0.8079	0.1615	0.9315	-0.0339187286832578	-0.02087937384160816	0.004639085151800928	1.02012694	36.89640045	0.97531625	0.04302748088812704	0.109297	0.00544
-0.8072	0.1933	0.9155	-0.03436204231326436	-0.02075371013546457	0.004763003528692525	1.02411222	37.0405426	0.99215381	0.08314478565208731	0.1097	0.00565
-0.8037	0.1408	0.8197	-0.033885567427469905	-0.020671679660620838	0.004832816698772298	1.04124844	37.66033554	1.02174587	0.1832159265358982	0.104035	0.00436
-0.7699	0.0445	0.4535	-0.03414038549826108	-0.019683823303992046	0.004612905213021013	1.52286899	55.07979965	1.45525239	0.5694292956585625	0.0941343	0.00165
-0.7362	0.1137	0.2103	-0.034348079679248404	-0.01872040155689118	0.00446629755585349	1.44697452	52.33481216	1.38937417	0.4119861792627857	0.099187	0.00135
-0.7718	0.3114	0.5807	-0.035412730522964946	-0.019182913808669676	0.004054399852382828	1.84442794	66.71008301	1.79754184	0.7006530399482851	0.112066	0.00425
-0.808	0.2013	0.4125	-0.0327493580844216	-0.019973547959823108	0.0036843900509600297	1.33975923	48.45700455	1.43522396	0.5057008195559787	0.110098	0.00546
-0.8275	0.2327	0.5972	-0.03145955976719779	-0.020416861589829666	0.0035116024550125905	1.79225385	64.82302856	1.93211935	0.3308949771588903	0.0778602	0.00107
-0.8281	0.1431	0.5459	-0.030520572629624838	-0.020266763274158155	0.003661700770684103	1.05101502	38.01357651	1.058137	0.2034591884457986	0.0704403	0.00069
-0.8119	0.1148	0.4945	-0.030864402492267726	-0.020107938312226667	0.004026474584350918	1.07553184	38.90031052	1.04093369	0.1392714319120596	0.071983	0.00071
-0.8	0.0265	0.4054	-0.030476939398324982	-0.019940386704035216	0.0040561451816348215	1.06447864	38.50053406	1.04733993	0.2185342649709048	0.0709594	0.00055
-0.7996	-0.0236	0.33	-0.02976659039276329	-0.0200363798128949	0.00408756110817072	1.00684881	36.41615295	1.00102803	0.16778790204786379	0.0692761	0.00043
-0.7948	0.0131	0.335	-0.02972121183221144	-0.01989500814348336	0.004125958351714595	1.06475258	38.51044083	0.99532286	0.05775737367536336	0.0667958	0.00035
-0.7889	0.0998	0.4457	-0.03044901413029307	-0.019867082875451456	0.004239404753094226	1.14720321	41.49255371	1.0801302	0.2467586983746582	0.0676153	0.00054
-0.7956	0.0584	0.4072	-0.03021339468127384	-0.020034634483642906	0.004279547325890096	1.01754487	36.80301285	1.00467714	0.10876568150032744	0.0673494	0.00051
-0.8041	0.052	0.3782	-0.029421015200868414	-0.02045874949187753	0.004495968153137393	1.03191459	37.32274246	0.99482316	0.11554576579436744	0.0641111	0.00042
-0.8204	0.0845	0.3707	-0.029040533423933645	-0.020727530196684656	0.004511676116405342	0.97817081	35.37891388	0.96285294	0.08954852225049215	0.0597047	0.00027
-0.8367	0.1022	0.3604	-0.028721138170818686	-0.02087413785385218	0.004316199240181977	1.06456828	38.50377655	0.99494623	0.07737398932529242	0.058149	0.00022
-0.845	0.1457	0.4014	-0.029675833271659582	-0.020851448573576258	0.004276056667386107	1.07160473	38.75827408	1.01215986	0.14367634769563445	0.0615402	0.00032
-0.8422	0.0612	0.356	-0.02933898472602468	-0.020750219476960586	0.004171336912266447	1.01376784	36.66640472	1.00102715	0.1598398698685117	0.0635841	0.00031
-0.8512	0.0099	0.3714	-0.028787460682394468	-0.020895081804876113	0.004085815778918725	0.98382664	35.58347702	0.97631339	0.11479537524467304	0.0635929	0.00032
-0.8499	0.0202	0.3442	-0.02850995333132737	-0.021012018864759733	0.004174827570770436	0.92729813	33.53892899	0.95041982	0.06297281014012145	0.0611258	0.00022
-0.8499	0.07	0.3765	-0.0290248254606657	-0.020942205694679958	0.004096287754430691	1.05181766	38.04260635	0.99132927	0.11526125578789256	0.0613306	0.00031
-0.8524	0.0735	0.3631	-0.029518753638980093	-0.020991074913735804	0.004084070449666731	0.98546851	35.64286041	0.97219339	0.047150735106709994	0.0630566	0.00027
-0.8561	0.0032	0.3379	-0.02887472714499419	-0.021069614730075546	0.004066617157146788	0.96350348	34.84841919	0.97239152	0.13620098014227935	0.0635294	0.00029
-0.8514	0.0367	0.337	-0.028600710452431077	-0.02092475240216002	0.0041887902047863905	0.99894464	36.13027191	0.97008735	0.06615260340591203	0.0608445	0.0002
-0.843	0.0866	0.3609	-0.029159215813069267	-0.02100154688924777	0.004242895411598215	0.9918676	35.87430573	0.95446654	0.11667025272688827	0.060452	0.00024
-0.8335	0.1303	0.3757	-0.029773571709771268	-0.02087413785385218	0.004323180557189954	1.03167117	37.31393814	0.99120557	0.10910250388446636	0.0629715	0.00028
-0.8368	0.069	0.3997	-0.02922553832464505	-0.020858429890584233	0.004300491276914028	1.01186502	36.59757996	0.99639376	0.11792153143350464	0.0637776	0.00035
-0.839	0.0712	0.4121	-0.02886774582798621	-0.020793852708260445	0.00437379510549779	1.02034485	36.90428162	0.97812945	0.041583675378319376	0.0623419	0.00035
-0.8379	0.0886	0.4223	-0.029131290545037356	-0.020657717026604884	0.004434881629317591	1.0040462	36.314785	0.95906827	0.05173834612632533	0.0621782	0.0004
-0.8452	0.0823	0.3789	-0.029571113516539925	-0.020891591146372124	0.004499458811641381	1.16045785	41.97195053	0.97417094	0.0939137136796799	0.0637839	0.00045
-0.8485	-0.0141	0.3078	-0.028635617037470966	-0.020985838925979817	0.004513421445657336	1.06479883	38.51211548	1.01258151	0.2229853446346304	0.0637268	0.00029
-0.8436	-0.0014	0.287	-0.02839999758845173	-0.020875883183104176	0.004694935687864747	0.99777889	36.08810806	0.9670296	0.06475447170511439	0.0620436	0.00023
-0.8389	0.0748	0.3477	-0.02950479100496414	-0.020657717026604884	0.004577998627981126	1.03991139	37.61197281	0.99688847	0.21359483164476603	0.0628237	0.0003
-0.8439	0.0582	0.3443	-0.029583330821303884	-0.020783380732748477	0.004626867847036967	0.98070091	35.47042465	0.96050792	0.03765363707695897	0.0643315	0.00029
-0.845	0.0132	0.3096	-0.028801423316410422	-0.02084097659806429	0.0045867252742410975	0.95930099	34.69642258	0.96417175	0.12478229715025724	0.0625969	0.00024
-0.8393	0.0359	0.2777	-0.028859019181726238	-0.020814796659284374	0.004618141200776996	1.0084393	36.47367859	0.95620659	0.06605958653158142	0.0617015	0.00023
-0.8369	0.1015	0.3109	-0.03014707216969805	-0.02070484091640873	0.004598942579005058	1.07717514	38.95974731	1.0174331	0.17206036763096988	0.0642436	0.00031
-0.8348	0.0572	0.2885	-0.030098202950642212	-0.020392426980301748	0.004536110725933263	1.00789559	36.45401382	0.99955401	0.09000575041173081	0.0663065	0.00023
-0.8459	0.0296	0.3243	-0.02898468288786983	-0.020645499721840925	0.004469788214357478	1.03149104	37.30742264	0.98530916	0.14614576579436717	0.0629094	0.00018
-0.8532	0.0335	0.3107	-0.0286862315857788	-0.02077290875723651	0.004365068459237818	1.02566826	37.09682465	0.94661256	0.051329004630313736	0.061654	0.00021
-0.8501	0.0636	0.2531	-0.02939658059134049	-0.020863665878340213	0.004626867847036967	1.08768487	39.33986664	1.02942195	0.14394527572322713	0.064695	0.00022
-0.8457	0.0439	0.2979	-0.02968455991791956	-0.020699604928652745	0.004562290664713178	1.00969183	36.51898193	0.99867822	0.09473087292951633	0.0664214	0.00033
-0.8423	0.0316	0.2725	-0.02911034659401342	-0.020608847807549045	0.004780456821212468	0.99735278	36.07269669	0.99034047	0.08525683007545637	0.0642563	0.00022
-0.8418	-0.01	0.1507	-0.028260371248292185	-0.020738002172196623	0.004944517770899936	1.11583495	40.35801315	1.09638573	0.22105953300281425	0.0682496	0.00022
-0.8418	0.2246	0.6027	-0.03338291260289554	-0.020621065112313004	0.004471533543609472	1.70318425	61.60152054	1.55770811	0.972223132088872	0.0890356	0.00205
-0.83	0.3522	1.1638	-0.03881612256435389	-0.020207422079590344	0.004148647631990522	1.90421796	68.87259674	1.82261189	1.008986945289998	0.145188	0.01395
-0.8108	0.123	0.813	-0.03629761245372607	-0.01975363647407182	0.0038030724400956446	1.57132304	56.83230591	1.55548538	0.7650935454020611	0.118114	0.00557
-0.8197	0.0324	0.2775	-0.03506715533107006	-0.0198217043148996	0.0036093408931242737	1.83174825	66.2514801	1.6976791	0.7096128255227577	0.101686	0.00131
-0.8079	0.06	0.1069	-0.03323455961647602	-0.019589575524384357	0.003830997708127553	1.26472163	45.74301147	1.20248508	0.32431906600562826	0.0916296	0.00056
-0.7854	0.1554	0.1958	-0.033496359004275174	-0.019333012124341187	0.004176572900022431	1.10544157	39.98209763	1.05439141	0.2499968989868601	0.0836169	0.00048
-0.7762	0.1095	0.1683	-0.0329640335824169	-0.01927192560052139	0.004351105825221863	1.06381154	38.4764061	0.97957419	0.12099724354387507	0.084574	0.00067
-0.7789	0.1031	0.145	-0.03239156558776276	-0.019462166488988766	0.004455825580341524	1.06464565	38.50657272	0.9934916	0.07577143191205915	0.0821781	0.00059
-0.7712	0.1205	0.0747	-0.03305304537426861	-0.019313813502569253	0.004616395871525002	1.06732821	38.60359955	1.02912116	0.14392015320544224	0.0888634	0.00087
-0.7616	0.1578	0.0891	-0.034285247826176604	-0.019188149796425656	0.004670501078336825	1.04774058	37.89514542	1.00193062	0.13189856824317053	0.0932173	0.00118
-0.7732	0.1861	0.1168	-0.03421543465609684	-0.01950754504954062	0.00462337718853298	1.07956052	39.04602051	0.97342761	0.0894166156499286	0.0909844	0.00096
-0.7784	0.1132	0.0994	-0.03369532653900253	-0.01952674367131256	0.004618141200776996	1.05428004	38.13166428	0.99922214	0.1227271363311118	0.0910703	0.00098
-0.7811	0.0647	0.1095	-0.03320837967769611	-0.019552923610092476	0.0044924774946334045	0.99595374	36.02209473	0.99296187	0.09323952531149625	0.0899415	0.00076
-0.7741	0.0703	0.0894	-0.03299195885044881	-0.019460421159736774	0.004504694799397364	0.97624135	35.30912781	0.98362139	0.04875702911834812	0.0892324	0.00068
-0.776	0.1094	0.1185	-0.03314380249537232	-0.019715239230527943	0.004675737066092809	0.97773808	35.36326218	0.99563929	0.09898519912050614	0.0888179	0.00076
-0.7846	0.1062	0.082	-0.03284360586402929	-0.01999972789860302	0.004752531553180559	0.95018929	34.36686707	0.97153494	0.0813739893252927	0.0878351	0.0006
-0.7834	0.0418	0.0363	-0.031634092692397225	-0.020031143825138917	0.00463559449329694	0.94487655	34.17471313	0.9727234	0.17919330790257904	0.0857484	0.00046
-0.7892	0.0436	-0.0062	-0.03120648702565861	-0.01999100125234305	0.004495968153137393	1.16342402	42.07923508	1.07383753	0.0804687289847015	0.0859878	0.00047
-0.782	0.1285	0.0694	-0.031974431896536114	-0.020177751482306442	0.00477696616270848	1.07657945	38.9382019	1.0484673	0.2294846555205992	0.082904	0.00038
-0.7858	0.1427	0.2328	-0.0324735960626065	-0.02039068165104975	0.004907865856608054	1.1958698	43.25274658	1.09597302	0.22354970143566325	0.0816185	0.00063
-0.7911	0.0713	0.1975	-0.0315503168883015	-0.02042558823608964	0.004763003528692525	1.09009576	39.4270668	1.04123858	0.16715240436302092	0.0779828	0.00049
-0.7885	0.064	0.1702	-0.03115412714809878	-0.020156807531282513	0.004832816698772298	1.17349184	42.44337082	1.1204368	0.07393918075448083	0.0785735	0.00046
-0.7688	0.0841	0.0788	-0.03185225884889651	-0.01942725990394888	0.004810127418496373	1.4047147	50.80634308	1.34493947	0.2037184304203644	0.0845633	0.0006
-0.7554	0.155	0.3783	-0.032269392540123155	-0.01938188134339703	0.004700171675620729	1.43436444	51.87872696	1.30045376	0.41242339973270714	0.0782745	0.00085
-0.7746	0.0841	0.442	-0.031778955020312756	-0.019771089766591764	0.004679227724596798	1.213395	43.88660431	1.16022968	0.19882949470145325	0.0788781	0.00106
-0.7852	0.0754	0.5254	-0.03236538564898285	-0.019977038618327097	0.004794419455228423	1.10023332	39.79372406	1.0713966	0.1480785605518526	0.0827518	0.00146
-0.7825	0.0994	0.4891	-0.032323497746934986	-0.019743164498559854	0.004927064478379992	1.0158726	36.74253082	0.99942833	0.08342035224833388	0.079255	0.0011
-0.781	0.0841	0.458	-0.03230080846665906	-0.019641935401944182	0.004886921905584123	0.96997082	35.08233261	0.95990569	0.05610304748437328	0.0769529	0.00102
-0.7809	0.0191	0.4009	-0.03160267676586132	-0.019746655157063843	0.004860741966804208	0.98141515	35.49625778	0.99525644	0.1636515697348657	0.0775009	0.00087
-0.7649	-0.0239	0.1585	-0.03038094628946529	-0.019287633563789337	0.004899139210348083	1.25125229	45.25584412	1.18060408	0.3873574656607207	0.0751149	0.0004
-0.7551	0.117	0.2628	-0.03130771612227428	-0.019165460516149736	0.005066690818539539	1.07926297	39.03525925	1.06993897	0.3158247244320022	0.0718068	0.0005
-0.7629	0.1607	0.517	-0.02995159529347469	-0.019657643365212137	0.0050230575872396805	1.25748014	45.48109818	1.25542764	0.40029684545809247	0.0675744	0.00078
-0.7751	0.0663	0.4933	-0.02931105945799277	-0.019711748572023957	0.004981169685191816	0.86866367	31.41821098	0.94659547	0.16712644721708023	0.0669643	0.00067
