trans_x	trans_y	trans_z	rot_x	rot_y	rot_z	dvars_std	dvars_nstd	dvars_vstd	framewise_displacement	aqi	aor
0.0	-0.0	0.0	-0.0	0.0	-0.0	n/a	n/a	n/a	n/a	0.0417399	0.06471
-0.0054	-0.1501	-0.182	0.01267458102798282	-0.0024260076602721182	0.0012618730491919003	3.79309607	108.58831787	4.99095095	1.155623086872342	0.118356	0.1672
-0.0728	-0.518	-0.4458	0.03931877738892826	-0.008272860654453122	0.003728023282259888	4.46861649	127.92704773	6.00301489	2.446959979409721	0.207712	0.31313
-0.0697	-0.4257	-0.1199	0.02329316419711632	-0.005967280712568612	0.0031415926535897933	2.96780491	84.96198273	3.70932531	1.367181188118327	0.102384	0.17339
-0.0492	-0.3879	-0.1058	0.02133315944712669	-0.00477696616270848	0.0032916909692613052	1.4045862	40.21033478	1.49622834	0.2374208807760637	0.0858758	0.14255
-0.0392	-0.3725	-0.1483	0.020507618710933373	-0.004569271981721155	0.0032602750427254074	1.20136857	34.39264297	1.10909201	0.12113254218582704	0.0794871	0.12984
-0.0375	-0.332	-0.153	0.01754754029955099	-0.00460766922526503	0.002670353755551324	1.28314507	36.73373032	1.23563703	0.22631984710501712	0.0642039	0.09844
-0.031	-0.313	-0.1782	0.018015288539085468	-0.004194026192542374	0.0028326693759867967	1.23308611	35.30064774	1.04359581	0.1028853446346304	0.0657991	0.10022
-0.0253	-0.3018	-0.1735	0.017767451785302275	-0.0038013271108436495	0.002766346864411012	1.18014431	33.78503799	0.98738725	0.05694291735288513	0.065689	0.09793
-0.0224	-0.2964	-0.1744	0.01754754029955099	-0.0035883969421003415	0.002825688058978819	1.31497991	37.64509583	1.02813646	0.03380914245312008	0.0646011	0.09433
-0.029	-0.2889	-0.1766	0.017561502933566942	-0.004085815778918725	0.002663372438543347	1.38209629	39.56649399	1.05360014	0.049984854563490486	0.0630806	0.08893
-0.0247	-0.3045	-0.2125	0.017783159748570223	-0.003998549316319009	0.0027611108766550296	1.38720059	39.71261978	1.0592138	0.07613308578573398	0.0631367	0.08889
-0.0172	-0.2951	-0.1956	0.017755234480538316	-0.003790855135331684	0.0028710666195306722	1.31678069	37.69664764	1.02692818	0.05107875959474376	0.0636855	0.09211
-0.0208	-0.2905	-0.1828	0.01768891196896253	-0.003701843343479973	0.00272096830385916	1.21282744	34.72068405	0.98408545	0.03627163095495045	0.0630931	0.09081
-0.029	-0.3004	-0.1608	0.017343336777067654	-0.004113741046950634	0.002436479635784084	1.18661392	33.97024918	1.01045424	0.09219807817203064	0.0591325	0.0842
-0.0273	-0.3284	-0.1737	0.017514379043763097	-0.004148647631990522	0.002567379329683659	1.13444567	32.47677994	0.97795479	0.059442427281745314	0.0601288	0.0864
-0.0316	-0.3075	-0.1877	0.017013469548440723	-0.0037419859162758423	0.00238237442897226	1.15938628	33.19077682	1.00522734	0.09382880558742265	0.0568701	0.07809
-0.0319	-0.2631	-0.1835	0.01601165055779598	-0.0035116024550125905	0.0018168877513260971	1.15655661	33.10977173	1.04794853	0.13878445647770798	0.051265	0.06289
-0.0353	-0.2308	-0.1759	0.014927801092307498	-0.003518583772020568	0.0012740903539558604	1.15764117	33.14081955	1.05173599	0.12498140899333476	0.044734	0.04664
-0.0288	-0.2313	-0.2119	0.014276793281313616	-0.0034400439556808234	0.0013997540600994523	1.09037387	31.21509743	0.99863468	0.08576056667386092	0.0426447	0.04052
-0.0271	-0.2097	-0.2117	0.014194762806469882	-0.003363249468593073	0.0014172073526193955	1.09703553	31.4058094	0.97052355	0.032313912722571385	0.0422193	0.0378
-0.0301	-0.1802	-0.2278	0.013992304613238539	-0.0032498030672134413	0.001218239817892042	1.12855804	32.30823135	0.99242862	0.07434360646691641	0.0409694	0.0323
-0.0402	-0.1657	-0.1908	0.013076006755941515	-0.003569198320328404	0.0007696902001294993	1.17825651	33.73099136	1.01531991	0.14581213640872645	0.035923	0.02277
-0.0408	-0.146	-0.2119	0.012571606602115157	-0.003068288825006031	0.0006789330790257941	1.17761695	33.71268463	1.00336577	0.0962033385126218	0.0348718	0.0169
-0.0416	-0.1472	-0.2388	0.012475613493255468	-0.0028571039855147177	0.0006475171524898963	1.17418075	33.61431122	1.00267413	0.04582969374434504	0.0349095	0.01536
-0.0443	-0.1395	-0.2076	0.011615166172022264	-0.0031799898971336684	0.0004485496177625427	1.22698951	35.12611389	1.02504677	0.11071503837897538	0.0308226	0.0104
-0.0419	-0.1389	-0.2111	0.011222467090323538	-0.0031415926535897933	0.0004328416544945937	1.12304676	32.15045547	0.99688638	0.02884021442552751	0.0289238	0.0073
-0.0448	-0.1383	-0.2183	0.01164658209855816	-0.003033382239966145	0.00042411500823462205	1.08019197	30.92361069	0.964063	0.03775260340591209	0.0300122	0.0084
-0.052	-0.121	-0.2027	0.011184069846779665	-0.0032218777991815323	9.250245035569947e-05	1.12383723	32.17308426	0.99851121	0.08923101844364029	0.028063	0.00566
-0.0542	-0.11	-0.2126	0.010220648099678794	-0.0031415926535897933	1.7453292519943294e-06	1.05513859	30.20638657	0.98935727	0.07982320068981577	0.0250282	0.00227
-0.0561	-0.1096	-0.2387	0.01062207382763749	-0.003078760800517997	0.0001064650843716541	1.02241707	29.26963997	0.95666327	0.05684886680750764	0.0270632	0.00304
-0.0588	-0.0799	-0.2177	0.009220574438286043	-0.0029914943379182805	-1.0471975511965975e-05	1.07823706	30.86764717	1.02669547	0.1336851455917392	0.0235923	0.00136
-0.0529	-0.0535	-0.1933	0.007997098632638018	-0.0028274333882308137	-0.0001361356816555577	1.02474248	29.33621025	0.98802902	0.1323600230739542	0.0210903	0.00039
-0.0518	-0.0607	-0.2311	0.008777260808279484	-0.00266860842629933	-2.96705972839036e-05	0.98719925	28.26142693	0.94982157	0.09837261109723021	0.0237798	0.00081
-0.0646	-0.0568	-0.2393	0.009693558665576505	-0.0023212879051524586	-0.0002617993877991494	1.01651669	29.10072327	0.98767701	0.09968735844795693	0.0272557	0.00232
-0.0497	-0.0752	-0.2247	0.009443976582541317	-0.0028728119487826664	-3.839724354387525e-05	1.051736	30.10897636	0.99037367	0.0991254135460335	0.0250189	0.00163
-0.0435	-0.0973	-0.2527	0.009601056215220807	-0.002802998778702893	5.061454830783555e-05	1.09964359	31.48047256	0.98026117	0.07209522973054866	0.0268829	0.00212
-0.0322	-0.1557	-0.3007	0.009639453458764682	-0.0024923301718479027	0.0003577924966588376	1.19167435	34.11511612	1.07091952	0.15051218993749343	0.0314432	0.00513
-0.0248	-0.0784	-0.2895	0.009583602922700864	-0.0025481807079117207	0.0005270894341022875	1.18040824	33.79259109	1.05694567	0.10994990047855437	0.0296289	0.00331
-0.0239	-0.0831	-0.2779	0.00912632665867835	-0.0027192229746071652	0.0004468042885105483	1.10027611	31.49857903	0.9823644	0.05263018381548484	0.0276948	0.00212
-0.0211	-0.0948	-0.2678	0.00847706417693646	-0.0027419122548830916	0.0004415683007545654	1.20629883	34.53378677	0.9963536	0.05845938748869	0.0266883	0.00152
-0.014	-0.1004	-0.2906	0.009093165402890457	-0.0024748768793279594	0.0006422811647339132	1.16578507	33.3739624	1.00409765	0.08969247327442394	0.0288869	0.00265
-0.0156	-0.0791	-0.2662	0.009136798634190315	-0.0024242623310201236	0.0006562437987498679	1.09243858	31.27420807	0.95683864	0.05271052068118241	0.0278261	0.00236
-0.0215	-0.0731	-0.2427	0.00834441915378489	-0.0026110125609835172	0.0004939281783143952	1.20772588	34.57463837	0.97556953	0.09247226654021456	0.0251356	0.00131
-0.0187	-0.0797	-0.2569	0.008237954069413234	-0.002464404903815993	0.0005619960191421741	1.11476541	31.91337585	0.97053025	0.03965702911834795	0.0261291	0.00119
-0.0144	-0.0863	-0.2467	0.008974483013754843	-0.0023527038316883565	0.000710349005561692	1.3045243	37.34577179	0.99254077	0.07092915014443818	0.0267291	0.00175
-0.0166	-0.0858	-0.2424	0.008826130027335325	-0.002509783464367846	0.0006894050545377602	1.20079756	34.376297	0.99710378	0.023318828506146975	0.0265777	0.00164
-0.0192	-0.0909	-0.2333	0.008459610884416515	-0.002633701841259443	0.000619591884457987	1.26009691	36.07390976	0.99885577	0.04481253449450899	0.0258922	0.00127
-0.015	-0.1025	-0.2755	0.008644615785127914	-0.002553416695667704	0.0006894050545377602	1.26566076	36.23319244	1.00014808	0.07475516081914553	0.0275567	0.00208
-0.0139	-0.0872	-0.2583	0.009042550854582622	-0.0023753931119642824	0.0007470009198535729	1.28027368	36.6515274	0.9851364	0.06527772592369717	0.0283514	0.00244
-0.0194	-0.0707	-0.2348	0.008857545953871221	-0.002366666465704311	0.0007243116395776468	1.09797204	31.43261719	0.97835172	0.05632104136236487	0.0270861	0.00258
-0.0336	-0.0584	-0.2006	0.007972664023110098	-0.0024975661596038853	3.316125578789226e-05	1.07378983	30.74033356	1.01665179	0.1460466004225226	0.0222569	0.00053
-0.0252	-0.0758	-0.2281	0.008356636458548849	-0.002490584842595908	0.0003385938748868999	1.00448501	28.7562809	0.9528847	0.08811931857728676	0.0239946	0.00102
-0.0289	-0.0623	-0.2236	0.008660323748395862	-0.0022479840765686964	0.00024085543677521747	0.98859161	28.3012886	0.94394196	0.053901324699295365	0.0249268	0.00127
-0.0372	-0.0391	-0.2005	0.008063421144213804	-0.002515019452123829	-5.93411945678072e-05	1.00925767	28.89291382	0.97526752	0.11280673055401076	0.0219921	0.00063
-0.0351	-0.0492	-0.219	0.007496189137315645	-0.0024678955623199817	-7.504915783575618e-05	1.05680943	30.25422096	0.98836424	0.06220319299849772	0.021848	0.0004
-0.0406	-0.039	-0.2374	0.007915068157794284	-0.002453932928304027	-0.00017453292519943296	1.04394495	29.88593864	0.94787894	0.060716271092913485	0.0231388	0.00058
-0.0424	-0.0106	-0.2038	0.006995279641993272	-0.002700024352835228	-0.0004310963252425994	1.02573621	29.36465836	0.96829894	0.13492216701876894	0.0201191	0.0003
-0.0388	-0.026	-0.237	0.007391469382195986	-0.0027925268031909274	-0.0003682644721708035	1.00567842	28.79044724	0.94072647	0.07977620218151044	0.0218188	0.00028
-0.0416	-0.0327	-0.2426	0.007216936456996553	-0.002633701841259443	-0.0003577924966588376	0.97651327	27.95551109	0.92755955	0.032291493132144196	0.0222934	0.00027
-0.0462	-0.0256	-0.2221	0.007140141969908803	-0.002698279023583233	-0.0005811946409141118	0.99910235	28.60218811	0.93842969	0.050438690683340726	0.02121	0.00021
-0.0454	-0.0337	-0.2119	0.0067369709126981125	-0.002811725424962865	-0.0006771877497737998	1.08024931	30.92525482	0.97031779	0.04973052837250048	0.0198184	0.00016
-0.0472	-0.0438	-0.2252	0.007154104603924756	-0.002713986986851182	-0.0006475171524898963	1.07567358	30.79426003	0.94326189	0.05242713633111151	0.0205872	0.0002
-0.05	-0.0135	-0.2068	0.006445500927615059	-0.002726204291615143	-0.0006283185307179585	1.08178759	30.96929169	0.97251396	0.08850098014227978	0.0205426	0.0002
-0.0525	-0.0112	-0.2088	0.0061453042962720346	-0.0029565877528783943	-0.0007592182246175333	1.11724794	31.98444557	0.975535	0.03987398932529253	0.0194513	0.00016
-0.0462	-0.0171	-0.2298	0.005866051615952942	-0.002813470754214859	-0.0006579891280018621	1.09214818	31.26589394	0.9864485	0.05937993877991494	0.021487	0.00029
-0.0489	-0.0233	-0.2244	0.006705554986162213	-0.002708750999095199	-0.0006440264939859076	1.14058721	32.65259933	1.00681087	0.06220928796724432	0.021248	0.00052
-0.045	-0.0041	-0.2193	0.0067771134854939805	-0.00272096830385916	-0.0005654866776461627	1.13688958	32.5467453	1.00931052	0.03631578102177362	0.0215518	0.00067
-0.0336	-0.0204	-0.2377	0.006401867696315201	-0.002569124658935653	-0.0002548180707911721	1.17428792	33.61738205	1.00864873	0.08798790204786387	0.02222	0.00043
-0.0348	-0.0315	-0.2513	0.006862634618841703	-0.0025324727446437724	-0.00017104226669544429	1.14552104	32.79384613	0.99020328	0.05495973204570553	0.0227883	0.0004
-0.0341	-0.0266	-0.2556	0.007178539213452678	-0.0024609142453120045	-0.0001884955592153876	1.15655029	33.10958862	0.98437115	0.030145819323134274	0.0234536	0.00056
-0.029	-0.0242	-0.2531	0.006815510729037857	-0.0025115287936198403	-0.00015184364492350666	1.16208839	33.26813507	0.98522482	0.032514747350726854	0.0230386	0.00059
-0.018	-0.0424	-0.2377	0.006571164633758651	-0.002478367537831948	0.00017104226669544429	1.1576755	33.14180374	0.96967823	0.07461966313430252	0.0228056	0.00054
-0.0111	-0.042	-0.2459	0.007009242276009227	-0.0023771384412162766	0.00024085543677521747	1.15143013	32.96300888	0.97787466	0.04595599544730106	0.024663	0.00093
-0.003	-0.0451	-0.2488	0.0074385932719998335	-0.0019303341527057286	0.0005585053606381855	1.10205507	31.54950523	0.98378189	0.07379026041820609	0.0266588	0.002
-0.0099	-0.0526	-0.2605	0.00674395222970609	-0.0023527038316883565	0.0003769911184307752	1.17553329	33.65303421	1.05216472	0.09102624817418908	0.0264899	0.00189
-0.0074	-0.046	-0.2654	0.0065833819385226105	-0.0026040312439755396	0.00039793506945470715	1.22577822	35.09143829	1.06577323	0.035642082724729754	0.0259131	0.00144
-0.0145	-0.0391	-0.2559	0.007325146870620201	-0.0025342180738957666	0.0001937315469713706	1.13989818	32.63287354	1.00147608	0.07428908123303504	0.0252098	0.00118
-0.0119	-0.031	-0.2499	0.007930776121062234	-0.002488839513343914	0.0002600540585471551	1.1347456	32.48536682	0.97665938	0.052566516128483495	0.0255138	0.00113
-0.0058	-0.0335	-0.2423	0.0074385932719998335	-0.002790781473938933	0.00035081117965086024	1.04420543	29.89339256	0.96634389	0.06044409653805624	0.0240189	0.00076
-0.0067	-0.047	-0.2639	0.007340854833888149	-0.0028431413514987624	0.0004049163864626844	0.98705262	28.25722885	0.93969479	0.04621017612416697	0.024669	0.00098
-0.0068	-0.048	-0.2701	0.007508406442079606	-0.0027052603405912107	0.0004956735075663896	1.03750992	29.70171547	0.93940945	0.027109487010135692	0.0256603	0.0011
-0.0159	-0.0356	-0.2645	0.0077824231346427155	-0.002617993877991494	0.0002740166925631097	1.0284555	29.44250488	0.94588816	0.05624699850830529	0.0249635	0.00097
-0.0235	-0.0232	-0.252	0.0074019413577079505	-0.0029653143991383657	-8.552113334772214e-05	1.07238722	30.70018005	0.9875014	0.08686700619962345	0.0225248	0.00058
-0.0246	-0.0363	-0.2612	0.0067701321684860045	-0.003010692959690218	-0.00014660765716752367	1.08266509	30.99441147	0.97529121	0.060313713679679984	0.0224915	0.00047
-0.0354	-0.0304	-0.2744	0.006632251157578452	-0.0028361600344907856	-0.0003525565089028545	1.04017043	29.77788162	0.96534498	0.0558181393921158	0.0239685	0.00058
-0.0364	-0.0005	-0.2846	0.007063347482821051	-0.002713986986851182	-0.000307177948351002	1.12218785	32.12586594	0.98563907	0.07103239667170277	0.0251718	0.00092
-0.0388	0.0179	-0.2691	0.00680852941202988	-0.0029967303256742636	-0.0004206243497306334	1.15468979	33.05632782	0.99419344	0.0688503905496942	0.0236969	0.00065
-0.0356	0.0046	-0.2745	0.006359979794267337	-0.0029234264970905022	-0.0003682644721708035	1.19087911	34.09235001	0.98608163	0.05061066619530672	0.0252092	0.00104
-0.0396	0.0048	-0.2623	0.006791076119509936	-0.0027680921936630064	-0.0004380776422505767	1.20014286	34.35755157	0.98120546	0.04921218993749345	0.0241257	0.0009
-0.0383	0.0291	-0.2527	0.006627015169822469	-0.0029129545215785357	-0.0004625122517784973	1.12398064	32.17718887	0.97182387	0.05186789435654587	0.0236431	0.00077
-0.0352	0.002	-0.257	0.00644201026911107	-0.002928662484846485	-0.00047647488579445195	1.08457589	31.04911613	0.96571343	0.045233774899765135	0.0229404	0.00059
-0.0448	0.0042	-0.257	0.006606071218798537	-0.0029897490086662863	-0.0005742133239061344	1.09830821	31.44224167	0.94290164	0.02794429558094756	0.022287	0.00054
-0.0425	0.0189	-0.2182	0.006133086991508073	-0.0030752701420140084	-0.000726056968829641	1.08844769	31.15995598	0.98417907	0.09131745027808463	0.0200794	0.00034
-0.0453	0.0109	-0.2303	0.005916666164260778	-0.003003711642682241	-0.0007487462491055673	1.00947654	28.89917946	0.9553187	0.03843343034274945	0.0207487	0.00034
-0.0433	0.0194	-0.2333	0.006611307206554521	-0.0027838001569309555	-0.0006649704450098395	1.03485024	29.62557411	0.96905019	0.06341641660703783	0.0223045	0.00039
-0.0445	0.0189	-0.2265	0.006332054526235428	-0.0029024825460665696	-0.0007819075048934597	1.05218971	30.12196732	0.97155731	0.03424360646691638	0.0216841	0.00039
-0.0434	0.0047	-0.2189	0.0058468529941810045	-0.0030490902032340936	-0.0008011061266653974	1.0657537	30.51027679	0.96992235	0.05545039054969424	0.0210869	0.00032
-0.0462	0.0044	-0.2458	0.006424556976591126	-0.0032009338481576006	-0.0006946410422937432	1.06370747	30.45169449	0.97470256	0.07180063558526412	0.022806	0.00037
-0.0427	-0.0017	-0.2729	0.007126179335892847	-0.002921681167838507	-0.0005654866776461627	1.09783065	31.4285717	0.98010355	0.0922014702134197	0.0243704	0.00059
-0.0363	-0.0049	-0.2607	0.0069254664719134995	-0.0028640853025226946	-0.0005445427266222308	1.1978817	34.29281998	0.98334555	0.03576263401595461	0.0233985	0.00036
-0.027	-0.0212	-0.2576	0.006452482244623035	-0.0029269171555944902	-0.0005009094953223725	1.20606434	34.52707291	0.98323694	0.0576724655831059	0.0229003	0.00044
-0.0228	-0.0289	-0.2817	0.007201228493728604	-0.0026912977065752563	-0.000322885911618951	1.23359013	35.31507874	0.99208421	0.0941194640914112	0.0231208	0.00058
-0.0242	-0.0246	-0.2627	0.007028440897781166	-0.0028326693759867967	-0.00039968039870670147	1.15359497	33.02498627	0.99315838	0.04424768762233645	0.0217685	0.00046
-0.0241	-0.026	-0.2456	0.006290166624187564	-0.0029321531433504737	-0.00047647488579445195	1.19266832	34.14357376	0.98586042	0.06432762640225143	0.0213239	0.00025
-0.0166	-0.0476	-0.2637	0.006839945338565778	-0.0028623399732707008	-0.0003193952531149623	1.12331355	32.1580925	0.98320253	0.0860335758568738	0.0229763	0.00048
-0.0164	-0.0395	-0.2484	0.007323401541368206	-0.0026790804018112955	-0.00028623399732707005	1.17550874	33.65232849	0.99901577	0.05859385150248625	0.0228672	0.00045
-0.0205	-0.0312	-0.2215	0.006466444878638991	-0.002933898472602468	-0.00045902159327450867	1.26512802	36.21794128	1.01849188	0.10352811647339132	0.0214769	0.00023
-0.0212	-0.0422	-0.2523	0.006462954220135002	-0.002998475654926258	-0.0004520402762665313	1.1722014	33.55764771	1.00608432	0.046252457891787835	0.0220454	0.00035
-0.0198	-0.042	-0.2622	0.007101744726364926	-0.0028728119487826664	-0.0002548180707911721	1.21473312	34.77524185	1.00539036	0.05958382089244369	0.0233538	0.00038
-0.0249	-0.041	-0.2516	0.007276277651564359	-0.003033382239966145	-0.00039269908169872416	1.24990499	35.78213882	1.01379537	0.04034921136452319	0.0227228	0.00045
-0.0248	-0.0478	-0.2366	0.006503096792930871	-0.0031922072018976287	-0.0005253441048502931	1.23628473	35.39221954	1.01844007	0.07513254218582703	0.0204472	0.00026
-0.0234	-0.0447	-0.2524	0.006738716241950105	-0.0030927234345339517	-0.0004747295565424576	1.173401	33.59199142	0.98407883	0.03958588823453736	0.0220534	0.00028
-0.0225	-0.0255	-0.2429	0.007424630637983878	-0.0028623399732707008	-0.0003665191429188092	1.16986549	33.49077606	0.98671605	0.08082541354603363	0.023138	0.00061
-0.0206	-0.0413	-0.2322	0.006757914863722044	-0.0030543261909900766	-0.00042935099599060504	1.25284004	35.86616135	1.0168909	0.07447669225265034	0.0218539	0.00033
-0.0234	-0.0468	-0.2347	0.00680852941202988	-0.0029967303256742636	-0.00042760566673861073	1.17325735	33.58787918	0.97968181	0.016297787143782157	0.021751	0.00033
-0.0272	-0.0366	-0.2241	0.0072291537617605135	-0.002895501229058593	-0.0005183627878423159	1.15982175	33.20324326	0.9956705	0.05523052837250049	0.0209242	0.00028
-0.0322	-0.027	-0.2177	0.0069464104229374326	-0.0030717794835100195	-0.0006335545184739417	1.18361127	33.88428879	1.00090984	0.04971066619530667	0.0194829	0.00016
-0.0307	-0.0296	-0.2269	0.006384414403795257	-0.0030002209841782524	-0.0006806784082777885	1.15260696	32.99670029	1.00687443	0.047333920413889445	0.0199454	0.00025
-0.0318	-0.0163	-0.2453	0.007004006288253244	-0.0028187067419708422	-0.0006719517620178169	1.1715188	33.53810501	1.00750681	0.07329163864626843	0.0204651	0.00033
-0.0362	-0.0297	-0.2411	0.00705462083656108	-0.002898991887562581	-0.0007452555906015787	1.18494689	33.9225235	0.99260643	0.032210176124166795	0.0198332	0.00025
-0.0372	-0.0131	-0.2318	0.006281439977927592	-0.003078760800517997	-0.0009023352232810684	1.15758359	33.1391716	0.98848175	0.08240147021341969	0.0194113	0.00014
-0.0364	-0.0235	-0.2499	0.006810274741281873	-0.002935643801854462	-0.0009529497715889039	1.14125633	32.67175674	0.99008786	0.0654283155162826	0.0210373	0.00026
-0.0436	-0.0103	-0.255	0.007271041663808378	-0.0029024825460665696	-0.0010768681484805013	1.21340418	34.73719788	1.00658156	0.0563923277602997	0.0217336	0.00035
-0.0486	-0.0082	-0.2274	0.006298893270447535	-0.0031415926535897933	-0.0012601277199399059	1.25672054	35.97725296	1.03619336	0.10442590361717356	0.0192966	0.00017
-0.0467	-0.0244	-0.2474	0.0064280476350951155	-0.003274237676741362	-0.0012880529879718153	1.14214003	32.69705582	0.97595312	0.052586232791552945	0.019976	0.00023
-0.0506	-0.0079	-0.2494	0.007117452689632876	-0.003110176727053895	-0.001254891732183923	1.20008349	34.35585403	1.00960637	0.06673136300065596	0.0206178	0.00024
-0.0505	0.0064	-0.2598	0.006696828339902243	-0.0031799898971336684	-0.0012322024519079964	1.20695651	34.5526123	1.0215288	0.050456340004316605	0.0213314	0.00035
-0.0418	-0.0002	-0.2624	0.00603883921190038	-0.0030455995447301047	-0.001117010721276371	1.20685673	34.5497551	1.00788635	0.06327856055185266	0.02121	0.00049
-0.0363	-0.0122	-0.2858	0.006595599243286571	-0.002802998778702893	-0.0009302604913129776	1.12580073	32.22929382	0.98005234	0.09020555136883977	0.02354	0.00052
-0.039	-0.0103	-0.2761	0.007134905982152819	-0.002583087292951608	-0.0009424777960769379	1.14136374	32.67483139	0.99348473	0.05287177646907464	0.0242557	0.00053
-0.0422	-0.0164	-0.2622	0.0064332836228510985	-0.0029775317039023265	-0.001069886831472524	1.31146073	37.54434967	1.04385672	0.08437379028240126	0.0220958	0.00031
-0.0401	-0.0259	-0.2769	0.005942846103040692	-0.0030927234345339517	-0.0010402162341886204	1.32028198	37.79688263	1.03841694	0.058064992386296754	0.0222204	0.00044
-0.0387	-0.0177	-0.2778	0.006754424205218055	-0.0028571039855147177	-0.0009075712110370514	1.33295774	38.15976334	1.03764563	0.06949212871740833	0.0219479	0.00044
-0.0377	-0.014	-0.2658	0.006803293424273897	-0.0027419122548830916	-0.0008761552845011534	1.32575715	37.95362473	1.01196322	0.026473843811168275	0.0213615	0.00036
-0.0368	-0.0163	-0.2371	0.005768313177841259	-0.003003711642682241	-0.0010122909661567112	1.25728548	35.99342346	1.01657843	0.1035457657943672	0.0199489	0.00022
-0.0337	-0.0133	-0.2525	0.005832890360165049	-0.0029740410453983376	-0.0010000736613927507	1.21499646	34.78277969	0.99687287	0.02682325421858269	0.0215137	0.00039
-0.0341	-0.0101	-0.2515	0.006499606134426883	-0.002766346864411012	-0.0009197885158010115	1.29833651	37.16862869	1.02584791	0.052334755042044906	0.0217418	0.00044
-0.0378	-0.0269	-0.248	0.00650658745143486	-0.002775073510670984	-0.0008726646259971648	1.30180824	37.26801682	1.01085671	0.027141592653589824	0.0222256	0.00037
-0.0401	-0.0041	-0.2352	0.005972516700324595	-0.0030508355324860886	-0.0009808750396208131	1.36618149	39.11088943	1.03543073	0.08380215932745091	0.0204913	0.00026
-0.0365	-0.0221	-0.2449	0.0058259090431570714	-0.0032114058236695662	-0.0009669124056048585	1.25152743	35.82858276	0.99541914	0.0473570291183478	0.0204061	0.00028
-0.0404	-0.0095	-0.243	0.006042329870404369	-0.002895501229058593	-0.0010349802464326373	1.22790861	35.15242767	1.00898486	0.0484196631343025	0.0226438	0.00065
-0.0433	-0.0249	-0.2443	0.006595599243286571	-0.0026197392072434887	-0.0009424777960769379	1.28719246	36.84959793	1.06001293	0.06567669225265027	0.0230184	0.00077
-0.0552	-0.0496	-0.2692	0.006944665093685436	-0.002874557278034661	-0.000900589894029074	1.37795269	39.44787216	1.09817715	0.09378859116189507	0.0248929	0.00131
-0.0497	-0.0058	-0.2862	0.007724827269326902	-0.0033684854563490563	-0.000757472895365539	1.24484932	35.6374054	1.03893667	0.1371603676309698	0.0240718	0.00077
-0.0494	-0.023	-0.2766	0.00778416846389471	-0.003452261260444784	-0.0008970992355250854	1.11438859	31.9025898	1.0023609	0.04123716694115412	0.0226185	0.00041
-0.0471	-0.0429	-0.27	0.007230899091012506	-0.0035883969421003415	-0.0009930923443847736	1.1283468	32.30218506	1.03976321	0.06806990816987246	0.0211782	0.00037
-0.0578	-0.041	-0.289	0.007435102613495844	-0.003766420525803763	-0.001350884841043611	1.08520234	31.06704903	0.98885588	0.06860098014227978	0.0214936	0.00026
-0.062	-0.0036	-0.2827	0.007480481174047695	-0.0037297686115118824	-0.001462585913171248	1.10711455	31.69434929	0.98296471	0.0575865773485684	0.0214221	0.0003
-0.0595	-0.0076	-0.2586	0.00659908990179056	-0.003733259270015871	-0.0015184364492350666	1.13434315	32.47384644	1.01438523	0.07763662334124716	0.0196799	0.00026
-0.0551	-0.0222	-0.2867	0.0067160269616741795	-0.0036425021489121657	-0.001424188669627373	1.19510961	34.21346283	1.00952674	0.062197098029750944	0.0222277	0.00059
-0.0548	0.0125	-0.2836	0.007103490055616921	-0.0035081117965086025	-0.0014311699866353504	1.199157	34.32933044	0.99706464	0.06454173816771412	0.0236115	0.00057
-0.0641	0.0171	-0.2676	0.0072850042978243315	-0.003570943649580398	-0.0017191493132144146	1.26014102	36.07517242	1.0124217	0.05651627109291352	0.0228306	0.00073
-0.0647	-0.0022	-0.2573	0.00669159235214626	-0.0036093408931242737	-0.0018256143975860688	1.39524889	39.9430275	1.05078752	0.0671137136796801	0.0216714	0.00064
-0.0679	-0.0095	-0.2708	0.006639232474586429	-0.0037053340019839614	-0.0018901915799098587	1.34460032	38.49306488	1.02257277	0.03464650843716543	0.0224789	0.00063
-0.0705	0.0035	-0.2586	0.006974335690969341	-0.0037489672332838195	-0.0018762289458939042	1.29554856	37.0888176	1.02044363	0.04743495408493618	0.0207744	0.00044
-0.0673	0.0012	-0.2286	0.006321582550723462	-0.003661700770684103	-0.0018692476288859267	1.25830567	36.0226326	1.0062271	0.07285004599267862	0.0187123	0.00021
-0.0643	-0.0142	-0.2439	0.006290166624187564	-0.003682644721708035	-0.0017819811662862105	1.17377353	33.6026535	0.98634605	0.040681317007977294	0.0192306	0.00016
-0.0715	0.0032	-0.238	0.006923721142661505	-0.003452261260444784	-0.0018884462506578647	1.14038932	32.64693451	0.99356479	0.07902015320544227	0.0194311	0.00019
-0.0747	0.0142	-0.2169	0.006379178416039275	-0.0036634460999360975	-0.0020751964806212577	1.19528913	34.21860123	1.01771274	0.08242388980384682	0.018265	0.00015
-0.0763	0.0024	-0.2426	0.006311110575211495	-0.003778637830567723	-0.002049016541841343	1.1595335	33.19499207	0.99786965	0.04957197551196606	0.0191759	0.00021
-0.0848	0.0103	-0.2509	0.0066165431943105025	-0.0038013271108436495	-0.0019722220547535923	1.13651645	32.53606415	0.97995312	0.04494581932313423	0.0201155	0.00018
-0.0752	0.032	-0.2757	0.00628493063643158	-0.0037524578917878084	-0.001858775653373961	1.22316551	35.01664352	1.01055497	0.08079640891571971	0.0217165	0.00049
-0.068	-0.0039	-0.2914	0.006335545184739415	-0.003701843343479973	-0.0016824973989225337	1.13702536	32.55063248	0.98820757	0.07267536755335488	0.0216383	0.00053
-0.0644	-0.0116	-0.289	0.007168067237940712	-0.0037524578917878084	-0.0015166911199830724	1.18118393	33.81480026	1.01606183	0.06614714402242966	0.0209398	0.0003
-0.0638	-0.011	-0.2721	0.007065092812073046	-0.003715805977495928	-0.0015393804002589986	1.15917361	33.18468857	0.97273961	0.026215781021773573	0.0195298	0.00016
-0.0698	-0.0294	-0.2961	0.0064228116473391324	-0.0036041049053682902	-0.001689478715930511	1.3403604	38.37168503	1.08448356	0.09360402762665315	0.0236381	0.0015
-0.0677	-0.0209	-0.3181	0.006789330790257941	-0.004143411644234539	-0.001410226035611418	1.29203582	36.98825455	1.11337344	0.09185392810520752	0.0239729	0.00146
-0.0716	-0.0029	-0.2809	0.007714355293814937	-0.0041329396687225725	-0.0013910274138394805	1.1382035	32.58435822	1.02823767	0.10683475504204495	0.0205857	0.00044
-0.0699	-0.0167	-0.2803	0.007442083930503821	-0.003968878719035105	-0.0014014993893514465	1.05515611	30.20689011	0.96660577	0.03844021442552743	0.0214245	0.00037
-0.07	-0.0134	-0.2729	0.00672824426643814	-0.004105014400690663	-0.0014643312424232424	1.25791895	36.01155853	1.0098188	0.05644035993965173	0.020492	0.00043
-0.0765	-0.0237	-0.2912	0.006618288523562498	-0.004016002608838952	-0.001668534764906579	1.17250955	33.5664711	0.97223672	0.05525855286053451	0.0217551	0.00053
-0.0798	-0.0082	-0.2781	0.007291985614832309	-0.003986332011555049	-0.0017313666179783749	1.19563079	34.22838211	0.99278852	0.0702099770812755	0.0210668	0.00063
-0.0806	0.0003	-0.2786	0.007150613945420769	-0.0039671333897831115	-0.0018238690683340744	1.05801368	30.28869438	0.9694003	0.02245363707695889	0.0214865	0.00055
-0.0715	0.0031	-0.2769	0.0062290801003677615	-0.004181808887778414	-0.001790707812546182	1.19992471	34.35130692	1.02565829	0.07206852994181012	0.0217944	0.00073
-0.0691	-0.0119	-0.2884	0.006464699549386996	-0.004077089132658754	-0.0017749998492782332	1.25304806	35.87211609	0.99978047	0.046702358370342166	0.0231739	0.00095
-0.0727	-0.0096	-0.285	0.007300712261092281	-0.003920009499979264	-0.001801179788058148	1.32705855	37.99087906	1.03455459	0.06026361415823448	0.0218914	0.00063
-0.0736	-0.0172	-0.2652	0.0070528755073090855	-0.004038691889114879	-0.0019216075064457567	1.19028854	34.07544327	0.99715745	0.052647343065320894	0.0198188	0.00041
-0.0696	-0.0182	-0.2674	0.0063896503915512395	-0.004125958351714595	-0.0018081611050661253	1.2918905	36.98409271	1.01029096	0.05039689898685972	0.0205886	0.00044
-0.0694	-0.0329	-0.2748	0.006812020070533868	-0.004098033083682686	-0.0017156586547104257	1.17303741	33.58158112	0.98295691	0.0494398698685118	0.0215601	0.0006
-0.072	-0.0203	-0.2816	0.00713141532364883	-0.003977605365295077	-0.001673770752662562	1.34305906	38.44894028	1.03191843	0.046085543677521774	0.0227033	0.00081
-0.0793	0.0054	-0.2743	0.007304202919596269	-0.004153883619746505	-0.0018448130193580064	1.31229734	37.56829834	1.02104416	0.06630540585471557	0.0216635	0.00056
-0.0725	0.0104	-0.2598	0.006391395720803235	-0.004190535534038385	-0.0018133970928221085	1.2030803	34.44164658	1.02790995	0.07534375198104061	0.020461	0.00054
-0.0734	-0.0185	-0.2726	0.006726498937186146	-0.004042182547618867	-0.0017174039839624202	1.24756396	35.71511841	1.0014626	0.07157246558310593	0.0205464	0.00037
-0.0799	0.005	-0.2611	0.0071191980188848696	-0.004091051766674708	-0.0019111355309337906	1.1707406	33.51582718	0.98924325	0.07326499238629673	0.0197643	0.00044
-0.0811	-0.0022	-0.2304	0.00665144977935039	-0.004267330021126135	-0.0020769418098732523	1.18166661	33.8286171	1.00514448	0.07959163864626843	0.0175238	0.00017
-0.0812	-0.0029	-0.2631	0.007059856824317063	-0.004220206131322289	-0.0020734511513692635	1.12674177	32.25623322	0.99046571	0.056451079663725416	0.0194955	0.0003
-0.0848	0.0024	-0.2778	0.00721170046924057	-0.003998549316319009	-0.002036799237077382	1.16290295	33.29145432	0.98893737	0.044107618710933376	0.0211369	0.00049
-0.0868	0.0076	-0.2652	0.007065092812073046	-0.004389503068765739	-0.00214850030920502	1.20329368	34.44775391	1.01217489	0.052263124087094576	0.0201249	0.0004
-0.0817	-0.004	-0.2672	0.006382669074543263	-0.00446629755585349	-0.002054252529597326	1.20555317	34.51243973	1.02490492	0.061373300211261424	0.0204019	0.00039
-0.0865	0.0004	-0.2852	0.007253588371288434	-0.00445058959258554	-0.002061233846605303	1.19957745	34.34136581	1.01107596	0.07188042885105494	0.0207126	0.00037
-0.0922	0.0131	-0.2705	0.007099999397112933	-0.00441393767829366	-0.0022689280275926286	1.23145747	35.25402451	1.00509742	0.05299675347273536	0.0197678	0.00038
-0.0931	0.012	-0.2516	0.006122615015996109	-0.00450294947014537	-0.0022846359908605773	1.18839407	34.02120972	1.00111507	0.07500520681182418	0.018734	0.00042
-0.0942	0.0121	-0.2323	0.006384414403795257	-0.004040437218366873	-0.0021327923459370708	1.2586329	36.03199768	0.99801625	0.06430776422505757	0.0182716	0.00016
-0.0967	0.005	-0.2019	0.0057805304826052195	-0.004120722363958612	-0.0018989182261698304	1.35116386	38.68096542	1.04444282	0.08590215932745084	0.0168378	0.00025
-0.0955	-0.0012	-0.1296	0.004646066468808905	-0.004129449010218584	-0.001858775653373961	1.32542551	37.94412994	1.08974203	0.1388666616426078	0.013854	0.00012
-0.0813	-0.0238	-0.1438	0.004642575810304917	-0.003834488366631542	-0.0015550883635269475	1.18087244	33.8058815	0.99876913	0.08110692959690217	0.0146026	0.0001
-0.0828	-0.0239	-0.1327	0.005386086071654501	-0.0035622170033204267	-0.0013718287920675431	1.1746248	33.6270256	1.02279887	0.07265205980600517	0.0140582	0.0001
-0.0842	-0.0156	-0.1021	0.004618141200776996	-0.003937462792499207	-0.0015393804002589986	1.1435914	32.7386055	1.00892875	0.10583711341238707	0.0130264	0.00011
-0.08	-0.038	-0.1104	0.004565781323217166	-0.004117231705454623	-0.0016772614111665507	1.14299738	32.72159958	0.98064009	0.0534004900711399	0.0125344	0.00013
-0.0803	-0.0571	-0.102	0.005670574739729577	-0.0038693949516714287	-0.0016999506914424768	1.2028228	34.43427277	1.0533618	0.09656597252857663	0.0131595	0.00015
-0.0793	-0.0359	-0.0837	0.005352924815866608	-0.003940953451003196	-0.0017558012275062952	1.14250922	32.70762253	1.00894152	0.06275294796292775	0.0137095	0.0001
-0.0785	-0.035	-0.069	0.0042987459476620336	-0.003993313328563026	-0.0018901915799098587	1.29925311	37.19487	1.03490981	0.07844645490839836	0.0140653	0.00012
-0.0746	-0.043	-0.0799	0.004794419455228423	-0.0039514254265151615	-0.0018186330805780916	1.25429475	35.9078064	1.01515227	0.05325599544730103	0.0141023	0.00013
-0.0815	-0.0412	-0.067	0.0054873151682701725	-0.0037891098060796892	-0.001839577031602023	1.35123563	38.68301773	1.03296069	0.06540776422505766	0.0140122	0.00018
-0.0882	-0.034	-0.0521	0.005318018230826722	-0.0038362336958835358	-0.0019268434942017398	1.3812809	39.54315186	1.02423365	0.04398436449235068	0.0143081	0.00034
-0.0848	-0.0347	-0.0262	0.003958406743523139	-0.003981096023799066	-0.0019582594207376374	1.39808404	40.024189	1.08203219	0.10679448708775052	0.0139234	0.00012
-0.0826	-0.0411	-0.0663	0.003991567999311032	-0.003960152072775134	-0.0018814649336498872	1.24174368	35.54849625	1.02058678	0.055244984694978745	0.0137776	0.0001
-0.0815	-0.0309	-0.0527	0.00441393767829366	-0.003640756819660172	-0.0018657569703819383	1.27114975	36.39033127	1.00460266	0.06277364476827692	0.0140115	0.00012
-0.0815	-0.0359	-0.0312	0.0038938295611993493	-0.0038187804033635933	-0.0019146261894377795	1.35261154	38.72240829	1.02489508	0.06385004599267864	0.0144598	0.00013
-0.0812	-0.0446	-0.0382	0.0033318335420571745	-0.00394269878025519	-0.0020176006153054447	1.3032198	37.3084259	1.03022989	0.05544444109507184	0.0156401	0.00019
-0.0837	-0.0396	-0.0547	0.004201007509550351	-0.003944444109507185	-0.0019722220547535923	1.28504527	36.7881279	1.03028776	0.0698148928648512	0.0141432	0.00012
-0.0854	-0.0285	-0.0373	0.0044645522266014955	-0.003909537524467298	-0.0018989182261698304	1.29027975	36.93798065	0.99902381	0.04878775653373965	0.0139914	5e-05
-0.0852	-0.03	-0.0247	0.003939208121751202	-0.004070107815650777	-0.0020210912738094335	1.29131937	36.96774292	1.00530308	0.0547043721836688	0.0138374	0.0001
-0.0808	-0.0337	-0.0415	0.004202752838802345	-0.003979350694547071	-0.001912880860185785	1.28114498	36.67647171	1.01848816	0.04802561258892488	0.0139595	0.00015
-0.0844	-0.0375	-0.041	0.004651302456564888	-0.003916518841475275	-0.001960004749989632	1.26400077	36.18566895	1.01529188	0.03582526803190932	0.0131419	0.0001
-0.0917	-0.0194	-0.0309	0.004499458811641381	-0.004070107815650777	-0.0021537362969610025	1.29358137	37.03250122	1.02101103	0.06045820830351896	0.0124345	5e-05
-0.0894	-0.025	-0.0449	0.004080579791162742	-0.004122467693210606	-0.002253220064324679	1.22343874	35.02446365	1.01936782	0.05043613327010728	0.0119257	4e-05
-0.0949	-0.0405	-0.0642	0.0044261549830576195	-0.004038691889114879	-0.0022846359908605773	1.20365131	34.45799255	1.01321912	0.06333834612632518	0.0116377	3e-05
-0.1027	0.0018	-0.0519	0.0049864056729478	-0.004162610266006475	-0.0024242623310201236	1.22413766	35.04447174	1.0108328	0.10358977034706617	0.0123768	7e-05
-0.1094	-0.0127	-0.0207	0.004522148091917307	-0.004487241506877421	-0.002553416695667704	1.27317238	36.44823456	1.03775159	0.09830215932745097	0.013126	9e-05
-0.1107	-0.0284	-0.0574	0.005000368306963754	-0.004834562028024293	-0.00266860842629933	1.27863419	36.60459518	1.05410588	0.1007366233412472	0.0136692	8e-05
-0.1215	-0.0104	-0.0836	0.005190609195431136	-0.005391322059410484	-0.0028815385950426383	1.31914794	37.76441574	1.05037574	0.1029965544298441	0.0140595	0.00014
-0.1169	0.0282	-0.1222	0.004996877648459765	-0.005101597403579425	-0.0030176742766981957	1.31566405	37.66468048	1.06491799	0.11277959422289933	0.0145511	0.00018
-0.112	0.0202	-0.1095	0.0044540802510895285	-0.004977679026687828	-0.003115412714809878	1.21026909	34.64744568	0.99367275	0.06382271061867584	0.0139392	0.00016
-0.1139	0.0254	-0.1019	0.00478918346747244	-0.004825835381764321	-0.003082251459021986	1.2363348	35.39365005	0.99172872	0.040705405854715486	0.0141836	7e-05
-0.1147	0.0272	-0.0941	0.005384340742402506	-0.004584979944989103	-0.002893755899806598	1.33406508	38.19146347	1.02861129	0.06162541354603362	0.0133263	7e-05
-0.1111	0.0223	-0.0814	0.003958406743523139	-0.0048188540647563435	-0.002712241657599188	1.37193835	39.2756958	1.10002086	0.11326611804270088	0.0136186	0.0001
-0.1008	0.014	-0.1117	0.003495894491744642	-0.004677482395344803	-0.002469640891571976	1.27567768	36.51995468	1.05456073	0.09122423436086248	0.0139205	0.00016
-0.1011	-0.0113	-0.1181	0.004743804906920588	-0.004612905213021013	-0.002197369528260861	1.20079136	34.37611771	1.0738962	0.11123794804054256	0.0117791	0.0001
-0.1055	-0.0278	-0.1091	0.005473352534254217	-0.00450294947014537	-0.0022270401255447643	1.17882526	33.74727631	1.01437374	0.07335869837465875	0.0118462	6e-05
-0.1021	-0.0072	-0.082	0.004323180557189954	-0.0047246062851486505	-0.002363175807200322	1.17819571	33.72925186	1.00801046	0.12649822368615507	0.0125555	5e-05
-0.0991	-0.0214	-0.0932	0.0037350045992678655	-0.004839798015780276	-0.0025045474766118626	1.24492395	35.63954163	1.03567602	0.07063696789826272	0.0126964	0.00014
-0.0929	-0.0232	-0.1037	0.003986332011555049	-0.004937536453891958	-0.002385865087476248	1.20136142	34.39243698	1.00304261	0.04188741197672401	0.0129169	6e-05
-0.093	-0.0144	-0.0896	0.004036946559862884	-0.0049864056729478	-0.00243473430653209	1.24061489	35.51618195	1.0011235	0.03041764932097596	0.0127271	9e-05
-0.0927	0.0031	-0.099	0.0032916909692613052	-0.005146975964131278	-0.0023230332344044524	1.38082957	39.53023148	1.10823108	0.07807634769563472	0.0160511	0.00071
-0.0753	-0.0454	-0.1279	0.003820525732615587	-0.00493055513688398	-0.0018273597268380628	1.47153318	42.12688446	1.11538682	0.1568464549083985	0.014346	0.00029
-0.0881	0.0132	-0.0786	0.004012511950334963	-0.004722860955896656	-0.002033308578573394	1.40511596	40.2254982	1.07609903	0.1509814625221016	0.0136395	7e-05
-0.1019	0.013	-0.0577	0.004241150082346221	-0.00476125819944053	-0.002368411794956305	1.30728757	37.42488098	1.0090306	0.06500692959690216	0.012639	7e-05
-0.0824	-0.0229	-0.0504	0.003577924966588375	-0.004715879638888678	-0.0020839231268812296	1.29671752	37.12228012	1.03645738	0.11235461721923869	0.0132566	9e-05
-0.0752	-0.0357	-0.0641	0.0037646751965517687	-0.004626867847036967	-0.00205599785884932	1.23748338	35.42653275	1.00056262	0.0488843644923507	0.0141467	0.00021
-0.074	-0.0508	-0.0527	0.00415213829049451	-0.004330161874197931	-0.0019425514574696887	1.32310462	37.87768936	1.03203022	0.06758077340807046	0.0141818	0.00017
-0.076	-0.0483	-0.0408	0.004131194339470578	-0.004328416544945937	-0.002015855286053451	1.27678251	36.55158234	0.99749765	0.0211996554429844	0.0136771	0.00018
-0.0815	-0.0508	-0.0209	0.003977605365295077	-0.004579743957233121	-0.002150245638457014	1.26964188	36.34716415	0.99892031	0.0548653369433124	0.0144308	0.00019
-0.0855	-0.0642	-0.0498	0.004066617157146788	-0.004810127418496373	-0.002228785454796759	1.29917634	37.19267273	1.05533227	0.06619675347273538	0.0146376	0.00015
-0.0896	-0.0416	-0.0552	0.0043266712156939426	-0.004850269991292241	-0.00231779724664847	1.26918864	36.33418655	1.02173721	0.05156042115973668	0.0147351	0.0002
-0.088	-0.0237	-0.0558	0.004579743957233121	-0.004782202150464463	-0.002258456052080662	1.28382266	36.75312805	1.01039346	0.03912408884673818	0.014591	7e-05
-0.0977	-0.0057	-0.0532	0.0051731559029111925	-0.00506320016003555	-0.002453932928304027	1.26370287	36.1771431	1.01720936	0.0837943415736262	0.0129583	3e-05
-0.1016	-0.0149	-0.0465	0.0046251225177849735	-0.0052726396702748686	-0.0027349309378751144	1.20867622	34.60184479	1.00840847	0.07172354524683122	0.0128189	5e-05
-0.1019	-0.0242	-0.0705	0.004714134309636684	-0.004981169685191816	-0.0026563911215353696	1.18481636	33.91878891	1.00272424	0.056551079663725405	0.0122558	7e-05
-0.1045	-0.0036	-0.043	0.0051173053668473745	-0.005091125428067459	-0.002782054827678961	1.22131419	34.96364212	1.01586794	0.08263952531149622	0.0125273	7e-05
-0.0972	-0.0544	0.0835	0.004347615166717875	-0.005129522671611334	-0.0027576202181510408	1.42177594	40.70243835	1.28211267	0.22622610266006477	0.0171834	0.00039
-0.101	-0.0767	0.036	0.004445353604829557	-0.004831071369520303	-0.0029705503868943488	1.20419097	34.47344208	1.07596365	0.10405599544730108	0.0150334	0.0001
-0.1105	-0.0664	0.0564	0.004782202150464463	-0.004867723283812185	-0.0030508355324860886	1.20050299	34.3678627	1.01242086	0.06288928027592636	0.0162026	0.00018
-0.1111	-0.0505	0.0633	0.004572762640225143	-0.005010840282475721	-0.0031747539093776853	1.21269298	34.71683502	0.99987375	0.04722374428972263	0.016951	0.00014
-0.1078	-0.0459	0.084	0.003778637830567723	-0.005094616086571448	-0.0032445670794574587	1.22223055	34.98987579	1.00035631	0.07598568919164601	0.0185062	0.00026
-0.1143	-0.028	0.0737	0.0040945424251786966	-0.004995132319207771	-0.003378957431861022	1.16291404	33.29177094	0.97986251	0.062188935718910675	0.0178453	0.00012
-0.1241	-0.0136	0.0821	0.0044628068973495	-0.004956735075663896	-0.0034609879067047556	1.18215215	33.84251785	0.99780687	0.05703460952792062	0.0180867	0.00026
-0.1203	-0.0302	0.0597	0.0038467056713955023	-0.004914847173616032	-0.003530801076784529	1.30162513	37.26277542	1.04730921	0.07919011490408173	0.0168233	0.00015
-0.0985	-0.0135	-0.0474	0.003321361566545209	-0.004499458811641381	-0.0032079151651655774	1.37538946	39.37449265	1.22426292	0.2087809189221948	0.015053	0.00023
-0.0966	-0.0186	-0.0697	0.0038938295611993493	-0.004797910113732411	-0.00272096830385916	1.20240545	34.42232513	1.03861313	0.09719330790257939	0.0137554	2e-05
-0.0962	-0.0094	-0.0428	0.004002039974822997	-0.004646066468808905	-0.0026389378290154262	1.19946706	34.33820724	1.01726195	0.05360422666954442	0.0135694	0.00016
-0.0925	-0.0227	-0.0188	0.0033231068957972035	-0.0047246062851486505	-0.002694788365079245	1.19870162	34.31629181	1.01118637	0.08166617157146792	0.0133716	5e-05
-0.0878	-0.0334	-0.0401	0.003242821750205464	-0.004729842272904633	-0.002645919146023404	1.19976509	34.34673691	0.97307304	0.043419517620178136	0.0134141	0.0001
-0.0859	-0.0328	-0.0297	0.003820525732615587	-0.004509930787153347	-0.002509783464367846	1.18634427	33.96252823	1.00053627	0.0595875574908483	0.0127392	0.00011
-0.0822	-0.0316	-0.0295	0.004029965242854907	-0.004365068459237818	-0.002384119758224254	1.23730016	35.42128754	0.99753988	0.029098277214922117	0.0119348	7e-05
-0.0849	-0.0189	-0.0177	0.003267256359733385	-0.004665265090580842	-0.0025638886711796703	1.26174033	36.12095642	1.02831963	0.08933372137099815	0.0133046	9e-05
-0.0831	-0.0217	-0.0444	0.0036582101121801144	-0.004654793115068877	-0.0024853488548399255	1.24501526	35.64215469	1.0099985	0.055298277214921976	0.0130519	0.00012
-0.088	-0.0058	-0.0362	0.0042324234360862495	-0.004562290664713178	-0.0025394540616517493	1.29191864	36.98489761	1.03160553	0.06504104905368291	0.0122218	8e-05
-0.0873	-0.0096	-0.0268	0.004073598474154764	-0.004494222823885398	-0.002565634000431664	1.20254016	34.42618179	0.98534655	0.02655363707695897	0.0120199	3e-05
-0.0836	-0.0034	-0.009	0.0031834805556376572	-0.004593706591249075	-0.0025778513051956248	1.30406189	37.33253479	1.00652499	0.07779094953223725	0.0141836	0.00012
-0.0827	-0.0276	-0.0257	0.0036425021489121657	-0.004632103834792951	-0.002522000769131806	1.28075802	36.66539383	1.01999657	0.06946346864411017	0.0135512	0.00023
-0.0865	-0.0434	-0.0123	0.004103269071438669	-0.0044261549830576195	-0.002597049926967562	1.29073322	36.95096207	1.02163463	0.07008824660487954	0.0138153	0.00014
-0.0879	-0.0485	-0.0168	0.004091051766674708	-0.004522148091917307	-0.0025778513051956248	1.33312607	38.1645813	1.00986578	0.01737045176977929	0.0143807	0.00012
-0.0845	-0.0433	-0.0162	0.003373721444105039	-0.004614650542273007	-0.0025865779514555962	1.27477205	36.49403	1.02067118	0.05012797095926704	0.0146438	0.00011
-0.0851	-0.0391	-0.0301	0.003682644721708035	-0.004574507969477138	-0.002583087292951608	1.21011984	34.64317322	0.97366032	0.0363278254451427	0.0140992	7e-05
-0.0893	-0.035	0.0039	0.004241150082346221	-0.0047246062851486505	-0.0026668630970473357	1.22874713	35.17643356	1.02989976	0.08191897402027133	0.0145644	6e-05
-0.0867	-0.031	-0.0088	0.0035674529910764093	-0.00478918346747244	-0.002673844414055313	1.26169431	36.11964035	1.03903612	0.056562779530078926	0.0141321	7e-05
-0.0897	-0.0135	-0.0155	0.0038693949516714287	-0.004728096943652638	-0.00272096830385916	1.20247471	34.42430878	0.99207329	0.04770761871093342	0.0138049	6e-05
-0.0952	-0.0029	-0.0204	0.0042271874483302664	-0.004694935687864747	-0.002717477645355171	1.24499631	35.64161301	0.996988	0.040722220547535895	0.0130326	0.0001
-0.097	0.0058	-0.0167	0.0038100537571036214	-0.005033529562751646	-0.0029443704481144336	1.23799324	35.44112778	1.01492698	0.06333101844364032	0.0133116	0.00012
-0.0929	-0.003	-0.0351	0.0035203291012725624	-0.0050405108797596234	-0.00285012266850674	1.20418537	34.47328186	1.00133249	0.05084768762233652	0.0123262	5e-05
-0.0934	-0.0025	-0.0297	0.00409977841293468	-0.0048415433450322695	-0.0028361600344907856	1.17778981	33.71763229	0.99263352	0.04601897402027128	0.0123613	3e-05
-0.0979	-0.0137	-0.0188	0.004508185457901353	-0.00478918346747244	-0.0028902652413026098	1.18614447	33.95681	0.98588311	0.05234360646691635	0.0119873	2e-05
-0.0955	-0.0234	-0.0122	0.0038135444156076103	-0.004921828490624009	-0.002892010570554604	1.28119266	36.67783737	1.00954471	0.06015156973486528	0.0126982	7e-05
-0.0917	-0.0338	-0.0263	0.003682644721708035	-0.005028293574995664	-0.002848377339254746	1.21141863	34.68035507	1.00171714	0.04234990047855439	0.0128626	0.00012
-0.0971	-0.0254	-0.0297	0.004286528642898074	-0.004899139210348083	-0.002782054827678961	1.23794711	35.43980789	1.0109061	0.057168039870670206	0.0123337	6e-05
-0.1008	-0.0243	-0.0237	0.004427900312309613	-0.004832816698772298	-0.0027855454861829498	1.24544561	35.65447617	0.99309876	0.021359241974565665	0.0118164	8e-05
-0.1028	-0.0198	0.0022	0.003733259270015871	-0.005037020221255636	-0.0029443704481144336	1.20330918	34.44819641	0.99578876	0.0852834763354282	0.0131032	2e-05
-0.1077	-0.0141	0.0195	0.0037594392087957856	-0.005016076270231703	-0.0030752701420140084	1.21629417	34.81993103	0.99802438	0.036801179185171125	0.0135277	9e-05
-0.1131	-0.0064	0.0081	0.004571017310973149	-0.004707152992628707	-0.00308399678827398	1.24167097	35.54641342	1.01491968	0.08096140130201657	0.0125101	3e-05
-0.1166	-0.0164	-0.0048	0.0048467793327882525	-0.004963716392671873	-0.0031293753488258326	1.22975242	35.20521164	1.00631797	0.05528519912050612	0.0131617	8e-05
-0.1112	-0.0215	-0.009	0.0038432150128915135	-0.0051120693790913906	-0.003113667385557884	1.34858656	38.60718155	1.05835331	0.07308126347921026	0.0134662	5e-05
-0.096	-0.0094	-0.0334	0.0034330626386728466	-0.004902629868852071	-0.002879793265790644	1.24368405	35.60404587	1.0403198	0.09437330021126128	0.0128792	7e-05
-0.0967	-0.0286	-0.0567	0.004082325120414737	-0.004874704600820162	-0.0027977627909469105	1.20526421	34.50416565	1.01863377	0.08116091123087663	0.0121582	5e-05
-0.0931	-0.0323	-0.0363	0.004323180557189954	-0.0046251225177849735	-0.0026389378290154262	1.16610587	33.38314438	0.9818528	0.06016312408709453	0.0121037	8e-05
-0.0887	-0.0189	-0.0409	0.004452334921837535	-0.004747295565424576	-0.0026249751949994717	1.24122071	35.53352356	1.00020766	0.0356645023151569	0.0118117	8e-05
-0.0845	-0.036	-0.017	0.0034732052114687163	-0.0049235738198760036	-0.0026319565120074486	1.30558097	37.37602234	1.03384503	0.10331946409141111	0.0135612	7e-05
-0.0846	-0.0491	-0.0464	0.0041277036809665895	-0.004927064478379992	-0.0024923301718479027	1.25220883	35.84809113	1.01368303	0.08248077340807033	0.012433	8e-05
-0.0879	-0.0456	-0.0329	0.0044820055191214375	-0.004633849164044945	-0.0023998277214922034	1.29370773	37.03611755	1.0341984	0.05730098014227973	0.0124332	5e-05
-0.101	-0.0191	-0.0352	0.004529129408925285	-0.0045640359939651725	-0.0024975661596038853	1.3224442	37.85877991	1.04790278	0.0526337748997651	0.0133321	0.00049
-0.0939	-0.0406	-0.0539	0.0044820055191214375	-0.004591961261997081	-0.002366666465704311	1.34482324	38.49944687	1.06651268	0.057597442586766495	0.015129	0.00092
-0.0893	-0.0556	-0.0729	0.0043039819354180175	-0.004408701690537677	-0.002453932928304027	1.39075279	39.81431198	1.09306335	0.06102748088812701	0.0142388	0.00026
-0.0845	-0.0806	-0.0968	0.005232497097479001	-0.004157374278250492	-0.0025289820861397836	1.40728641	40.2876358	1.11988294	0.1164445866091962	0.0151337	0.0003
-0.0846	-0.0229	-0.0648	0.005832890360165049	-0.004621631859280984	-0.002333505209916419	1.29362595	37.03377533	1.06622852	0.15280638599699525	0.0138391	0.00012
-0.0857	-0.0469	-0.0615	0.006201154832335853	-0.004577998627981126	-0.0023527038316883565	1.1268487	32.25929642	0.98869355	0.04995481626213	0.0140674	5e-05
-0.0845	-0.0464	-0.0562	0.0054873151682701725	-0.004775220833456485	-0.0024836035255879313	1.08156323	30.96286774	0.98805398	0.059098078172030735	0.0130709	7e-05
-0.0805	-0.0606	-0.075	0.005412266010434416	-0.004878195259324152	-0.002462659574563999	1.06454015	30.47553253	0.97386729	0.046948376736367745	0.0128585	8e-05
-0.0816	-0.0622	-0.0635	0.006152285613280011	-0.004756022211684548	-0.002373647782712288	1.17906809	33.75422668	1.0143158	0.061760222116845495	0.0131521	6e-05
-0.0855	-0.0614	-0.0256	0.006054547175168328	-0.00493404579538797	-0.0025045474766118626	1.16073215	33.22930908	1.0168253	0.06293308578573396	0.0140324	0.0001
-0.0851	-0.0727	-0.0487	0.005855579640440977	-0.004972443038931845	-0.002617993877991494	1.30365121	37.32077789	1.00547446	0.0523405589825429	0.0134748	7e-05
-0.0858	-0.0665	-0.0426	0.006073745796940267	-0.004824090052512327	-0.0025237460983838006	1.26185572	36.12425995	1.01143342	0.036038346126325074	0.0132229	0.00016
-0.0888	-0.0596	-0.0415	0.0065554566704907015	-0.004796164784480418	-0.002597049926967562	1.33455622	38.20552444	1.01171018	0.040146998508305255	0.0126444	4e-05
-0.0911	-0.0517	-0.0315	0.0060685098091842835	-0.0050893800988154655	-0.0028012534494508993	1.29667985	37.12120438	1.01728144	0.06941828490624016	0.012677	5e-05
-0.0912	-0.0516	-0.0566	0.005832890360165049	-0.005159193268895238	-0.002925171826342496	1.19416821	34.18651199	1.00131587	0.04676754979953018	0.0116729	7e-05
-0.0964	-0.0619	-0.0521	0.005890486225480862	-0.004982915014443811	-0.002904227875318564	1.264045	36.18693542	0.98515544	0.03274090353955859	0.0117523	4e-05
-0.0998	-0.0332	-0.0493	0.006077236455444256	-0.004996877648459765	-0.0030647981665020423	1.21546793	34.79627609	0.98169784	0.05296415775814135	0.012247	2e-05
-0.0948	-0.033	-0.0335	0.00554665636283798	-0.0051277773423593406	-0.003115412714809878	1.2352562	35.3627739	0.99813821	0.05660471674068435	0.0121847	8e-05
-0.1001	-0.056	-0.0558	0.005871287603708924	-0.005181882549171164	-0.003145083312093782	1.24687612	35.69542694	1.00235937	0.07102035224833358	0.0121887	0.00012
-0.1034	-0.0261	-0.0697	0.006485643500410928	-0.005049237526019596	-0.0031293753488258326	1.25262046	35.85987473	1.01858222	0.08523544415607609	0.0136074	7e-05
-0.1041	-0.0247	-0.0721	0.006513568768442837	-0.0051277773423593406	-0.0032218777991815323	1.31830335	37.74023819	1.01137935	0.01444837673636767	0.0129942	6e-05
-0.1001	-0.0295	-0.0647	0.006164502918043972	-0.005136503988619312	-0.003269001688985379	1.26158106	36.11639786	0.99368751	0.03644581932313415	0.0130681	7e-05
-0.0998	-0.044	-0.0754	0.005836381018669037	-0.005167919915155209	-0.0032445670794574587	1.22128665	34.96285629	0.98293193	0.04469862177193765	0.013243	7e-05
-0.1115	-0.0148	-0.073	0.006323327879975456	-0.005242969072990966	-0.0034313173094208515	1.25836372	36.02429199	1.00699946	0.08073731245527843	0.0140781	7e-05
-0.1216	-0.0128	-0.0791	0.00636521578202332	-0.005319763560078716	-0.003577924966588375	1.28337431	36.7402916	1.00195168	0.031464502315156864	0.0141437	0.00014
-0.1116	-0.0058	-0.0822	0.005324999547834699	-0.0054105206811824215	-0.003495894491744642	1.37337899	39.31693649	1.06211588	0.08075019150680296	0.0138935	0.00013
-0.0961	-0.0139	-0.0773	0.004797910113732411	-0.005061454830783556	-0.003193952531149623	1.29902971	37.18847275	1.01593714	0.0874048622548086	0.0130504	8e-05
-0.0908	-0.0212	-0.0823	0.0054768431927582064	-0.004626867847036967	-0.0029408797896104456	1.20246017	34.42389297	1.00953723	0.08592964021557804	0.012531	3e-05
-0.0916	-0.0176	-0.0851	0.005873032932960919	-0.004628613176288962	-0.002960078411382383	1.25447261	35.91289902	1.00211319	0.028056684561332226	0.0130108	0.00013
-0.0884	-0.0346	-0.0696	0.005293583621298802	-0.0049741883681838385	-0.0029181905093345183	1.28481662	36.78158188	1.01740106	0.08404562028024291	0.0119698	4e-05
-0.0807	-0.042	-0.0943	0.005616469532917752	-0.004860741966804208	-0.002804744107954888	1.22868383	35.17462158	1.0074048	0.06728893571891058	0.0124263	0.00015
-0.0854	-0.0448	-0.0798	0.00622035345410779	-0.004581489286485115	-0.002766346864411012	1.29371095	37.03620911	1.04914282	0.06807669225265031	0.0131689	7e-05
-0.0861	-0.0449	-0.0806	0.0060685098091842835	-0.004710643651132695	-0.002892010570554604	1.2850579	36.7884903	1.01111663	0.021933085785733903	0.0117235	7e-05
-0.0862	-0.039	-0.0719	0.005256931707006921	-0.004961971063419879	-0.0030176742766981957	1.20750153	34.56821442	0.99714696	0.07412846103040689	0.0120786	5e-05
-0.0818	-0.0448	-0.0881	0.005569345643113905	-0.004663519761328848	-0.002790781473938933	1.21289337	34.72257233	0.9953186	0.06828790204786388	0.0121033	7e-05
-0.083	-0.0501	-0.0649	0.0057142079710294355	-0.00441393767829366	-0.002686061718819273	1.32561493	37.94955444	1.0329036	0.05465820830351892	0.0129294	0.00014
-0.0868	-0.0438	-0.0557	0.005279620987282846	-0.004768239516448508	-0.0027925268031909274	1.38334632	39.60227966	1.03039339	0.06406769531365457	0.013561	0.00012
-0.0847	-0.04	-0.0626	0.004836307357276287	-0.004921828490624009	-0.0028571039855147177	1.36267853	39.01060486	1.01509828	0.045873989325292526	0.0125933	8e-05
-0.0837	-0.0476	-0.0882	0.005300564938306779	-0.004824090052512327	-0.002844886680750757	1.25824594	36.0209198	0.99103376	0.06291066619530676	0.0130534	0.00012
-0.0833	-0.0477	-0.0735	0.005948082090796675	-0.004485496177625427	-0.002698279023583233	1.32947648	38.06010056	1.03934053	0.07183593422721599	0.0128967	0.00012
-0.0836	-0.0515	-0.0635	0.005832890360165049	-0.004562290664713178	-0.002673844414055313	1.39442062	39.91931534	1.02021908	0.024921041362364848	0.0133858	8e-05
-0.0882	-0.0402	-0.0478	0.005513495107050087	-0.0049235738198760036	-0.002804744107954888	1.33852959	38.31927109	1.03660673	0.07217890510886817	0.0125304	7e-05
-0.0894	-0.0546	-0.0679	0.005771803836345247	-0.005124286683855352	-0.0028710666195306722	1.25963247	36.06061554	0.99689356	0.06196720524251464	0.0115089	7e-05
-0.0929	-0.0523	-0.0673	0.006134832320760068	-0.005021312257987686	-0.0028728119487826664	1.20795381	34.58116531	0.98949807	0.02978741197672405	0.0124672	6e-05
-0.099	-0.0473	-0.0536	0.006370451769779303	-0.004885176576332128	-0.0029077185338225527	1.21589696	34.80855942	0.99631272	0.045133085785733995	0.0125285	7e-05
-0.0979	-0.053	-0.0255	0.005797983775125162	-0.005120796025351363	-0.0029688050576423546	1.25498545	35.92758179	1.01796624	0.07835869837465893	0.0120445	7e-05
-0.0918	-0.0616	-0.057	0.005859070298944964	-0.005033529562751646	-0.0029408797896104456	1.17187345	33.54825974	1.00822051	0.055013912722571445	0.0124036	0.00013
-0.0922	-0.0458	-0.0723	0.006354743806511354	-0.004825835381764321	-0.0027872908154349444	1.21680772	34.83463287	1.01173815	0.07434783313646076	0.0127681	0.00012
-0.0942	-0.057	-0.0854	0.006693337681398254	-0.004804891430740389	-0.0028152160834668534	1.22032535	34.93533325	0.99815816	0.045673154697137085	0.0120469	3e-05
-0.0955	-0.0354	-0.0504	0.005717698629533424	-0.005037020221255636	-0.0030962140930379405	1.19744003	34.28017807	1.01513823	0.13233829259755825	0.0121771	2e-05
-0.0988	-0.0377	-0.0503	0.006033603224144398	-0.004911356515112043	-0.0031712632508736965	1.19766653	34.28665924	0.99270298	0.03153087292951614	0.0128201	7e-05
-0.1075	-0.0438	-0.0409	0.006710790973918196	-0.004590215932745087	-0.0031677725923697077	1.25835299	36.02398682	1.06020514	0.07429094953223715	0.013238	0.00012
-0.1105	-0.0543	-0.0735	0.00653451271946677	-0.004968952380427856	-0.0032306044454415038	1.29019046	36.9354248	1.0345423	0.0769923277602996	0.012591	8e-05
-0.1076	-0.0456	-0.0614	0.005813691738393112	-0.005246459731494954	-0.003337069529813158	1.38365209	39.61103439	1.03262304	0.07893967082562053	0.0128037	0.00014
-0.1053	-0.0529	-0.054	0.005707226654021458	-0.0052831116457868355	-0.003412118687648914	1.38776886	39.72888947	1.00266508	0.027908307824964555	0.0117587	0.0002
-0.1114	-0.0569	-0.0577	0.006471680866394974	-0.005181882549171164	-0.003373721444105039	1.25150478	35.82793427	1.0122887	0.05900402762665312	0.0128158	7e-05
-0.1149	-0.0436	-0.0694	0.006609561877302526	-0.004932300466135976	-0.0032882003107573173	1.28203392	36.70191956	1.01087865	0.052149211364523086	0.0129562	0.00011
-0.1111	-0.0467	-0.045	0.0053616514621265795	-0.005260422365510909	-0.0033405601883171464	1.30983531	37.49781418	1.05110316	0.1127196096055354	0.0123144	3e-05
-0.1068	-0.0313	-0.0278	0.004427900312309613	-0.005131268000863328	-0.003375466773357033	1.23975849	35.49166489	1.0207546	0.09179060497522169	0.0128026	4e-05
-0.1038	-0.0295	-0.0572	0.0049864056729478	-0.0050893800988154655	-0.0032480577379614467	1.19536674	34.22082138	1.01947942	0.0705901149040818	0.0121762	7e-05
-0.1065	-0.0221	-0.0526	0.005290092962794812	-0.0047246062851486505	-0.003166027263117714	1.22126043	34.9621048	1.00541939	0.05222457891787799	0.0116938	8e-05
-0.1015	-0.0269	-0.0439	0.004927064478379992	-0.004808382089244378	-0.0032096604944175725	1.14012074	32.63924789	0.97188014	0.04302187599052033	0.0124236	9e-05
-0.0983	-0.0305	-0.0248	0.00415213829049451	-0.0049183378321200205	-0.0032969269570172887	1.27065754	36.37623978	1.02409296	0.07450741966804203	0.0131955	0.00015
-0.0939	-0.0494	-0.0595	0.004651302456564888	-0.004850269991292241	-0.0031328660073298214	1.29012918	36.93367004	1.02682587	0.09456464782928121	0.0127596	9e-05
-0.0973	-0.0464	-0.0652	0.005345943498858631	-0.00466002910282486	-0.003080506129769991	1.38916469	39.76884842	1.03270383	0.058962090416047726	0.0130273	0.00011
-0.0991	-0.0399	-0.0713	0.005431464632206353	-0.004703662334124718	-0.003134611336581816	1.39010191	39.79567719	1.0227906	0.02356297857297024	0.0125075	0.00012
-0.101	-0.0344	-0.0305	0.004488986836129415	-0.00477696616270848	-0.0032899456400093115	1.3484112	38.60216141	1.03427968	0.10675579640440976	0.0135325	0.00016
-0.0991	-0.0525	-0.0472	0.004571017310973149	-0.004916592502868026	-0.0033231068957972035	1.42605937	40.82506561	1.05915539	0.04944090353955861	0.0139821	0.00023
-0.1029	-0.0458	-0.0554	0.005452408583230286	-0.004855505979048225	-0.003220132469929538	1.40095961	40.10651016	1.05570796	0.07097261109723016	0.0143628	0.00011
-0.1058	-0.0454	-0.0409	0.0057368972513053606	-0.004822344723260333	-0.0032934362985133003	1.36000192	38.93397903	1.04390055	0.03734768762233644	0.0140824	7e-05
-0.1021	-0.0419	-0.0384	0.0053058009260627615	-0.004827580711016315	-0.0032882003107573173	1.29536664	37.08360672	1.00661047	0.031778415037728235	0.0143822	0.0001
-0.1036	-0.0451	-0.0137	0.00474904089467657	-0.005021312257987686	-0.003412118687648914	1.32741702	38.00114441	1.03103553	0.07312049776245795	0.0141338	9e-05
-0.1106	-0.0262	-0.0408	0.004769984845700502	-0.00518013721991917	-0.0035622170033204267	1.29152739	36.97369766	1.03164695	0.06949336143134646	0.0149117	0.00016
-0.1156	-0.0573	-0.0691	0.005996951309852516	-0.005045746867515607	-0.003337069529813158	1.35807407	38.87878799	1.13040967	0.14372521450314227	0.0157835	0.00084
-0.1017	-0.0537	-0.0216	0.005328490206338688	-0.005021312257987686	-0.0031730085801256907	1.35835397	38.88680267	1.12551453	0.1078478331364608	0.0135922	7e-05
-0.096	-0.0504	-0.0187	0.004611159883769018	-0.005010840282475721	-0.003235840433197487	1.21665502	34.83026123	1.03468623	0.05143170755767157	0.0134125	8e-05
-0.0993	-0.0619	-0.0451	0.004731587602156627	-0.005129522671611334	-0.0032864549815053226	1.16333151	33.30372238	0.99464314	0.05568623279155292	0.0128057	6e-05
-0.0952	-0.0266	-0.062	0.0054105206811824215	-0.004888667234836118	-0.0030595621787460597	1.2630322	36.15793991	1.04112801	0.11363406592801369	0.012612	0.0001
-0.1001	-0.0166	-0.0389	0.0052778756580308525	-0.005229006438975011	-0.003242821750205464	1.33252537	38.14738464	1.04385812	0.07081218993749333	0.0136999	6e-05
-0.0971	-0.0296	-0.0462	0.004684463712352781	-0.005293583621298802	-0.0032567843842214186	1.30144739	37.25768661	1.04774513	0.056897588100890815	0.0127373	8e-05
-0.0969	-0.0406	-0.0687	0.0050073496239717305	-0.005115560037595381	-0.0032009338481576006	1.27171743	36.40658188	1.01462328	0.06153800156930944	0.0123746	5e-05
-0.0989	-0.017	-0.0694	0.005761331860833282	-0.004886921905584123	-0.0031974431896536117	1.24211705	35.55918503	0.98824413	0.07560555136883988	0.0124034	7e-05
-0.1038	-0.0329	-0.0369	0.005427973973702364	-0.005323254218582705	-0.0034644785652087444	1.35619926	38.82511902	1.04387325	0.10513627878423162	0.0124464	8e-05
-0.1047	-0.0503	-0.0625	0.0055152404363020815	-0.005431464632206353	-0.003593632929856324	1.27844179	36.59908676	1.02119648	0.06013156204354721	0.0126697	0.0002
-0.109	-0.0464	-0.0655	0.005984734005088556	-0.005251695719250937	-0.003438298626428829	1.3326515	38.15099335	1.02533529	0.05142983925846924	0.0128893	0.00018
-0.1066	-0.0371	-0.0525	0.006140068308516051	-0.0053162729015747276	-0.003516838442768574	1.32121551	37.8236084	1.00609914	0.039622565104551505	0.0127462	6e-05
-0.1045	-0.0451	-0.0432	0.0056042522281537915	-0.0053616514621265795	-0.003560471674068432	1.29803753	37.16006851	1.00374428	0.050641393610698464	0.0133894	0.00012
-0.1155	-0.0622	0.0019	0.006120869686744114	-0.005393067388662479	-0.003593632929856324	1.33444297	38.20228195	1.07801761	0.10225973204570568	0.0154365	0.00039
-0.1169	-0.0412	-0.027	0.00629714794119554	-0.004822344723260333	-0.0034016467121369483	1.31193984	37.55806351	1.04855398	0.09824935687864737	0.014679	0.00019
-0.1143	-0.0368	-0.0487	0.006126105674500097	-0.004804891430740389	-0.0034644785652087444	1.323282	37.88276672	1.01836543	0.04126637061435917	0.0133344	7e-05
-0.1038	-0.0391	-0.0534	0.005436700619962336	-0.004654793115068877	-0.0035150931135165793	1.2566359	35.97483063	1.01282869	0.0620058959258554	0.012301	6e-05
-0.1046	-0.0279	-0.0604	0.005873032932960919	-0.004794419455228423	-0.0033649947978450674	1.19500279	34.21040344	0.99785386	0.05530284844148203	0.0128689	8e-05
-0.1051	-0.0384	-0.0377	0.006117379028240125	-0.004598942579005058	-0.003218387140677544	1.19731426	34.276577	1.01155343	0.0630215314335047	0.0132996	7e-05
-0.1036	-0.0456	-0.0273	0.005721189288037411	-0.0049235738198760036	-0.003373721444105039	1.25747621	35.99888611	1.01483403	0.06290776422505767	0.0128158	5e-05
-0.1009	-0.0501	-0.0274	0.005031784233499652	-0.0050789081233034985	-0.003347541505325124	1.23387432	35.32321167	1.01285656	0.05084596483725845	0.0127547	7e-05
-0.0963	-0.0627	-0.0554	0.005707226654021458	-0.005042256209011618	-0.0031695179216217023	1.23171639	35.26143646	1.00461412	0.08970589592585539	0.0118064	2e-05
-0.0956	-0.0605	-0.0482	0.006028367236388414	-0.004801400772236401	-0.0030613075079980543	1.22290194	35.00909805	0.99404947	0.043610321638291066	0.0127199	7e-05
-0.0947	-0.0627	-0.0369	0.005832890360165049	-0.004879940588576145	-0.003160791275361731	1.31999135	37.78856277	0.99360267	0.033075022996339305	0.0130447	0.00012
-0.093	-0.0683	-0.0283	0.005126032013107346	-0.0049898963314517885	-0.003166027263117714	1.4256109	40.81222534	1.04169913	0.05700250388446648	0.0130934	0.00024
-0.0919	-0.0674	-0.0446	0.005562364326105927	-0.00507541746479951	-0.0030560715202420713	1.39095294	39.82004166	1.02543699	0.04989045946109727	0.0143263	0.00017
-0.094	-0.0551	-0.0298	0.0060964350772161925	-0.004738568919164605	-0.0029914943379182805	1.35063422	38.665802	1.04730725	0.07597482395344807	0.0142649	0.00016
-0.0968	-0.0514	-0.0063	0.006159266930287989	-0.004616395871525002	-0.0030490902032340936	1.24150538	35.54167557	0.99134043	0.04213003830136063	0.0141948	6e-05
-0.1016	-0.0589	0.0086	0.005323254218582705	-0.004920083161372014	-0.003152064629101759	1.31167591	37.55050659	1.02978658	0.08933372137099807	0.0144451	0.00011
-0.1039	-0.0731	0.0098	0.005553637679845957	-0.005010840282475721	-0.0030927234345339517	1.27204216	36.4158783	1.0120859	0.03672408884673826	0.0155029	0.00018
-0.1019	-0.0762	-0.014	0.005883504908472884	-0.004970697709679851	-0.0029321531433504737	1.30362415	37.32000351	1.01460026	0.05542900463031377	0.0152424	0.00011
-0.0965	-0.0685	-0.0232	0.005653121447209634	-0.0048904125640881115	-0.002848377339254746	1.2806356	36.66188812	1.01391132	0.04202222054753589	0.0139257	9e-05
-0.0937	-0.0705	0.0174	0.004876449930072156	-0.005026548245743668	-0.0030700341542580253	1.23324764	35.30527115	1.0091846	0.10212320068981565	0.0139606	6e-05
-0.0916	-0.0692	-0.0141	0.004839798015780276	-0.0049898963314517885	-0.0029949849964222694	1.22156918	34.97094345	0.98257219	0.0423176493209758	0.0131264	0.0001
-0.0946	-0.0584	-0.0308	0.005176646561415181	-0.005010840282475721	-0.0029443704481144336	1.23093486	35.23906326	0.99786071	0.05092035224833366	0.0127464	8e-05
-0.0997	-0.059	-0.0369	0.005588544264885843	-0.0050073496239717305	-0.002841396022246768	1.22851169	35.16969299	0.98919611	0.037718139392115886	0.013176	7e-05
-0.1077	-0.0385	-0.0001	0.0051557026103912496	-0.0053058009260627615	-0.0031747539093776853	1.27057779	36.37395477	1.03751515	0.11853254218582708	0.0140216	6e-05
-0.1047	-0.0492	-0.0285	0.004914847173616032	-0.005270894341022875	-0.003225368457685521	1.19136655	34.10630417	1.01173392	0.058418828506147005	0.0124499	6e-05
-0.1091	-0.0405	-0.0388	0.0051836278784231585	-0.005187118536927148	-0.0032061698359135836	1.22481978	35.06399918	1.00164348	0.041987756533739554	0.0123126	8e-05
-0.1102	-0.0302	-0.0577	0.0053616514621265795	-0.005057964172279567	-0.0032114058236695662	1.17717409	33.70000458	0.97926172	0.045920696805349215	0.0117553	7e-05
-0.111	-0.0162	-0.0526	0.005496041814530144	-0.0052220251219670345	-0.0033981560536329595	1.27598524	36.528759	0.99745938	0.04416007660272125	0.012692	7e-05
-0.1096	-0.0306	-0.0282	0.004935791124639963	-0.005457644570986268	-0.003679154063204046	1.33456564	38.20579147	1.03331187	0.09404340742402505	0.0135902	8e-05
-0.1038	-0.0609	-0.0463	0.00482932604026831	-0.005536184387326013	-0.0035517450278084606	1.29960096	37.20482635	1.01461344	0.06982069680534923	0.0135193	0.00015
-0.1036	-0.0236	-0.0434	0.005335471523346666	-0.0050893800988154655	-0.003454006589696778	1.33769417	38.29535675	1.05045492	0.09293441048502932	0.0131132	9e-05
-0.1031	-0.0243	-0.0451	0.005686282702997525	-0.004951499087907913	-0.0034487706019407953	1.27141798	36.39801025	0.98790871	0.027596408915719677	0.0125138	4e-05
-0.1094	-0.035	0.0127	0.005246459731494954	-0.005071926806295522	-0.003572688978832392	1.34794223	38.58873749	1.04194897	0.10900845333908876	0.0147953	0.00016
-0.1103	-0.0441	0.0032	0.005586798935633849	-0.004888667234836118	-0.003488913174736664	1.3174336	37.71533966	1.02234648	0.0498687289847013	0.0144491	0.00029
-0.117	-0.0461	-0.0036	0.0060580378336723174	-0.004640830481052923	-0.003337069529813158	1.34797215	38.58959198	1.03533705	0.05904596483725852	0.0150283	0.00011
-0.112	-0.0535	0.0044	0.0050841441110594816	-0.004694935687864747	-0.00322885911618951	1.37448907	39.34871674	1.05168443	0.07721046715241539	0.0131756	7e-05
-0.0974	-0.0479	0.0324	0.004461061568097506	-0.004553564018453206	-0.003106686068549906	1.22708464	35.12883759	0.99685289	0.09253136300065598	0.0147161	9e-05
-0.0964	-0.0611	0.0105	0.004838052686528281	-0.004590215932745087	-0.0030578168494940655	1.20852613	34.59754944	1.00519891	0.0592256125889248	0.0126818	5e-05
-0.1085	-0.0824	0.0105	0.005457644570986268	-0.00437379510549779	-0.0030490902032340936	1.2361232	35.38759232	1.06741642	0.07563696789826278	0.0145956	0.00037
-0.0944	-0.086	-0.0222	0.0057142079710294355	-0.004283037984394084	-0.0026878070480712674	1.27321291	36.44939423	1.08554954	0.08583018381548496	0.0130488	0.00012
-0.101	-0.0342	-0.0252	0.004904375198104066	-0.00443837228782158	-0.0029199358385865134	1.29155517	36.97449493	1.08227707	0.12126479334340556	0.0128194	0.00026
-0.0952	-0.0564	-0.0578	0.004827580711016315	-0.004588470603493092	-0.0027855454861829498	1.27003074	36.35829544	1.05606361	0.07866415775814131	0.01163	0.00017
-0.0942	-0.039	-0.0389	0.00533721685259866	-0.004340633849709897	-0.002764601535159018	1.19657123	34.25530624	1.02010381	0.07622084231947358	0.011606	2e-05
-0.0885	-0.0626	-0.0214	0.005855579640440977	-0.004270820679630125	-0.002804744107954888	1.22837245	35.16570663	1.00668668	0.07821592653589798	0.0129475	0.00012
-0.0849	-0.0643	-0.0016	0.004796164784480418	-0.004494222823885398	-0.002895501229058593	1.32774079	38.01041031	1.05756084	0.09377870606597687	0.0131885	7e-05
-0.0804	-0.0783	-0.0212	0.0049741883681838385	-0.004565781323217166	-0.0028396506929947744	1.23287487	35.29460144	1.01385272	0.053371630954950365	0.0131969	0.00012
-0.0806	-0.0694	-0.0176	0.005564109655357922	-0.004344124508213886	-0.0026965336943312393	1.2897774	36.92359924	1.01359198	0.06043475504204492	0.0135587	0.00011
-0.0827	-0.0716	-0.0183	0.005689773361501514	-0.0042655846918741415	-0.0027052603405912107	1.30291009	37.29956055	0.99193678	0.015646508437165405	0.0131779	7e-05
-0.0826	-0.0633	-0.0005	0.004876449930072156	-0.004475024202113462	-0.002921681167838507	1.30938482	37.4849205	1.01067246	0.0881591884457987	0.013622	0.0001
-0.0786	-0.0801	-0.0113	0.004700171675620729	-0.004632103834792951	-0.0028640853025226946	1.2943002	37.0530777	1.01609714	0.05114768762233648	0.0132868	0.00013
-0.0807	-0.0784	-0.0074	0.005344198169606637	-0.0044628068973495	-0.002825688058978819	1.30937517	37.48464203	1.01069069	0.05028603374866175	0.0138811	0.00017
-0.0831	-0.0706	-0.005	0.005551892350593962	-0.004176572900022431	-0.0027419122548830916	1.35089982	38.67340469	1.015513	0.041485199120506064	0.0146973	0.00011
-0.0864	-0.0795	0.0216	0.005892231554732856	-0.004424409653805625	-0.0028326693759867967	1.32229054	37.85438156	1.02861504	0.0727466539512897	0.0153361	0.00017
-0.0905	-0.0702	0.0353	0.005300564938306779	-0.004616395871525002	-0.002993239667170275	1.30637789	37.39883804	1.05090707	0.07431115626644662	0.0162377	0.00016
-0.0908	-0.0778	0.006	0.0059358647860327145	-0.004726351614400644	-0.002958333082130389	1.28212571	36.70454788	1.04075208	0.07620810878207322	0.0154476	0.00019
-0.0962	-0.0671	0.0161	0.006227334771115768	-0.00449073216538141	-0.0029914943379182805	1.26319098	36.16248703	1.01950426	0.05421253449450893	0.0163686	0.00012
-0.0977	-0.0577	0.0245	0.005965535383316617	-0.004651302456564888	-0.0031119220563058892	1.23702157	35.413311	1.01929526	0.04643986986851186	0.015323	0.00018
-0.0953	-0.0645	0.0085	0.005504768460790115	-0.004700171675620729	-0.003162536604613725	1.1456784	32.79835129	1.01442536	0.05321253449450893	0.0138295	9e-05
-0.096	-0.0693	-0.0067	0.005867796945204936	-0.004569271981721155	-0.003085742117525975	1.14871264	32.88521576	1.00842733	0.04923613327010725	0.0129597	6e-05
-0.0989	-0.0629	-0.0125	0.00631285590446349	-0.004209734155810323	-0.002993239667170275	1.14638054	32.81845093	1.00467981	0.059954961776254305	0.0141548	0.00014
-0.097	-0.0377	-0.0419	0.006169738905799955	-0.0039898226700590365	-0.0029530970943744054	1.25840127	36.02536774	1.00989447	0.07665855286053454	0.0139098	0.00018
-0.0943	-0.0562	-0.0185	0.005595525581893821	-0.0043214352279379595	-0.0031328660073298214	1.31861138	37.74905777	1.04542098	0.09887973973702364	0.0137568	0.0001
-0.0955	-0.0707	-0.0574	0.0059079395180008055	-0.0042655846918741415	-0.0030717794835100195	1.25115645	35.81796265	1.03339059	0.0760675497995302	0.013126	0.00011
-0.104	-0.0605	-0.0767	0.006600835231042554	-0.004080579791162742	-0.0030560715202420713	1.28254449	36.71653748	1.02858166	0.08268042885105481	0.0137979	0.0002
-0.1272	-0.0659	-0.1915	0.006955137069197403	-0.0045971972497530645	-0.003417354675404897	1.39291668	39.87625885	1.23672566	0.2050101225953999	0.0172337	0.00096
-0.1093	-0.0122	-0.0829	0.006447246256867054	-0.0045640359939651725	-0.00314857397059777	1.31160665	37.54852676	1.20661573	0.2206916386462684	0.0131074	0.00011
-0.1052	-0.0339	-0.0868	0.0063948863793072235	-0.004461061568097506	-0.003078760800517997	1.0319643	29.54295731	0.97763272	0.04095737367536347	0.0127088	7e-05
-0.1069	-0.0521	-0.0779	0.006848671984825749	-0.004195771521794368	-0.002921681167838507	1.13560867	32.51007462	0.99444527	0.07260776422505769	0.0130669	8e-05
-0.1021	-0.0371	-0.0442	0.005370378108386551	-0.00447851486061745	-0.003003711642682241	1.1724999	33.56619263	1.029145	0.14565338450530063	0.0127414	9e-05
-0.0953	-0.0547	-0.0301	0.004358087142229841	-0.0044593162388455124	-0.0029880036794142917	1.23668849	35.40377808	1.04343075	0.09085987755982984	0.0127051	0.0001
-0.0912	-0.0634	-0.0607	0.005103342732831419	-0.00437379510549779	-0.002780309498426967	1.22492647	35.06705475	1.01148723	0.09532354524683125	0.0115843	4e-05
-0.0879	-0.0662	-0.0485	0.0054105206811824215	-0.004319689898685966	-0.0027244589623631483	1.25513268	35.93179321	1.00052471	0.039156684561332256	0.011864	7e-05
-0.0887	-0.0624	-0.0327	0.004705407663376713	-0.004445353604829557	-0.002829178717482808	1.31724644	37.70998001	1.01091726	0.06717482395344797	0.0119498	0.00011
-0.0824	-0.0666	-0.0539	0.004715879638888678	-0.004473278872861466	-0.002778564169174973	1.28270471	36.72112274	0.99707663	0.03615058959258546	0.0113149	0.00011
-0.0837	-0.0775	-0.0422	0.005501277802286126	-0.0042167154728183	-0.0026808257310632897	1.3028245	37.29711151	1.02410446	0.08088500007761484	0.011795	2e-05
-0.0834	-0.0682	-0.0342	0.005719443958785417	-0.00411548637620263	-0.0027314402793711255	1.21640599	34.82313156	0.97185508	0.03610049007113986	0.0120534	0.0001
-0.0881	-0.0691	0.0152	0.004811872747748367	-0.00436157780073383	-0.0029722957161463434	1.283548	36.74526596	1.04404101	0.12472590361717342	0.0127519	7e-05
-0.0884	-0.0777	0.0161	0.004988151002199794	-0.0042324234360862495	-0.0030002209841782524	1.2601409	36.07516861	1.04363024	0.02646789435654585	0.0142869	0.00016
-0.0861	-0.0963	-0.01	0.005820673055401089	-0.004092797095926702	-0.002670353755551324	1.28852344	36.88770294	1.06180262	0.11210078109938856	0.0146294	0.00012
-0.0845	-0.0899	-0.0329	0.005878268920716902	-0.0039723693775390945	-0.002518510110627818	1.24215329	35.56022263	1.00158225	0.0473933614313463	0.0138981	0.0001
-0.0795	-0.0793	-0.0127	0.005311036913818745	-0.0040945424251786966	-0.0026092672317315226	1.25230849	35.85094452	0.99871396	0.07480810878207315	0.0134279	8e-05
-0.0738	-0.0752	-0.0185	0.004733332931408622	-0.003988077340807043	-0.0026022859147235454	1.19988799	34.35025787	0.99614328	0.05015751918948772	0.0127643	2e-05
-0.0688	-0.0734	-0.0327	0.005195845183187119	-0.003925245487735247	-0.0024818581963359366	1.20094657	34.38056183	0.99167186	0.05328859116189509	0.0128159	3e-05
-0.069	-0.0633	-0.0281	0.005475097863506211	-0.003680899392456041	-0.002410299697004169	1.25233877	35.85181046	0.99896725	0.04465786374650329	0.0128799	7e-05
-0.0699	-0.0634	-0.0113	0.0054157566689384045	-0.0038152897448596045	-0.002462659574563999	1.24164557	35.54568863	1.01271074	0.030104571226560007	0.0130329	0.0001
-0.074	-0.0656	-0.0153	0.0052831116457868355	-0.004073598474154764	-0.002515019452123829	1.35127258	38.68407822	1.03722148	0.03246568150032795	0.0134327	0.00011
-0.0718	-0.0858	-0.0522	0.005152211951887261	-0.004110250388446646	-0.002530727415391778	1.31228864	37.56805038	1.03043543	0.06846297857297022	0.0124112	0.00012
-0.0759	-0.0666	-0.0434	0.005133013330115323	-0.003921754829231259	-0.002453932928304027	1.25056088	35.80091476	0.9927924	0.046324433403753786	0.0124878	5e-05
-0.0802	-0.0575	-0.0359	0.005719443958785417	-0.0038606683054114572	-0.002436479635784084	1.2957164	37.0936203	1.00416585	0.05414852225049194	0.0126532	7e-05
-0.0804	-0.0626	-0.0021	0.005044001538263612	-0.004068362486398782	-0.0025394540616517493	1.30776906	37.43866348	1.02493565	0.08840555136883978	0.012498	6e-05
-0.0797	-0.0683	-0.0141	0.0045483280306972225	-0.004174827570770436	-0.0026354471705114374	1.23241162	35.28133774	1.01703476	0.05330658503988658	0.0127325	5e-05
-0.0837	-0.0671	-0.0296	0.005248205060746949	-0.004066617157146788	-0.002579596634447619	1.2407248	35.51932907	1.0164619	0.06389689898685966	0.0122198	8e-05
-0.0848	-0.0595	-0.0306	0.005574581630869889	-0.003949680097263168	-0.0025883232807075904	1.26715505	36.27597046	1.00366676	0.03230201381332658	0.0116624	8e-05
-0.0844	-0.0548	-0.014	0.005375614096142535	-0.00416435559525847	-0.002778564169174973	1.15372002	33.02856445	0.97543867	0.05189419605950192	0.0121014	6e-05
-0.082	-0.0455	-0.0161	0.004937536453891958	-0.004235914094590238	-0.0028693212902786776	1.23150373	35.25534821	1.00257942	0.043819663134302474	0.0119652	6e-05
-0.0843	-0.0658	-0.0407	0.005344198169606637	-0.004106759729942657	-0.0026755897433073067	1.25210452	35.84510422	1.01518111	0.08367738136668154	0.0125709	0.00011
-0.0848	-0.0509	-0.0335	0.005595525581893821	-0.003946189438759179	-0.002750638901143063	1.24423885	35.61992645	1.00696662	0.04694734306532089	0.0129462	0.00013
-0.0876	-0.0486	-0.0153	0.005319763560078716	-0.0040613811693908045	-0.0029077185338225527	1.29456818	37.06074905	1.01381102	0.05070166925631099	0.0132291	7e-05
-0.0875	-0.0591	-0.0273	0.005220279792715039	-0.004180063558526419	-0.002935643801854462	1.20857477	34.5989418	0.99017655	0.03490457122656006	0.0125536	7e-05
-0.0963	-0.0484	-0.0498	0.005777039824101231	-0.00398284135305106	-0.0029269171555944902	1.20966744	34.63022232	1.0008008	0.08013544415607617	0.0122952	2e-05
-0.1054	-0.0396	-0.0502	0.005684537373745532	-0.004012511950334963	-0.0030909781052819575	1.15578711	33.08774185	0.96293402	0.032611699866353504	0.0129081	3e-05
-0.0954	-0.0357	-0.0276	0.004544837372193235	-0.004251622057858187	-0.0031503192998497648	1.28996623	36.92900467	1.04231321	0.1084075651821664	0.0135492	9e-05
-0.084	-0.0539	-0.0422	0.004340633849709897	-0.004207988826558329	-0.002921681167838507	1.20457983	34.48457336	1.00436422	0.06802374428972267	0.0128523	3e-05
-0.083	-0.0547	-0.0593	0.005269149011770881	-0.004012511950334963	-0.0027960174616949163	1.17973852	33.77341843	1.02410616	0.08138278722139701	0.0131308	6e-05
-0.0839	-0.0479	-0.0693	0.005281366316534841	-0.004077089132658754	-0.002764601535159018	1.22880423	35.17806625	0.9992804	0.02311052068118242	0.0131532	8e-05
-0.0787	-0.0389	-0.0624	0.004495968153137393	-0.004307472593922005	-0.002802998778702893	1.2224232	34.99539185	1.01637582	0.07380894341022871	0.0125051	0.0001
-0.0765	-0.0475	-0.0825	0.004598942579005058	-0.004312708581677988	-0.0027331856086231197	1.23734295	35.42251205	0.98508208	0.039801179185171114	0.0120047	7e-05
-0.0774	-0.0387	-0.0821	0.005141739976375294	-0.0038484510006474965	-0.002574360646691636	1.23009765	35.21509552	0.9978993	0.06839399701661056	0.0122691	0.00012
-0.0772	-0.0533	-0.0625	0.004888667234836118	-0.003977605365295077	-0.0026075219024795284	1.36437786	39.05925369	1.02742402	0.05516941809873245	0.0119658	8e-05
-0.0789	-0.0525	-0.0477	0.00409977841293468	-0.004209734155810323	-0.0026930430358272505	1.3822391	39.57058334	1.05046891	0.0726269372882203	0.0134393	0.00019
-0.0759	-0.059	-0.0684	0.004523893421169302	-0.004012511950334963	-0.002617993877991494	1.35240531	38.71650314	1.02678924	0.0650193185772869	0.0124396	0.00019
-0.0752	-0.0553	-0.0559	0.005255186377754926	-0.003525565089028546	-0.0025586526834236872	1.34839475	38.6016922	1.05555627	0.08077905062299238	0.0135467	0.00017
-0.0765	-0.0632	-0.045	0.005270894341022875	-0.0035447637108004834	-0.0026773350725593018	1.37584388	39.38750076	1.09225273	0.027779448708775058	0.014002	0.00013
-0.0671	-0.0624	-0.0134	0.004274311338134113	-0.003506366467256608	-0.002647664475275398	1.3834008	39.60383987	1.0738465	0.09503254218582706	0.0145891	0.00017
-0.0655	-0.0607	-0.0312	0.0042603487041181585	-0.003635520831904189	-0.0026057765732275338	1.29506874	37.07508087	1.0134373	0.030350245035569993	0.0149935	0.0002
-0.0705	-0.0541	-0.0264	0.004445353604829557	-0.003558726344816438	-0.0025237460983838006	1.29562211	37.09092331	1.01095125	0.03359149313214413	0.0156213	0.00012
-0.0732	-0.0587	-0.0219	0.004527384079673291	-0.0035831609543443585	-0.0025516713664157096	1.22435129	35.05059052	0.97499216	0.01851951762017819	0.014683	5e-05
-0.0731	-0.0526	0.0073	0.004148647631990522	-0.0038275070496235643	-0.002686061718819273	1.29392362	37.04229736	1.01001582	0.07327364476827694	0.0148971	7e-05
-0.0712	-0.0565	-0.0033	0.004185299546282402	-0.003977605365295077	-0.0026825710603152844	1.2983731	37.16967773	1.01429733	0.02591204442336908	0.0142597	6e-05
-0.0721	-0.0635	-0.0234	0.004687954370856769	-0.004040437218366873	-0.002597049926967562	1.28099501	36.67218018	1.01824178	0.06055039054969429	0.0138437	6e-05
-0.0728	-0.062	-0.0192	0.005059709501531561	-0.004026474584350918	-0.0025254914276357948	1.2781688	36.59127045	1.0244912	0.029263813201125727	0.0129528	0.0001
-0.0705	-0.06	-0.0019	0.0044156830075456534	-0.004049163864626845	-0.002581341963699613	1.23555231	35.37125015	1.00615531	0.05772831551628264	0.0132028	4e-05
-0.0723	-0.0515	-0.0322	0.004441862946325569	-0.003979350694547071	-0.002623229865747477	1.23972654	35.49074936	0.98985944	0.047494050545377635	0.0124764	7e-05
-0.0763	-0.0536	-0.0499	0.004892157893340105	-0.003707079331235956	-0.002501056818107874	1.30753815	37.43205261	1.02546238	0.06603696789826273	0.0127006	0.00012
-0.0812	-0.0422	-0.0272	0.005169665244407204	-0.00411548637620263	-0.0027279496208671367	1.34527647	38.51242065	1.03552147	0.08464035993965174	0.0121852	8e-05
-0.0801	-0.0368	-0.0224	0.004342379178961892	-0.0041835542170304075	-0.002823942729726825	1.3305428	38.09062576	1.04798256	0.0608673507566389	0.0122914	4e-05
-0.085	-0.0403	-0.0359	0.004644321139556911	-0.0041381756564785556	-0.002939134460358451	1.25841236	36.02568436	1.01289991	0.045025612588924874	0.011535	8e-05
-0.0882	-0.027	-0.0168	0.004541346713689245	-0.004310963252425994	-0.003134611336581816	1.23510826	35.35853958	1.00513458	0.0591619449019235	0.0128098	0.00011
-0.0822	-0.0322	-0.0167	0.003766420525803763	-0.004206243497306334	-0.003073524812762014	1.29997993	37.21567535	1.02510149	0.0583366233412472	0.0135287	7e-05
-0.0818	-0.0422	-0.0303	0.004214970143566306	-0.004235914094590238	-0.002967059728390361	1.28076661	36.66564178	1.02402074	0.05323426497090498	0.0130686	9e-05
-0.0936	-0.0236	-0.0079	0.004783947479716458	-0.004267330021126135	-0.0031712632508736965	1.27833068	36.5959053	1.05086725	0.09302983925846926	0.0136991	0.0001
-0.1039	-0.0124	-0.0098	0.004403465702781694	-0.004113741046950634	-0.003274237676741362	1.28502905	36.78766632	1.05312673	0.05525225884889654	0.0134117	7e-05
-0.1112	-0.0325	-0.056	0.005304055596810768	-0.00386590429316744	-0.0031293753488258326	1.28489602	36.78385544	1.05031987	0.13826444878638988	0.0123101	0.00011
-0.1074	-0.028	-0.0463	0.004951499087907913	-0.003961897402027128	-0.0032218777991815323	1.24949121	35.77029037	0.99893668	0.04505260340591213	0.0125844	4e-05
-0.0919	-0.0387	-0.0056	0.004319689898685966	-0.004057890510886817	-0.003077015471266003	1.22556198	35.08524704	1.01350004	0.11053323129985829	0.013167	5e-05
-0.0877	-0.053	-0.018	0.004663519761328848	-0.004098033083682686	-0.002981022362406315	1.17303169	33.58141708	0.98911078	0.05489827721492194	0.0125627	5e-05
-0.0925	-0.0506	-0.0097	0.004972443038931845	-0.0038746309394274117	-0.002935643801854462	1.18407643	33.8976059	1.00337921	0.04438519912050618	0.0138528	6e-05
-0.0897	-0.0431	-0.0158	0.004988151002199794	-0.003918264170727269	-0.002853613327010729	1.3156563	37.66445923	1.00230509	0.023468583470576995	0.0129771	9e-05
-0.0809	-0.0565	-0.0267	0.004455825580341524	-0.0040561451816348215	-0.0027611108766550296	1.28267372	36.72023773	1.01169897	0.07123544415607606	0.0128174	0.00013
-0.0807	-0.0794	-0.0324	0.004773475504204492	-0.003834488366631542	-0.0026197392072434887	1.20435226	34.47805786	0.99984758	0.0628339204138894	0.0125957	5e-05
-0.0824	-0.0517	-0.0243	0.005274384999526864	-0.0037995817815916558	-0.0026127578902355115	1.20848143	34.5962677	0.98827263	0.0646398698685118	0.0128575	9e-05
-0.0846	-0.0412	-0.0014	0.004508185457901353	-0.004009021291830974	-0.002848377339254746	1.29567182	37.09234619	1.04412951	0.09616292504420318	0.013876	0.00024
-0.09	-0.1257	-0.1411	0.006157521601035994	-0.004419173666049642	-0.0024556782575560214	1.43035436	40.94802094	1.27749401	0.35220937995260165	0.0159405	0.00046
-0.0883	-0.0376	-0.124	0.006379178416039275	-0.0044924774946334045	-0.0024748768793279594	1.25757658	36.00175858	1.10883041	0.12260796326794908	0.0139096	0.00011
-0.0967	-0.047	-0.0805	0.006731734924942128	-0.004422664324553631	-0.0025516713664157096	1.08227718	30.98330688	1.00279645	0.08625820830351878	0.013503	0.00012
-0.0849	-0.0545	-0.0306	0.005569345643113905	-0.0047577675409365425	-0.0026302111827554544	1.10670114	31.68251419	1.00699825	0.14800161572754394	0.0138584	0.00015
-0.0833	-0.0673	-0.0462	0.005590289594137836	-0.004700171675620729	-0.0025883232807075904	1.06114018	30.37820053	0.94442899	0.036021385919380436	0.0130936	9e-05
-0.0848	-0.082	-0.0443	0.0058468529941810045	-0.00451865743341332	-0.0025115287936198403	1.08432639	31.04197121	0.9710766	0.0438436064669164	0.014162	6e-05
-0.0868	-0.0772	-0.0351	0.006059783162924312	-0.0045204027626653135	-0.002509783464367846	1.14993083	32.92008972	0.98242471	0.02682104136236478	0.0145948	0.00012
-0.0846	-0.0675	-0.0273	0.005391322059410484	-0.004618141200776996	-0.0026546457922833754	1.19788945	34.29304123	1.00343668	0.065253093477052	0.0132566	0.00011
-0.0838	-0.0952	-0.0507	0.005420992656694387	-0.00466002910282486	-0.0026040312439755396	1.22269022	35.0030365	0.98943556	0.05800865238198015	0.0132076	0.0002
-0.0841	-0.0713	-0.0462	0.005914920835008782	-0.004396484385773717	-0.0025569073541716926	1.2692821	36.33686447	1.00107763	0.06892983925846931	0.0130844	2e-05
-0.0921	-0.0597	-0.0302	0.006368706440527309	-0.004323180557189954	-0.002893755899806598	1.21805155	34.87023926	0.98748292	0.07879689898685976	0.0135685	3e-05
-0.0944	-0.0608	0.0108	0.005785766470361203	-0.004694935687864747	-0.0031712632508736965	1.2617892	36.12235641	1.02523155	0.10601012259539987	0.0137909	5e-05
-0.0887	-0.075	-0.0145	0.005372123437638546	-0.0045867252742410975	-0.0031084313978019013	1.20910203	34.61403656	1.0164793	0.07443426497090502	0.0130852	9e-05
-0.0961	-0.0699	-0.0248	0.005529203070318036	-0.004495968153137393	-0.0030665434957540365	1.21622014	34.81781006	0.98749518	0.037286232791552944	0.0135991	7e-05
-0.1077	-0.0522	-0.0323	0.0056810467152415434	-0.004787438138220445	-0.003443534614184812	1.24834383	35.73744583	1.01067694	0.07781523742186677	0.0132015	9e-05
-0.0961	-0.0432	0.0051	0.004951499087907913	-0.004804891430740389	-0.0031922072018976287	1.23592281	35.38185883	1.01315568	0.10791641660703788	0.0128798	9e-05
-0.0962	-0.0715	-0.0132	0.0052726396702748686	-0.004899139210348083	-0.0032114058236695662	1.19556046	34.22636795	0.9765866	0.06842934918732932	0.012693	6e-05
-0.1025	-0.0665	-0.017	0.0060632738214283005	-0.004797910113732411	-0.00326551103048139	1.25835466	36.02403259	1.01077999	0.06239842272904636	0.0137503	0.00011
-0.1099	-0.0522	0.0023	0.005813691738393112	-0.005115560037595381	-0.003607595563872279	1.32123923	37.82428741	1.0271352	0.08646582701445238	0.0146194	0.00019
-0.1101	-0.0491	0.0106	0.005031784233499652	-0.005235987755982988	-0.0036686820876920805	1.29027545	36.93785858	1.03301761	0.05977108735504343	0.0149901	0.00013
-0.1091	-0.0503	-0.0187	0.005131268000863328	-0.005274384999526864	-0.0036163222101322505	1.23979831	35.49280548	1.01287706	0.0410120444233691	0.0138667	0.0001
-0.1165	-0.0433	-0.0071	0.005614724203665758	-0.005017821599483697	-0.0035953782591083183	1.28777456	36.86626434	1.00403761	0.06404817769347645	0.0145283	0.00011
-0.1299	-0.0276	-0.0097	0.005504768460790115	-0.004806636759992383	-0.003897320219703338	1.198367	34.3067131	0.96614288	0.06285412714809877	0.0146437	0.00011
-0.1142	-0.0381	0.0241	0.0042603487041181585	-0.004970697709679851	-0.003639011490408177	1.27978337	36.63749313	1.07794193	0.14333947178272932	0.0157775	0.00018
-0.1045	-0.0321	-0.0037	0.003115412714809878	-0.0049462631001519295	-0.003269001688985379	1.24837422	35.73831558	1.09517695	0.12046902001295	0.0163113	0.00018
-0.1016	-0.0277	-0.0182	0.0034365532971768345	-0.004330161874197931	-0.0029880036794142917	1.18283606	33.86209488	1.02241506	0.08271199089460211	0.015075	0.00021
-0.1101	-0.0126	-0.0021	0.003782128489071712	-0.004679227724596798	-0.0032218777991815323	1.25103486	35.81448364	1.07995651	0.08612575810304925	0.017801	0.00065
-0.0977	-0.0627	-0.1324	0.006541494036474748	-0.004488986836129415	-0.003029891581462156	1.52928352	43.78015518	1.41465243	0.34987963267948974	0.0176823	0.00137
-0.0899	-0.0514	-0.1418	0.006255260039147678	-0.00507541746479951	-0.002633701841259443	1.25647891	35.9703331	1.16631164	0.09194271830999393	0.0152513	0.00035
-0.0981	-0.0347	-0.0793	0.004996877648459765	-0.00443837228782158	-0.002778564169174973	1.07920122	30.89525032	1.03987962	0.1894144947790686	0.0142489	0.00016
-0.0955	-0.0411	-0.0561	0.0048415433450322695	-0.004878195259324152	-0.0029478611066184224	1.08057094	30.93446159	0.98402734	0.07042271061867583	0.0142607	0.00014
-0.0945	-0.0598	-0.0471	0.004089306437422714	-0.005045746867515607	-0.0030752701420140084	1.17132425	33.53253555	0.98771335	0.08105987755982982	0.0154535	0.00016
-0.094	-0.0698	-0.0506	0.004579743957233121	-0.005120796025351363	-0.0030508355324860886	1.14010108	32.63868332	0.98940746	0.04349606435870408	0.0150397	0.00014
-0.0933	-0.0565	-0.0449	0.005115560037595381	-0.004714134309636684	-0.002960078411382383	1.13385749	32.45994186	0.99944336	0.07136174585903221	0.0141272	7e-05
-0.0945	-0.0556	-0.0219	0.004677482395344803	-0.004825835381764321	-0.00308399678827398	1.22858727	35.17185593	1.01189821	0.05878485456349057	0.0147101	0.00012
-0.0944	-0.0637	-0.0072	0.004029965242854907	-0.004937536453891958	-0.003178244567881674	1.3955946	39.95292282	1.0423965	0.06557330021126137	0.0152128	0.00042
-0.0962	-0.0751	-0.0233	0.00486946861306418	-0.005054473513775579	-0.003145083312093782	1.3734169	39.31802368	1.04722588	0.0787800842940393	0.0149685	0.00023
-0.0994	-0.0705	-0.0254	0.0052115531464550675	-0.004839798015780276	-0.0030316369107141502	1.38890588	39.76144028	1.03355512	0.04341032163829112	0.0147982	0.00023
-0.1029	-0.0786	0.0251	0.005633922825437696	-0.004771730174952496	-0.0032812189937493396	1.34791672	38.58800507	1.07966879	0.0991009801422799	0.0166225	0.00032
-0.104	-0.0626	0.0637	0.0049741883681838385	-0.00476125819944053	-0.003443534614184812	1.34330821	38.45607376	1.06789938	0.09732610266006482	0.0183222	0.00029
-0.105	-0.0981	0.0278	0.005246459731494954	-0.004797910113732411	-0.0034295719801688577	1.33988369	38.35803604	1.0463032	0.0885442955809476	0.0170998	0.00029
-0.106	-0.0844	0.0006	0.005667084081225588	-0.004738568919164605	-0.0031817352263856626	1.3183192	37.74069214	1.01465735	0.07829011490408178	0.016481	0.00016
-0.1067	-0.0729	0.0444	0.005092870757319453	-0.004948008429403923	-0.003363249468593073	1.33385456	38.18543625	1.04486274	0.1042583538176432	0.0179725	0.00013
-0.0992	-0.0892	0.0202	0.004644321139556911	-0.004886921905584123	-0.0033283428835531865	1.23878598	35.46382523	1.0199809	0.07522713633111144	0.0154031	0.00012
-0.1031	-0.0781	0.0083	0.004827580711016315	-0.004775220833456485	-0.0032812189937493396	1.18877554	34.0321312	0.99683952	0.04400422666954443	0.0147148	0.00012
-0.1034	-0.054	0.0158	0.005010840282475721	-0.004694935687864747	-0.003223623128433527	1.1641748	33.32786179	0.98928134	0.04795702911834786	0.0151855	0.00012
-0.109	-0.0319	0.0399	0.004588470603493092	-0.005066690818539539	-0.0035465090400524776	1.22393143	35.0385704	1.04563914	0.10765053606381852	0.015388	0.00016
-0.112	-0.0515	0.0049	0.004801400772236401	-0.005242969072990966	-0.0035918876006043304	1.17520189	33.64354706	1.00870622	0.07932934918732942	0.0145149	7e-05
-0.1164	-0.0395	-0.0087	0.0050789081233034985	-0.0051452306348792835	-0.0035499996985564664	1.18748689	33.99523926	0.99690058	0.05085668456133221	0.0144075	0.00015
-0.12	-0.0306	-0.0046	0.004825835381764321	-0.005323254218582705	-0.0038327430373795474	1.28661132	36.83296204	1.01137742	0.052291983203284	0.0153115	0.00017
-0.119	-0.0305	0.0043	0.004199262180298357	-0.005377359425394529	-0.0040613811693908045	1.28425348	36.76546097	1.00528279	0.055465827014452254	0.0154637	0.00016
-0.1188	-0.0361	-0.0082	0.004379031093253773	-0.005417501998190398	-0.004043927876870862	1.18457282	33.91181564	0.98200513	0.030168238913561445	0.014766	0.00014
-0.119	-0.0205	-0.0142	0.004347615166717875	-0.005164429256651221	-0.0038013271108436495	1.25256157	35.85818863	1.00672184	0.04815447170511438	0.014401	0.00019
-0.118	-0.0335	0.0191	0.004279547325890096	-0.005403539364174444	-0.0039339721339952186	1.35014534	38.65180588	1.03319176	0.06929114857512852	0.0149966	9e-05
-0.1146	-0.0261	0.0021	0.004316199240181977	-0.004968952380427856	-0.003900810878207326	1.30804694	37.44661713	1.02686866	0.05302000769131806	0.0141279	0.00014
-0.117	-0.0401	0.0036	0.004684463712352781	-0.004824090052512327	-0.003750712562535814	1.31060231	37.51977158	1.01150992	0.051061255787892265	0.0132292	0.00011
-0.12	-0.0351	-0.0008	0.00486946861306418	-0.004527384079673291	-0.003754203221039803	1.22206271	34.98507309	0.98126043	0.03666007660272118	0.0129473	3e-05
-0.114	-0.0464	0.0262	0.003413864016900908	-0.004949753758655919	-0.0037367499285198597	1.32716346	37.99388504	1.07973737	0.13907137838329214	0.0147995	7e-05
-0.1069	-0.0539	0.0141	0.00294262511886244	-0.005141739976375294	-0.003506366467256608	1.24941576	35.76813126	1.01907179	0.07138042885105479	0.0150308	0.00011
-0.108	-0.0431	-0.0103	0.003412118687648914	-0.0049672070511758626	-0.003269001688985379	1.23688006	35.4092598	1.00779767	0.08036956361285674	0.013794	9e-05
-0.1068	-0.0244	-0.0052	0.0032899456400093115	-0.004928809807631986	-0.0032829643230013338	1.24635267	35.68044281	1.00261265	0.03372664625997169	0.0134102	4e-05
-0.1025	-0.024	0.0259	0.0026720990848033187	-0.004951499087907913	-0.0033946653951289706	1.20858228	34.59915543	0.98628076	0.07341184538047787	0.0149646	0.00012
-0.1014	-0.0312	0.003	0.002928662484846485	-0.005010840282475721	-0.0034051373706409367	1.20139885	34.39350891	0.96832549	0.04751882850614696	0.0144347	9e-05
-0.1012	-0.0394	0.0003	0.0034086280291449255	-0.004721115626644662	-0.0032498030672134413	1.26776779	36.29351044	1.00984043	0.05735122517784973	0.0132638	0.00011
-0.1033	-0.0394	0.015	0.00308399678827398	-0.004743804906920588	-0.0032550390549694243	1.32301295	37.87506485	1.0203021	0.034427825445142744	0.0156067	0.00013
-0.1046	-0.0363	0.0398	0.002530727415391778	-0.004834562028024293	-0.0033981560536329595	1.3540566	38.76377869	1.0499201	0.06855717463247209	0.0170065	0.00021
-0.1066	-0.044	0.0447	0.002722713633111154	-0.004752531553180559	-0.003597123588360313	1.27724791	36.56490707	1.00129721	0.038249211364523195	0.0174133	0.00015
-0.1059	-0.0516	0.0183	0.00318871654339364	-0.004319689898685966	-0.003413864016900908	1.29987216	37.21259308	1.02472215	0.08880520681182419	0.0165664	0.00014
-0.1041	-0.039	0.0197	0.003157300616857742	-0.0040229839258469294	-0.003303908274025266	1.36870575	39.18315125	1.02456382	0.03770388211252881	0.0170002	0.00012
-0.1054	-0.0386	0.0387	0.0027768188399229783	-0.004509930787153347	-0.0035622170033204267	1.31654119	37.68979263	1.05078615	0.07698686837681712	0.0188893	0.0002
-0.1038	-0.0305	0.0485	0.0024190263432641405	-0.004642575810304917	-0.0037053340019839614	1.23952389	35.4849472	1.0220106	0.05117772592369711	0.0188401	0.00016
-0.1073	-0.0417	0.0329	0.0027454029133870805	-0.004677482395344803	-0.003649483465920143	1.21769297	34.85997391	0.98819021	0.05115668456133221	0.0169523	2e-05
-0.1078	-0.0363	0.0357	0.0029914943379182805	-0.004408701690537677	-0.0035849062835963527	1.17087924	33.51979828	0.97272706	0.03767246558310585	0.0167067	6e-05
-0.1113	-0.0263	0.0433	0.0031293753488258326	-0.004581489286485115	-0.003701843343479973	1.26364589	36.17551041	1.00703565	0.04248028333693053	0.0165314	9e-05
-0.1126	-0.0235	0.0653	0.002993239667170275	-0.0047246062851486505	-0.003783873818323706	1.31492794	37.64360809	1.03530514	0.044164157758141295	0.0172524	0.00024
-0.1125	-0.0386	0.0175	0.002967059728390361	-0.004960225734167885	-0.003766420525803763	1.26231217	36.1373291	1.04528005	0.07696263401595459	0.0161884	0.00013
-0.1139	-0.0295	0.0203	0.003300417615521277	-0.004872959271568168	-0.0037210419652519105	1.21414149	34.7583046	1.00897592	0.036600145514124285	0.0153301	0.00015
-0.114	-0.0284	0.0211	0.0038187804033635933	-0.004794419455228423	-0.003675663404700058	1.21938896	34.90852737	0.99303893	0.03411405823669567	0.0148774	4e-05
-0.1108	-0.0235	0.0363	0.0033929200658769764	-0.004838052686528281	-0.0037751471720637348	1.14677048	32.82961273	0.98560596	0.05174886680750759	0.0152178	0.00012
-0.1088	-0.0372	0.0182	0.003300417615521277	-0.0050073496239717305	-0.0038432150128915135	1.1595571	33.19566727	0.99215253	0.05029336143134637	0.0148009	0.00011
-0.1105	-0.0315	0.0164	0.003242821750205464	-0.00493404579538797	-0.0037245326237558994	1.20803118	34.58337784	0.99090773	0.021679104151759405	0.0151223	0.00012
-0.1119	-0.0277	0.0094	0.00364424747816416	-0.004886921905584123	-0.003687880709464018	1.25813067	36.01762009	1.00337889	0.03646007660272117	0.0147299	9e-05
-0.1173	-0.0034	0.017	0.003911282853719292	-0.005119050696099368	-0.0039671333897831115	1.36617649	39.11074448	1.01917651	0.0762208423194735	0.0151575	0.00011
-0.1103	-0.0323	-0.0009	0.003607595563872279	-0.005066690818539539	-0.003909537524467298	1.30089879	37.24198151	1.02033002	0.07448215163613281	0.014609	0.00011
-0.1173	-0.0301	0.0014	0.003886848244191372	-0.005119050696099368	-0.0039287361462392355	1.17921543	33.75844574	0.98595138	0.029040558982543013	0.0147823	9e-05
-0.1214	-0.0079	0.0127	0.003824016391119576	-0.005009094953223725	-0.003940953451003196	1.23339856	35.3095932	0.97983502	0.046850245035569976	0.0148707	0.00013
-0.1215	-0.0144	0.0344	0.003478441199224699	-0.004972443038931845	-0.003993313328563026	1.30708623	37.41911697	1.00541127	0.05002934918732936	0.0157463	9e-05
-0.119	-0.0226	0.0089	0.0033684854563490563	-0.00493055513688398	-0.004002039974822997	1.24438393	35.62408066	1.00681803	0.044228514559173926	0.0155565	0.00016
-0.1245	-0.0265	-0.0021	0.0037803831598197174	-0.004878195259324152	-0.003921754829231259	1.2578373	36.00922394	1.00907755	0.047627136331111423	0.0141197	4e-05
-0.1218	-0.0267	-0.0267	0.0035116024550125905	-0.0048939032225921	-0.0036512287951721376	1.2782886	36.59469986	1.02048438	0.05525073510670981	0.0141441	0.00012
-0.1128	-0.0225	0.0039	0.002432988977280095	-0.004914847173616032	-0.003556981015564444	1.28436172	36.76856232	1.02671907	0.10349026041820608	0.0166975	0.00023
-0.1046	-0.0246	-0.0016	0.0019879300180215415	-0.004909611185860049	-0.003420845333908886	1.24000394	35.49869156	1.00942408	0.045121531433504745	0.0173373	0.00026
-0.1016	-0.0352	-0.0071	0.0027454029133870805	-0.00476474885794452	-0.0032079151651655774	1.24744821	35.71180344	1.02359291	0.07486326960121883	0.0149639	0.00012
-0.1009	-0.0294	-0.0125	0.0030962140930379405	-0.004616395871525002	-0.0031171580440618727	1.25055099	35.80063248	1.00726269	0.04139606435870414	0.0138961	7e-05
-0.0994	-0.0251	-0.0045	0.0028902652413026098	-0.004686209041604775	-0.0031799898971336684	1.24480188	35.63604736	0.9962405	0.03072969374434499	0.0143965	7e-05
-0.1012	-0.0319	0.0038	0.002452187599052033	-0.004637339822548933	-0.0033353242005611634	1.192801	34.14736938	0.9857199	0.04901405823669568	0.0149221	6e-05
-0.0995	-0.0422	-0.0245	0.0027838001569309555	-0.004705407663376713	-0.00326551103048139	1.1977973	34.29040527	0.97081477	0.06377467843932377	0.014694	0.0001
-0.0967	-0.05	-0.019	0.0032009338481576006	-0.004513421445657336	-0.003153809958353753	1.26336682	36.16752243	1.00901715	0.05214104905368296	0.014001	0.00012
-0.0981	-0.046	-0.0155	0.0033283428835531865	-0.0045588000062091886	-0.003160791275361731	1.29746103	37.14356613	1.00048804	0.01788844564777084	0.0137284	0.00011
-0.1073	-0.037	0.0182	0.0025516713664157096	-0.004921828490624009	-0.0034662238944607386	1.30574584	37.38074112	1.04517861	0.12415663103256527	0.0169751	0.00016
-0.1044	-0.0336	-0.0046	0.0024033183799961914	-0.004927064478379992	-0.0034749505407207105	1.2315315	35.25614166	1.01074668	0.03721578102177366	0.0162631	0.00012
-0.1015	-0.0398	-0.0132	0.0028099800957108703	-0.004714134309636684	-0.003298672286269283	1.27777541	36.58000946	0.99035564	0.057493506945470715	0.0153946	0.0001
-0.0999	-0.0253	-0.0156	0.0029077185338225527	-0.004579743957233121	-0.0032218777991815323	1.15866601	33.17015839	0.97083481	0.03394616388014984	0.0145782	5e-05
-0.101	-0.0186	0.0182	0.002310815929640492	-0.00476474885794452	-0.0034348079679248403	1.22526741	35.07681656	1.01415544	0.0913418836818384	0.0165917	0.00016
-0.0979	-0.0287	-0.0017	0.002165953601724963	-0.004783947479716458	-0.0034295719801688577	1.21900523	34.89754105	1.00723749	0.04156484687217248	0.0164816	0.0002
-0.0985	-0.0354	-0.0148	0.0029967303256742636	-0.004773475504204492	-0.0033702307856010505	1.21702898	34.84096527	1.00940224	0.0654294947014537	0.0151095	0.0001
-0.1056	-0.0373	-0.0015	0.0034487706019407953	-0.005017821599483697	-0.003467969223712733	1.32165813	37.83627701	1.03719851	0.06200624048287094	0.0149003	0.0001
-0.103	-0.0436	-0.0064	0.003199188518905606	-0.005009094953223725	-0.0034644785652087444	1.31849194	37.74563599	1.01808403	0.02688996938995746	0.0148806	9e-05
-0.1018	-0.0501	-0.0112	0.003077015471266003	-0.004920083161372014	-0.003342305517569141	1.27069485	36.37730789	0.99634816	0.029167894356545848	0.0155622	0.00013
-0.1072	-0.0376	-0.0165	0.003485422516232676	-0.004801400772236401	-0.0033667401270970616	1.38148868	39.54909897	1.01594271	0.05077620218151037	0.0140064	9e-05
-0.1139	-0.0343	-0.0082	0.0032794736644973454	-0.004981169685191816	-0.003605850234620285	1.32967496	38.06578445	1.01673691	0.04954139361069848	0.0150955	0.00012
-0.1149	-0.0172	-0.0125	0.002754129559647052	-0.005134758659367318	-0.0037524578917878084	1.29665029	37.12035751	1.02925187	0.06367703680966594	0.0157294	0.00032
-0.1147	-0.0285	-0.023	0.0029513517651224112	-0.005099852074327431	-0.003766420525803763	1.22339261	35.02314377	0.98209213	0.034304571226560075	0.0153362	0.00021
-0.1164	-0.0164	-0.0199	0.003235840433197487	-0.004961971063419879	-0.0036966073557239895	1.31608868	37.67683792	1.00134205	0.04150914245312005	0.0154858	0.00028
-0.1198	-0.0225	-0.018	0.0032515483964654355	-0.005160938598147233	-0.0038117990863556156	1.33710706	38.27854919	1.01529323	0.02789336143134644	0.0162333	0.00031
-0.1216	-0.0121	-0.0053	0.0026878070480712674	-0.005407030022678433	-0.004042182547618867	1.34528887	38.51277542	1.03845191	0.07691081170943098	0.0173715	0.00031
-0.1166	-0.0206	-0.0134	0.002698279023583233	-0.005270894341022875	-0.0039723693775390945	1.28125036	36.67948914	0.99244981	0.03242104136236482	0.0169985	0.00021
-0.1162	-0.0202	-0.0151	0.003193952531149623	-0.0050230575872396805	-0.003855432317655474	1.21881342	34.8920517	0.97962495	0.04552236606166023	0.0157588	0.00012
-0.1161	-0.026	-0.0123	0.0033772121026090277	-0.004961971063419879	-0.0038135444156076103	1.30798817	37.44493484	1.02366259	0.02301169986635353	0.0153838	0.00011
-0.1198	-0.0115	0.0242	0.003298672286269283	-0.00486946861306418	-0.003981096023799066	1.33643377	38.25927353	1.06890118	0.07162969374434495	0.0165398	0.00016
-0.1195	-0.0295	-0.0034	0.003321361566545209	-0.004804891430740389	-0.003925245487735247	1.25648749	35.97058105	1.0178641	0.05305584993317681	0.0148257	0.0001
-0.1196	-0.0286	-0.0021	0.00318871654339364	-0.004738568919164605	-0.0037192966359999168	1.24017203	35.50350189	0.98920591	0.02254581932313417	0.0153329	8e-05
-0.1103	-0.0224	-0.0167	0.002778564169174973	-0.004731587602156627	-0.003488913174736664	1.29199362	36.98704529	1.00055273	0.062475857624494875	0.0154505	0.00014
-0.1095	-0.0167	0.0142	0.0024312436480281013	-0.005017821599483697	-0.0036634460999360975	1.35172093	38.69691086	1.02624843	0.07780437218366873	0.0167456	0.00019
-0.1059	-0.0267	-0.022	0.002569124658935653	-0.005037020221255636	-0.003555235686312449	1.26869106	36.31994247	1.01823128	0.06306450231515696	0.0162663	0.00021
