trans_x	trans_y	trans_z	rot_x	rot_y	rot_z	dvars_std	dvars_nstd	dvars_vstd	framewise_displacement	aqi	aor
0.0	-0.0	0.0	-0.0	0.0	-0.0	n/a	n/a	n/a	n/a	0.0175502	0.00372
-0.0037	0.0236	0.0466	-0.00017104226669544429	0.00011693705988362007	1.0471975511965975e-05	1.07600439	32.19911957	0.9697245	0.08882256510455148	0.0176521	0.00124
-0.0052	0.0963	0.057	-0.0002617993877991494	0.0003159045946109737	6.632251157578452e-05	1.03307772	30.91455269	0.96602495	0.10187875959474388	0.0170926	0.00062
-0.0022	0.0043	0.0327	0.00014137166941154068	0.0003595378259108319	-8.726646259971648e-06	1.02518845	30.6784668	0.95803071	0.14539267231731523	0.0140396	7e-05
-0.0091	-0.0179	0.0294	0.00013264502315156904	-2.094395102393195e-05	-4.363323129985824e-05	1.0412885	31.16025734	0.93278637	0.053605750411731115	0.01514	9e-05
-0.0126	0.026	0.0363	0.00015184364492350666	0.00014486232791552936	-1.7453292519943296e-05	1.06069684	31.74104691	0.94898007	0.06485924197456569	0.0150059	4e-05
-0.0089	0.0218	0.0344	-0.00028623399732707005	0.0002897246558310587	-4.886921905584123e-05	1.04185176	31.17711449	0.9416308	0.0405177948351002	0.0172461	3e-05
-0.0119	-0.0346	-0.0004	0.00028099800957108706	2.96705972839036e-05	-0.0001308996938995747	1.05833828	31.67046738	0.95556406	0.1396658270144523	0.0139136	5e-05
-0.017	-0.0377	-0.0092	0.00091106186954104	-8.901179185171081e-05	-0.0001605702911834783	1.04977489	31.41421127	0.92818503	0.055920842319473536	0.0156726	4e-05
-0.0211	0.0322	0.0427	0.000614355896702004	0.0001972222054753592	-4.71238898038469e-05	1.05509818	31.57350731	0.97359635	0.16071931857728683	0.0186272	0.00013
-0.0198	0.022	0.0379	-0.00013264502315156904	0.0001605702911834783	-8.37758040957278e-05	1.08206713	32.38054657	0.96395789	0.057315237421866734	0.0191331	0.00014
-0.02	-0.0463	0.0118	0.0005672320068981572	-2.268928027592628e-05	-0.00013264502315156904	1.08202279	32.37921906	0.96936792	0.1412002910282486	0.0160506	0.00014
-0.0229	-0.0295	0.0103	0.0005532693728822024	-0.00021467549799530252	-0.00016406094968746698	1.07249582	32.09412766	0.92582083	0.03306823891356145	0.0164365	8e-05
-0.0217	0.0112	0.0404	8.901179185171081e-05	1.0471975511965975e-05	-0.00011344640137963142	1.08390105	32.4354248	0.95477288	0.10900098014227975	0.0165147	6e-05
-0.0194	0.0325	0.035	2.96705972839036e-05	0.00016406094968746698	-0.00014486232791552936	1.03357708	30.92949677	0.93412608	0.0412173047639603	0.0155775	5e-05
-0.0126	-0.0316	0.0087	0.00039269908169872416	9.599310885968811e-05	-0.00019024088846738194	1.06337929	31.82131767	0.94730483	0.1210237442897226	0.014648	9e-05
-0.0118	-0.036	-0.0211	0.0009826203688728075	0.0	-0.0002024581932313422	1.09780872	32.85160828	0.94289121	0.06990658503988659	0.0158783	6e-05
-0.0112	0.0048	0.0096	0.0003298672286269283	0.00017627825445142725	-0.00015533430342749534	1.07083297	32.04436874	0.95033499	0.11590776422505764	0.0163966	8e-05
-0.0082	0.0244	-0.0074	0.0002617993877991494	0.0003089232776029963	-0.00017802358370342162	1.01372862	30.33553505	0.94120466	0.05077010721276372	0.0152231	4e-05
-0.0092	-0.0471	-0.0365	0.0006824237375297829	7.504915783575618e-05	-0.00026878070480712676	1.04330564	31.2206192	0.9628565	0.13886277953007894	0.013782	6e-05
-0.0055	-0.0539	-0.0388	0.0009669124056048585	3.316125578789226e-05	-0.0003595378259108319	1.02153254	30.56906509	0.91990229	0.03365668456133224	0.0127226	5e-05
-0.0045	0.0113	-0.0229	0.0008569566627292158	0.00030194196059501896	-0.00031415926535897925	1.00532436	30.08403969	0.94575589	0.10330575041173112	0.0128499	5e-05
-0.0001	-0.0062	-0.0411	0.0009634217471008699	0.00041189770347066176	-0.0003525565089028545	1.00042105	29.93730927	0.92866142	0.05284090353955861	0.0129433	6e-05
-0.0017	-0.0697	-0.0831	0.0018465583486100008	0.0002129301687433082	-0.00045902159327450867	1.05999804	31.72013474	0.96211049	0.16652846103040692	0.0145507	7e-05
-0.0009	-0.0354	-0.0625	0.0012688543661998775	0.00019198621771937622	-0.0004188790204786391	1.06476283	31.86272049	0.94349946	0.08763952531149624	0.0144605	6e-05
-0.0028	0.0056	-0.035	0.0009093165402890458	0.00043458698374658803	-0.00030368728984701333	1.030352	30.83298492	0.93896954	0.10626651612848344	0.0145189	6e-05
0.0023	-0.0358	-0.0427	0.0006178465552059926	0.0004939281783143952	-0.0003717551306747922	1.01070094	30.24493408	0.93470856	0.07514395102393195	0.0138814	5e-05
0.0008	-0.0568	-0.0538	0.0013107422682477415	0.00034208453339088857	-0.00039793506945470715	1.02615833	30.70749283	0.92048556	0.07714596483725852	0.0133446	2e-05
0.0001	-0.0315	-0.0246	0.001075122819228507	0.00038571776469074686	-0.0003787364476827695	1.00276411	30.00742722	0.91579027	0.0701225651045515	0.012094	3e-05
0.0021	0.0232	-0.0067	0.0007627088831215222	0.0005166174585903216	-0.000291469985083053	1.03860009	31.07980919	0.94095347	0.1011290046303138	0.0144661	5e-05
0.006	-0.0555	-0.0496	0.0014329153158873448	0.000460766922526503	-0.00038048177693476387	1.06701279	31.93004799	0.96109643	0.16625343803406759	0.0125481	5e-05
0.0037	-0.0551	-0.0444	0.0010506882097005862	0.00013788101090755203	-0.00038571776469074686	1.06119192	31.75586128	0.93242121	0.04341745027808462	0.014686	3e-05
-0.0061	0.014	0.0037	0.0005305800926062762	0.00037350045992678646	-0.000291469985083053	1.11669385	33.41674042	0.97782702	0.16949876728606192	0.0161327	0.00013
-0.006	-0.0027	-0.0111	0.00041189770347066176	0.00039095375244672985	-0.00034033920413889426	1.01666427	30.42338562	0.92906524	0.04085024503556996	0.0153731	6e-05
-0.0034	-0.0754	-0.0321	0.001001818990644745	5.235987755982989e-05	-0.0004328416544945937	1.07437551	32.15037537	0.95985662	0.14735088062083412	0.0122758	2e-05
-0.0029	-0.037	-0.0144	0.0003316125578789226	-0.00012042771838760874	-0.0004625122517784973	1.03934002	31.1019516	0.94062516	0.10023323129985824	0.0133901	5e-05
-0.0192	0.0205	0.0053	0.0006859143960337716	0.0001361356816555577	-0.0003351032163829112	1.10508502	33.0693512	0.99050562	0.13041371367968005	0.0152595	6e-05
-0.0172	-0.0163	-0.0003	0.00034033920413889426	0.00022340214425527416	-0.0002844886680750757	1.01201129	30.28414726	0.93976915	0.06857281014012147	0.0158827	0.00016
-0.0132	-0.061	-0.0097	0.0008011061266653974	4.537856055185256e-05	-0.0003647738136668148	1.05509281	31.573349	0.94034241	0.0940537825910832	0.0145715	5e-05
-0.014	-0.0361	-0.0101	0.000726056968829641	2.6179938779914945e-05	-0.0003647738136668148	1.05335009	31.52119827	0.93139426	0.030812388980384697	0.0160433	2e-05
-0.0185	0.0167	0.0308	0.00042236967898262774	0.00024085543677521747	-0.00030368728984701333	1.0745225	32.15477371	0.95808592	0.12717246558310585	0.0164343	5e-05
-0.0126	0.0002	0.0137	0.0005619960191421741	0.0003612831551628262	-0.00027576202181510406	0.99414086	29.7493782	0.90944448	0.05389896632895322	0.0143546	5e-05
-0.0106	-0.0446	0.0113	0.000582939970166106	0.00014137166941154068	-0.00034033920413889426	1.0537113	31.53200531	0.93925217	0.06447163095495038	0.0160705	4e-05
-0.0085	-0.0256	0.0044	0.0008115781021773631	0.0001658062789394613	-0.0003106686068549907	1.07421458	32.14556122	0.93896422	0.042137166941154075	0.0145524	3e-05
-0.0174	0.0309	0.0174	0.000445058959258554	0.00024085543677521747	-0.0002740166925631097	1.07564402	32.18833542	0.95705514	0.1023110107523223	0.0181079	7e-05
-0.0156	0.0452	-0.0019	0.0002565634000431664	0.0003577924966588376	-0.0002303834612632515	1.03941083	31.10406876	0.94014972	0.052853292519943286	0.0157078	8e-05
-0.0171	-0.051	-0.0128	0.0006003932626860494	0.000460766922526503	-0.00032812189937493397	1.07072163	32.0410347	0.98149061	0.13582713633111154	0.0136448	7e-05
-0.0121	-0.0817	0.0075	0.000582939970166106	0.00021118483949131387	-0.0003944444109507184	1.06122208	31.75676346	0.9369966	0.07266789435654585	0.0161785	7e-05
-0.007	-0.0525	-0.0238	0.0009721483933608416	7.67944870877505e-05	-0.0004415683007545654	1.08823025	32.56497574	0.95798197	0.09413613327010728	0.0131398	4e-05
-0.0142	0.0103	-0.007	0.001064650843716541	0.0003211405823669566	-0.00037350045992678646	1.12430882	33.64461517	0.99270832	0.1070458193231342	0.0150869	6e-05
-0.0154	0.0143	-0.0051	0.00048520153205442357	0.0003630284844148205	-0.0003316125578789226	1.05817914	31.66570473	0.94266774	0.040261255787892254	0.0130802	2e-05
-0.0171	-0.0372	-0.0163	0.0010070549784007281	0.0003159045946109737	-0.00034033920413889426	1.04755867	31.34789085	0.94822784	0.09328519912050615	0.0153139	2e-05
-0.0161	-0.0294	-0.0064	0.0008569566627292158	6.45771823237902e-05	-0.0003944444109507184	1.02593923	30.70093536	0.92092034	0.041476546738526	0.0125537	5e-05
-0.0147	-0.0101	-0.0041	0.0009162978572970229	-1.0471975511965975e-05	-0.00039269908169872416	0.97848272	29.28081322	0.90495952	0.02980678408277788	0.0123354	1e-05
-0.0212	0.0443	0.0007	0.0009372418083209549	9.42477796076938e-05	-0.0003874630939427412	1.01545441	30.38718033	0.93808659	0.07224498469497875	0.0150688	2e-05
-0.0193	-0.0109	-0.0093	0.0006754424205218055	0.00021118483949131387	-0.00034557519189487725	1.04704332	31.33246994	0.94769951	0.08813121748653166	0.0132966	2e-05
-0.0132	-0.0498	-0.0071	0.0006667157742618339	0.0003089232776029963	-0.00037350045992678646	1.059654	31.70984077	0.94319486	0.05391951762017816	0.0130676	3e-05
-0.0163	-0.0447	0.0056	0.0002251474735072685	5.759586531581287e-05	-0.000445058959258554	1.1140554	33.33778763	0.9446049	0.05912271061867581	0.0136601	9e-05
-0.0183	-0.0224	0.0091	0.0010576695267085637	0.00026878070480712676	-0.0004014257279586958	1.08630049	32.50722885	0.95014478	0.08216700619962336	0.0140012	4e-05
-0.0164	0.0051	0.0239	0.00034208453339088857	0.0003193952531149623	-0.0003595378259108319	1.01016474	30.22888947	0.91983421	0.08460437218366873	0.0144652	3e-05
-0.0107	-0.0412	0.0123	0.0008639379797371932	0.00041713369122664475	-0.00037524578917878077	1.04030263	31.13075447	0.93270746	0.0953649923862968	0.0127807	3e-05
-0.0087	-0.0388	0.004	0.0007243116395776468	0.00012740903539558605	-0.0003595378259108319	1.08956373	32.60488129	0.94110863	0.0349529479629277	0.0153057	7e-05
-0.0107	-0.0273	-0.0021	0.0009529497715889039	0.0001832595714594046	-0.0003874630939427412	1.08133912	32.35876083	0.93679441	0.03522069680534925	0.0134308	5e-05
-0.0154	0.0473	0.0486	-0.0002129301687433082	0.00031415926535897925	-0.00030368728984701333	1.08264911	32.39796066	0.97595882	0.19902777191637572	0.0149037	9e-05
-0.0151	0.0134	0.1007	-9.599310885968811e-05	0.0003473205211468716	-0.0003944444109507184	1.08278573	32.40205002	0.99448405	0.09834277183876088	0.0178382	5e-05
-0.0136	0.0208	0.0984	0.0009180431865490173	0.00041713369122664475	-0.000460766922526503	1.11200142	33.27632141	1.00141921	0.06870859885321315	0.0205394	0.00011
0.0534	-0.2717	-0.4836	0.008463101542920504	0.002583087292951608	-0.00033684854563490564	2.91756248	87.30721283	2.48015248	1.4332465167494024	0.0652829	0.02084
0.0001	0.2325	0.3234	0.001117010721276371	0.0011013027580084218	-0.0003001966313430247	4.06146908	121.5382843	3.4719233	1.80772636354396	0.0706189	0.02431
0.0157	0.1142	0.4132	0.0003438298626428829	0.0012793263417118436	-0.00032463124087094524	2.05164266	61.39481354	1.90238732	0.27248195259324154	0.0611556	0.00907
0.0456	-0.1972	-0.0974	0.0030072023011862297	0.0012863076587198209	-0.000661479786505851	2.71590972	81.27281189	2.41006232	1.0022601150593116	0.0222797	0.00082
0.0206	-0.1194	-0.0886	0.0027419122548830916	0.000926769832808989	-0.0005550147021341969	1.08708096	32.53058243	1.04265923	0.14816464782928118	0.015748	0.00015
-0.0113	-0.0345	-0.094	0.0026040312439755396	0.0006841690667817771	-0.0005218534463463045	1.05282807	31.50557518	0.98769028	0.1428821516361328	0.0164724	0.00017
-0.0002	-0.1173	-0.1042	0.003220132469929538	0.0007592182246175333	-0.0005759586531581287	1.04402578	31.24216843	0.96223648	0.14136277953007892	0.0170716	0.00019
0.0036	-0.0906	-0.109	0.002778564169174973	0.00034208453339088857	-0.000609119908946021	1.04158199	31.16904068	0.94343316	0.0798931623884551	0.0153273	0.00022
0.0056	-0.0364	-0.0896	0.0026546457922833754	0.000609119908946021	-0.0005218534463463045	1.1268326	33.72013855	0.99704403	0.09951101075232233	0.0170246	0.0002
0.005	0.0362	-0.06	0.0018186330805780916	0.0007400196028455958	-0.000460766922526503	1.13305318	33.90628815	1.00653512	0.15419994647123303	0.0157177	0.00022
0.0056	0.037	-0.1009	0.0021519909677090087	0.0007679448708775049	-0.0003892084231947355	1.06349266	31.82471085	0.97254203	0.06394208272472969	0.0186521	0.00022
0.0049	-0.1014	-0.0788	0.002124065699677099	0.000895353906273091	-0.0004677482395344803	1.1565218	34.60858154	1.07968487	0.17289370598836204	0.0151415	0.00016
0.0014	-0.1328	-0.0436	0.002022836603061428	0.000752236907609556	-0.0005515240436302081	1.08729625	32.53702545	0.96322325	0.08650609496874667	0.0156401	0.00014
0.0036	-0.1477	-0.0685	0.002802998778702893	0.000460766922526503	-0.0005672320068981572	1.00787485	30.16036415	0.9249425	0.09636700619962336	0.0160878	7e-05
0.0053	-0.1108	-0.0799	0.002804744107954888	0.0003700098014227979	-0.0005969026041820607	0.99182016	29.67993164	0.92025487	0.05610865238198018	0.0148602	7e-05
0.0049	-0.0464	-0.0618	0.0024312436480281013	0.0005270894341022875	-0.0005532693728822024	1.02748609	30.7472229	0.9488768	0.11161066619530674	0.014006	9e-05
0.0088	0.0033	-0.0553	0.0021676989309769574	0.000726056968829641	-0.0004886921905584122	1.00383401	30.03944206	0.94056221	0.08645447170511437	0.0133961	8e-05
0.0158	-0.0341	-0.074	0.0024678955623199817	0.0009965830028887623	-0.00047123889803846896	0.97208941	29.08949471	0.91516696	0.09250879789610444	0.0132143	3e-05
0.0134	-0.1032	-0.2049	0.005599016240397809	0.001403244718603441	-0.0006736970912698113	1.37497306	41.14567184	1.26127393	0.38941202935119246	0.0277706	0.00149
0.0253	0.0287	-0.0891	0.002897246558310587	0.001350884841043611	-0.0004014257279586958	1.4559797	43.56977081	1.32701988	0.41092004614790834	0.0189216	0.00076
0.0277	0.0023	-0.053	0.0016109388995907662	0.0012060225131280816	-0.0003944444109507184	1.05965698	31.70992851	0.98068537	0.13680756518216639	0.0158969	0.00034
0.029	-0.0156	-0.0506	0.001785471824790199	0.001410226035611418	-0.0003298672286269283	0.96758622	28.95473862	0.91044443	0.04376568150032797	0.0172222	0.0002
0.0242	-0.0204	-0.0432	0.0015428710587629874	0.0014573499254152652	-0.00023387411976724014	1.09940481	32.8993721	0.95929914	0.03628588823453735	0.0204972	0.00017
0.021	-0.0865	-0.0608	0.0018727382873899156	0.001361356816555577	-0.00027576202181510406	1.08118677	32.35420227	0.98426447	0.11028741197672398	0.0180963	0.00043
0.0193	-0.0792	-0.0436	0.001450368608407288	0.0011623892818282235	-0.0003106686068549907	1.09483337	32.76257324	0.96525271	0.059012189937493374	0.0192859	0.00032
0.0213	-0.0712	-0.0412	0.0018099064343181197	0.001186823891356144	-0.000317649923862968	1.06156087	31.76690102	0.9523106	0.03194768762233648	0.0159916	0.00022
0.0242	-0.0121	-0.0432	0.002366666465704311	0.0014748032179352085	-0.0002251474735072685	1.02415955	30.64768028	0.95728836	0.11086209041604776	0.017532	0.00019
0.0249	-0.0496	-0.0559	0.002089159114637212	0.0012095131716320703	-0.00029321531433504735	1.04940283	31.40307808	0.94373217	0.08144326190990078	0.0159613	0.00021
0.0265	-0.0339	-0.0594	0.0016231562043547262	0.001064650843716541	-0.00033684854563490564	1.05538058	31.58195877	0.93453177	0.05352492347489369	0.0163959	0.00018
0.0275	-0.0359	-0.1171	0.00266860842629933	0.0008883725892651138	-0.0003193952531149623	1.06759107	31.94735527	0.95626301	0.12265918844579868	0.0168386	8e-05
0.0232	-0.0073	-0.1332	0.0028815385950426383	0.001022762941668677	-0.00021467549799530252	1.06949365	32.00428772	0.96080826	0.07160201381332659	0.0177897	0.00011
0.0257	-0.0862	-0.1826	0.0038152897448596045	0.00091106186954104	-0.0003700098014227979	1.06677985	31.92308044	0.96695534	0.1908393262686049	0.0183445	9e-05
0.0276	-0.1131	-0.2004	0.004045673206122856	0.000640535835481919	-0.0005270894341022875	1.02832532	30.77233887	0.92936819	0.07949945640009311	0.020575	0.00013
0.0191	-0.066	-0.1497	0.0034662238944607386	0.000752236907609556	-0.00042935099599060504	1.05024362	31.42823792	0.9624869	0.14574444109507184	0.0188459	0.0001
0.0108	-0.02	-0.1133	0.0024277529895241124	0.0009093165402890458	-0.00037350045992678646	1.07347667	32.12347794	0.96068318	0.1532700536839967	0.0164177	0.00012
0.0167	-0.1105	-0.1474	0.003160791275361731	0.0009145525280450286	-0.00042236967898262774	1.0328716	30.90838432	0.96018358	0.16985717463247213	0.0161126	0.00011
0.0189	-0.1164	-0.1467	0.0030229102644541784	0.000705113017805709	-0.0004729842272904633	1.03073382	30.84441185	0.92234646	0.02869675347273539	0.0186645	0.00012
0.0176	-0.0678	-0.111	0.0022200588085367874	0.0006178465552059926	-0.00042411500823462205	1.04706848	31.33322334	0.9425117	0.1325493568786474	0.0180269	9e-05
0.0114	-0.0024	-0.0896	0.0022724186860966175	0.0008587019919812101	-0.00035604716740684323	1.05204535	31.48215294	0.9783035	0.11106415775814132	0.0140333	2e-05
0.0127	-0.0758	-0.1069	0.002488839513343914	0.0009442231253289323	-0.00038571776469074686	1.05072379	31.44260597	0.9619886	0.10858062789394612	0.0167549	7e-05
0.0162	-0.0966	-0.1268	0.0027471482426390747	0.0006579891280018621	-0.0004468042885105483	1.0417192	31.1731472	0.92323447	0.07448146252210161	0.0153666	8e-05
0.0147	-0.0805	-0.1149	0.0021589722847169856	0.0004677482395344803	-0.0004939281783143952	0.99615794	29.80973816	0.91527488	0.07077703680966588	0.0181307	9e-05
0.0092	-0.0105	-0.0859	0.002136283004441059	0.0007714355293814937	-0.00037524578917878077	1.07836902	32.2698822	0.98530928	0.12675294796292771	0.0138609	5e-05
0.0094	-0.0522	-0.1073	0.0022165681500327986	0.0008464846872172499	-0.0003665191429188092	0.98549682	29.4907074	0.91832084	0.07150304748437336	0.0141535	9e-05
0.0128	-0.0876	-0.1088	0.0019198621771937623	0.0006876597252857658	-0.00042236967898262774	1.03486907	30.96815872	0.94053235	0.06586907354171692	0.0157884	6e-05
0.0105	-0.0946	-0.1335	0.002579596634447619	0.0005201081170943102	-0.0004956735075663896	1.04403234	31.24236488	0.92975835	0.07902949470145369	0.0154092	5e-05
0.0082	-0.0416	-0.0967	0.0023527038316883565	0.0006597344572538566	-0.00042411500823462205	1.06206262	31.78191566	0.9543195	0.11400388211252883	0.0146204	7e-05
0.0137	-0.0771	-0.1143	0.0022794000031045943	0.0008395033702092724	-0.00041538836197465044	1.02850604	30.7777462	0.92902049	0.07168996938995749	0.014575	3e-05
0.017	-0.1149	-0.1176	0.0025062928058638572	0.0007347836150896127	-0.0004729842272904633	1.03369117	30.93290901	0.92442345	0.06386042115973677	0.0151912	4e-05
0.0191	-0.0801	-0.1188	0.002535963403147761	0.0006335545184739417	-0.0004415683007545654	0.98187548	29.38233948	0.9207986	0.04621578102177362	0.0143967	3e-05
0.0168	-0.0089	-0.0762	0.001706932008450454	0.0007714355293814937	-0.00034906585039886593	1.03423953	30.94931793	0.9671571	0.16907074279802792	0.0147755	6e-05
0.0207	-0.056	-0.1197	0.0022479840765686964	0.0009494591130849152	-0.00041015237421866745	1.02083266	30.54812241	0.94813618	0.13350810878207328	0.0136985	3e-05
0.022	-0.082	-0.1465	0.0025464353786597265	0.000778416846389471	-0.00043458698374658803	1.02116334	30.55801964	0.9310246	0.07879640891571973	0.0157186	2e-05
0.0229	-0.0806	-0.1542	0.0024853488548399255	0.0007033676885537148	-0.000460766922526503	1.08965623	32.60764694	0.94215138	0.018115781021773626	0.0169654	9e-05
0.0219	-0.0167	-0.1082	0.0019844393595175526	0.0008970992355250854	-0.0003577924966588376	1.12086761	33.54164124	0.97598648	0.15078077340807045	0.0145434	5e-05
0.0299	-0.0805	-0.1475	0.002336995868420407	0.0009075712110370514	-0.000445058959258554	1.07445562	32.15277481	0.96654104	0.13361474735072684	0.0160451	5e-05
0.0313	-0.1144	-0.1582	0.002535963403147761	0.0006702064327658224	-0.0005183627878423159	1.07519341	32.17485046	0.9440453	0.07148180707911725	0.0173728	3e-05
0.0305	-0.0984	-0.1743	0.0031328660073298214	0.0007435102613495844	-0.0005462880558742252	1.09004688	32.61933899	0.94660403	0.0678065850398866	0.0180526	5e-05
0.025	-0.0535	-0.1259	0.002373647782712288	0.0008307767239493009	-0.0004520402762665313	1.10462415	33.05555725	0.95829277	0.1458366233412472	0.0156328	5e-05
0.0277	-0.0616	-0.102	0.0017208946424664088	0.0008342673824532895	-0.00042760566673861073	1.03005087	30.82397652	0.92172253	0.06873392041388945	0.016832	3e-05
0.0292	-0.0837	-0.1188	0.0025324727446437724	0.000921533845053006	-0.000445058959258554	1.03504932	30.9735508	0.92381937	0.08621489286485116	0.0145832	7e-05
0.0316	-0.0783	-0.1279	0.0022636920398366456	0.0007470009198535729	-0.00047647488579445195	1.08629239	32.50698471	0.94314839	0.0406364778271229	0.0166854	2e-05
0.0261	-0.0399	-0.1133	0.00233001455141243	0.0009040805525330626	-0.00042236967898262774	1.09847891	32.87166595	0.96355388	0.07237536755335491	0.0151697	7e-05
0.0239	-0.038	-0.1045	0.001748819910498318	0.00091106186954104	-0.00038397243543875244	1.03829873	31.07079124	0.95266685	0.04422866007329824	0.0170074	0.00012
0.0222	-0.1034	-0.1494	0.0024801128670839424	0.0006300638599699529	-0.0004991641660703782	1.05725491	31.63804817	0.96974503	0.1683741348394169	0.0169972	9e-05
0.022	-0.0965	-0.1315	0.001998401993533507	0.0005009094953223725	-0.0005550147021341969	1.04137206	31.16275787	0.93930168	0.05833578871309173	0.0202965	0.0001
0.0159	-0.0332	-0.1166	0.002040289895581371	0.0007173303225696694	-0.0004433136300065597	1.0383327	31.07180786	0.96499032	0.10280049007113988	0.0156614	9e-05
0.0151	-0.0477	-0.1202	0.0015254177662430443	0.0007871434926494425	-0.00042236967898262774	1.03386259	30.93803978	0.93856856	0.04918146252210159	0.0185935	0.00014
0.0205	-0.1249	-0.1367	0.0021467549799530253	0.0008447393579652555	-0.00047123889803846896	1.08192229	32.37621307	0.97457766	0.13549011490408175	0.0191477	0.00016
0.0189	-0.0974	-0.1273	0.0019268434942017398	0.0006108652381980154	-0.0004974188368183839	1.07120359	32.05545807	0.94870958	0.062498277214922016	0.0187796	6e-05
0.0153	-0.0431	-0.11	0.0021048670779051613	0.0007853981633974483	-0.0003769911184307752	1.08111858	32.35216141	0.9733493	0.09884921136452317	0.0146073	0.00014
0.0168	-0.0463	-0.1101	0.0015638150097869194	0.000890117918517108	-0.0004206243497306334	1.00712669	30.13797379	0.92290288	0.039270252726888	0.0174959	0.00013
0.0188	-0.1128	-0.1253	0.002324778563656447	0.0007068583470577034	-0.0004433136300065597	1.04356909	31.22850227	0.95015637	0.13204562028024294	0.0158889	2e-05
0.0199	-0.0836	-0.1066	0.0023439771854283846	0.0006928957130417488	-0.0004136430327226561	1.00054038	29.94088173	0.92314102	0.05214159265358979	0.0144195	3e-05
0.017	-0.0172	-0.1016	0.0020734511513692635	0.0007644542123735164	-0.0003665191429188092	1.00457072	30.0614872	0.93840955	0.09376042115973676	0.014017	3e-05
0.0238	-0.0674	-0.1049	0.0016790067404185449	0.0009128071987930344	-0.0003944444109507184	1.0284791	30.7769413	0.94116618	0.0888361332701073	0.0154249	0.00014
0.0266	-0.1149	-0.1344	0.0024766222085799536	0.0007627088831215222	-0.00042236967898262774	1.03020835	30.82868576	0.93182012	0.1285819525932415	0.0158908	3e-05
0.0251	-0.0962	-0.1351	0.002535963403147761	0.0006527531402458793	-0.00039968039870670147	1.03240609	30.89445305	0.91788021	0.03049931088596883	0.016152	5e-05
0.0219	-0.0498	-0.1065	0.002129301687433082	0.0007557275661135446	-0.0003316125578789226	1.04896343	31.38992691	0.93547638	0.10708519912050612	0.0146235	3e-05
0.026	-0.0706	-0.1304	0.002012364627549462	0.0008726646259971648	-0.00035604716740684323	1.0578903	31.65706062	0.93455635	0.061715436464758015	0.0165073	0.0001
0.0257	-0.1023	-0.1435	0.0024277529895241124	0.0006998770300497262	-0.00045902159327450867	1.04191804	31.17909622	0.93388386	0.07965751918948771	0.016749	7e-05
0.0262	-0.0869	-0.1248	0.0023911010752322315	0.0006318091892219474	-0.00045553093477052	1.01665378	30.42307091	0.92153279	0.04001052068118241	0.0152757	3e-05
0.0258	-0.0142	-0.1059	0.002022836603061428	0.0008185594191853405	-0.0003961897402027128	1.00461292	30.06274986	0.95331063	0.12271779483510016	0.0136629	3e-05
0.0325	-0.0749	-0.1196	0.0018744836166419098	0.0007749261878854823	-0.0004310963252425994	1.01169276	30.27461243	0.94217164	0.09244464013796315	0.0161435	7e-05
0.0361	-0.0958	-0.145	0.0024260076602721182	0.0006300638599699529	-0.0005183627878423159	1.01772666	30.4551754	0.91781278	0.0890826417072727	0.0165707	7e-05
0.0331	-0.0684	-0.1459	0.0024434609527920616	0.000635299847725936	-0.00047123889803846896	1.03176379	30.8752346	0.92873704	0.03479065850398867	0.0162144	6e-05
0.0283	-0.0157	-0.0952	0.0017959438003021652	0.0008220500776893293	-0.00041189770347066176	1.05031836	31.43047523	0.96065585	0.15288042885105485	0.0139149	4e-05
0.0294	-0.0529	-0.1265	0.0020717058221172693	0.0008429940287132613	-0.0004049163864626844	1.02652681	30.7185173	0.94424461	0.08478436449235068	0.0145586	7e-05
0.0284	-0.106	-0.1491	0.002303834612632515	0.0005235987755982988	-0.0005148721293383271	1.05458641	31.55819511	0.94183216	0.10977398932529255	0.0162141	2e-05
0.0289	-0.0984	-0.1199	0.001801179788058148	0.0004747295565424576	-0.0005480333851262194	1.01400685	30.34386253	0.91010351	0.066534264970905	0.0167904	3e-05
0.0257	-0.0267	-0.1164	0.001956514091485643	0.0006911503837897545	-0.00048171087355043494	1.04335082	31.22197342	0.95945041	0.10030388211252884	0.013396	1e-05
0.0294	-0.0884	-0.1427	0.0021676989309769574	0.0008377580409572782	-0.0005113814708343385	1.01568758	30.39415741	0.93694679	0.11107315469713708	0.0153885	7e-05
0.0325	-0.1006	-0.1532	0.002708750999095199	0.0008028514559173916	-0.0005567600313861911	1.03893745	31.08990288	0.92218379	0.05686686068549904	0.016214	5e-05
0.029	-0.0669	-0.1473	0.0024975661596038853	0.0007033676885537148	-0.0005323254218582705	1.06336677	31.82094193	0.93822825	0.05985516081914557	0.0154575	6e-05
0.0264	-0.0248	-0.1388	0.0019425514574696887	0.0007819075048934597	-0.00047123889803846896	1.06935334	32.00009155	0.95078347	0.08793205211468713	0.0150977	5e-05
0.0214	-0.0028	-0.0407	0.0010088003076527223	0.0006963863715457374	-0.0005148721293383271	1.13770854	34.04560089	1.04138831	0.17824527572322735	0.016798	7e-05
0.0234	-0.0567	-0.0638	0.0018186330805780916	0.0005864306286700947	-0.0006003932626860494	1.17906654	35.28322601	1.07828102	0.12926548245743671	0.0131703	8e-05
0.027	-0.1205	-0.1419	0.0021589722847169856	0.0004956735075663896	-0.0006544984694978735	1.19664443	35.80923843	1.10537761	0.16976007660272116	0.0198851	0.00018
0.0163	0.0356	-0.0168	0.0014451326206513049	0.0006667157742618339	-0.0005393067388662478	1.34522688	40.2555275	1.24697215	0.3419036830696376	0.0149301	0.00017
0.0171	-0.0357	-0.0479	0.0018448130193580064	0.000752236907609556	-0.0005637413483941684	1.01506269	30.37545776	0.9567014	0.1286818070791172	0.015264	0.00013
0.016	-0.0866	-0.0312	0.001022762941668677	0.0003769911184307752	-0.000609119908946021	1.03813744	31.06596184	0.96521371	0.1308337213709981	0.014737	0.00012
0.0125	-0.0554	-0.04	0.001647590813882647	0.0003595378259108319	-0.0005462880558742252	1.04316771	31.2164917	0.94710824	0.07875565089028545	0.0142157	7e-05
0.0058	-0.0105	-0.0149	0.0010786134777324957	0.0004974188368183839	-0.0005445427266222308	1.07683098	32.22385788	0.95841845	0.11213018381548488	0.0158713	0.00011
0.0111	-0.0625	-0.012	0.000947713783832921	0.0006510078109938849	-0.0005270894341022875	1.07374787	32.13159561	0.96298879	0.07529709802975094	0.0152941	0.00017
0.0063	-0.0743	-0.0111	0.001282817000215832	0.0003787364476827695	-0.0006038839211900379	1.09401011	32.73793793	0.96036458	0.05170845333908884	0.0165159	5e-05
0.0061	-0.0585	-0.0013	0.0015306537539990272	0.00026878070480712676	-0.0005794493116621174	1.02633202	30.71268845	0.94297498	0.04491135530933792	0.0126431	7e-05
0.0025	0.0283	0.0036	0.0012060225131280816	0.0004188790204786391	-0.0004974188368183839	1.03531206	30.98141289	0.96985053	0.12313800156930958	0.0130618	3e-05
0.0082	-0.0345	-0.0078	0.0013072516097437528	0.0005375614096142535	-0.0004799655442984406	0.98332202	29.42562675	0.92284156	0.09176823891356144	0.0123441	6e-05
0.0143	-0.0792	-0.009	0.00200363798128949	0.0006440264939859076	-0.0005061454830783556	1.00032067	29.93430901	0.9149863	0.09345156973486533	0.0143868	4e-05
0.0133	-0.0634	0.0007	0.001706932008450454	0.000450294947014537	-0.0005026548245743669	1.0222578	30.59076881	0.92461132	0.05119640891571978	0.0132673	2e-05
0.008	-0.0201	0.0166	0.0015865042900628454	0.0006300638599699529	-0.0004572762640225143	1.08486772	32.46435165	0.96279628	0.08177875959474386	0.0175838	0.00013
0.0078	-0.0481	0.0056	0.0010803588069844899	0.000614355896702004	-0.0004537856055185257	1.03537714	30.98336029	0.94950536	0.06546720524251465	0.0133812	6e-05
0.0102	-0.0932	-0.0098	0.0016249015336067207	0.0005410520681182421	-0.00047647488579445195	1.02668881	30.72336769	0.92964518	0.09492679177409596	0.0143638	4e-05
0.0105	-0.0863	-0.0162	0.0017610372152622785	0.0003647738136668148	-0.0005166174585903216	1.00612426	30.10797882	0.91801101	0.031227825445142743	0.0141819	0.0
0.0131	-0.041	0.0111	0.0014538592669112763	0.0005131268000863328	-0.0004747295565424576	1.00440371	30.05648994	0.9302757	0.1000709418409192	0.013329	5e-05
0.0142	-0.0055	0.0024	0.0012514010736799342	0.000593411945678072	-0.00048171087355043494	1.00642848	30.11708069	0.92861441	0.059786232791552936	0.0128941	2e-05
0.0197	-0.0711	-0.0374	0.0021746802479849347	0.0006178465552059926	-0.0005288347633542819	1.0398078	31.11594963	0.94767052	0.1606418836818384	0.0129215	4e-05
0.0201	-0.0649	-0.0275	0.0017715091907742446	0.00037524578917878077	-0.0005078908123303499	1.01631844	30.41303635	0.92157941	0.04983578871309169	0.0125773	5e-05
0.0192	-0.0146	0.0042	0.001481784534943186	0.0007033676885537148	-0.0004415683007545654	1.04245353	31.19511986	0.94334763	0.11710845333908886	0.0129944	2e-05
0.0217	-0.0342	-0.0234	0.0017924531417981763	0.0008604473212332044	-0.0004328416544945937	1.02784181	30.75786781	0.93630433	0.07352374428972258	0.0143055	3e-05
0.0223	-0.0887	-0.03	0.0016667894356545846	0.0005410520681182421	-0.0004939281783143952	1.07525861	32.17680359	0.95164905	0.08700727415391776	0.0148647	5e-05
0.0218	-0.082	-0.0298	0.0017191493132144146	0.00041538836197465044	-0.0005305800926062762	1.03654754	31.01838493	0.9157664	0.018133774899765132	0.0137029	1e-05
0.0193	-0.0443	-0.0045	0.0019530234329816546	0.0007068583470577034	-0.000466002910282486	1.02920985	30.79880714	0.9330536	0.09499606435870415	0.0137065	2e-05
0.0179	-0.0384	0.0025	0.0013264502315156904	0.0006928957130417488	-0.0004956735075663896	1.01749456	30.44823074	0.92587196	0.04781032163829113	0.0126246	2e-05
0.0247	-0.0981	-0.0162	0.001780235837034216	0.0006928957130417488	-0.0005166174585903216	1.04627585	31.30950356	0.94000856	0.10893647782712287	0.0135815	4e-05
0.0222	-0.0735	-0.0166	0.0018046704465621369	0.0006230825429619757	-0.0004991641660703782	1.03155971	30.86912727	0.91698918	0.03308505360638187	0.0134769	6e-05
0.0189	-0.0076	0.0265	0.0007993607974134029	0.0007539822368615504	-0.0004380776422505767	1.05232286	31.49045753	0.95353572	0.1721647933434055	0.0133448	5e-05
0.0147	-0.0031	-0.0024	0.0011623892818282235	0.0007993607974134029	-0.00040840704496667313	0.98356336	29.43284988	0.91939993	0.059503882112528834	0.0134221	2e-05
0.0177	-0.0741	-0.0102	0.0013316862192716734	0.0006492624817418905	-0.0004886921905584122	1.03654599	31.01834106	0.95840789	0.10178401993533508	0.0130677	6e-05
0.0181	-0.0872	-0.0285	0.0021956241990088664	0.0005672320068981572	-0.0005951572749300663	1.02024996	30.53068542	0.92581857	0.08442167694762902	0.0138592	2e-05
0.0153	-0.0402	0.0037	0.0013421581947836393	0.0004886921905584122	-0.0005759586531581287	1.03599393	31.00181961	0.94683452	0.12956022211684548	0.0150896	7e-05
0.0081	0.0103	0.0057	0.0011397000015522971	0.0006265732014659643	-0.0004921828490624009	1.0876472	32.54752731	0.96027595	0.0809057504117311	0.0134117	4e-05
0.0095	-0.0635	-0.0204	0.0014172073526193955	0.000635299847725936	-0.0005044001538263612	1.05570674	31.59171867	0.97001031	0.11622256510455152	0.0130954	2e-05
0.0119	-0.0767	-0.0057	0.0008709192967451704	0.0004258603374866164	-0.0005550147021341969	1.05939269	31.70201874	0.9410367	0.07061710572106902	0.0153969	4e-05
0.0018	-0.0529	-0.0247	0.0015184364492350666	0.00029845130209103034	-0.0005148721293383271	1.03583503	30.99706459	0.94146376	0.0936534380340676	0.0130224	2e-05
0.0025	0.0312	0.1136	0.0010314895879286487	0.000598647933434055	-0.00034557519189487725	1.3933903	41.69680405	1.24408946	0.2709220215046446	0.0239978	0.0003
0.01	0.0729	0.1836	0.00047647488579445195	0.0010786134777324957	-0.00037350045992678646	1.51804209	45.42697144	1.38642399	0.17234527572322736	0.0280181	0.00054
0.0217	-0.161	-0.0584	0.002209586833024821	0.000778416846389471	-0.00046949356878647465	1.75609386	52.55060196	1.58866206	0.5940650843716541	0.0160682	8e-05
0.0208	-0.112	-0.0669	0.0019041542139258136	0.000460766922526503	-0.0005096361415823442	1.02469778	30.66378403	0.95115921	0.09156125578789225	0.013649	2e-05
0.0167	-0.0323	-0.0364	0.001541125729510993	0.0005794493116621174	-0.0004415683007545654	1.05785513	31.65600967	0.98122048	0.14178893571891069	0.0127878	3e-05
0.0183	-0.029	-0.0325	0.001090830782496456	0.0006422811647339132	-0.00040666171571467877	0.9990027	29.89486694	0.92634992	0.03620166925631098	0.0141633	9e-05
0.0243	-0.0803	-0.0537	0.0016126842288427606	0.0008098327729253688	-0.0004258603374866164	1.02836084	30.77340126	0.9387707	0.11393018381548486	0.0139025	3e-05
0.0215	-0.064	-0.0562	0.001689478715930511	0.0006806784082777885	-0.0004729842272904633	1.08309436	32.4112854	0.93409084	0.03425363707695887	0.0141847	4e-05
0.0215	-0.035	-0.0219	0.0013159782560037243	0.0006178465552059926	-0.0004572762640225143	1.07827711	32.26713181	0.93678584	0.08590201381332657	0.0143533	3e-05
0.0195	-0.0095	-0.0408	0.0013316862192716734	0.0006283185307179585	-0.00046425758103049166	0.99385983	29.7409687	0.92055218	0.04805806278939462	0.0128765	9e-05
0.0249	-0.0785	-0.0529	0.0016249015336067207	0.0006998770300497262	-0.0004974188368183839	1.02022398	30.52990723	0.93637084	0.10639675347273536	0.0137243	5e-05
0.0296	-0.0934	-0.0674	0.0018709929581379211	0.0005811946409141118	-0.0005096361415823442	1.02749813	30.7475853	0.9189879	0.05294955592153876	0.0143746	6e-05
0.0246	-0.0693	-0.0673	0.001778490507782222	0.0005410520681182421	-0.0005235987755982988	1.02447367	30.65707779	0.92554651	0.03653038285837616	0.0139849	2e-05
0.0195	-0.0211	-0.0354	0.0011117747335203881	0.0006597344572538566	-0.0004537856055185257	1.05497468	31.56981087	0.94465374	0.12796056667386108	0.0133602	3e-05
0.0265	-0.0627	-0.0731	0.0014748032179352085	0.000757472895365539	-0.0004415683007545654	1.03242457	30.89500809	0.94010696	0.10994921136452317	0.0134943	0.0
0.0297	-0.1028	-0.082	0.0017051866791984597	0.0005846852994181004	-0.0005235987755982988	1.04316247	31.2163353	0.93459202	0.07646007660272115	0.0136147	7e-05
0.0294	-0.0629	-0.0722	0.0016964600329384882	0.0005637413483941684	-0.0004886921905584122	0.98882616	29.59033775	0.92154319	0.05322885911618951	0.012879	3e-05
0.0287	-0.0174	-0.0595	0.0014276793281313615	0.000736528944341607	-0.0004677482395344803	1.04280353	31.20559502	0.94486483	0.08202561258892486	0.0127859	7e-05
0.0334	-0.0721	-0.0881	0.001574286985298885	0.0007504915783575615	-0.0004485496177625427	1.04645181	31.31476974	0.95180441	0.09698844564777075	0.013684	7e-05
0.0347	-0.0726	-0.0821	0.001192059879112127	0.0006475171524898963	-0.0004939281783143952	1.05624366	31.60778809	0.92869755	0.03432900463031379	0.0144564	7e-05
0.0334	-0.0555	-0.0866	0.0017732545200262388	0.0007016223593017205	-0.00048520153205442357	1.03552806	30.98787689	0.9317118	0.05510132469929538	0.0152705	4e-05
0.0314	-0.0128	-0.0545	0.0011362093430483087	0.0008813912722571365	-0.0004537856055185257	1.00662279	30.1228981	0.92771347	0.1192115008234622	0.0130278	3e-05
0.0348	-0.0665	-0.063	0.0012130038301360591	0.0008726646259971648	-0.00048171087355043494	1.01926231	30.50113106	0.92747475	0.07127232006898157	0.0130404	0.0
0.0375	-0.076	-0.0936	0.0021746802479849347	0.0008237954069413235	-0.0005183627878423159	1.0219264	30.58085251	0.91338274	0.0951598775598299	0.0133905	6e-05
0.0314	-0.0372	-0.067	0.0017191493132144146	0.000874409955249159	-0.0004939281783143952	1.04177129	31.17470551	0.93832919	0.09802900463031379	0.0132247	3e-05
0.0304	-0.0316	-0.0729	0.0013194689145077131	0.0008970992355250854	-0.000439822971502571	1.03572905	30.99389267	0.94172232	0.03632374428972259	0.0133379	7e-05
0.0314	-0.0839	-0.0823	0.0011362093430483087	0.0007731808586334879	-0.0005270894341022875	1.0462265	31.30802536	0.94741177	0.08242222054753592	0.0145929	3e-05
0.0298	-0.0634	-0.0899	0.0013124875974997359	0.0006335545184739417	-0.0005305800926062762	1.049088	31.39365578	0.92993046	0.0456697626557481	0.014384	3e-05
0.0212	-0.0259	-0.0452	0.0009756390518648303	0.000731292956585624	-0.0005183627878423159	1.05556023	31.58733368	0.94626887	0.11314021442552742	0.0126364	3e-05
0.0217	-0.0351	-0.0793	0.0017558012275062952	0.0007679448708775049	-0.0005078908123303499	1.00836313	30.17497444	0.92271629	0.08516430327226558	0.0147007	7e-05
0.0261	-0.102	-0.1017	0.001790707812546182	0.0005410520681182421	-0.0005794493116621174	1.06031919	31.72974586	0.96131492	0.11036789435654584	0.0139651	8e-05
0.0278	-0.0926	-0.1164	0.002150245638457014	0.00048520153205442357	-0.00062482787221397	1.01258922	30.30143929	0.91798483	0.04883834612632516	0.0165628	6e-05
0.0221	-0.0096	-0.0554	0.0011466813185602744	0.0006736970912698113	-0.0005305800926062762	1.05097425	31.45010185	0.97525142	0.21401538293599104	0.0168136	4e-05
0.0176	-0.0023	-0.0432	0.0005567600313861911	0.0007766715171374765	-0.0004799655442984406	0.96046817	28.74173355	0.90351075	0.0611755130674792	0.0180739	0.00017
0.0232	-0.0609	-0.0587	0.000778416846389471	0.0007086036763096977	-0.0005044001538263612	0.9555167	28.59356117	0.91134727	0.09540796326794895	0.0173376	0.00011
0.0212	-0.0697	-0.0969	0.0016196655458507376	0.0004974188368183839	-0.0005654866776461627	0.95463866	28.56728554	0.89640388	0.10467600313861908	0.0157546	6e-05
0.0196	-0.0244	-0.0546	0.0008918632477691023	0.0006335545184739417	-0.0005131268000863328	0.9704684	29.04098701	0.92243626	0.13501489286485113	0.0172735	6e-05
0.0165	0.0101	-0.0581	0.0011082840750163993	0.0007155849933176752	-0.00042411500823462205	1.01135027	30.26436615	0.92571943	0.06047315469713706	0.0156858	8e-05
0.0176	-0.0717	-0.0942	0.0019774580425095754	0.0009913470151327792	-0.0004363323129985824	1.04718411	31.33668327	0.95562571	0.17685766470361203	0.017742	0.00016
0.0189	-0.1011	-0.1004	0.0017331119472303693	0.0007173303225696694	-0.0005113814708343385	0.99019343	29.63125229	0.91277117	0.06657059728390359	0.0141534	5e-05
0.0201	-0.0787	-0.0955	0.001500983156715123	0.000582939970166106	-0.0005218534463463045	1.00643253	30.11720467	0.92722422	0.04734955592153878	0.0154861	3e-05
0.0198	-0.0071	-0.0774	0.0014276793281313615	0.0007120943348136865	-0.0004625122517784973	1.06027758	31.72850037	0.96623875	0.10308996938995744	0.0138314	7e-05
0.0197	-0.0316	-0.0927	0.001420698011123384	0.0008604473212332044	-0.0004310963252425994	0.99528706	29.78367805	0.91173151	0.04923751149816968	0.0146573	6e-05
0.0221	-0.0829	-0.0972	0.0013212142437597075	0.0006876597252857658	-0.000486946861306418	1.05077517	31.4441433	0.94417944	0.07460609496874668	0.0162845	5e-05
0.0194	-0.0814	-0.0821	0.001165879940332212	0.00048345620280242926	-0.0005445427266222308	1.03242791	30.89510727	0.92921508	0.04015668456133224	0.0141822	3e-05
0.0133	0.008	-0.0632	0.001499237827463129	0.0006300638599699529	-0.0005235987755982988	1.0375818	31.04933548	0.9840006	0.13944547476611863	0.0124112	3e-05
0.0132	-0.0152	-0.0758	0.0013596114873035826	0.0007068583470577034	-0.0004729842272904633	0.96499288	28.87713242	0.89277784	0.04925176877775663	0.0128757	0.0001
0.0173	-0.0641	-0.0729	0.0012374384396639797	0.000619591884457987	-0.0005305800926062762	0.9837113	29.43727684	0.91153259	0.06925176877775661	0.0123608	7e-05
0.0184	-0.0846	-0.0947	0.0018675022996339327	0.00040840704496667313	-0.0006073745796940267	0.96372432	28.83917236	0.89958115	0.08930215932745086	0.0139645	8e-05
0.0154	-0.0318	-0.0725	0.0017208946424664088	0.0004904375198104066	-0.000593411945678072	1.02894473	30.79087448	0.94461191	0.09013003830136061	0.0120672	5e-05
0.0108	-0.0253	-0.0746	0.0015428710587629874	0.000577703982410123	-0.000582939970166106	0.96660882	28.92548943	0.90455515	0.0269881010907552	0.012506	6e-05
0.0143	-0.0772	-0.0805	0.0015882496193148398	0.0005899212871740833	-0.0005707226654021458	0.98564047	29.49500656	0.91695661	0.06479065850398864	0.0125082	2e-05
0.0163	-0.0817	-0.0911	0.001960004749989632	0.00048345620280242926	-0.0005846852994181004	1.02476311	30.66573906	0.91743364	0.04170914245312003	0.0129455	5e-05
0.0113	-0.0378	-0.0775	0.001933824811209717	0.0006126105674500097	-0.0005724679946541401	1.02229285	30.59181786	0.93397236	0.07087758040957279	0.0131677	3e-05
0.0101	0.0015	-0.0754	0.0015062191444711063	0.0006946410422937432	-0.0005009094953223725	1.00103259	29.95561218	0.92892357	0.0716597320457056	0.0129774	1e-05
0.0157	-0.0602	-0.07	0.0012601277199399059	0.0009232791743050004	-0.0005131268000863328	1.02240837	30.59527397	0.95609296	0.09704734306532088	0.0123979	5e-05
0.0179	-0.0571	-0.0874	0.0021101030656611444	0.0008674286382411819	-0.0005393067388662478	1.05158365	31.46833801	0.92352224	0.06930029102824857	0.013832	1e-05
0.0191	-0.0727	-0.0902	0.001864011641129944	0.0005637413483941684	-0.0005707226654021458	1.04395652	31.24009895	0.92526183	0.0486597320457056	0.0154716	2e-05
0.0152	-0.0043	-0.0578	0.0013072516097437528	0.0007278022980816354	-0.00047822021504644627	1.07120287	32.05543518	0.96313316	0.14536617157146786	0.0122524	4e-05
0.0139	-0.0297	-0.0653	0.001329940890019679	0.0008587019919812101	-0.0005061454830783556	0.99866408	29.88473511	0.9219451	0.04327571211037051	0.0163002	0.00012
0.0181	-0.0751	-0.0469	0.000905825881785057	0.0007225663103256524	-0.0005462880558742252	0.99905854	29.89653778	0.93320424	0.09801966313430244	0.0174252	0.00012
0.0149	-0.0631	-0.0549	0.0011484266478122688	0.0005637413483941684	-0.0005864306286700947	0.98532361	29.48552513	0.90210883	0.045278415037728253	0.0162429	5e-05
0.0124	-0.0151	-0.059	0.001387536755335492	0.0007016223593017205	-0.0005201081170943102	0.99311811	29.71877289	0.93407268	0.076765681500328	0.0138611	3e-05
0.0129	0.0016	-0.0785	0.0013997540600994523	0.0007644542123735164	-0.0004572762640225143	1.00026667	29.93268967	0.91654643	0.0435940505453776	0.0155002	5e-05
0.018	-0.0847	-0.0917	0.001256637061435917	0.0009232791743050004	-0.0004974188368183839	1.03417766	30.9474678	0.96164344	0.12170422666954445	0.0152875	6e-05
0.0207	-0.098	-0.0985	0.0013700834628155487	0.0006876597252857658	-0.0005358160803622592	1.02184141	30.57831001	0.93226389	0.04217315469713709	0.0148152	5e-05
0.0214	-0.081	-0.0929	0.001864011641129944	0.0006702064327658224	-0.0005061454830783556	1.02836263	30.77345467	0.93870245	0.05035260340591212	0.0156074	3e-05
0.0151	0.0076	-0.0734	0.0012252211349000194	0.0006771877497737998	-0.00046949356878647465	1.04432237	31.25104523	0.97029545	0.14852118687648913	0.0139802	5e-05
0.0221	-0.0667	-0.0811	0.001281071670963838	0.0008255407361933179	-0.0004939281783143952	1.0599395	31.71838188	0.97521214	0.10043190660056286	0.0149605	6e-05
0.0275	-0.0824	-0.0819	0.0013264502315156904	0.0007138396640656808	-0.0005689773361501514	1.05853927	31.67648315	0.95245935	0.03350643952576228	0.0193697	0.00014
0.0279	-0.0445	-0.0675	0.0009913470151327792	0.0005654866776461627	-0.0005724679946541401	1.07316732	32.11422348	0.94620428	0.07704734306532089	0.0179816	0.00011
0.0175	0.0078	-0.049	0.0010768681484805013	0.0006492624817418905	-0.0005131268000863328	1.06706893	31.93173027	0.96193734	0.09263190660056286	0.0158836	8e-05
0.0184	0.0008	-0.0685	0.0011623892818282235	0.0007766715171374765	-0.000450294947014537	1.05157602	31.46810913	0.92449794	0.04118810109075521	0.01515	0.00013
0.0219	-0.0945	-0.0664	0.0014416419621473165	0.0008360127117052838	-0.00045553093477052	1.07596874	32.19805527	0.97352654	0.11809149313214416	0.0150393	8e-05
0.0255	-0.0942	-0.0864	0.001839577031602023	0.000640535835481919	-0.0005427973973702365	1.03389728	30.93907738	0.91831217	0.057933920413889395	0.015671	8e-05
0.0259	-0.0679	-0.0722	0.0015899949485668342	0.0005358160803622592	-0.0005393067388662478	0.97826713	29.27436066	0.90803487	0.05878962483294187	0.0151662	4e-05
0.021	-0.0087	-0.0612	0.0013648474750595659	0.0006876597252857658	-0.0005253441048502931	1.00473762	30.06648254	0.94715656	0.09464768762233648	0.0136347	2e-05
0.0249	-0.0671	-0.0775	0.0014137166941154068	0.0008395033702092724	-0.0005078908123303499	0.94958705	28.41611862	0.90979006	0.08950830782496455	0.0135143	3e-05
0.0302	-0.0747	-0.0817	0.0012025318546240932	0.0006422811647339132	-0.0005794493116621174	0.97873533	29.28837204	0.91754299	0.041098277214922006	0.0164509	5e-05
0.0294	-0.0687	-0.1054	0.0018762289458939042	0.0006475171524898963	-0.0005759586531581287	1.01063168	30.24286079	0.92441118	0.06462118687648913	0.0143526	4e-05
0.0232	-0.0237	-0.0817	0.0018779742751458986	0.0008936085770210966	-0.0004974188368183839	1.04127765	31.15993118	0.94695049	0.09121882850614697	0.0133306	6e-05
0.0258	-0.0349	-0.0949	0.0014189526818713899	0.0009965830028887623	-0.0004677482395344803	1.01544881	30.38701248	0.93276241	0.0565833308213039	0.0133139	4e-05
0.0273	-0.0812	-0.0937	0.0012793263417118436	0.000783652834145454	-0.0005305800926062762	1.03971124	31.11305809	0.93899684	0.06976941809873251	0.0160561	3e-05
0.0283	-0.0921	-0.0968	0.0018168877513260971	0.0007347836150896127	-0.0005881759579220891	1.01651812	30.41901016	0.91798618	0.047201324699295374	0.0130768	2e-05
0.0267	-0.02	-0.0607	0.0015603243512829306	0.0008918632477691023	-0.0005148721293383271	1.01411486	30.34709549	0.95274183	0.1341473430653209	0.0122181	2e-05
0.0281	-0.0496	-0.073	0.0015585790220309364	0.0009494591130849152	-0.0005061454830783556	1.02317572	30.61823654	0.92730892	0.04670339204138892	0.0124946	0.0
0.0294	-0.079	-0.0762	0.0012531464029319286	0.00091106186954104	-0.0004939281783143952	1.04330993	31.2207489	0.93607239	0.05170235837034218	0.013986	3e-05
0.0279	-0.0696	-0.0789	0.0013456488532876281	0.0007871434926494425	-0.0005061454830783556	1.0545305	31.55652046	0.92617712	0.025031906600562863	0.0147957	6e-05
0.0261	-0.0286	-0.075	0.0015550883635269475	0.001022762941668677	-0.0005148721293383271	1.05488193	31.56703758	0.9506286	0.06938928027592627	0.0139032	4e-05
0.0281	-0.0791	-0.0737	0.0014660765716752368	0.0011379546723003027	-0.0005201081170943102	1.03641665	31.01446915	0.93801998	0.06427197551196596	0.0126238	3e-05
0.0284	-0.0765	-0.0843	0.0017121679962064373	0.000947713783832921	-0.0005270894341022875	1.01590109	30.40054703	0.90709171	0.035665681500327985	0.0136145	3e-05
0.0272	-0.089	-0.1001	0.0020856684561332234	0.0008709192967451704	-0.0005410520681182421	1.13250351	33.88983917	0.98750767	0.05271287905152456	0.0189318	0.00061
0.0278	-0.0463	-0.0837	0.001186823891356144	0.0006824237375297829	-0.0005148721293383271	1.13345826	33.91841125	0.99616137	0.11537600313861908	0.014472	4e-05
0.0189	0.0108	-0.0456	0.0011257373675363424	0.0008360127117052838	-0.0004747295565424576	1.09305477	32.70934677	0.97455049	0.1168409035395586	0.0149066	6e-05
0.0238	-0.0596	-0.103	0.001452113937659282	0.0009686577348568529	-0.00047822021504644627	1.08949924	32.60295105	0.99991293	0.15582561258892483	0.0136802	6e-05
0.0245	-0.1217	-0.0502	0.0010524335389525807	0.0005637413483941684	-0.0006073745796940267	1.15259027	34.49093246	1.05146876	0.16228755749084828	0.0146715	6e-05
0.0204	-0.0235	0.0248	0.0007173303225696694	0.0005515240436302081	-0.0006562437987498679	1.10905004	33.18800354	1.05049143	0.19710948701013567	0.0136718	2e-05
0.0176	0.0106	0.0413	0.0008255407361933179	0.0007539822368615504	-0.0005462880558742252	1.01749635	30.44828415	0.9477286	0.07443121748653168	0.0152306	8e-05
0.0165	-0.0508	0.0149	0.001064650843716541	0.0008447393579652555	-0.0005707226654021458	1.02641916	30.71529579	0.9562992	0.10661509190774245	0.0175127	0.00011
0.0198	-0.0776	0.0184	0.0005340707511102648	0.0006038839211900379	-0.0006300638599699529	1.03164053	30.87154388	0.95278129	0.07513883619746504	0.0170603	0.00016
0.0155	-0.0618	-0.0078	0.001270599695451872	0.00047647488579445195	-0.0006475171524898963	1.05805826	31.66208839	0.94709421	0.09036956361285683	0.0153329	3e-05
0.0109	0.0138	0.0562	0.000158824961931484	0.0005462880558742252	-0.0006021385919380437	1.10013676	32.92127609	0.97816491	0.20554832320760064	0.0170695	0.00013
0.0133	-0.0223	0.0101	0.0011903145498601325	0.0007504915783575615	-0.0005619960191421741	1.06424761	31.84730339	0.946487	0.14839178416039275	0.016735	0.0001
0.0135	-0.0653	0.0028	0.0012897983172238095	0.0006161012259539982	-0.0006265732014659643	1.08087718	32.34493637	0.95234435	0.06542256510455152	0.0171586	0.0001
0.0173	-0.0529	0.0268	0.0007888888219014368	0.0004380776422505767	-0.0006632251157578452	1.03288293	30.90872192	0.93165753	0.07597924966588372	0.0157512	5e-05
0.0162	0.0178	0.0626	0.00042236967898262774	0.0005497787143782138	-0.0006126105674500097	1.0555253	31.58629036	0.97087706	0.13404173816771411	0.0175685	0.00011
0.0147	-0.0219	0.0248	0.0008761552845011534	0.0006667157742618339	-0.0005445427266222308	1.03321314	30.9186039	0.94394539	0.11093952531149624	0.0136664	5e-05
0.021	-0.0757	-0.0049	0.0013404128655316449	0.000619591884457987	-0.0005951572749300663	1.06969202	32.01022339	0.94859222	0.11789980095710868	0.0137621	0.0001
0.0216	-0.0759	-0.012	0.001377064779823526	0.0004677482395344803	-0.0006265732014659643	1.05872774	31.68212128	0.92912935	0.018895574287564283	0.0134119	1e-05
0.0185	-0.007	0.0448	0.0007382742735936014	0.0007155849933176752	-0.0005131268000863328	1.07715774	32.23363495	0.97947527	0.1788036830696375	0.0157989	4e-05
0.0182	-0.0105	0.0134	0.0009389871375729493	0.0007888888219014368	-0.0005305800926062762	1.02216554	30.58800888	0.93313644	0.04977349925415264	0.0124996	5e-05
0.02	-0.0885	-0.006	0.0012601277199399059	0.0005969026041820607	-0.0006003932626860494	1.04921639	31.39749718	0.95683005	0.1283469985083053	0.0115142	2e-05
0.0277	-0.0737	-0.041	0.0018692476288859267	0.0005759586531581287	-0.000645771823237902	1.00831246	30.1734581	0.9244838	0.09127212102609025	0.0128746	3e-05
0.0256	-0.0222	-0.0009	0.0012374384396639797	0.0007295476273336296	-0.0005846852994181004	1.07549357	32.18383408	0.96117729	0.13602423436086247	0.0122438	5e-05
0.0233	-0.0061	0.0063	0.001090830782496456	0.000921533845053006	-0.0005532693728822024	1.05349743	31.52560806	0.9450727	0.0441004900711399	0.0135508	5e-05
0.025	-0.0758	-0.0157	0.0017645278737662671	0.0009337511498169664	-0.0005759586531581287	1.08226597	32.3864975	0.96267718	0.12883018381548492	0.0141547	6e-05
0.0214	-0.0613	-0.0013	0.0014189526818713899	0.0006806784082777885	-0.0006108652381980154	1.08245349	32.39210892	0.93546326	0.0641777259236971	0.0124362	4e-05
0.017	-0.0422	0.0299	0.0013124875974997359	0.0008342673824532895	-0.0005532693728822024	1.03417826	30.94748497	0.92553276	0.0705824961931484	0.0130692	2e-05
0.0175	0.0057	0.0474	0.0005811946409141118	0.0009162978572970229	-0.0005305800926062762	1.0529747	31.50996208	0.94911536	0.10770063558526417	0.0128255	1e-05
0.0206	-0.0654	0.0042	0.0015184364492350666	0.0009983283321407565	-0.0005794493116621174	1.05711806	31.63395309	0.95551317	0.17080707511102647	0.0134599	4e-05
0.0216	-0.073	-0.0041	0.0018099064343181197	0.00091106186954104	-0.0005846852994181004	1.07330751	32.11841583	0.92992932	0.036098621771937615	0.0142521	4e-05
0.0225	-0.0559	0.0153	0.0013316862192716734	0.0007731808586334879	-0.0005707226654021458	1.08239365	32.39031601	0.93452132	0.06890319299849763	0.0130063	0.0
0.0187	-0.0249	0.0346	0.0012723450247038664	0.0008918632477691023	-0.0005218534463463045	1.04488707	31.26794434	0.93619585	0.06544464013796313	0.0134721	1e-05
0.0203	0.0084	0.0312	0.0006387905062299246	0.0010053096491487337	-0.0005201081170943102	1.03846347	31.07571983	0.95006668	0.07573731245527836	0.0142466	0.0001
0.0785	-0.2074	-0.3944	0.005229006438975011	0.002855358656262723	-0.0001832595714594046	2.49989176	74.80854034	2.1883082	1.038455674274699	0.057184	0.01938
0.1352	-0.2904	-0.75	0.007173303225696694	0.004525638750421296	0.0003874630939427412	2.22678161	66.63579559	2.10239206	0.70456497731412	0.114786	0.05578
0.1218	-0.0509	-0.5215	0.004759512870188536	0.003337069529813158	-2.6179938779914945e-05	1.72141778	51.51293182	1.6734235	0.6822001304419476	0.0644125	0.0124
0.0411	0.2706	0.1852	0.001621410875102732	0.001954768762233649	-0.00014311699866353502	3.40283179	101.82875824	3.01550015	1.3407669911274467	0.0521291	0.02047
0.0371	0.151	0.3575	0.001439896632895322	0.001996656664281513	-0.00035081117965086024	1.63851571	49.03210831	1.53117902	0.31745481626212996	0.057108	0.00717
0.0461	-0.0408	0.2473	0.0011309733552923255	0.0015987215948268059	-0.0003892084231947355	1.36704314	40.90837097	1.30777669	0.34826277953007895	0.0356961	0.00109
0.0427	-0.1324	0.1305	0.0018570303241219666	0.0012618730491919003	-0.0005026548245743669	1.20460248	36.04738235	1.11031723	0.2706175957922089	0.0241485	0.00085
0.0278	-0.0803	0.1442	0.002169444260228951	0.0012409290981679683	-0.00048520153205442357	1.15876269	34.67564011	1.01476961	0.09824055898254297	0.0280172	0.00083
0.0188	-0.0478	0.171	0.0013439035240356337	0.0012339477811599909	-0.0004677482395344803	1.105744	33.08906937	0.98729227	0.11079876728606192	0.0276818	0.00052
0.0282	-0.0849	0.1668	0.001514945790731078	0.0013124875974997359	-0.0004520402762665313	1.06272364	31.80169868	0.96669859	0.06396450231515693	0.0256881	0.00054
0.0274	-0.0569	0.1673	0.001626646862858715	0.0010349802464326373	-0.0004956735075663896	1.09310985	32.71099472	0.96877633	0.050942082724729686	0.0276378	0.00023
0.0238	0.0049	0.2168	0.0005811946409141118	0.0009302604913129776	-0.0004677482395344803	1.03953099	31.10766411	0.94815006	0.17380486225480862	0.0279631	8e-05
0.0139	0.0954	0.205	0.0009407324668249436	0.0009773843811168245	-0.0004415683007545654	1.07105827	32.05110931	1.01045106	0.13384208272472967	0.0281689	0.00012
0.0112	0.0402	0.189	0.0011222467090323538	0.0011536626355682519	-0.0004310963252425994	1.02470148	30.66389656	0.95037254	0.09231322360854016	0.0278545	0.00021
0.0198	-0.0248	0.2184	0.0011798425743481666	0.0013404128655316449	-0.00041538836197465044	1.0563432	31.61076355	0.95285443	0.11600270292735776	0.0288365	0.00023
0.0215	-0.0333	0.2154	0.001635373509118687	0.0012671090369478833	-0.00045553093477052	1.0835706	32.42553711	0.95231175	0.04164886680750757	0.0293674	0.00017
0.0202	-0.023	0.2182	0.0013386675362796509	0.001069886831472524	-0.0004485496177625427	1.06610572	31.90290642	0.93283836	0.03944547476611864	0.0295821	9e-05
0.0194	0.0292	0.2345	0.0012269664641520136	0.0013037609512397642	-0.00041189770347066176	1.02252769	30.59884453	0.94439219	0.08841135530933789	0.0316427	0.00011
0.0186	0.0037	0.2201	0.0010803588069844899	0.001446877949903299	-0.0003665191429188092	0.94690031	28.33571815	0.90233189	0.05745516081914556	0.0288309	0.00015
0.021	-0.0389	0.2043	0.001308996938995747	0.0012845623294678264	-0.0003822271061867582	0.98081386	29.35057068	0.90698927	0.0811330857857339	0.0260476	0.00011
0.0204	-0.0309	0.1926	0.0016755160819145565	0.0010786134777324957	-0.0004380776422505767	0.97231114	29.09613037	0.91155429	0.05171592653589795	0.0259222	6e-05
0.0202	0.0498	0.2247	0.0011205013797803594	0.0012618730491919003	-0.00041015237421866745	1.01987302	30.51940727	0.96839465	0.15130997708127558	0.0290062	5e-05
0.0202	0.0757	0.2121	0.001001818990644745	0.0012531464029319286	-0.0004415683007545654	1.01437807	30.35497093	0.9344793	0.0464412480965742	0.0289764	0.00016
0.0266	0.0136	0.2014	0.001059414855960558	0.0012863076587198209	-0.00045553093477052	1.01909029	30.49598312	0.9416478	0.084435987755983	0.0262153	0.00015
0.0312	0.0103	0.1877	0.0014887658519511632	0.0011676252695842063	-0.0005009094953223725	1.0189395	30.49146843	0.93028339	0.0512705972839036	0.0257632	0.00014
0.0251	0.0409	0.2019	0.001762782544514273	0.0012636183784438947	-0.00047647488579445195	1.05818331	31.66583061	0.94976163	0.0706222205475359	0.0303664	0.00015
0.0189	0.086	0.221	0.0010454522219446034	0.0011990411961201044	-0.0004537856055185257	1.01408708	30.34626389	0.93941192	0.1106298392584693	0.0307435	0.00025
0.0197	0.0377	0.1971	0.0008307767239493009	0.0013683381335635543	-0.00046949356878647465	0.9899863	29.62505341	0.93191995	0.09298401993533507	0.0274239	0.00019
0.0247	-0.0258	0.2013	0.001520181778487061	0.0015289084247470327	-0.0004799655442984406	1.06762171	31.9482708	0.95689635	0.11572236606166023	0.0286273	0.0001
0.0238	-0.0149	0.2197	0.0012775810124598492	0.0012374384396639797	-0.00046949356878647465	1.01888788	30.48992538	0.93287174	0.05742713633111154	0.0298495	0.00018
0.0255	-0.006	0.2022	0.001504473815219112	0.0011362093430483087	-0.0005183627878423159	1.01019371	30.2297554	0.92005109	0.04694955592153876	0.0258995	5e-05
0.0252	0.0361	0.2081	0.0015969762655748114	0.001356120828799594	-0.0004939281783143952	1.00319922	30.02044678	0.93215855	0.06514242728174528	0.028759	0.00012
0.0212	0.0573	0.2032	0.001553343034274953	0.0013177235852557187	-0.0004921828490624009	1.00320125	30.02050781	0.93137868	0.03428879020478642	0.0293008	0.00011
0.0225	0.0144	0.1901	0.0011205013797803594	0.0009843656981248017	-0.0005759586531581287	1.02148902	30.56776237	0.94566366	0.09979876728606192	0.0267369	0.00016
0.0219	0.0213	0.1688	0.0013683381335635543	0.0007923794804054256	-0.0005899212871740833	1.05195546	31.47946358	0.9344554	0.051489280275926266	0.0241953	0.00011
0.0167	0.0534	0.2032	0.0013212142437597075	0.0010175269539126942	-0.0005707226654021458	1.07216263	32.08415604	0.95973437	0.08627349925415262	0.0320456	0.00014
0.0137	0.1067	0.2305	-1.9198621771937625e-05	0.0010419615634406148	-0.0005270894341022875	1.0200249	30.52395058	0.94546833	0.1540240353179712	0.0326793	0.00026
0.0153	0.0166	0.1978	0.0004625122517784973	0.0010506882097005862	-0.0005672320068981572	1.03236771	30.89330482	0.97248139	0.15092900463031383	0.0264066	0.00011
0.013	-0.0218	0.1822	0.0009040805525330626	0.0007138396640656808	-0.0005969026041820607	1.02766931	30.75270653	0.93668188	0.09670437218366872	0.0238755	0.00011
0.0078	-0.022	0.1886	0.0013281955607676848	0.0005969026041820607	-0.000640535835481919	1.00812292	30.16778564	0.93552317	0.04103426497090501	0.0252674	0.00017
0.0029	0.0599	0.2215	0.0013072516097437528	0.0009494591130849152	-0.0005393067388662478	1.03683817	31.02708435	0.98781841	0.14343647782712288	0.0313575	0.00017
0.0091	0.0161	0.2063	0.0010367255756846318	0.0009791297103688187	-0.0005480333851262194	1.03139865	30.8643055	0.94619293	0.0806461638801498	0.0268276	0.00014
0.0125	-0.0077	0.205	0.0005166174585903216	0.0007976154681614085	-0.0005794493116621174	1.03782082	31.05648804	0.94481401	0.06515191429188094	0.0249724	9e-05
0.0103	0.014	0.1892	0.0012042771838760874	0.0006998770300497262	-0.000577703982410123	1.05786383	31.65626907	0.95082339	0.07905717463247212	0.0280123	9e-05
0.0035	0.0878	0.2261	0.0007609635538695277	0.000874409955249159	-0.0004939281783143952	1.10153019	32.96297455	0.98629135	0.152581117965086	0.0321929	0.00025
0.0029	0.0698	0.2289	1.5707963267948964e-05	0.0009651670763528643	-0.0005078908123303499	1.06716168	31.93450356	0.95262441	0.06389876728606193	0.0314528	0.00021
0.007	0.0079	0.2002	0.0009337511498169664	0.0009407324668249436	-0.0005166174585903216	1.07059085	32.03712082	0.95693916	0.14226022211684547	0.02719	0.00014
0.0098	-0.019	0.1948	0.0012897983172238095	0.000778416846389471	-0.0005410520681182421	1.03957307	31.10892296	0.924462	0.06223986986851181	0.0262503	0.0001
0.0078	0.0269	0.227	0.0011903145498601325	0.0008848819307611251	-0.0005218534463463045	1.00696468	30.13312912	0.93542863	0.09135737367536344	0.0307609	0.00011
0.0071	0.0567	0.2386	0.0005480333851262194	0.0009564404300928925	-0.0005358160803622592	1.03768218	31.05233955	0.94561919	0.07849011490408175	0.0299791	0.00024
0.0114	-0.0105	0.2081	0.0011885692206081383	0.0010821041362364843	-0.00048345620280242926	1.02534521	30.68316078	0.93516634	0.142927970959267	0.0274383	0.00017
0.0134	-0.004	0.1992	0.0013142329267517303	0.0009634217471008699	-0.00047822021504644627	1.04030645	31.13086891	0.92623256	0.029879104151759487	0.0287434	8e-05
0.0132	0.0106	0.1955	0.001254891732183923	0.0008936085770210966	-0.0005026548245743669	1.01535571	30.38422585	0.92701869	0.02617944870877504	0.0268549	0.00011
0.0129	0.0732	0.2231	0.0008307767239493009	0.001054178868204575	-0.000445058959258554	1.03774631	31.05425835	0.9577167	0.12261405823669563	0.0304369	0.0001
0.0131	0.0334	0.1948	0.0008621926504851988	0.0010681415022205296	-0.00047647488579445195	0.9911983	29.66132355	0.93188831	0.07213972435438752	0.0258865	6e-05
0.0109	-0.0243	0.1867	0.0009634217471008699	0.0007819075048934597	-0.0005811946409141118	1.04890049	31.38804245	0.9491821	0.09260914245312006	0.0256565	5e-05
0.0089	-0.0068	0.1742	0.0011187560505283654	0.0005061454830783556	-0.000598647933434055	1.03576946	30.99510193	0.92939472	0.05442748088812714	0.0226088	2e-05
0.0081	0.0442	0.215	0.0007173303225696694	0.0007504915783575615	-0.0004904375198104066	1.09186697	32.67380524	0.97160744	0.13029911184307755	0.0279254	0.0001
0.0058	0.023	0.2016	0.0007155849933176752	0.0008918632477691023	-0.0005288347633542819	1.01699424	30.43325806	0.93677081	0.04597571211037052	0.0264577	7e-05
0.0068	-0.021	0.1917	0.0009197885158010115	0.0006911503837897545	-0.0004974188368183839	1.04450965	31.25665092	0.93839366	0.07671661564992908	0.0260924	8e-05
0.0069	-0.009	0.1937	0.0011100294042683937	0.000640535835481919	-0.0005550147021341969	1.02154791	30.56952667	0.92171295	0.029022565104551538	0.0251507	6e-05
0.0103	0.0257	0.2236	0.0008726646259971648	0.0009372418083209549	-0.0005009094953223725	1.00918102	30.19944954	0.92079052	0.09740879789610445	0.0281717	7e-05
0.0146	0.0005	0.1897	0.0008482300164692441	0.0008429940287132613	-0.0006021385919380437	1.02542114	30.68543243	0.9304805	0.07439557428756426	0.0248995	9e-05
0.0106	-0.0279	0.1677	0.0010314895879286487	0.000582939970166106	-0.0006492624817418905	1.07025504	32.02707291	0.94353395	0.07892187599052035	0.0222682	7e-05
0.0044	0.0467	0.2378	6.806784082777885e-05	0.0007958701389094143	-0.0005585053606381855	1.09214973	32.68226624	0.98155427	0.21425545184739417	0.0283312	6e-05
0.0052	0.0605	0.233	-0.00016406094968746698	0.0009948376736367678	-0.0005619960191421741	0.97620606	29.21268463	0.91622816	0.04112934918732939	0.0275869	6e-05
0.0068	-0.0179	0.1685	0.0012374384396639797	0.0008447393579652555	-0.000614355896702004	1.02927196	30.8006649	0.96094352	0.22469787912913947	0.0270063	5e-05
0.002	-0.0208	0.1736	0.0008028514559173916	0.000439822971502571	-0.0006422811647339132	1.02031851	30.53273773	0.92967745	0.05617143191205909	0.0270419	0.00014
-0.0058	0.0443	0.2255	0.0002007128639793479	0.0005288347633542819	-0.000609119908946021	1.02811992	30.76619148	0.95831169	0.16101558197888233	0.03024	8e-05
-0.0045	0.036	0.2046	0.00045553093477052	0.0007086036763096977	-0.0005585053606381855	0.98293298	29.41398621	0.91358224	0.054760076602721176	0.0292596	0.0002
-0.0015	-0.0359	0.1911	0.0007138396640656808	0.0006911503837897545	-0.000614355896702004	1.01986253	30.51909065	0.9451852	0.10498062789394612	0.0259801	0.00012
-0.0051	-0.0387	0.1589	0.0014852751934471744	0.0003647738136668148	-0.0006754424205218055	0.96451563	28.8628521	0.90676714	0.09654493116621171	0.0263563	0.0001
-0.005	0.018	0.2025	0.0008691739674931761	0.0004956735075663896	-0.0006003932626860494	0.98513889	29.47999763	0.93890337	0.14150250388446647	0.0275871	0.00023
-0.0073	0.0555	0.1974	0.0006003932626860494	0.000614355896702004	-0.0005794493116621174	1.01295936	30.31251526	0.92199041	0.06532035224833369	0.0281358	0.00021
-0.0014	-0.0259	0.1881	0.0008761552845011534	0.0007976154681614085	-0.0006126105674500097	1.01380157	30.33771896	0.94721024	0.12120914245312003	0.0258022	0.00021
0.0025	-0.0285	0.1776	0.001408480706359424	0.0006894050545377602	-0.0006178465552059926	1.04969466	31.41180801	0.94100516	0.04928859116189507	0.0288696	0.00015
0.0005	0.0185	0.2329	0.0001884955592153876	0.0006073745796940267	-0.0005794493116621174	1.06107211	31.75227737	0.94959148	0.17132064327658222	0.0310522	0.00011
-0.0018	0.0635	0.236	-0.00016929693744344995	0.0006475171524898963	-0.0005445427266222308	1.05421627	31.54711723	0.95696421	0.07204208272472967	0.0289894	0.00014
0.0032	-0.0207	0.2043	0.0008482300164692441	0.0007138396640656808	-0.0005340707511102648	1.06598139	31.89918518	0.96009869	0.1756160720500222	0.0271446	7e-05
0.0033	-0.0284	0.2253	0.00015184364492350666	0.0004677482395344803	-0.0005375614096142535	1.04371989	31.23301697	0.92845158	0.07609842272904632	0.0264441	0.00011
0.0031	0.0043	0.2243	0.0008080874436733745	0.0005811946409141118	-0.0005235987755982988	1.06013823	31.72432899	0.94615901	0.0730826417072727	0.0292311	6e-05
0.0012	0.0195	0.2229	0.0005951572749300663	0.0007487462491055673	-0.0005235987755982988	1.04364574	31.23079681	0.94033835	0.03752408884673821	0.02878	0.0001
0.0012	-0.0487	0.1937	0.0012671090369478833	0.0006876597252857658	-0.0005602506898901797	1.04678237	31.32465935	0.95061169	0.13588451000647495	0.027889	9e-05
-0.0009	-0.0367	0.191	0.0010681415022205296	0.00040666171571467877	-0.0005567600313861911	1.04398394	31.24091911	0.92796828	0.04097281014012146	0.0265584	0.00012
-0.0046	0.005	0.2174	0.0008674286382411819	0.0005462880558742252	-0.0005654866776461627	1.00702298	30.13487244	0.93173692	0.0892532925199433	0.0284621	7e-05
-0.0012	0.0063	0.2103	0.0006806784082777885	0.0007661995416255106	-0.0005462880558742252	0.96891123	28.99438858	0.91498402	0.03309301687433083	0.0274026	7e-05
-0.0008	-0.042	0.1931	0.0010384709049366262	0.0006126105674500097	-0.0006126105674500097	1.01330471	30.32285118	0.92013815	0.0947851991205061	0.0247982	5e-05
0.0007	-0.0393	0.1807	0.0012007865253720988	0.00039968039870670147	-0.000645771823237902	0.99362963	29.73407936	0.90161813	0.03702035224833366	0.0236195	8e-05
0.0043	-0.0004	0.1982	0.0009407324668249436	0.0006928957130417488	-0.0005759586531581287	1.06620991	31.90602493	0.9501639	0.09115412714809878	0.0254602	7e-05
0.0051	-0.0083	0.1825	0.0005672320068981572	0.000661479786505851	-0.00062482787221397	1.02453065	30.65878296	0.94062213	0.047089280275926265	0.0231449	0.00013
0.0053	-0.0501	0.1581	0.0011257373675363424	0.0004188790204786391	-0.0006335545184739417	1.0517695	31.47389793	0.93619265	0.10689163864626844	0.0229529	2e-05
0.0021	-0.0199	0.195	0.000661479786505851	0.000450294947014537	-0.0006632251157578452	1.06526721	31.87781334	0.93697244	0.09656720524251464	0.0240543	4e-05
0.0012	0.0219	0.2029	0.0008499753457212384	0.0006579891280018621	-0.0005742133239061344	1.01620209	30.40955544	0.93705942	0.07486007660272115	0.0258196	8e-05
0.005	-0.0433	0.1895	0.0010768681484805013	0.0006894050545377602	-0.0005951572749300663	1.01171982	30.27542496	0.93318916	0.09636263401595459	0.024488	0.00011
0.008	-0.056	0.1684	0.0010663961729685354	0.0004258603374866164	-0.0006510078109938849	1.05916011	31.69505882	0.94589239	0.05329336143134642	0.026112	0.00013
-0.0015	-0.0114	0.1955	0.00027750735106709843	0.00017627825445142725	-0.000640535835481919	1.07123148	32.05629349	0.95560964	0.13364714402242964	0.0271513	6e-05
-0.009	0.0452	0.2104	0.0002897246558310587	0.0003944444109507184	-0.0006038839211900379	1.04958451	31.40851212	0.96638117	0.09235176877775662	0.0293055	0.0001
-0.0063	-0.0275	0.2031	0.000153588974175501	0.00047822021504644627	-0.000635299847725936	1.0083704	30.17519188	0.95648028	0.09526637061435916	0.0276552	0.00013
-0.0115	-0.0512	0.1964	0.0003682644721708035	0.0001256637061435917	-0.0007155849933176752	1.01732612	30.44318962	0.92772161	0.06797585762449482	0.0284246	0.00013
-0.0143	-0.0438	0.2119	0.00035604716740684323	5.235987755982988e-06	-0.0007068583470577034	0.9815771	29.37341118	0.90668517	0.03276858347057706	0.0289407	0.00015
-0.0175	0.0488	0.2421	-0.0002530727415391778	0.0001361356816555577	-0.0006387905062299246	1.02598739	30.70237732	0.96914183	0.16640437218366874	0.0285016	9e-05
-0.0145	0.0007	0.1936	0.0006300638599699529	0.0002722713633111154	-0.0006475171524898963	0.96439868	28.85935211	0.90380202	0.15099994647123302	0.0255355	4e-05
-0.0132	-0.0445	0.2154	0.00012042771838760874	0.00017627825445142725	-0.0006789330790257941	1.00238431	29.99606133	0.92676027	0.10015225884889652	0.0267469	7e-05
-0.0114	-0.0404	0.195	0.0008709192967451704	-6.9813170079773176e-06	-0.0006946410422937432	0.95949137	28.71250153	0.90358192	0.07377295565424577	0.0249493	5e-05
-0.0132	0.0194	0.2322	0.0005899212871740833	0.00026878070480712676	-0.0006335545184739417	0.97729993	29.24541855	0.93551774	0.12969232776029962	0.0299257	0.0001
-0.0139	0.0168	0.2223	0.00017453292519943296	0.000296705972839036	-0.0005689773361501514	0.97995836	29.32497025	0.90738242	0.038594540616517486	0.0271838	0.00012
-0.0076	-0.0589	0.2007	0.0007243116395776468	0.00033684854563490564	-0.000598647933434055	0.98169661	29.37698746	0.925528	0.13457959422289936	0.0256669	0.00012
-0.006	-0.0606	0.1913	0.0009494591130849152	0.00014660765716752367	-0.0006579891280018621	0.994551	29.76165199	0.92155013	0.03643647782712287	0.0270118	8e-05
-0.0071	-0.0251	0.209	0.0006492624817418905	0.0001658062789394613	-0.0006265732014659643	1.04854417	31.37738037	0.94602371	0.071840558982543	0.0273014	0.00018
-0.0118	0.0335	0.2213	0.0005480333851262194	0.00028797932657906436	-0.000577703982410123	1.05259836	31.4987011	0.9642897	0.08921356816555577	0.0294031	0.00012
-0.0091	-0.0124	0.2056	0.0006667157742618339	0.0004188790204786391	-0.0005951572749300663	1.03745174	31.04544258	0.94070776	0.07765176877775662	0.028029	0.00014
-0.0073	-0.0342	0.196	0.0011850785621041497	0.0003473205211468716	-0.00062482787221397	1.05454493	31.55695343	0.9372613	0.06417959422289934	0.030216	0.00015
-0.0076	-0.0264	0.1879	0.0009983283321407565	5.93411945678072e-05	-0.0006702064327658224	0.99703157	29.83588219	0.92078802	0.0422054058547155	0.0262983	8e-05
-0.0086	0.0076	0.2158	0.0008307767239493009	0.00021642082724729686	-0.0006579891280018621	0.96969187	29.01774979	0.91613459	0.07974242728174524	0.0298315	8e-05
-0.0064	-0.0203	0.1924	0.0008569566627292158	0.0002617993877991494	-0.0006859143960337716	0.99249744	29.70019913	0.90809905	0.05847418836818385	0.0263063	0.00014
-0.0038	-0.0526	0.1666	0.0011117747335203881	-1.7453292519943294e-06	-0.000778416846389471	1.04859364	31.37886047	0.93194862	0.09124326190990077	0.0244014	0.00011
-0.004	-0.0325	0.1719	0.0010471975511965976	-0.0001239183768915974	-0.000778416846389471	0.99203408	29.6863327	0.91674287	0.03493751149816968	0.023478	6e-05
-0.0075	0.0341	0.2062	0.0007679448708775049	7.67944870877505e-05	-0.0007295476273336296	1.02301049	30.61329269	0.96826085	0.1308417381677141	0.0270467	0.00011
-0.007	-0.0188	0.2088	0.00022165681500327985	0.00018675022996339323	-0.0007539822368615504	0.9796254	29.31500816	0.92909951	0.09003392041388944	0.0267001	7e-05
-0.006	-0.0556	0.1881	0.0006998770300497262	-8.726646259971648e-05	-0.0007644542123735164	0.97592574	29.20429611	0.9088862	0.09663544415607613	0.0238407	8e-05
-0.0074	-0.0385	0.1823	0.0010105456369047167	-9.948376736367679e-05	-0.0008115781021773631	0.99284327	29.7105484	0.91216781	0.04280049007113988	0.02454	6e-05
-0.0108	0.026	0.2146	0.0007487462491055673	0.00015184364492350666	-0.000736528944341607	1.03652406	31.01768303	0.95760875	0.12960879789610447	0.0279174	7e-05
-0.0105	-0.0128	0.2088	0.000598647933434055	0.0003351032163829112	-0.0007016223593017205	0.9590553	28.69945335	0.91056276	0.06331322360854018	0.0277343	0.00011
-0.0086	-0.0586	0.1944	0.0008779006137531476	0.00024609142453120044	-0.0007243116395776468	1.006459	30.11799431	0.9264291	0.08164768762233651	0.0256283	7e-05
-0.0068	-0.0333	0.1911	0.0007208209810736582	0.00011519173063162575	-0.0007714355293814937	1.04054117	31.13789558	0.92680942	0.04715516081914555	0.0263811	9e-05
-0.0061	0.0014	0.2098	0.0007627088831215222	0.00015184364492350666	-0.0007173303225696694	1.03854704	31.07822037	0.94272044	0.06073225115757845	0.0265108	7e-05
-0.0023	0.0047	0.2014	0.0007679448708775049	0.0003647738136668148	-0.0007382742735936014	0.97475088	29.16913795	0.91186082	0.027455505376161128	0.0265946	3e-05
-0.0001	-0.036	0.1923	0.0009599310885968812	0.00020943951023931956	-0.0007208209810736582	1.00371695	30.03594017	0.90939058	0.07023869068334072	0.0240403	3e-05
0.0014	-0.1015	0.0198	0.0018936822384138475	-0.00013264502315156904	-0.0007330382858376184	1.39472926	41.73686981	1.22963787	0.30390264939859074	0.0178249	6e-05
0.0176	-0.1897	-0.2751	0.0015166911199830724	0.00041189770347066176	-0.0006754424205218055	1.89032924	56.56755829	1.71143156	0.4482564855184409	0.0336578	0.0012
0.0232	-0.1534	-0.3626	0.002515019452123829	0.0007923794804054256	-0.0010070549784007281	1.64398646	49.19581985	1.61404848	0.2149211333477221	0.0548161	0.00698
0.0061	-0.1005	-0.3689	0.009508553764865106	0.00017278759594743863	-0.0005864306286700947	1.99179995	59.60403824	2.02704684	0.47798752734649497	0.0509641	0.01174
-0.008	0.1398	0.1476	0.0012880529879718153	-0.0005969026041820607	-0.0005358160803622592	2.87761617	86.11183167	2.42577792	1.2229402762665311	0.048813	0.00684
-0.0265	0.2112	0.4784	0.00020769418098732522	-0.0006370451769779302	-0.0006894050545377602	2.37372088	71.03291321	2.12913116	0.48440451769779297	0.0754172	0.0189
-0.0324	0.0487	0.3742	0.00032637657012293966	-0.00027576202181510406	-0.0007208209810736582	1.3290813	39.7723732	1.26389818	0.2981690735417169	0.0515643	0.00243
-0.0275	-0.0967	0.3178	0.0008726646259971648	-0.0005724679946541401	-0.0007661995416255106	1.12945509	33.79861832	1.08249484	0.2511186294632556	0.0434223	0.00247
-0.0343	-0.1204	0.3031	0.0010367255756846318	-0.0011501719770642632	-0.0008360127117052838	0.94926125	28.40636826	0.91654585	0.08577890510886822	0.0449483	0.00365
-0.0359	-0.0545	0.346	0.0005026548245743669	-0.0010454522219446034	-0.0007382742735936014	1.13653851	34.01058578	1.01863331	0.14722644721708036	0.0483678	0.00414
-0.0429	0.0382	0.4164	-0.0007033676885537148	-0.0008098327729253688	-0.0007086036763096977	1.16108251	34.74505997	1.04083297	0.24366562797156105	0.0559766	0.00398
-0.0368	-0.0229	0.3848	0.00032637657012293966	-0.00046949356878647465	-0.0007225663103256524	1.06022382	31.72689056	0.97818619	0.1680023048415752	0.0542402	0.00373
-0.0397	-0.0069	0.377	0.00033335788713091696	-0.0009389871375729493	-0.0006876597252857658	1.08908582	32.59057999	0.97201666	0.05226907354171691	0.051034	0.00311
-0.0389	0.0291	0.4184	0.00038048177693476387	-0.0007993607974134029	-0.000661479786505851	1.06311631	31.81344795	0.96851209	0.08884650843716539	0.0584577	0.00394
-0.0391	0.1305	0.4687	-0.00048345620280242926	-0.0004921828490624009	-0.0006387905062299246	1.03938866	31.103405	0.9994176	0.2115902604182061	0.0646534	0.00642
-0.0325	0.0655	0.463	-0.0008674286382411819	-0.0003892084231947355	-0.0006527531402458793	0.98786914	29.56169891	0.94653791	0.1023454747661186	0.0588873	0.00383
-0.0321	0.0263	0.4431	-0.0007278022980816354	-0.0008499753457212384	-0.0006771877497737998	0.9845143	29.46130562	0.91930676	0.09074139361069852	0.0554031	0.00272
-0.0349	0.0084	0.4103	0.00014137166941154068	-0.0009040805525330626	-0.0006544984694978735	0.99631834	29.81453896	0.92858818	0.10079842272904632	0.0542252	0.00335
-0.0347	0.0577	0.4382	-0.000322885911618951	-0.0006544984694978735	-0.0006161012259539982	1.05024564	31.42829895	0.96088605	0.11501184538047778	0.0580155	0.00423
-0.0316	-0.0176	0.4003	-0.000148352986419518	-0.0004904375198104066	-0.0006702064327658224	1.046229	31.30809975	0.96632163	0.1359349540849362	0.0530699	0.00288
-0.0341	-0.0554	0.376	0.00011344640137963142	-0.0009512044423369096	-0.000710349005561692	1.02942574	30.80526924	0.93512574	0.10273544415607608	0.0507191	0.00292
-0.0351	-0.0101	0.3898	-4.886921905584123e-05	-0.0009529497715889039	-0.0006963863715457374	1.03860795	31.08004189	0.94286468	0.06900117918517105	0.0524892	0.0029
-0.0325	0.0663	0.4333	-0.000598647933434055	-0.000614355896702004	-0.0006911503837897545	1.05510056	31.57357979	0.9774974	0.16718042885105483	0.0578177	0.00453
-0.0268	0.0412	0.4441	-0.0015323990832510211	-0.0005969026041820607	-0.0007435102613495844	1.02877676	30.78584862	0.93782938	0.09177821599483695	0.0533543	0.00354
-0.0247	0.0108	0.395	-0.0001186823891356144	-0.0008290313946973065	-0.0007958701389094143	1.04119563	31.15747833	0.92999588	0.16651026810952413	0.0519773	0.0028
-0.0268	0.0452	0.4113	1.5707963267948964e-05	-0.000778416846389471	-0.0007208209810736582	1.07765865	32.24862289	0.94651341	0.06580270292735772	0.0574067	0.00379
-0.0266	0.0904	0.4412	-0.0005480333851262194	-0.0005497787143782138	-0.0006771877497737998	1.03450155	30.95716095	0.94939683	0.11710063558526417	0.0598025	0.00489
-0.0233	0.021	0.412	-0.0004433136300065597	-0.0005113814708343385	-0.0007138396640656808	1.03988814	31.11835289	0.95606188	0.11088844564777078	0.0545191	0.00318
-0.0264	-0.0064	0.387	-4.537856055185256e-05	-0.0008237954069413235	-0.000752236907609556	1.05286765	31.50676155	0.92868875	0.09293731245527832	0.0523178	0.00259
-0.0249	0.0007	0.417	-0.0004380776422505767	-0.0007679448708775049	-0.0007923794804054256	1.02207363	30.58525658	0.92261797	0.0630346095279206	0.0537468	0.00293
-0.0233	0.0607	0.4328	-0.0005497787143782138	-0.0004206243497306334	-0.0007923794804054256	1.05035853	31.43167686	0.96934909	0.10035107966372545	0.0564311	0.00349
-0.0169	-0.0111	0.4121	-0.00030194196059501896	-0.00021118483949131387	-0.0007871434926494425	1.06072176	31.74179268	0.96460489	0.12202561258892489	0.0553945	0.00284
-0.0165	-0.0093	0.3974	-0.00014486232791552936	-0.0003316125578789226	-0.0007976154681614085	1.06208861	31.78269386	0.93284149	0.031298966328953265	0.053299	0.00237
-0.0213	0.0113	0.4028	-0.00041713369122664475	-0.00047647488579445195	-0.0007679448708775049	1.07677472	32.22217178	0.93286584	0.05314021442552744	0.0524502	0.00216
-0.027	0.0656	0.4472	-0.0009232791743050004	-0.0003787364476827695	-0.0006981317007977319	1.05875218	31.68285179	0.96032596	0.1380848545634906	0.0581601	0.00372
-0.0174	-0.0211	0.2813	-0.0006230825429619757	-0.00026354471705114377	-0.0007504915783575615	1.36898458	40.96646881	1.27004008	0.285587411976724	0.0365927	0.00061
-0.022	-0.0125	0.3789	-0.000890117918517108	-0.000874409955249159	-0.000853466004225227	1.29412246	38.72624207	1.18298108	0.15984375198104067	0.0508344	0.00222
-0.0296	0.062	0.3988	-0.000614355896702004	-0.0006928957130417488	-0.000804596785169386	1.09735608	32.83806229	1.02881778	0.1273072741539177	0.0550886	0.00261
-0.0358	0.1065	0.4275	-0.001462585913171248	-0.0005550147021341969	-0.0006894050545377602	1.01350629	30.32888412	0.93944036	0.13446513790042108	0.0564325	0.00315
-0.028	0.0038	0.3942	-0.001022762941668677	-0.00039793506945470715	-0.0007627088831215222	1.00480568	30.0685215	0.9635495	0.1773103216382911	0.0527197	0.0021
-0.0291	-0.0224	0.3545	-0.00029321531433504735	-0.0007295476273336296	-0.0007661995416255106	0.99598211	29.80447769	0.93189776	0.12023254218582705	0.0499413	0.00192
-0.0317	0.01	0.3957	-0.0011763519158441782	-0.0008569566627292158	-0.0007557275661135446	0.99536514	29.78601456	0.93273411	0.12725088062083414	0.0531031	0.00228
-0.0356	0.0832	0.4249	-0.0014119713648634124	-0.000577703982410123	-0.0006824237375297829	1.07064092	32.03862	0.98073621	0.13570879789610443	0.0575359	0.00333
-0.0315	-0.0017	0.3946	-0.001001818990644745	-0.000460766922526503	-0.0006771877497737998	1.06323171	31.81690216	0.98127065	0.14591627109291352	0.0531315	0.0029
-0.0287	-0.0239	0.3543	-0.0002670353755551324	-0.0006719517620178169	-0.0006946410422937432	1.08016515	32.32363129	0.96249271	0.11347108735504348	0.0488502	0.00196
-0.0338	-0.022	0.3711	-0.0009861110273767962	-0.0011187560505283654	-0.0007347836150896127	1.05054522	31.43726158	0.95920602	0.08410112565640407	0.0472277	0.00169
-0.0362	0.0729	0.3991	-0.0005462880558742252	-0.0008307767239493009	-0.0007295476273336296	1.07708406	32.23143005	1.0191845	0.161951914291881	0.0545497	0.003
-0.0298	0.0294	0.3949	-0.0008150687606813518	-0.000609119908946021	-0.000710349005561692	1.03474569	30.96446609	0.94976374	0.07958180707911724	0.0513905	0.00235
-0.0291	0.0097	0.4149	-0.0014590952546672592	-0.0008395033702092724	-0.0006894050545377602	1.04766893	31.35118866	0.94175109	0.08516769531365456	0.0517786	0.00229
-0.0301	0.0195	0.3844	-0.000460766922526503	-0.0009093165402890458	-0.0007190756518216638	1.06562614	31.88855362	0.9364107	0.09619060497522161	0.0517834	0.00215
-0.0315	0.0636	0.4192	-0.0006928957130417488	-0.0008028514559173916	-0.0007033676885537148	1.0698179	32.01399231	0.95510579	0.09801509190774245	0.0569774	0.00349
-0.0301	0.0476	0.3951	-0.0006928957130417488	-0.000635299847725936	-0.0006876597252857658	1.030285	30.8309803	0.9342266	0.05066297857297024	0.0520787	0.00288
-0.0304	-0.0244	0.3736	-0.00016406094968746698	-0.000778416846389471	-0.0007435102613495844	1.0689317	31.98747253	0.96126103	0.13019011490408175	0.0505012	0.00225
-0.0296	-0.0075	0.3794	-0.00027750735106709843	-0.0009389871375729493	-0.0007644542123735164	1.0100913	30.2266922	0.9175151	0.03824803217935211	0.0490788	0.00209
-0.0304	0.0597	0.4245	-0.0007976154681614085	-0.0007417649320975902	-0.0006859143960337716	1.07709348	32.23171234	0.98425188	0.1528935069454707	0.0550693	0.00354
-0.029	0.0338	0.4052	-0.000731292956585624	-0.0005375614096142535	-0.0006771877497737998	1.01616681	30.40849876	0.94188045	0.06056263401595464	0.0536292	0.00291
-0.0259	-0.012	0.374	-0.0005218534463463045	-0.0007452555906015787	-0.0007138396640656808	1.05743814	31.6435318	0.94779789	0.10278928027592628	0.0489433	0.00217
-0.0252	-0.0076	0.3645	-0.0003595378259108319	-0.0009023352232810684	-0.0007400196028455958	1.03185916	30.878088	0.92559639	0.03187875959474387	0.0483721	0.00205
-0.0269	0.0407	0.4125	-0.0007661995416255106	-0.0006632251157578452	-0.0006928957130417488	1.02246106	30.59685326	0.93899446	0.13264478565208743	0.0533768	0.00314
-0.02	0.0274	0.3939	-0.0008220500776893293	-0.0005340707511102648	-0.0007243116395776468	1.0282979	30.7715168	0.92372769	0.04962104136236485	0.0504947	0.00267
-0.0205	-0.007	0.3934	-0.001350884841043611	-0.000710349005561692	-0.0007644542123735164	1.06931281	31.99887848	0.95142344	0.07266277953007887	0.0468299	0.0019
-0.0261	0.0047	0.3643	-0.0004677482395344803	-0.0008552113334772215	-0.0007644542123735164	1.06763589	31.94869614	0.94395355	0.09779994647123302	0.0491609	0.00198
-0.0284	0.0581	0.4025	-0.000900589894029074	-0.0006719517620178169	-0.000752236907609556	1.0718416	32.07455063	0.9625457	0.12531592653589796	0.052926	0.00273
-0.0216	0.032	0.373	-0.0007033676885537148	-0.00042935099599060504	-0.0007504915783575615	0.98557806	29.49313927	0.92290638	0.0844784150377283	0.0496396	0.00206
-0.0233	-0.0278	0.3725	-0.00048520153205442357	-0.000705113017805709	-0.0007906341511534313	1.05180335	31.47491264	0.94698732	0.08870353755551325	0.0473462	0.00179
-0.0222	0.0027	0.3651	-2.268928027592628e-05	-0.0007347836150896127	-0.0007923794804054256	0.99472606	29.76688957	0.92915756	0.06369640891571979	0.0490932	0.00155
-0.0253	0.0625	0.3961	-0.0008360127117052838	-0.0005951572749300663	-0.0007487462491055673	1.03295946	30.91101265	0.95838952	0.14372915014443813	0.0513192	0.00225
-0.0214	0.04	0.3883	-0.001218239817892042	-0.0003682644721708035	-0.000757472895365539	1.03611326	31.00539017	0.95214192	0.06509232776029966	0.0507178	0.00214
-0.0221	0.0211	0.4711	-0.0015498523757709647	-0.0006649704450098395	-0.0007766715171374765	1.18224525	35.3783493	1.10747235	0.13477585762449487	0.0651891	0.00788
0.0054	0.0128	0.3302	0.0006789330790257941	0.00011519173063162575	-0.0006719517620178169	1.69245362	50.64618683	1.49139267	0.33238336927789425	0.0569109	0.0059
0.133	-0.3282	-0.7125	0.011849040291789504	0.003080506129769991	-0.0003316125578789226	4.40435266	131.79898071	3.74088968	2.235088040802048	0.101685	0.05752
0.0733	0.0956	-0.2249	0.0016772614111665507	0.001408480706359424	-8.901179185171081e-05	2.78411961	83.31397247	2.60294034	1.5754202535030366	0.0411585	0.00958
0.0693	-0.091	-0.3695	0.0024609142453120045	0.0013055062804917586	-0.0003211405823669566	1.50433242	45.01671219	1.41566398	0.39113780252641833	0.0415455	0.00147
0.0569	-0.1694	-0.4617	0.0031415926535897933	0.00039095375244672985	-0.0005323254218582705	1.13858545	34.07184219	1.08499103	0.27332078879070654	0.0532413	0.00275
0.0482	-0.1486	-0.4583	0.0031677725923697077	4.18879020478639e-05	-0.0006056292504420323	1.020944	30.55145454	0.94767193	0.055327480888127105	0.0520341	0.00266
0.0339	-0.066	-0.3795	0.002436479635784084	0.0003630284844148205	-0.0005881759579220891	1.1348995	33.96154022	1.01524916	0.22919434157362617	0.0421618	0.00105
0.0327	-0.1229	-0.379	0.00204378055408536	0.00039269908169872416	-0.0006283185307179585	1.12067616	33.53591156	0.97793563	0.08172561258892483	0.0459517	0.00144
0.0327	-0.2202	-0.4126	0.0030543261909900766	0.00028274333882308137	-0.0007120943348136865	1.13069737	33.83579254	1.00927751	0.1911138591938044	0.0485361	0.00231
0.0273	-0.217	-0.4126	0.0027872908154349444	-3.665191429188092e-05	-0.0007086036763096977	1.11517966	33.37142944	0.96227074	0.03809606435870417	0.0532727	0.00277
0.0249	-0.1598	-0.3604	0.0024312436480281013	0.00019198621771937622	-0.0006073745796940267	1.08739913	32.54010391	0.98291744	0.1460957198016886	0.0424517	0.00114
0.02	-0.1031	-0.35	0.002450442269800039	0.0002530727415391778	-0.0005480333851262194	1.02469325	30.66364861	0.95162794	0.07898131700797732	0.037228	0.00059
0.0215	-0.1695	-0.3646	0.002462659574563999	0.00039793506945470715	-0.0005742133239061344	1.00369835	30.03538322	0.93265499	0.09166297857297026	0.0418874	0.00111
0.0268	-0.1994	-0.3971	0.003728023282259888	0.00042760566673861073	-0.0006370451769779302	1.03164005	30.87153053	0.91790113	0.1355933079025794	0.0433356	0.00128
0.0259	-0.1845	-0.4084	0.003447025272688801	-0.0	-0.0006702064327658224	0.99355555	29.73186302	0.93794265	0.06418824660487946	0.0437726	0.00156
0.0223	-0.1394	-0.3818	0.0031031954100459182	0.00011170107212763708	-0.0006440264939859076	1.0064621	30.11808586	0.94949666	0.09938554367752174	0.0393713	0.00089
0.0227	-0.0805	-0.3777	0.0025272367568877894	0.00034208453339088857	-0.0006003932626860494	1.01160848	30.27209091	0.95394523	0.10589876728606192	0.0377805	0.00073
0.0287	-0.1532	-0.398	0.0026092672317315226	0.00039095375244672985	-0.0006387905062299246	1.06691718	31.92718697	0.97857991	0.1074648468721725	0.0419797	0.00115
0.0232	-0.1728	-0.433	0.003118903373313867	0.0	-0.0006841690667817771	1.0471276	31.33498955	0.94970047	0.10739842272904632	0.045682	0.00174
0.0212	-0.1631	-0.4176	0.0029234264970905022	2.6179938779914945e-05	-0.0006789330790257941	1.02614546	30.70710564	0.94096318	0.03844464013796312	0.0435832	0.00138
0.0244	-0.1106	-0.3876	0.0025254914276357948	0.0003665191429188092	-0.0006021385919380437	1.06179488	31.77390671	0.9635674	0.1264534380340676	0.0400563	0.00093
0.0283	-0.1629	-0.386	0.0019757127132575807	0.0004363323129985824	-0.000640535835481919	1.0581497	31.66482544	0.95900765	0.09069945640009312	0.0461652	0.00151
0.0289	-0.2041	-0.407	0.0029146998508305304	0.00023387411976724014	-0.0006475171524898963	1.04235327	31.19212151	0.93134569	0.12022133239061344	0.0459332	0.00165
0.0312	-0.1804	-0.4168	0.0031119220563058892	7.67944870877505e-05	-0.0006422811647339132	0.99732387	29.84462929	0.91105578	0.053776891295541605	0.0458896	0.00208
0.0333	-0.1291	-0.3743	0.002574360646691636	0.0003961897402027128	-0.0005375614096142535	1.03749263	31.04666901	0.95868793	0.14398382089244377	0.0394121	0.00093
0.036	-0.1401	-0.3766	0.002314306588144481	0.0006771877497737998	-0.0005881759579220891	1.00443029	30.05728722	0.93014491	0.04558333082130386	0.0412784	0.00104
0.0368	-0.1757	-0.4063	0.002892010570554604	0.0004886921905584122	-0.0006213372137099814	1.03527987	30.98044968	0.92828358	0.10606803987067012	0.0441782	0.00149
0.0388	-0.1526	-0.4012	0.0027331856086231197	0.00046425758103049166	-0.0006073745796940267	1.05841601	31.67279434	0.93418251	0.04006111027376796	0.0440534	0.00135
0.0395	-0.1063	-0.3663	0.0025464353786597265	0.000726056968829641	-0.0005009094953223725	1.04136276	31.16248131	0.95526716	0.10965073510670983	0.0389028	0.00088
0.0437	-0.1021	-0.3734	0.0019233528356977512	0.000900589894029074	-0.0005619960191421741	0.99056351	29.64232635	0.92889172	0.05843509959906051	0.0407444	0.00105
0.0449	-0.1593	-0.4372	0.002811725424962865	0.00062482787221397	-0.0006387905062299246	1.01027369	30.23214722	0.94303196	0.1842464549083984	0.0469025	0.0018
0.0456	-0.1632	-0.4281	0.0019826940302655584	0.000322885911618951	-0.0006597344572538566	1.05155611	31.46751213	0.94518312	0.07129586531581289	0.0537937	0.00251
0.0362	-0.0825	-0.3814	0.001895427567665842	0.000635299847725936	-0.0005794493116621174	1.09544063	32.78074265	1.00864012	0.160798277214922	0.0420398	0.00115
0.0264	-0.107	-0.3968	0.00205599785884932	0.0006876597252857658	-0.0005148721293383271	0.97912043	29.29989624	0.92205262	0.06357536755335488	0.0425818	0.00125
0.0307	-0.2012	-0.3941	0.00209614043164519	0.0007819075048934597	-0.0005515240436302081	1.02918363	30.79802322	0.97652856	0.1097521133347722	0.0492518	0.00165
0.027	-0.1833	-0.4001	0.002150245638457014	0.0004468042885105483	-0.0006946410422937432	1.03033328	30.83242607	0.95156864	0.054216271092913534	0.0512425	0.00178
0.0271	-0.1493	-0.3959	0.002129301687433082	0.0003438298626428829	-0.000635299847725936	1.00338304	30.02594757	0.93355843	0.047462978572970285	0.0484713	0.00159
0.0251	-0.0842	-0.4015	0.002324778563656447	0.0004956735075663896	-0.0005881759579220891	1.01843023	30.47623062	0.96286842	0.09242222054753597	0.0446287	0.00124
0.0295	-0.1328	-0.4163	0.002261946710584651	0.0006946410422937432	-0.0005585053606381855	1.02648854	30.71737289	0.94669237	0.08237349925415266	0.045625	0.00166
0.0358	-0.1643	-0.3922	0.001932079481957723	0.0006213372137099814	-0.0005707226654021458	1.03853619	31.07789612	0.94442856	0.0826694180987325	0.0469666	0.00161
0.0384	-0.1533	-0.4211	0.0025080381351158514	0.0003822271061867582	-0.0006387905062299246	1.02138865	30.56476021	0.93659912	0.08665683007545649	0.0491928	0.00202
0.0334	-0.105	-0.3641	0.0016528268016386303	0.0004729842272904633	-0.0005567600313861911	1.0719862	32.0788765	0.97055995	0.16169994647123295	0.0433942	0.00107
0.0293	-0.1015	-0.382	0.0019233528356977512	0.0006946410422937432	-0.0004886921905584122	1.04078984	31.14533424	0.9425371	0.053512534494509	0.0424255	0.00118
0.0353	-0.1731	-0.3999	0.0023963370629882146	0.0007906341511534313	-0.0005148721293383271	1.03703928	31.03310013	0.96124364	0.12525786374650327	0.0448655	0.00147
0.0328	-0.1657	-0.4025	0.00233001455141243	0.0005567600313861911	-0.0005410520681182421	1.08452129	32.45398712	0.94330424	0.02881882850614704	0.0471104	0.0018
0.0308	-0.1548	-0.4098	0.002816961412718848	0.0003787364476827695	-0.0005427973973702365	1.01659751	30.42138863	0.9354724	0.05353578871309166	0.0451069	0.00153
0.0287	-0.1146	-0.3786	0.002384119758224254	0.0005515240436302081	-0.0004921828490624009	1.00451481	30.05981636	0.9438612	0.1063121899374934	0.0406318	0.001
0.0333	-0.1463	-0.408	0.002597049926967562	0.0006510078109938849	-0.0005497787143782138	1.04652989	31.31710434	0.93632163	0.08420049007113987	0.0447881	0.00155
0.0335	-0.163	-0.4305	0.002960078411382383	0.0003577924966588376	-0.0005899212871740833	1.03613305	31.00598145	0.92453494	0.07421931857728693	0.0474738	0.00198
0.0336	-0.1448	-0.4345	0.0027558748888990466	0.00024260076602721178	-0.000609119908946021	1.0189842	30.49280739	0.9354773	0.03922969374434499	0.0482376	0.00248
0.0354	-0.0922	-0.4039	0.0025603980126756814	0.0005497787143782138	-0.0005619960191421741	1.03873742	31.08391571	0.96606654	0.1124889357189107	0.0425057	0.00137
0.0345	-0.1269	-0.4227	0.0024766222085799536	0.0005846852994181004	-0.0005794493116621174	0.99983245	29.91969681	0.93593937	0.06120678408277793	0.0460875	0.0018
0.038	-0.1673	-0.4396	0.0027558748888990466	0.0004310963252425994	-0.0006440264939859076	1.03478789	30.96572876	0.9438402	0.08567094184091917	0.0493523	0.00216
0.0358	-0.16	-0.4413	0.002841396022246768	0.0003001966313430247	-0.0005794493116621174	1.02784228	30.75788498	0.92671138	0.02524990047855436	0.0482875	0.00217
0.0327	-0.1036	-0.4017	0.0023596851486963333	0.0005899212871740833	-0.0005846852994181004	1.02032769	30.53301239	0.9523998	0.13793357585687382	0.0429764	0.00139
0.0373	-0.1718	-0.4383	0.0032166418114255493	0.0008203047484373349	-0.0006161012259539982	0.99879849	29.8887558	0.93814794	0.1653378025264183	0.0470181	0.00162
0.0363	-0.1824	-0.4411	0.0032445670794574587	0.0005148721293383271	-0.0006579891280018621	1.03373981	30.93436623	0.920138	0.03316228945893902	0.0474658	0.00195
0.033	-0.1361	-0.4219	0.0028309240467348025	0.0003385938748868999	-0.0006283185307179585	1.01115072	30.25839233	0.9286605	0.09977959422289936	0.0446115	0.00147
0.0288	-0.0799	-0.3899	0.0020664698343612863	0.0006038839211900379	-0.000645771823237902	1.05039227	31.43268394	0.96062982	0.14475987755982989	0.0411052	0.00101
0.0356	-0.1501	-0.4081	0.0019006635554218248	0.000645771823237902	-0.0006370451769779302	1.0391649	31.09671021	0.96013661	0.10602104136236488	0.046562	0.00151
0.0372	-0.1745	-0.4284	0.002637192499763432	0.000614355896702004	-0.0007120943348136865	1.04320574	31.21763039	0.93494905	0.08844970143566303	0.0471485	0.00154
0.0356	-0.1393	-0.3962	0.002001892652037496	0.000486946861306418	-0.0006021385919380437	1.06277061	31.80310249	0.93571905	0.11263323129985822	0.0459818	0.00121
0.0325	-0.1071	-0.3907	0.0022060961745208325	0.0006719517620178169	-0.0005811946409141118	1.01403236	30.34462738	0.93423	0.06130761871093337	0.0408005	0.00097
0.0334	-0.1503	-0.408	0.002103121748653167	0.0007557275661135446	-0.0006771877497737998	1.0228554	30.60865211	0.93172805	0.07553716694115402	0.0447899	0.00139
0.0332	-0.1728	-0.4227	0.0021921335405048776	0.0003385938748868999	-0.000710349005561692	1.03332126	30.92183876	0.9321536	0.06436533694331241	0.0493405	0.0019
0.0293	-0.1682	-0.4456	0.003225368457685521	0.0004014257279586958	-0.0007155849933176752	1.055794	31.59433174	0.94076372	0.08646513790042112	0.0480611	0.00181
0.0233	-0.0976	-0.4084	0.0026406831582674204	0.0005515240436302081	-0.0006667157742618339	1.06532919	31.87966728	0.97407087	0.15298264170727272	0.0429639	0.00097
0.0261	-0.1296	-0.4074	0.0016283921921107093	0.0005305800926062762	-0.000710349005561692	1.01109493	30.25672531	0.93836785	0.08964340742402505	0.0472865	0.00152
0.0248	-0.166	-0.434	0.0019774580425095754	0.0001675516081914556	-0.000726056968829641	1.02517426	30.67804337	0.94076539	0.1006901149040818	0.0523382	0.00231
0.023	-0.1442	-0.4358	0.0026773350725593018	0.00017627825445142725	-0.0006789330790257941	1.01977623	30.51651001	0.93901595	0.06318637830567728	0.0472147	0.00182
0.0182	-0.0832	-0.3741	0.0017366026057343581	0.0004188790204786391	-0.0006684611035138282	1.02364802	30.63237	0.96384988	0.18719026041820608	0.0420399	0.00103
0.0246	-0.1425	-0.4024	0.002324778563656447	0.0007016223593017205	-0.0007295476273336296	1.06626868	31.9077816	0.95451911	0.1406002910282486	0.0466987	0.00129
0.0311	-0.1909	-0.4155	0.0026511551337793865	0.000619591884457987	-0.0007068583470577034	1.03536558	30.98301506	0.94744163	0.08955481626212998	0.046631	0.00159
0.0282	-0.1886	-0.4003	0.0021013764194011725	0.0003525565089028545	-0.0007155849933176752	1.03939617	31.10363007	0.93883397	0.0616770368096659	0.0493914	0.00166
0.019	-0.1264	-0.3675	0.0018744836166419098	0.00042411500823462205	-0.0006632251157578452	1.0721277	32.08311081	0.97472551	0.121740558982543	0.0451959	0.00097
0.0198	-0.1464	-0.4005	0.00222529479629277	0.0005654866776461627	-0.000598647933434055	0.99330658	29.72441292	0.91744302	0.08163800156930959	0.0439714	0.00137
0.0309	-0.1909	-0.4285	0.002665117767795341	0.000645771823237902	-0.0006265732014659643	1.01396227	30.3425293	0.93246059	0.11100166925631091	0.0513726	0.00206
0.0304	-0.1739	-0.426	0.002707005669843205	0.0003682644721708035	-0.0006283185307179585	1.0602212	31.72681427	0.93969676	0.03605702911834782	0.0479194	0.00196
0.024	-0.112	-0.383	0.0026075219024795284	0.000486946861306418	-0.0006283185307179585	1.01825368	30.47094917	0.97341097	0.12220830782496452	0.0394444	0.0009
0.0241	-0.1167	-0.4116	0.002516764781375823	0.0006719517620178169	-0.0006213372137099814	0.96370232	28.83851433	0.92230267	0.04753716694115409	0.0425799	0.00107
0.0269	-0.1913	-0.4364	0.002823942729726825	0.00048171087355043494	-0.0006422811647339132	0.99494308	29.77338409	0.94794226	0.12811813939211575	0.0472783	0.00184
0.0265	-0.1906	-0.4666	0.0030124382889422127	7.504915783575618e-05	-0.0006283185307179585	0.9863258	29.51551437	0.92236256	0.06175599544730107	0.0512651	0.00261
0.0262	-0.1412	-0.4273	0.0023457225146803788	0.00022165681500327985	-0.0006265732014659643	1.09806573	32.85929871	0.97915449	0.12975343803406758	0.047201	0.00191
0.0163	-0.1223	-0.4291	0.002366666465704311	0.0001937315469713706	-0.0006492624817418905	1.10527134	33.07492447	0.97622021	0.03417792496658833	0.0464612	0.00167
0.0205	-0.1994	-0.4417	0.002584832622203602	0.0003595378259108319	-0.0006684611035138282	1.10637558	33.10797119	1.00422336	0.11405855286053448	0.0536129	0.00256
0.0184	-0.2115	-0.4474	0.002897246558310587	-9.948376736367679e-05	-0.0006649704450098395	1.1027081	32.99822235	0.95852043	0.05864630939427416	0.0503808	0.00285
0.0163	-0.1896	-0.4224	0.002858849314766712	-0.0001605702911834783	-0.0006789330790257941	1.00518227	30.07978821	0.92571343	0.054672320068981595	0.0457826	0.00233
0.0091	-0.1211	-0.3807	0.002553416695667704	1.3962634015954635e-05	-0.0006963863715457374	1.06367469	31.83015823	0.98375188	0.1422709418409192	0.0407473	0.00114
0.0114	-0.1674	-0.3814	0.0016179202165987434	8.552113334772214e-05	-0.0006998770300497262	1.05375028	31.53317451	0.95892256	0.09982728184523587	0.0463118	0.00191
0.019	-0.194	-0.412	0.002190388211252884	-6.108652381980153e-05	-0.0007068583470577034	1.04756677	31.34813309	0.93150017	0.10110284844148204	0.049077	0.00262
0.0147	-0.1773	-0.4222	0.0026563911215353696	-0.00021467549799530252	-0.0006894050545377602	1.04797101	31.3602314	0.93602865	0.06305225884889654	0.0466983	0.00217
0.0157	-0.1276	-0.3571	0.0022654373690886398	0.0001064650843716541	-0.0006370451769779302	1.07669055	32.21965408	0.97651	0.15402271061867587	0.0372638	0.00093
0.0268	-0.1426	-0.3601	0.0016702800941585732	0.0003769911184307752	-0.0005916666164260777	1.00024319	29.93198967	0.91909826	0.07465309347705201	0.0417029	0.00105
0.027	-0.185	-0.4116	0.002590068609959585	0.0002513274122871834	-0.0006597344572538566	1.04380631	31.23560143	0.93524352	0.14977600313861916	0.0448	0.00173
0.024	-0.186	-0.4376	0.003262020371977402	0.00014486232791552936	-0.0006579891280018621	1.05669117	31.62117958	0.93398695	0.06900810878207325	0.0476691	0.00187
0.015	-0.1211	-0.3529	0.001500983156715123	0.0001239183768915974	-0.0005969026041820607	1.07419503	32.14497757	0.96551644	0.2507533845053006	0.0409498	0.00092
0.0143	-0.1389	-0.3826	0.0019757127132575807	0.0003961897402027128	-0.0005811946409141118	1.01325107	30.3212471	0.92979915	0.0863354441560761	0.0447419	0.00126
0.0126	-0.185	-0.384	0.0017366026057343581	0.00010995574287564276	-0.0006213372137099814	1.02101541	30.55359268	0.94030375	0.07747433388230812	0.049455	0.00213
0.0092	-0.1943	-0.3962	0.0020315632493213996	-0.0001832595714594046	-0.0006649704450098395	0.99842948	29.87771416	0.918294	0.05649045946109733	0.0489798	0.00241
0.0035	-0.1407	-0.379	0.0023230332344044524	-0.00010471975511965978	-0.000661479786505851	1.00653458	30.12025642	0.96042588	0.09517502299633933	0.0404078	0.00118
0.0029	-0.152	-0.4142	0.00294262511886244	0.0002617993877991494	-0.0006492624817418905	0.96382231	28.84210396	0.91179877	0.09701641660703786	0.0451197	0.00156
0.0062	-0.2028	-0.4148	0.002518510110627818	0.00015009831567151235	-0.000710349005561692	0.97729152	29.24516678	0.93228264	0.08454513020910302	0.0464571	0.00214
0.0068	-0.2072	-0.4571	0.0033283428835531865	-0.0001291543646475804	-0.0007435102613495844	0.95664722	28.62739182	0.91078705	0.10341233545161768	0.0510214	0.00283
0.0044	-0.1383	-0.4075	0.002490584842595908	-9.075712110370512e-05	-0.0007225663103256524	0.99964279	29.91402245	0.9552836	0.1657549617762543	0.0435707	0.00156
0.005	-0.1354	-0.4209	0.0021956241990088664	7.155849933176751e-05	-0.0006963863715457374	1.01682794	30.42828178	0.92954803	0.04107281014012151	0.0463484	0.00218
0.012	-0.1897	-0.4165	0.0018867009214058703	0.00013788101090755203	-0.0006859143960337716	1.05366063	31.53048897	0.97591213	0.08498588823453737	0.050692	0.00288
0.0125	-0.1942	-0.4532	0.0026511551337793865	-7.67944870877505e-05	-0.0006719517620178169	1.04136109	31.16242981	0.94721367	0.09135461721923868	0.0510322	0.00302
0.0124	-0.1522	-0.4002	0.001980948701013564	8.028514559173915e-05	-0.0006492624817418905	1.06498945	31.86950302	0.96091512	0.1375987672860619	0.0454434	0.00204
0.0074	-0.1111	-0.4015	0.002015855286053451	0.0001675516081914556	-0.0006300638599699529	1.06525326	31.87739754	0.97065372	0.05446858347057705	0.0478839	0.00201
0.0145	-0.1824	-0.4174	0.0022759093446006054	0.0002844886680750757	-0.0006475171524898963	1.06513274	31.87378883	0.97865054	0.11402222054753584	0.0481374	0.00231
0.0135	-0.2079	-0.4157	0.0025272367568877894	-6.108652381980153e-05	-0.0006841690667817771	1.07395136	32.13768387	0.94631672	0.05987772592369706	0.0521389	0.00288
0.0102	-0.1282	-0.3029	0.0022200588085367874	-6.108652381980153e-05	-0.0006492624817418905	1.2517792	37.45912933	1.17147248	0.2129042266695444	0.033039	0.00087
0.016	-0.0423	-0.2729	0.001811651763570114	0.00032463124087094524	-0.0006178465552059926	1.37255335	41.07326126	1.32048508	0.1629770368096659	0.0297393	0.00068
0.0257	-0.2549	-0.4858	0.0026878070480712674	0.0003700098014227979	-0.0006894050545377602	1.60500669	48.02936172	1.52618843	0.4848546172192387	0.0594016	0.00556
0.0212	-0.2378	-0.5126	0.003043854215478111	1.5707963267948964e-05	-0.0007033676885537148	1.05794895	31.65881538	0.95196904	0.08461558197888229	0.0610839	0.00594
0.0227	-0.1893	-0.4943	0.002617993877991494	-8.726646259971648e-05	-0.0006824237375297829	1.04437244	31.2525444	0.94888815	0.09578893571891064	0.0576761	0.00497
0.0208	-0.1171	-0.4485	0.0022148228207808044	0.00022689280275926284	-0.0006475171524898963	1.07524407	32.17636871	0.99835606	0.15751184538047777	0.0494082	0.00266
0.0267	-0.1548	-0.4696	0.0022933626371205488	0.0004049163864626844	-0.0006003932626860494	1.02219629	30.58893013	0.9409484	0.07988436449235065	0.0527687	0.00328
0.0273	-0.1926	-0.4953	0.002782054827678961	0.00015533430342749534	-0.0006649704450098395	1.05089045	31.44759369	0.9481348	0.10424257279586956	0.0574707	0.00477
0.0261	-0.1987	-0.4884	0.002813470754214859	-2.268928027592628e-05	-0.0006963863715457374	1.01355386	30.33030701	0.92120321	0.026242771838760896	0.0568921	0.00463
0.028	-0.1244	-0.4468	0.0023439771854283846	0.00024085543677521747	-0.0006021385919380437	1.01764429	30.45271301	0.96284398	0.1591643032722656	0.0494025	0.00276
0.0301	-0.1601	-0.4696	0.002432988977280095	0.0003892084231947355	-0.0006684611035138282	1.0297823	30.81593704	0.94218733	0.0757843644923507	0.0528395	0.00319
0.0324	-0.1909	-0.4912	0.002701769682087222	0.0002583087292951608	-0.0006754424205218055	1.0303756	30.83369255	0.92743698	0.07503308578573394	0.0571089	0.00391
0.0308	-0.1831	-0.4955	0.0026825710603152844	0.00017453292519943296	-0.0006894050545377602	1.03462756	30.96093178	0.92888782	0.019546852994180942	0.0572605	0.00434
0.0282	-0.1292	-0.4365	0.0020315632493213996	0.0003787364476827695	-0.0006178465552059926	1.04939604	31.40287209	0.95865937	0.16183849164044944	0.0498149	0.00243
0.0288	-0.124	-0.4524	0.0022218041377887812	0.0005864306286700947	-0.000619591884457987	0.96187669	28.78388214	0.91407346	0.0416840199353351	0.0506828	0.00256
0.031	-0.1687	-0.4454	0.00214850030920502	0.0005061454830783556	-0.0006510078109938849	1.00887728	30.19036102	0.92649164	0.06315024503556992	0.0528538	0.00263
0.0285	-0.1575	-0.461	0.001933824811209717	0.0002373647782712288	-0.0007173303225696694	1.02123141	30.56005669	0.92545117	0.05678893571891069	0.0564142	0.00343
0.0257	-0.1236	-0.4642	0.002501056818107874	0.0003211405823669566	-0.0006632251157578452	1.02226543	30.5909996	0.94451	0.07515565089028542	0.0505203	0.0026
0.0194	-0.1053	-0.4625	0.0022008601867648495	0.0005061454830783556	-0.0006824237375297829	1.01654184	30.4197197	0.9384008	0.05152000769131805	0.0504634	0.00273
0.0256	-0.1716	-0.4968	0.0024172810140121463	0.0005078908123303499	-0.0006963863715457374	1.0508467	31.44628525	0.96674986	0.11840643952576228	0.0575146	0.00383
