trans_x	trans_y	trans_z	rot_x	rot_y	rot_z	dvars_std	dvars_nstd	dvars_vstd	framewise_displacement	aqi	aor
0.0	-0.0	0.0	-0.0	0.0	-0.0	n/a	n/a	n/a	n/a	0.0283297	0.01139
-0.003	0.0209	0.0253	-0.0001012290966156711	0.00011519173063162575	-1.7453292519943296e-05	1.18534744	33.28403473	1.0058737	0.060893705988362	0.0276465	0.00712
-0.0071	0.05	0.0273	5.061454830783555e-05	0.0001239183768915974	-8.37758040957278e-05	1.13897932	31.98203659	0.97414765	0.04654464013796315	0.0269822	0.00595
-0.01	0.1017	0.0794	-0.00018675022996339323	0.00013439035240356338	-6.9813170079773176e-06	1.16316342	32.66111755	1.00165458	0.12293156204354724	0.0264215	0.00341
-0.0087	0.0504	0.0645	-0.00047123889803846896	0.00010471975511965978	-2.094395102393195e-05	1.05780816	29.7027874	0.96893556	0.08390609496874672	0.0250667	0.00256
-0.0105	0.0108	0.0407	-0.001324704902263696	7.330382858376184e-05	-0.00022689280275926284	1.11652625	31.35156631	1.02340435	0.11974153912482279	0.021264	0.00205
-0.0096	0.0365	0.0431	-0.001562069680534925	1.9198621771937625e-05	-0.00029321531433504735	1.07112765	30.07679367	0.9514717	0.04688962483294189	0.0205207	0.00173
-0.0115	0.0385	0.0336	-0.001403244718603441	3.4906585039886588e-06	-0.00032637657012293966	1.19814134	33.64328003	0.99475935	0.02378470904936627	0.0203194	0.00157
-0.0179	0.0492	0.0324	-0.001329940890019679	-0.00012042771838760874	-0.00026878070480712676	1.27443445	35.78555679	1.01202715	0.03104090353955861	0.0202802	0.00129
-0.0225	0.0822	0.077	-0.001244419756671957	-9.250245035569947e-05	-0.00019896753472735358	1.29530978	36.37172699	1.03481603	0.09136297857297022	0.0188726	0.00122
-0.0167	0.045	0.056	-0.0014852751934471744	-1.7453292519943296e-05	-0.00019024088846738194	1.27950573	35.92795563	1.02553515	0.08023156204354728	0.0185016	0.00123
-0.0234	-0.0255	0.0573	-0.0017680185322702558	-0.00022165681500327985	5.235987755982988e-06	1.36815965	38.41732025	1.06498121	0.11262118687648912	0.0230232	0.00165
-0.0206	0.0501	0.0398	-0.0014765485471872027	-0.00014660765716752367	-0.0001291543646475804	1.41684449	39.78437042	1.04077733	0.1209454747661186	0.0195338	0.00122
-0.0166	0.0605	0.0631	-0.0013404128655316449	3.4906585039886588e-06	-0.00013788101090755203	1.01318443	28.44977379	0.92278557	0.05244803217935209	0.0197159	0.00127
-0.0157	0.0708	0.0765	-0.0014189526818713899	-1.7453292519943294e-06	-0.00017802358370342162	1.02339196	28.73639679	0.93389456	0.03079591884457988	0.0189493	0.0013
-0.0186	-0.0026	0.0285	-0.0010122909661567112	-0.00014137166941154068	-0.0002513274122871834	1.06459379	29.89332581	0.97182043	0.15527959422289936	0.0213981	0.00158
-0.0218	0.0312	0.0372	-0.0007347836150896127	-0.00028274333882308137	-0.00027925268031909274	1.18957531	33.40275192	0.99328548	0.0680402144255274	0.0207437	0.0011
-0.0234	0.0838	0.0865	-0.0009250245035569946	-0.0002583087292951608	-0.00014486232791552936	1.19878566	33.66137314	1.00702671	0.12095329251994329	0.0192287	0.00083
-0.0205	0.0087	0.0369	-0.0007068583470577034	-0.00029845130209103034	-0.00017453292519943296	1.1049484	31.02646255	0.99857571	0.14199896632895315	0.0203284	0.00096
-0.0298	0.0129	0.0297	-0.0003665191429188092	-0.00045553093477052	-0.00017802358370342162	1.09552467	30.76185036	0.97480106	0.04574547476611864	0.0205706	0.00101
-0.0336	0.0855	0.0803	-0.0004485496177625427	-0.0005340707511102648	-5.4105206811824215e-05	1.17139065	32.89213181	1.0413289	0.1412244334037538	0.0196297	0.00055
-0.0286	0.0416	0.0486	-0.0003385938748868999	-0.0006056292504420323	-0.00011693705988362007	1.09450388	30.73318672	0.98242173	0.09281730476396031	0.0198395	0.00056
-0.0334	0.001	0.0249	-0.000148352986419518	-0.0007435102613495844	-0.0002513274122871834	1.12578177	31.61145592	0.97230965	0.09222561258892484	0.02122	0.00076
-0.0394	0.0593	0.064	-9.599310885968811e-05	-0.0007906341511534313	-0.0002251474735072685	1.16670871	32.76066589	1.01011214	0.10968318530717956	0.0209444	0.00044
-0.0374	0.0826	0.0859	-0.0003525565089028545	-0.0008726646259971648	-0.00013962634015954637	1.11327314	31.26021957	0.97485429	0.06840575041173111	0.020201	0.00048
-0.0379	-0.0057	0.0408	0.00024260076602721178	-0.0009424777960769379	-0.00021642082724729686	1.17159605	32.89789963	1.02772223	0.17098824660487952	0.0226796	0.00073
-0.0411	0.0001	0.0568	0.0004188790204786391	-0.0009948376736367678	-0.00022165681500327985	1.12983167	31.72517586	0.97962521	0.036693705988362	0.023745	0.00105
-0.0468	0.0731	0.1043	9.075712110370512e-05	-0.0009494591130849152	-5.235987755982989e-05	1.11940372	31.43236351	1.01789728	0.1533398698685118	0.0219255	0.00035
-0.0434	0.0171	0.0455	0.0004415683007545654	-0.0010000736613927507	-0.00013439035240356338	1.13163292	31.77575493	0.98875156	0.14237281014012143	0.0224426	0.00069
-0.0518	0.007	0.043	0.0006859143960337716	-0.0010925761117484504	-0.0001884955592153876	1.03711462	29.12172318	0.94101749	0.040547687622336494	0.0242143	0.00119
-0.055	0.0697	0.0949	0.0002530727415391778	-0.0011222467090323538	-1.9198621771937625e-05	1.04383671	29.3104763	0.96807719	0.14939045946109736	0.0233538	0.00061
-0.0483	0.0099	0.0373	0.0006597344572538566	-0.0011013027580084218	-0.0001064650843716541	1.14342785	32.10694885	1.02531039	0.14984360646691636	0.025781	0.00186
-0.0472	0.0068	0.0236	0.000778416846389471	-0.0012130038301360591	-0.00020594885173533088	1.10646057	31.06892586	0.95302109	0.03439336143134643	0.0257336	0.00182
-0.0456	0.0805	0.0771	0.0001186823891356144	-0.0009965830028887623	-4.363323129985824e-05	1.1546073	32.42086411	1.01664367	0.1807235452468313	0.0224795	0.00064
-0.0399	0.0109	0.0233	0.0005567600313861911	-0.0008761552845011534	-9.42477796076938e-05	1.10462153	31.0172863	1.01744127	0.15955599544730106	0.0241315	0.00136
-0.0445	-0.0094	0.0087	0.0008429940287132613	-0.0010524335389525807	-0.00016231562043547262	1.13747752	31.93986702	0.98811827	0.0660290046303138	0.0257728	0.00317
-0.0539	0.0313	0.0407	0.0007173303225696694	-0.0010681415022205296	-0.00011170107212763708	1.22792137	34.47949219	1.01301157	0.0916993108859688	0.0241444	0.00161
-0.0477	0.0606	0.0603	0.0003595378259108319	-0.0009285151620609833	-1.5707963267948964e-05	1.13166058	31.77652931	0.99088683	0.08477059728390358	0.0228716	0.00094
-0.0512	-0.0083	0.0274	0.00017627825445142725	-0.0010053096491487337	-0.00014311699866353502	1.13289917	31.81130791	1.00471965	0.12467315469713706	0.0230218	0.00118
-0.0554	0.0196	0.0384	0.0002495820830351891	-0.0010629055144645468	-0.00020594885173533088	1.1076957	31.10360718	0.95296237	0.05278657734856853	0.0226499	0.00114
-0.0546	0.0679	0.0749	1.3962634015954635e-05	-0.0009075712110370514	-8.901179185171081e-05	1.10632265	31.06505203	0.98322047	0.11099454061651748	0.0211843	0.00043
-0.0546	0.0031	0.0322	0.0001012290966156711	-0.0008831366015091308	-0.00011170107212763708	1.06425989	29.88394737	0.98103239	0.11421951762017817	0.0215548	0.00073
-0.0788	-0.0053	0.0383	0.00017453292519943296	-0.001308996938995747	-0.0001675516081914556	1.06358302	29.86494255	0.95635304	0.06645073510670982	0.0226691	0.00076
-0.0782	0.0749	0.0773	5.235987755982989e-05	-0.00102799892942466	-8.028514559173915e-05	1.09599876	30.77516174	0.99700783	0.1443218759905203	0.020482	0.00044
-0.0674	0.0544	0.0613	-3.316125578789226e-05	-0.0008779006137531476	-8.726646259971648e-05	1.03925025	29.18169022	0.94024427	0.05943003830136059	0.0200315	0.0005
-0.0664	0.0018	0.0216	0.0003665191429188092	-0.0009721483933608416	-0.00014486232791552936	1.08038688	30.33678627	0.97002084	0.1208762021815104	0.0222928	0.0014
-0.0692	0.0415	0.0405	0.00022165681500327985	-0.0010332349171806431	-0.00011519173063162575	1.0741502	30.16166306	0.95654196	0.07318097245096172	0.0212404	0.00076
-0.0612	0.0806	0.0765	-0.0004136430327226561	-0.0008604473212332044	-6.806784082777885e-05	1.08775914	30.54379845	0.98281487	0.12586056667386109	0.0211696	0.0004
-0.0515	0.0024	0.0252	0.00012217304763960306	-0.0011013027580084218	3.4906585039886588e-06	1.07056355	30.06095314	0.99266458	0.18161150082346217	0.0226675	0.00082
-0.0694	-0.0344	0.0276	1.9198621771937625e-05	-0.0013439035240356337	-0.00010471975511965978	1.21440601	34.09998703	0.97692402	0.07978928027592627	0.0245662	0.00131
-0.0685	0.105	0.0465	0.0004572762640225143	-0.0012269664641520136	-8.901179185171081e-05	1.49952614	42.10603333	1.12245646	0.18773613327010727	0.0226212	0.00098
-0.0651	0.0577	0.0455	0.000291469985083053	-0.0012269664641520136	-8.901179185171081e-05	1.27633202	35.83884048	1.07132275	0.05999031394697306	0.0215556	0.00092
-0.0679	-0.0242	0.0203	0.0005480333851262194	-0.0013020156219877698	-0.00014311699866353502	1.25596356	35.26690292	1.06014804	0.12918588823453733	0.0228654	0.00139
-0.0701	0.0404	0.033	0.000705113017805709	-0.001361356816555577	-0.00012740903539558605	1.06733036	29.97016716	0.97984991	0.09110643952576228	0.0224926	0.00116
-0.0655	0.0519	0.0458	0.0005742133239061344	-0.001282817000215832	-8.726646259971648e-05	1.03105521	28.95157433	0.93940269	0.041379104151759445	0.0230432	0.00104
-0.0691	-0.0194	-0.0003	0.0010314895879286487	-0.0014800392056911916	-0.00016929693744344995	1.14870524	32.2551384	1.02003588	0.15782644721708036	0.0251343	0.00248
-0.0735	0.017	0.033	0.0008499753457212384	-0.0014329153158873448	-0.00019896753472735358	1.15727913	32.49588776	0.9974554	0.08701543646475805	0.023042	0.00119
-0.0718	0.0776	0.0682	0.0004380776422505767	-0.0013543754995475996	-0.0001605702911834783	1.14853907	32.25046921	1.0217622	0.1239417381677141	0.021523	0.00067
-0.0732	-0.0042	0.0231	0.0009983283321407565	-0.0014590952546672592	-0.00019896753472735358	1.21967518	34.24794006	1.04906162	0.16346838442768571	0.024114	0.00187
-0.0784	0.0187	0.0382	0.0010995574287564276	-0.0015987215948268059	-0.00023212879051524583	1.21865165	34.21920013	1.00140662	0.056900834628155504	0.0246561	0.00192
-0.0796	0.0807	0.0766	0.0007627088831215222	-0.001410226035611418	-7.155849933176751e-05	1.21484947	34.1124382	1.01977765	0.1358957198016886	0.0228332	0.00078
-0.0764	0.0076	0.0241	0.0011466813185602744	-0.0014538592669112763	-9.773843811168246e-05	1.09235156	30.67275047	0.997208	0.15148928027592629	0.024754	0.00227
-0.0818	0.001	0.0075	0.001572541656046891	-0.0018256143975860688	-0.00017627825445142725	1.0684582	30.00183678	0.96901357	0.0724077642250577	0.0271959	0.00526
-0.0835	0.0591	0.0465	0.0011397000015522971	-0.0017383479349863521	-0.00010821041362364843	1.07027829	30.05294418	0.98007605	0.12820879789610448	0.0243856	0.00202
-0.0779	0.035	0.0274	0.0009162978572970229	-0.0015969762655748114	-0.0001064650843716541	1.00789535	28.30125809	0.95135334	0.06712595714594047	0.0237513	0.00197
-0.0808	-0.0089	0.0043	0.0011484266478122688	-0.001759291886010284	-0.00020420352248333657	1.06868029	30.0080719	0.97796088	0.09450914245312003	0.0262141	0.00372
-0.086	0.0594	0.0448	0.000619591884457987	-0.0016179202165987434	-0.0001361356816555577	1.12152135	31.4918251	0.99408283	0.15091371367968007	0.0238534	0.00143
-0.08	0.0494	0.0295	0.0003089232776029963	-0.0014381513036433276	-0.00015533430342749534	1.09506738	30.74900818	0.97934646	0.0567818070791172	0.0240479	0.00125
-0.0827	-0.0	-0.0071	0.0007627088831215222	-0.0015707963267948967	-0.0002129301687433082	1.12484252	31.58508301	1.00432521	0.12090132469929538	0.0265002	0.00315
-0.0862	0.0505	0.0201	0.0007470009198535729	-0.0015882496193148398	-0.00018500490071139895	1.22106981	34.28710175	1.00947034	0.08425432619099009	0.0253875	0.00216
-0.0795	0.092	0.0478	0.0003892084231947355	-0.0014922565104551516	-6.108652381980153e-05	1.21242499	34.04436111	1.02248034	0.10478519912050616	0.0237164	0.00099
-0.0848	0.0043	0.0166	0.0007086036763096977	-0.001499237827463129	-0.00020943951023931956	1.16673827	32.7614975	1.03605921	0.1479364778271229	0.0249157	0.00223
-0.0913	0.0245	0.029	0.0008168140899333463	-0.0016493361431346415	-0.00019198621771937622	1.1176157	31.38215637	0.96421819	0.052888101090755216	0.025076	0.00235
-0.0921	0.0664	0.0486	0.0007190756518216638	-0.0014608405839192536	-0.00013788101090755203	1.12973392	31.72243118	0.98085159	0.0793169602069447	0.0246743	0.00153
-0.0928	0.0877	0.0767	0.0002844886680750757	-0.0013473941825396225	-0.00014137166941154068	1.11058974	31.18487167	0.98422443	0.0776762021815104	0.0237497	0.00066
-0.0849	-0.0062	0.0255	0.0005585053606381855	-0.0013404128655316449	-0.00016929693744344995	1.10395837	30.99866486	1.01090064	0.16844616388014982	0.0248282	0.00165
-0.0895	0.0034	0.0211	0.0006859143960337716	-0.0016109388995907662	-0.000291469985083053	1.01646423	28.5418663	0.9276375	0.044605405854715514	0.0254509	0.00195
-0.0899	0.0735	0.0565	0.0003316125578789226	-0.001462585913171248	-0.000312413936106985	1.04360461	29.30395699	0.9687748	0.13207993877991495	0.0237337	0.00098
-0.0829	0.075	0.0554	-3.839724354387525e-05	-0.001296779634231787	-0.00022863813201125715	1.0794698	30.31103706	0.96318908	0.04057959422289933	0.022285	0.00042
-0.0833	0.0099	0.0013	0.0006475171524898963	-0.0013194689145077131	-0.00034033920413889426	1.09053934	30.62186432	0.99913674	0.16061523742186673	0.0231537	0.00154
-0.0891	0.0193	0.0032	0.001022762941668677	-0.0014538592669112763	-0.000307177948351002	1.09334838	30.70074081	0.98028887	0.044239869868511805	0.024491	0.00207
-0.0887	0.0781	0.0474	0.0005427973973702365	-0.001387536755335492	-0.00017104226669544429	1.19712555	33.61475754	1.0331871	0.13752118687648912	0.0215736	0.00067
-0.0833	0.0258	0.0187	0.0006702064327658224	-0.0013665928043115599	-0.00026354471705114377	1.10900533	31.14038086	0.98540241	0.09844277183876088	0.0221971	0.00098
-0.0905	-0.009	0.0083	0.0009407324668249436	-0.001541125729510993	-0.00034033920413889426	1.15314913	32.37992096	0.9785352	0.07849267231731523	0.0244188	0.00202
-0.0933	0.0721	0.0509	0.0005811946409141118	-0.0014852751934471744	-0.00030194196059501896	1.130656	31.74832344	1.01776609	0.14918928027592626	0.0208763	0.00054
-0.0863	0.0595	0.0424	0.00029321531433504735	-0.0016231562043547262	-0.0004433136300065597	1.04890573	29.45281219	0.95718969	0.05646160034490784	0.0208027	0.00059
-0.1084	0.0555	0.0842	1.2217304763960308e-05	-0.0018064157758141308	-0.000783652834145454	1.15431035	32.41252518	0.99626951	0.10812983925846928	0.0196515	0.00036
-0.0992	0.1368	0.1083	6.108652381980153e-05	-0.0015585790220309364	-0.0005044001538263612	1.16952562	32.83976364	1.01712777	0.14339793265790643	0.0201226	0.00034
-0.0937	0.0785	0.0904	-1.0471975511965975e-05	-0.0014137166941154068	-0.0005113814708343385	1.07474387	30.17833328	0.98482576	0.09287010721276372	0.0189593	0.00028
-0.1005	0.0366	0.0855	4.18879020478639e-05	-0.0014538592669112763	-0.0005480333851262194	1.10621476	31.06202316	0.96603248	0.060057718232378994	0.0197406	0.00033
-0.0972	0.0922	0.0895	-2.6179938779914945e-05	-0.0014381513036433276	-0.0005427973973702365	1.10965908	31.15873909	0.98586211	0.06735058959258554	0.0180334	0.00016
-0.0874	0.0891	0.086	-0.0001308996938995747	-0.0011955505376161158	-0.00027576202181510406	1.07981336	30.32068253	0.93945264	0.0471177948351002	0.0180497	0.00018
-0.09	0.0206	0.0525	0.00014311699866353502	-0.0012217304763960308	-0.0003961897402027128	1.05148304	29.52517891	0.96762586	0.12563121748653167	0.0197466	0.00039
-0.0987	0.0297	0.053	0.0003961897402027128	-0.0015219271077390555	-0.00047822021504644627	0.98081183	27.54076385	0.91370616	0.0500649923862968	0.0205179	0.00038
-0.0997	0.0839	0.0866	0.0006038839211900379	-0.0015254177662430443	-0.0003787364476827695	1.06466436	29.89530754	0.97060718	0.10433343034274951	0.0215087	0.0005
-0.1012	0.0655	0.0794	0.00062482787221397	-0.001583013631558857	-0.00045902159327450867	1.05798841	29.7078476	0.9304889	0.03504124809657419	0.0210706	0.00047
-0.1052	0.0292	0.0533	0.0010716321607245184	-0.0016528268016386303	-0.0005270894341022875	1.01892257	28.61089516	0.9322965	0.09563426497090503	0.0225155	0.00093
-0.1119	0.0437	0.0526	0.0012601277199399059	-0.0018360863730980347	-0.0005707226654021458	1.10283566	30.9671402	0.95311488	0.0426694180987325	0.0231097	0.00121
-0.112	0.0961	0.0966	0.0006544984694978735	-0.001668534764906579	-0.0005375614096142535	1.03306532	29.00801849	0.94275862	0.13681710572106903	0.0235167	0.00082
-0.1088	0.0582	0.0638	0.0008412486994612669	-0.0016824973989225337	-0.0004921828490624009	1.02693987	28.83601952	0.95162764	0.08620457122656004	0.0238115	0.00101
-0.1128	0.0196	0.0443	0.0010559241974565693	-0.0017174039839624202	-0.0005427973973702365	1.01488066	28.49740219	0.9407635	0.07710983156715123	0.0250133	0.00167
-0.1125	0.0836	0.0834	0.0008063421144213803	-0.0016423548261266642	-0.0004677482395344803	1.0652076	29.9105587	0.97813356	0.12338401993533504	0.0231661	0.00096
-0.1052	0.0707	0.0733	0.0005113814708343385	-0.0015323990832510211	-0.00047647488579445195	1.00388753	28.1887207	0.93960847	0.050982151636132816	0.0236536	0.00083
-0.1046	0.0174	0.0372	0.0008831366015091308	-0.001658062789394613	-0.0005916666164260777	1.04268599	29.278162	0.96699268	0.12063052837250048	0.0237241	0.00138
-0.1049	0.057	0.0518	0.000710349005561692	-0.0016772614111665507	-0.0006108652381980154	1.04518235	29.34825897	0.9415579	0.06505924197456571	0.0246549	0.00122
-0.1013	0.0946	0.0684	0.00020943951023931956	-0.0014765485471872027	-0.0004956735075663896	1.12301528	31.53377342	0.97592591	0.0986407044966673	0.0223114	0.00057
-0.1087	0.0285	0.0388	-0.00019547687622336493	-0.0016336281798666925	-0.0006667157742618339	1.1024369	30.95594215	0.98548749	0.13975191429188094	0.0218148	0.00057
-0.1051	0.0181	0.0549	0.0005672320068981572	-0.0017470745812463236	-0.0006492624817418905	1.20248044	33.76512146	1.0834483	0.07478042885105483	0.0274124	0.00414
-0.1187	0.1321	0.0448	0.0013805554383275148	-0.0016824973989225337	-0.0007941248096574199	1.3910594	39.06033325	1.14524407	0.18883814708343383	0.0282127	0.0038
-0.1097	0.0809	0.0403	0.0008988445647770796	-0.0014224433403753785	-0.0006841690667817771	1.21807241	34.20293808	1.06456753	0.10728603374866164	0.0243519	0.00157
-0.1113	0.018	0.0227	0.0007714355293814937	-0.0014905111812031574	-0.0007766715171374765	1.16821218	32.80288315	1.01155214	0.0964989663289532	0.0242249	0.00184
-0.112	0.0579	0.0361	0.0007679448708775049	-0.0014259339988793671	-0.000752236907609556	1.03644371	29.10288239	0.95064286	0.058625122517785	0.0236935	0.00136
-0.1113	0.1074	0.0696	0.00026354471705114377	-0.0013159782560037243	-0.0006562437987498679	1.08852136	30.56520081	0.96949383	0.11921745027808459	0.0228619	0.00042
-0.111	0.0256	0.0237	0.0007173303225696694	-0.0015132004614790836	-0.0007330382858376184	1.05481219	29.61866188	0.97067469	0.16439011490408179	0.0226485	0.00054
-0.1144	0.0473	0.0343	0.000614355896702004	-0.0015899949485668342	-0.0007278022980816354	1.06531727	29.91364098	0.94040549	0.04495024503556994	0.0214801	0.00062
-0.1104	0.0914	0.0703	0.0004258603374866164	-0.0014974924982111347	-0.0006265732014659643	1.00847638	28.31757164	0.93424204	0.10321135530933792	0.0204988	0.00036
-0.1042	0.0266	0.0407	0.0006824237375297829	-0.001499237827463129	-0.000778416846389471	1.02175105	28.69031906	0.94657211	0.12110761871093338	0.0213615	0.00058
-0.1052	0.0593	0.051	0.0006544984694978735	-0.001614429558094755	-0.0007871434926494425	0.99064195	27.81678963	0.9199221	0.051592182246175344	0.0212341	0.00063
-0.1047	0.0913	0.0847	0.0002478367537831948	-0.0015271630954950383	-0.0006562437987498679	1.00377548	28.18557358	0.9315259	0.09744139361069849	0.0197577	0.00034
-0.0999	0.0281	0.0346	0.00024609142453120044	-0.0015062191444711063	-0.0007609635538695277	1.03794241	29.14496613	0.97016947	0.12447045176977932	0.0193363	0.00041
-0.1036	0.0446	0.0525	1.7453292519943294e-06	-0.001541125729510993	-0.0008133234314293575	0.99452639	27.92586327	0.91053943	0.05468062789394613	0.018834	0.00023
-0.1125	0.1048	0.075	-0.00027750735106709843	-0.0014189526818713899	-0.000853466004225227	1.12572181	31.60977173	0.98188296	0.11367841503772828	0.0176609	0.00022
-0.1083	0.0617	0.0338	-0.0002600540585471551	-0.0013700834628155487	-0.000890117918517108	1.09068167	30.62586021	0.97655131	0.09364872129338328	0.01726	0.00025
-0.1097	0.1059	0.0636	-0.0008918632477691023	-0.0012060225131280816	-0.0008936085770210966	1.11060238	31.18522453	0.97338689	0.11536803987067018	0.0164701	0.00018
-0.1086	0.1437	0.0805	-0.0011379546723003027	-0.001223475805648025	-0.0007679448708775049	1.06466377	29.89529037	0.95788745	0.07526042115973677	0.0147493	0.00028
-0.1168	0.0465	0.0603	-0.0010803588069844899	-0.001408480706359424	-0.0008220500776893293	1.08380497	30.43276596	0.99112489	0.14043529864195178	0.0164087	0.00012
-0.1157	0.0547	0.0642	-0.000853466004225227	-0.0015079644737231008	-0.000900589894029074	1.04644918	29.38383102	0.93067734	0.033445819323134215	0.0158926	0.00016
-0.1155	0.1038	0.0863	-0.0006771877497737998	-0.0015254177662430443	-0.0008063421144213803	1.11491597	31.30635071	0.95917283	0.08579896632895323	0.0165596	0.00011
-0.1169	0.0619	0.0838	-0.0006632251157578452	-0.0014660765716752368	-0.0007609635538695277	1.03006399	28.9237442	0.93519157	0.05173411945678073	0.0165542	0.00012
-0.1117	0.0328	0.0548	-0.00047123889803846896	-0.0016022122533307947	-0.0008779006137531476	1.07659411	30.23028946	0.95529023	0.0855529479629277	0.0172164	0.00012
-0.1248	0.1148	0.091	-0.0009040805525330626	-0.0014905111812031574	-0.0009494591130849152	1.08957267	30.59472084	0.99814297	0.1621050612976999	0.0157278	0.00012
-0.1226	0.0957	0.075	-0.001408480706359424	-0.001514945790731078	-0.0008656833089891874	1.11761999	31.38227654	0.96347078	0.06793052837250049	0.0169937	0.00023
-0.1335	0.0686	0.0867	-0.0012339477811599909	-0.0017697638615222502	-0.0006544984694978735	1.27117705	35.6940918	1.0212913	0.08172679177409597	0.01829	0.00046
-0.1336	0.1296	0.0678	-0.000645771823237902	-0.0017523105690023068	-0.0007330382858376184	1.26013291	35.38397598	1.01765951	0.11420845333908884	0.0176986	0.00024
-0.134	0.1513	0.1028	-0.0009948376736367678	-0.0016982053621904826	-0.0006527531402458793	1.19671869	33.60333252	1.00477311	0.08127281014012147	0.0172249	0.00019
-0.1274	0.0605	0.0579	-0.0010733774899765126	-0.0015062191444711063	-0.000710349005561692	1.20743144	33.90414429	1.03363227	0.15870609496874669	0.0161299	0.00016
-0.1289	0.031	0.0468	-0.0009686577348568529	-0.0016179202165987434	-0.0007452555906015787	1.03228223	28.98602867	0.93881256	0.05466637061435914	0.0168481	0.00016
-0.119	0.1058	0.0656	-0.00023387411976724014	-0.0013456488532876281	-0.0006178465552059926	1.24960291	35.0882988	1.02301281	0.16022320068981571	0.0202501	0.00038
-0.1098	0.087	0.0784	-0.0005044001538263612	-0.0011257373675363424	-0.0004886921905584122	1.11921132	31.42695999	0.99246768	0.07177959422289935	0.0204355	0.0004
-0.1121	0.0342	0.0558	-0.0007138396640656808	-0.0012601277199399059	-0.0006859143960337716	1.13395429	31.84093666	0.98897717	0.1047526034059121	0.0194371	0.0002
-0.1227	0.0661	0.0609	-0.0005288347633542819	-0.0014556045961632708	-0.000705113017805709	1.11156094	31.21214104	0.9701708	0.06758401993533507	0.0190962	0.00024
-0.1128	0.1364	0.1029	-0.0010821041362364843	-0.0011047934165124105	-0.000614355896702004	1.13575125	31.89139366	1.01671952	0.17194188368183838	0.0189717	0.00024
-0.1108	0.0814	0.0843	-0.0012077678423800758	-0.0010419615634406148	-0.0006702064327658224	1.09441626	30.73072624	0.97126406	0.08781730476396028	0.0181843	0.00019
-0.1132	0.053	0.0575	-0.0009180431865490173	-0.0011466813185602744	-0.000783652834145454	1.04095042	29.22942924	0.93430892	0.08299454061651747	0.0174783	0.00012
-0.1125	0.1189	0.0904	-0.0013526301702956054	-0.0010262536001726657	-0.0008237954069413235	1.05674076	29.67281532	0.95478961	0.1292578637465033	0.0174393	0.00012
-0.1074	0.1203	0.0997	-0.0015707963267948967	-0.0009075712110370514	-0.0006859143960337716	1.02003229	28.64205551	0.93525401	0.03953647782712288	0.0172698	8e-05
-0.1082	0.0553	0.0603	-0.0013072516097437528	-0.0010629055144645468	-0.0008133234314293575	1.01495945	28.49961281	0.93645255	0.13251440279371127	0.0151103	0.0001
-0.1156	0.0683	0.0626	-0.001117010721276371	-0.0012897983172238095	-0.000874409955249159	0.96002835	26.95717239	0.90322709	0.046611010752322296	0.0154609	8e-05
-0.1196	0.1235	0.1036	-0.0013927727430914749	-0.0012636183784438947	-0.0008203047484373349	1.03766656	29.13721848	0.95224428	0.11800235837034212	0.0148621	0.00015
-0.1119	0.0643	0.0658	-0.0011850785621041497	-0.0012252211349000194	-0.0008918632477691023	1.01826763	28.59250641	0.95169174	0.1205824961931484	0.0146002	7e-05
-0.1158	0.0488	0.0646	-0.0009180431865490173	-0.0013683381335635543	-0.0009442231253289323	1.01062214	28.37782478	0.92773514	0.04372561258892484	0.0157639	0.00021
-0.1122	0.1167	0.0978	-0.0011641346110802177	-0.001296779634231787	-0.0008621926504851988	1.06007504	29.76644135	0.96915619	0.12468401993533504	0.01502	0.00012
-0.1089	0.0758	0.0663	-0.0010890854532444615	-0.001228711793404008	-0.0008360127117052838	1.07721114	30.24761581	0.98145031	0.0841648468721725	0.0154107	0.00013
-0.1143	0.0412	0.0358	-0.0009023352232810684	-0.0013404128655316449	-0.0008918632477691023	1.08333659	30.41961479	0.96536144	0.08821509190774243	0.0155938	0.00015
-0.1185	0.1088	0.0817	-0.001308996938995747	-0.001265363707695889	-0.000947713783832921	1.20651579	33.87843323	1.01157364	0.14457807048071264	0.0155268	0.00011
-0.1164	0.1128	0.0742	-0.001509709802975095	-0.0011763519158441782	-0.0009023352232810684	1.14269388	32.08634186	0.98412839	0.030355160819145546	0.0145202	0.00033
-0.1154	0.0431	0.0377	-0.0010384709049366262	-0.001335176877775662	-0.0009494591130849152	1.16618717	32.74602127	1.01248833	0.14105938748868999	0.0164216	0.00031
-0.1216	0.0946	0.0655	-0.0011135200627723821	-0.0013543754995475996	-0.0009285151620609833	1.21994436	34.25550079	0.99499364	0.09125958653158128	0.0149194	0.0002
-0.1151	0.1263	0.0857	-0.0013177235852557187	-0.0012932889757277981	-0.0008011061266653974	1.11196995	31.22362518	0.97308725	0.07803495408493617	0.0150073	0.0002
-0.1146	0.0359	0.0554	-0.000726056968829641	-0.0015777776438028737	-0.000890117918517108	1.1055491	31.04333305	1.00842431	0.1694583538176432	0.0166786	0.00024
-0.1244	0.0545	0.07	-0.0005393067388662478	-0.001837831702350029	-0.0009285151620609833	1.0685271	30.00377083	0.96031406	0.06726007660272121	0.0168016	0.00019
-0.1242	0.1285	0.1093	-0.0010576695267085637	-0.001656317460142619	-0.0008621926504851988	1.06109571	29.79510117	0.97761851	0.15180997708127547	0.0152749	0.00011
-0.124	0.0819	0.0955	-0.0012339477811599909	-0.001520181778487061	-0.0008587019919812101	1.01950788	28.62733078	0.9428333	0.07639522973054867	0.0147981	9e-05
-0.1285	0.036	0.0983	-0.001811651763570114	-0.0017313666179783749	-0.0007923794804054256	1.19269836	33.49044418	0.97827117	0.09596056667386109	0.019527	0.00049
-0.1266	0.1331	0.0725	-0.0014940018397071458	-0.001778490507782222	-0.0008831366015091308	1.27287757	35.74184036	1.0328664	0.14757654673852605	0.0172862	0.00017
-0.1265	0.1806	0.0965	-0.0017558012275062952	-0.0015271630954950383	-0.0009686577348568529	1.14462686	32.14061737	0.98278695	0.10153239667170276	0.0172579	0.00017
-0.123	0.0991	0.0704	-0.0021223203704251047	-0.0013910274138394805	-0.000973893722612836	1.18620765	33.30818939	1.02757441	0.13649454061651756	0.0171337	9e-05
-0.1258	0.0619	0.0553	-0.0015777776438028737	-0.0015289084247470327	-0.001048942880448592	1.09209454	30.66553307	0.96106242	0.09297364476827696	0.0172709	0.00013
-0.1309	0.1186	0.0897	-0.0018483036778619948	-0.0012426744274199627	-0.0009389871375729493	1.14402151	32.12361908	1.00562125	0.12953578871309168	0.0170003	0.00015
-0.1282	0.1146	0.0813	-0.0022985986248765322	-0.0009546951008408983	-0.000783652834145454	1.18552887	33.28912735	0.98825641	0.05978042885105484	0.0162786	0.00021
-0.1238	0.0608	0.0696	-0.0020682151636132805	-0.0010821041362364843	-0.0008918632477691023	1.21608257	34.14706421	1.01247681	0.09320014551412432	0.0167151	0.00027
-0.1308	0.0973	0.0804	-0.0018256143975860688	-0.0012304571226560022	-0.0009651670763528643	1.30794203	36.72643661	1.02190914	0.07751287905152457	0.016283	0.00017
-0.1286	0.1615	0.1291	-0.0024836035255879313	-0.001075122819228507	-0.0008063421144213803	1.2784847	35.89928818	1.07048956	0.1637074196680421	0.0177289	0.00035
-0.1257	0.1118	0.0917	-0.0022985986248765322	-0.0011327186845443199	-0.0009093165402890458	1.31526041	36.93193436	1.05059054	0.10727875959474384	0.0162489	0.00031
-0.1295	0.088	0.0858	-0.0019722220547535923	-0.001281071670963838	-0.0010070549784007281	1.2573173	35.30491638	1.00223637	0.06212339973270702	0.0171623	0.00038
-0.1267	0.1659	0.1268	-0.002574360646691636	-0.0012007865253720988	-0.0009930923443847736	1.35032916	37.91664886	1.05264238	0.15651931857728685	0.0168816	0.0002
-0.1288	0.1512	0.1537	-0.002967059728390361	-0.0010262536001726657	-0.0008674286382411819	1.14143479	32.05098724	0.98710989	0.07834478565208745	0.016238	0.00024
-0.1286	0.0897	0.1035	-0.0022497294058206906	-0.0012723450247038664	-0.000900589894029074	1.19873178	33.6598587	1.01569364	0.16172915014443817	0.0146008	8e-05
-0.1361	0.097	0.1007	-0.0019949113350295183	-0.001420698011123384	-0.0009512044423369096	1.12421703	31.56752014	0.96014895	0.040289280275926286	0.0143069	0.00017
-0.1336	0.1493	0.1441	-0.0027296949501191318	-0.001281071670963838	-0.0008866272600131194	1.12547004	31.60270119	0.99806415	0.14514935687864747	0.0144692	0.00012
-0.1252	0.0819	0.1034	-0.00231779724664847	-0.0012897983172238095	-0.0009773843811168245	1.08605146	30.4958477	0.97365911	0.1420690735417169	0.0138121	0.00011
-0.1297	0.0816	0.1104	-0.0022235494670407763	-0.0015184364492350666	-0.0010297442586766543	0.99137551	27.83738708	0.91588455	0.03056228945893901	0.014326	7e-05
-0.1337	0.1499	0.1429	-0.002722713633111154	-0.0015079644737231008	-0.0009756390518648303	1.02084887	28.66498566	0.9550408	0.1329870674197084	0.0140129	8e-05
-0.1322	0.0906	0.0893	-0.0023003439541285265	-0.0015219271077390555	-0.0010454522219446034	1.0275147	28.8521595	0.97337583	0.1397072741539178	0.0128084	7e-05
-0.1392	0.0864	0.0827	-0.0020245819323134223	-0.0017226399717184032	-0.001117010721276371	0.9919548	27.85365295	0.91740818	0.04520166925631095	0.0134742	7e-05
-0.1363	0.1524	0.1213	-0.0024277529895241124	-0.001637118838370681	-0.0010821041362364843	1.12267661	31.52426529	0.980706	0.13367993877991496	0.0136394	0.00012
-0.1344	0.1235	0.1039	-0.002303834612632515	-0.0015969762655748114	-0.0011117747335203881	1.1217854	31.49924088	0.98489503	0.05788657734856856	0.013733	6e-05
-0.1388	0.0778	0.0729	-0.001864011641129944	-0.0016999506914424768	-0.0012060225131280816	1.17248702	32.92292023	1.01009607	0.1129522588488965	0.014377	0.00014
-0.1407	0.1279	0.1025	-0.002282890661608583	-0.0016947147036864942	-0.0011274826967883368	1.27146626	35.70221329	1.02138231	0.10673274122871834	0.01405	0.00028
-0.1359	0.1362	0.121	-0.0024975661596038853	-0.0015777776438028737	-0.0010506882097005862	1.13970339	32.00236893	0.9910461	0.05202035224833365	0.0142457	0.00021
-0.1339	0.0848	0.0951	-0.002186897552748895	-0.0016179202165987434	-0.0011187560505283654	1.18461847	33.26356506	0.99868502	0.10024395102393192	0.014485	0.0003
-0.1356	0.0866	0.09	-0.0019250981649497454	-0.0017523105690023068	-0.0011606439525762293	1.20072973	33.71596146	0.97107607	0.030503882112528864	0.0144393	0.00013
-0.143	0.1227	0.1403	-0.0021938788697568722	-0.0016929693744344998	-0.0011309733552923255	1.17448652	32.97906494	0.99449744	0.11168962483294193	0.0147535	0.00016
-0.1409	0.133	0.1279	-0.002373647782712288	-0.0016458454846306526	-0.0011030480872604163	1.14577746	32.17292786	0.9760066	0.03754090353955861	0.0141459	0.00012
-0.1358	0.0824	0.0948	-0.0017296212887263805	-0.001626646862858715	-0.0010681415022205296	1.17474091	32.98620605	0.99423256	0.1237065850398866	0.0144194	0.00013
-0.1424	0.0689	0.1329	-0.0026092672317315226	-0.001574286985298885	-0.0010786134777324957	1.26608193	35.55102158	1.00715305	0.10532388980384688	0.0196128	0.00067
-0.1517	0.1889	0.1564	-0.0028571039855147177	-0.0016057029118347831	-0.001192059879112127	1.36630416	38.36521912	1.06283068	0.17243495408493625	0.0166963	0.00031
-0.142	0.194	0.1469	-0.0031433379828417875	-0.0014049900478554352	-0.001192059879112127	1.19312763	33.50249863	1.01925835	0.0486473430653209	0.0161743	0.00027
-0.1369	0.0918	0.1104	-0.0028640853025226946	-0.0014486232791552935	-0.001223475805648025	1.18954563	33.4019165	1.0274488	0.16151509190774246	0.0148935	7e-05
-0.1464	0.1225	0.1183	-0.002694788365079245	-0.0014608405839192536	-0.0012583823906879114	1.0287385	28.8865242	0.93159184	0.058921041362364805	0.0150288	0.0001
-0.1463	0.1796	0.1558	-0.0032061698359135836	-0.0013264502315156904	-0.0011833332328521555	1.07665861	30.23209763	0.9705515	0.1307410490536829	0.0154421	0.00011
-0.1437	0.1189	0.1156	-0.0028902652413026098	-0.0013020156219877698	-0.0012164944886400475	1.13773143	31.9469986	0.97962588	0.12217502299633932	0.0147847	0.00012
-0.1437	0.0872	0.1019	-0.0026895523773232616	-0.0014119713648634124	-0.0012880529879718153	1.19386315	33.5231514	0.98812408	0.06451135530933792	0.0150926	0.0002
-0.1415	0.1146	0.1045	-0.00272096830385916	-0.0012531464029319286	-0.0013055062804917586	1.30159926	36.54833221	1.00945216	0.04258470904936626	0.014264	0.0002
-0.1367	0.1706	0.1317	-0.0034033920413889425	-0.0009721483933608416	-0.0010314895879286487	1.2263751	34.4360733	1.03692285	0.149871921983199	0.0159091	0.0002
-0.1314	0.1168	0.0988	-0.003258529713473413	-0.0010210176124166828	-0.0011327186845443199	1.17356145	32.95308685	1.00551236	0.10674803217935208	0.0158499	0.00027
-0.1375	0.1088	0.0947	-0.003089232776029963	-0.0012130038301360591	-0.00124965574442794	1.18469608	33.26574326	0.96531424	0.04211101075232236	0.0157953	0.00014
-0.1439	0.118	0.1055	-0.003159045946109736	-0.0012688543661998775	-0.0012618730491919003	1.17236888	32.91960144	0.99345878	0.03329405054537758	0.0180225	0.00051
-0.1478	0.1801	0.1394	-0.0037978364523396607	-0.0013316862192716734	-0.0012636183784438947	1.20032334	33.7045517	1.0043596	0.13506838442768573	0.0171962	0.00035
-0.1371	0.2409	0.145	-0.0035342917352885177	-0.0010297442586766543	-0.0012950343049797925	1.24044716	34.83121109	1.00385329	0.10694513020910296	0.0172656	0.00026
-0.1304	0.1109	0.1018	-0.003450515931192789	-0.0010716321607245184	-0.00119729586686811	1.19588208	33.57984161	1.07913536	0.19107010721276377	0.0151777	5e-05
-0.1363	0.0976	0.0846	-0.002694788365079245	-0.0012252211349000194	-0.0012322024519079964	1.03869486	29.16609383	0.94366108	0.08361115626644657	0.0142276	0.00013
-0.1423	0.1552	0.1271	-0.003014183618194207	-0.0012042771838760874	-0.0011746065865921838	1.05211043	29.54279709	0.96892542	0.1259967534727353	0.0141556	0.00011
-0.1408	0.1175	0.0876	-0.0026895523773232616	-0.0014643312424232424	-0.0011205013797803594	1.03220212	28.98377991	0.95329523	0.11063952531149623	0.0140415	8e-05
-0.138	0.0645	0.0659	-0.002513274122871834	-0.0015027284859671175	-0.0012199851471440364	1.08189118	30.37902832	0.96570429	0.09320796326794897	0.0146908	0.00013
-0.1422	0.1486	0.1077	-0.0028309240467348025	-0.0013700834628155487	-0.0013631021458075715	1.16534698	32.72243118	1.03856801	0.15977059728390358	0.0143221	0.0002
-0.1292	0.1344	0.0793	-0.002925171826342496	-0.0011763519158441782	-0.0012723450247038664	1.17314315	32.9413414	1.02893811	0.07453682238413846	0.0138691	0.00029
-0.1277	0.0845	0.0617	-0.0030281462522101614	-0.0011850785621041497	-0.001291543646475804	1.24210227	34.87768555	1.01454733	0.07554498469497868	0.0137733	0.0001
-0.1316	0.1335	0.0915	-0.0028693212902786776	-0.001069886831472524	-0.0012758356832078548	1.1902473	33.42161942	1.00080922	0.09718623279155293	0.01214	4e-05
-0.1396	0.2171	0.1578	-0.0035465090400524776	-0.0009686577348568529	-0.0011693705988362008	1.15958297	32.56057739	1.03463524	0.20214409653805623	0.01375	0.00019
-0.1372	0.1384	0.1207	-0.003337069529813158	-0.0010070549784007281	-0.0013473941825396225	1.14446485	32.13607025	0.99737182	0.13949301687433083	0.0119652	7e-05
-0.1412	0.098	0.0983	-0.0030578168494940655	-0.0011222467090323538	-0.0013892820845874865	1.0839299	30.43627357	0.96096503	0.0886166156499291	0.0132833	0.00014
-0.1397	0.1729	0.1573	-0.003754203221039803	-0.001022762941668677	-0.001329940890019679	1.14683461	32.20261002	1.02129064	0.17816056667386107	0.0139608	0.0001
-0.1353	0.1407	0.1248	-0.0035796702958403696	-0.0009634217471008699	-0.0012845623294678264	1.15710175	32.49090576	0.97573283	0.08306263401595465	0.0124663	0.0001
-0.1432	0.0793	0.0895	-0.002829178717482808	-0.0012339477811599909	-0.001439896632895322	1.10261762	30.9610157	0.9825286	0.1634175957922089	0.0126981	7e-05
-0.1485	0.1159	0.0918	-0.0027192229746071652	-0.0013648474750595659	-0.0014608405839192536	1.0955441	30.76239586	0.96708947	0.05728996938995747	0.0126455	4e-05
-0.1504	0.1655	0.1282	-0.0029548424236264	-0.00147131255943122	-0.0013578661580515882	1.21231794	34.04135513	1.03074402	0.11015294796292772	0.0138983	0.00019
-0.1474	0.1401	0.1127	-0.0030072023011862297	-0.001356120828799594	-0.0014172073526193955	1.20281589	33.77453995	1.01024973	0.05524464013796316	0.0136685	0.00011
-0.1502	0.1115	0.1008	-0.002967059728390361	-0.0012845623294678264	-0.0015114551322270892	1.23176253	34.58734894	1.02950884	0.0535974425867665	0.0145894	0.00033
-0.1502	0.1531	0.1131	-0.0029880036794142917	-0.0013212142437597075	-0.0015323990832510211	1.35893857	38.15839767	1.11124347	0.057826990816987216	0.016398	0.0034
-0.1518	0.1585	0.1185	-0.0029880036794142917	-0.0013421581947836393	-0.0014381513036433276	1.28975475	36.21574402	1.13161375	0.01815958653158123	0.0170354	0.002
-0.1532	0.1615	0.1048	-0.0030072023011862297	-0.0013491395117916165	-0.0014974924982111347	1.23944962	34.80319977	1.00177601	0.02237605666738612	0.0149697	0.00059
-0.1533	0.2057	0.147	-0.003371976114853045	-0.0012217304763960308	-0.0014067353771074296	1.24430251	34.93946457	1.03244848	0.11564699850830527	0.0159085	0.00015
-0.1491	0.1692	0.141	-0.0033108895910332428	-0.0012618730491919003	-0.0012252211349000194	1.30755913	36.71568298	1.03704578	0.06083716694115409	0.0143261	0.00013
-0.1756	0.1079	0.1266	-0.0026930430358272505	-0.0015917402778188286	-0.0004363323129985824	1.35717845	38.10897446	1.15709941	0.1890301302867179	0.0187042	0.00119
-0.1607	0.193	0.0996	-0.0021467549799530253	-0.0017610372152622785	-0.0004537856055185257	1.3504827	37.92095947	1.13622891	0.16365191429188092	0.0171732	0.0003
-0.1516	0.1862	0.1412	-0.001635373509118687	-0.0016947147036864942	-0.00018500490071139895	1.13927472	31.99033165	1.02684063	0.09982423436086246	0.0167169	0.0003
-0.1423	0.0937	0.0781	-0.0014590952546672592	-0.0015132004614790836	-0.0004485496177625427	1.21458638	34.10504913	1.08864991	0.19596686068549907	0.0153089	0.0002
-0.1464	0.0909	0.0739	-0.001244419756671957	-0.001616174887346749	-0.0006178465552059926	1.02285767	28.72139359	0.92800742	0.035447343065320894	0.0161459	7e-05
-0.1504	0.1654	0.0944	-0.0014346606451393388	-0.0014486232791552935	-0.0007033676885537148	1.11195815	31.2232933	0.99250666	0.12116568150032796	0.0154871	0.00013
-0.1432	0.1598	0.0761	-0.0015358897417550098	-0.0012758356832078548	-0.0006859143960337716	1.16039884	32.58348846	1.00619591	0.04567349925415264	0.0151573	0.00012
-0.1378	0.1152	0.0448	-0.0017523105690023068	-0.0013892820845874865	-0.0008656833089891874	1.27259541	35.73391724	1.04238983	0.1067818070791172	0.0154357	0.00016
-0.1461	0.1844	0.0947	-0.002946115777366428	-0.001265363707695889	-0.0009128071987930344	1.30754697	36.71534348	1.08065028	0.19564237375297827	0.0170934	0.0002
-0.144	0.1922	0.1008	-0.0033981560536329595	-0.001192059879112127	-0.0008866272600131194	1.20236135	33.76177597	1.00564486	0.043576202181510426	0.0157717	0.00029
-0.1436	0.1081	0.0582	-0.002478367537831948	-0.0014259339988793671	-0.0010035643198967395	1.22642422	34.43745041	1.03029028	0.1906299847725936	0.0145966	0.00013
-0.1465	0.1405	0.1012	-0.002823942729726825	-0.001322959573011702	-0.0009459684545809266	1.1216203	31.4946022	0.96536215	0.10360727415391777	0.0138194	0.00011
-0.1351	0.1482	0.1065	-0.0029949849964222694	-0.0010663961729685354	-0.0006963863715457374	1.02398634	28.75308609	0.95435265	0.058259387488689994	0.0143806	0.00012
-0.1374	0.0763	0.0761	-0.0028187067419708422	-0.0012740903539558604	-0.000973893722612836	1.05271494	29.55977058	0.98585683	0.1376739893252925	0.0137863	0.0001
-0.1431	0.1028	0.085	-0.0026616271092913526	-0.0014346606451393388	-0.0009948376736367678	1.0056268	28.23755646	0.94406057	0.05802969374434501	0.0137753	0.00012
-0.1471	0.1707	0.1267	-0.002933898472602468	-0.0012601277199399059	-0.0009075712110370514	1.12513053	31.59317017	1.00951886	0.14030353755551322	0.0147252	0.0002
-0.1369	0.1455	0.0885	-0.0030962140930379405	-0.0011344640137963143	-0.0010088003076527223	1.13509655	31.87301064	1.00362124	0.09306042115973678	0.0139524	9e-05
-0.1388	0.1097	0.0528	-0.0024120450262561633	-0.0011885692206081383	-0.0010943214410004448	1.24202383	34.87548065	1.01963446	0.11458977034706616	0.0153583	0.00024
-0.1478	0.1041	0.068	-0.0030613075079980543	-0.001296779634231787	-0.0010402162341886204	1.42344594	39.96973419	1.07299603	0.0703789051088682	0.0167361	0.00057
-0.1485	0.241	0.0713	-0.0030002209841782524	-0.001410226035611418	-0.001059414855960558	1.55877066	43.76959229	1.17356482	0.1505865773485685	0.0171456	0.00056
-0.1475	0.2597	0.0993	-0.003295181627765294	-0.0011536626355682519	-0.0010943214410004448	1.12663043	31.63528633	0.97665783	0.07702153143350472	0.0176412	0.00053
-0.142	0.1076	0.0573	-0.0029181905093345183	-0.0011850785621041497	-0.0011606439525762293	1.2022047	33.75737762	1.08235879	0.22333647782712288	0.0139906	0.00012
-0.1442	0.1157	0.0605	-0.002645919146023404	-0.0012793263417118436	-0.0011955505376161158	1.14132333	32.04785538	0.97580611	0.033571286397934746	0.0139772	0.00015
-0.1522	0.1626	0.1155	-0.003035127569218139	-0.0012671090369478833	-0.001090830782496456	1.29030442	36.23117828	1.03642725	0.13520727415391778	0.0146046	0.00019
-0.1468	0.1467	0.0938	-0.002754129559647052	-0.001324704902263696	-0.0010943214410004448	1.25880408	35.34666443	1.03273001	0.06010422666954443	0.0146149	0.00034
-0.1479	0.0899	0.0818	-0.0024923301718479027	-0.0014364059743913332	-0.0011484266478122688	1.2903688	36.23298645	1.03207705	0.09128028333693053	0.0134093	0.00022
-0.1526	0.1383	0.1029	-0.0026843163895672786	-0.0013700834628155487	-0.0012147491593880533	1.22848094	34.49520493	1.00019533	0.09043156204354728	0.0130309	5e-05
-0.1539	0.2153	0.167	-0.003783873818323706	-0.0011379546723003027	-0.0011274826967883368	1.27742112	35.86942291	1.03542033	0.21334763409356944	0.0158616	0.00016
-0.151	0.1601	0.123	-0.0033318335420571745	-0.0010768681484805013	-0.0012339477811599909	1.29026282	36.23001099	1.03464901	0.1330795942228994	0.0139902	0.00015
-0.1511	0.1444	0.1066	-0.0031764992386296795	-0.0011693705988362008	-0.0012426744274199627	1.20785928	33.91615677	0.99837442	0.04502817000215833	0.0159866	0.00018
-0.1591	0.2124	0.1333	-0.0035849062835963527	-0.0012304571226560022	-0.001228711793404008	1.30994141	36.78257751	1.04135509	0.12687281014012147	0.0157981	0.00017
-0.1614	0.2038	0.1483	-0.00393048147549123	-0.0012042771838760874	-0.0010925761117484504	1.18992138	33.41246796	1.00444568	0.05129454061651748	0.0158915	0.00019
-0.1493	0.1435	0.0987	-0.0034103733583969193	-0.0011431906600562858	-0.0011344640137963143	1.23722351	34.74069214	1.02275175	0.15315412714809884	0.0147834	0.00014
-0.1466	0.1352	0.1013	-0.0033143802495372316	-0.0012304571226560022	-0.0012007865253720988	1.1595428	32.55945206	0.9634797	0.026079104151759416	0.0142169	0.00012
-0.1524	0.1674	0.1241	-0.003495894491744642	-0.0011274826967883368	-0.0012147491593880533	1.13180912	31.78070259	0.96180332	0.0757225651045515	0.0138514	9e-05
-0.1562	0.2118	0.1434	-0.0040334559013588955	-0.0010157816246606998	-0.0011257373675363424	1.14847493	32.24866867	0.97764283	0.10441371367968005	0.0159621	0.00011
-0.1503	0.1303	0.1025	-0.0036686820876920805	-0.0009564404300928925	-0.0012217304763960308	1.24567258	34.97793579	1.03265211	0.15430540585471555	0.0150664	0.00011
-0.1534	0.137	0.0881	-0.003605850234620285	-0.001001818990644745	-0.0013124875974997359	1.27361703	35.76260376	0.98841407	0.03414837673636769	0.0148293	6e-05
-0.1506	0.1596	0.0756	-0.0036547194536761256	-0.0009861110273767962	-0.0013212142437597075	1.22851253	34.49608994	0.99877462	0.04156519142918804	0.0151781	0.00018
-0.149	0.1702	0.0769	-0.0037594392087957856	-0.0009651670763528643	-0.0013159782560037243	1.27953744	35.92884827	0.98792171	0.020044984694978767	0.0157866	0.00016
-0.1425	0.1734	0.0715	-0.0038065630985996326	-0.0009180431865490173	-0.001329940890019679	1.34007335	37.62866974	0.99249547	0.020510520681182448	0.0157598	0.00012
-0.1445	0.1809	0.0881	-0.003649483465920143	-0.0007679448708775049	-0.001324704902263696	1.20792139	33.91790009	0.98997437	0.041720696805349275	0.0151609	0.0001
-0.1447	0.2224	0.1197	-0.004078834461910747	-0.0007714355293814937	-0.001186823891356144	1.26112449	35.41181946	1.0046784	0.10183613327010724	0.0152075	0.0002
-0.1374	0.1225	0.066	-0.0034766958699727043	-0.0008220500776893293	-0.0012583823906879114	1.35127449	37.94319153	1.09713627	0.1971155819788823	0.0142987	0.00021
-0.1422	0.1138	0.0695	-0.003363249468593073	-0.0008761552845011534	-0.0013596114873035826	1.23429954	34.65858841	0.98440463	0.03043903524035632	0.0141709	0.00012
-0.1458	0.1776	0.1181	-0.0038851029149393774	-0.0008482300164692441	-0.001265363707695889	1.14263165	32.08459473	1.01002594	0.14820132469929537	0.0142453	7e-05
-0.1406	0.1383	0.0791	-0.0036983526849759846	-0.0008011061266653974	-0.0013037609512397642	1.03800917	29.14684105	0.96524712	0.09711356816555575	0.0130658	8e-05
-0.148	0.1114	0.0703	-0.003384193419617005	-0.0010105456369047167	-0.0013927727430914749	1.02917004	28.89863968	0.942412	0.07373052837250049	0.013049	0.00015
-0.1484	0.1872	0.1049	-0.0037734018428117405	-0.0010349802464326373	-0.0013788101090755204	1.12551343	31.60391998	0.99814342	0.13218028333693055	0.0132243	9e-05
-0.1445	0.1845	0.0775	-0.0037437312455278365	-0.0009634217471008699	-0.0013596114873035826	1.12485206	31.58535004	0.99400189	0.04002138591938049	0.0131294	0.00013
-0.1486	0.1343	0.0596	-0.0034993851502486306	-0.0011082840750163993	-0.001462585913171248	1.20770431	33.9118042	1.0114505	0.09680914245312003	0.0133467	0.00013
-0.1541	0.1862	0.0728	-0.0032463124087094525	-0.0012164944886400475	-0.001500983156715123	1.280586	35.9582901	1.00160593	0.09058401993533503	0.0131895	5e-05
-0.1548	0.2119	0.1072	-0.0035849062835963527	-0.0011711159280881952	-0.0014189526818713899	1.138345	31.96422768	0.97082161	0.08410014551412429	0.0131516	7e-05
-0.1501	0.1398	0.07	-0.003443534614184812	-0.0011798425743481666	-0.0014852751934471744	1.30349183	36.60147476	1.04020087	0.1248210413623648	0.0122226	0.00017
-0.1531	0.1567	0.0742	-0.003485422516232676	-0.0011414453308042916	-0.001509709802975095	1.33900535	37.59867859	0.99982872	0.029335987755982975	0.0126874	0.00011
-0.1546	0.1972	0.1017	-0.0036459928074161546	-0.0011309733552923255	-0.0013927727430914749	1.25344002	35.19604492	1.02251345	0.08389896632895316	0.0138291	4e-05
-0.1528	0.1331	0.0649	-0.003193952531149623	-0.0012077678423800758	-0.001377064779823526	1.23761201	34.75159836	1.02702166	0.12992713633111153	0.0125947	0.00018
-0.1517	0.1129	0.064	-0.002930407814098479	-0.0013892820845874865	-0.001424188669627373	1.26474202	35.51339722	1.00071751	0.046809142453120046	0.0121046	4e-05
-0.1614	0.1703	0.1134	-0.0034662238944607386	-0.0013124875974997359	-0.0014870205226991688	1.23506176	34.67998886	0.99546276	0.1502721210260903	0.0130825	4e-05
-0.1612	0.2169	0.1359	-0.004092797095926702	-0.0012112585008840647	-0.0013805554383275148	1.14211297	32.07003021	0.99573651	0.1110133691226644	0.0142044	8e-05
-0.1533	0.1365	0.0869	-0.0038606683054114572	-0.0010611601852125523	-0.001410226035611418	1.20353329	33.79468536	1.02115737	0.15789488517353303	0.014298	0.00018
-0.1568	0.1451	0.0846	-0.0037192966359999168	-0.0011623892818282235	-0.00147131255943122	1.16624308	32.74759293	0.97263473	0.029584364492350686	0.0148489	0.00013
-0.1579	0.1873	0.0808	-0.0036843900509600297	-0.0011222467090323538	-0.0015341444125030156	1.16123366	32.60692978	0.97016217	0.05399405054537763	0.0155642	0.00012
-0.162	0.1464	0.097	-0.004539601384437251	-0.0012583823906879114	-0.001356120828799594	1.28300154	36.02611923	1.03738256	0.11966852994181	0.0184349	0.00068
-0.1642	0.2706	0.1332	-0.0046530477858168825	-0.0011850785621041497	-0.0014224433403753785	1.31415343	36.90084839	1.05857119	0.1752536370769589	0.0166436	0.00026
-0.1538	0.1958	0.1116	-0.004630358505540956	-0.0010367255756846318	-0.0014259339988793671	1.16784465	32.79256439	1.0604594	0.1155266462599717	0.0151189	0.0001
-0.1371	0.1088	0.0757	-0.004363323129985824	-0.0009285151620609833	-0.0013020156219877698	1.18348408	33.23171234	1.0314517	0.1645582083035189	0.0158554	5e-05
-0.1413	0.1652	0.0935	-0.004272566008882118	-0.0010419615634406148	-0.001322959573011702	1.08906341	30.58041954	0.97203919	0.0896573736753635	0.0150753	0.00017
-0.145	0.1822	0.0971	-0.004386012410261751	-0.0011047934165124105	-0.0013945180723434693	1.12294626	31.53183746	0.95828459	0.03669183768915974	0.0152801	0.00014
-0.1453	0.1019	0.0453	-0.003710569989739945	-0.0011327186845443199	-0.0014974924982111347	1.22497857	34.39685822	1.05411969	0.172717105721069	0.0153525	0.0002
-0.1512	0.1396	0.0555	-0.0035238197597765512	-0.001158898623324235	-0.0014259339988793671	1.21948409	34.2425766	1.0245894	0.06802443340375379	0.0151944	0.0003
-0.1603	0.2064	0.0913	-0.003993313328563026	-0.0010733774899765126	-0.00124965574442794	1.35734999	38.1137886	1.0537695	0.14826464782928123	0.0149904	0.0003
-0.1475	0.1377	0.0522	-0.0038083084278516272	-0.0009965830028887623	-0.0013177235852557187	1.28490579	36.07958984	1.05383922	0.13709336143134637	0.0154429	0.00043
-0.1462	0.1456	0.0566	-0.0037629298672997745	-0.0011082840750163993	-0.001403244718603441	1.31338787	36.87935257	0.9990599	0.02573003830136061	0.0144175	0.00029
-0.1576	0.2335	0.1088	-0.004220206131322289	-0.0012147491593880533	-0.001192059879112127	1.22447777	34.38279724	1.03800004	0.1902463093942741	0.0159777	0.00041
-0.1506	0.1759	0.0692	-0.0038117990863556156	-0.0011641346110802177	-0.001244419756671957	1.25463688	35.2296524	0.99205733	0.12976907354171693	0.015814	0.00054
-0.15	0.1215	0.0573	-0.003600614246864302	-0.001228711793404008	-0.0013578661580515882	1.29773474	36.43981934	1.01253999	0.08636042115973679	0.015745	0.00054
-0.1517	0.2002	0.0987	-0.004171336912266447	-0.0010349802464326373	-0.001298524963483781	1.24553943	34.97419739	1.03414034	0.16298977034706616	0.0154245	0.00059
-0.1505	0.1658	0.0761	-0.004038691889114879	-0.0010943214410004448	-0.0013526301702956054	1.06872249	30.00925636	0.97518702	0.07050457122656	0.0148697	0.00021
-0.1485	0.1046	0.054	-0.003829252378875559	-0.001117010721276371	-0.0014014993893514465	1.07877159	30.29142952	0.96923444	0.09934990047855437	0.0147851	0.00012
-0.1535	0.1616	0.0661	-0.0037192966359999168	-0.0012130038301360591	-0.0014538592669112763	1.05643356	29.66418839	0.97536958	0.08701543646475801	0.0140311	0.00013
-0.1566	0.2049	0.1041	-0.004277801996638102	-0.0012077678423800758	-0.0013718287920675431	1.17220581	32.9150238	1.00351219	0.11668859116189507	0.0135143	0.00014
-0.1511	0.141	0.0664	-0.0039514254265151615	-0.001324704902263696	-0.0014800392056911916	1.22911274	34.51294327	1.06450134	0.13467620218151044	0.0142518	0.00031
-0.1604	0.1604	0.076	-0.0038048177693476384	-0.0015393804002589986	-0.0016022122533307947	1.27214992	35.72140884	1.02268736	0.06247281014012141	0.0124589	0.00012
-0.1636	0.2227	0.1237	-0.004447098934081553	-0.001377064779823526	-0.0015638150097869194	1.23407912	34.65239716	1.0212893	0.15534970143566312	0.0136654	0.00012
-0.1545	0.1474	0.0995	-0.004251622057858187	-0.001298524963483781	-0.0015114551322270892	1.18689704	33.32754517	0.99991099	0.12491882850614704	0.0123295	4e-05
-0.1492	0.1301	0.0665	-0.0037437312455278365	-0.0013037609512397642	-0.0015638150097869194	1.25855446	35.33965302	0.98814425	0.0838743338823082	0.0127348	0.00013
-0.1577	0.1873	0.106	-0.004291764630654057	-0.0011571532940722405	-0.001504473815219112	1.33182275	37.39699554	1.0314268	0.14289911184307755	0.0137333	8e-05
-0.1498	0.1756	0.0833	-0.0040613811693908045	-0.0012007865253720988	-0.0014660765716752368	1.21690714	34.17021561	1.00880916	0.05792069680534928	0.0127889	0.00014
-0.161	0.1176	0.069	-0.0036721727461960694	-0.0013578661580515882	-0.0015585790220309364	1.29024565	36.22953033	1.02083317	0.1154395253114962	0.0129234	0.00017
-0.1658	0.1458	0.0711	-0.003363249468593073	-0.0017749998492782332	-0.0016004669240788003	1.30854928	36.74348831	1.00652832	0.07349724354387525	0.0123383	9e-05
-0.1655	0.183	0.1206	-0.0038798669271833948	-0.0016004669240788003	-0.0015132004614790836	1.1907413	33.43548965	0.99374695	0.1259208423194735	0.0124457	7e-05
-0.1613	0.1753	0.1084	-0.0039671333897831115	-0.0014835298641951804	-0.001509709802975095	1.1550796	32.43412781	0.97107033	0.034484709049366256	0.0120806	6e-05
-0.1601	0.1522	0.0987	-0.0039339721339952186	-0.0014695672301792255	-0.0015987215948268059	1.15923131	32.55070496	0.97088217	0.04080678408277794	0.0129204	0.0001
-0.1606	0.1641	0.0984	-0.003960152072775134	-0.0015376350710070042	-0.0016720254234105676	1.12354684	31.54870033	0.96143117	0.021077580409572767	0.0135735	6e-05
-0.1657	0.1887	0.0904	-0.003914773512223281	-0.0015114551322270892	-0.0017400932642383465	1.22766733	34.4723587	0.98584356	0.04468131700797735	0.0141734	8e-05
-0.1699	0.1952	0.0755	-0.00415213829049451	-0.0013962634015954637	-0.0017156586547104257	1.21014571	33.98035812	1.00397966	0.04444955592153878	0.0144417	9e-05
-0.1692	0.1591	0.0688	-0.004077089132658754	-0.0014695672301792255	-0.0016615534478986017	1.2789191	35.91148376	0.99702811	0.05362290966156713	0.0153005	8e-05
-0.169	0.1939	0.0849	-0.004181808887778414	-0.0014364059743913332	-0.0016283921921107093	1.30562341	36.66133118	1.00013409	0.05965211333477222	0.0149199	0.00014
-0.1666	0.213	0.1133	-0.004468042885105484	-0.001281071670963838	-0.0014957471689591403	1.21955287	34.24450684	1.0052263	0.07861066619530675	0.0164989	0.00016
-0.1637	0.1466	0.0805	-0.004347615166717875	-0.0013055062804917586	-0.0016231562043547262	1.25035501	35.10941696	1.03607818	0.11571356816555572	0.0151163	0.00016
-0.1645	0.1434	0.0875	-0.004084070449666731	-0.0013805554383275148	-0.0016790067404185449	1.23801994	34.76305389	0.98026046	0.030722220547535904	0.0153394	0.00016
-0.1655	0.1855	0.1071	-0.004457570909593518	-0.0013473941825396225	-0.0016388641676226754	1.22859216	34.49832535	0.99616884	0.08504021442552742	0.0157832	0.00013
-0.1633	0.2157	0.1083	-0.0048136180770003605	-0.001117010721276371	-0.0015184364492350666	1.20544767	33.84843826	1.01294556	0.06894291735288516	0.0162197	0.00011
-0.1582	0.1544	0.0599	-0.004420918995301637	-0.0010978120995044332	-0.0015987215948268059	1.23247004	34.60721588	1.03119894	0.13940914245311997	0.016948	0.00017
-0.1641	0.1763	0.0687	-0.004328416544945937	-0.0012042771838760874	-0.0016842427281745281	1.28243136	36.01010895	0.99700113	0.050824433403753824	0.0161719	0.00012
-0.1633	0.2341	0.1157	-0.005044001538263612	-0.0011117747335203881	-0.0016528268016386303	1.35581756	38.07075882	1.04555888	0.14757516851046357	0.0181796	0.00028
-0.1592	0.1945	0.0982	-0.004942772441647941	-0.0009913470151327792	-0.001579522973054868	1.19217622	33.4757843	0.99959803	0.07594803217935207	0.015938	0.00011
-0.1608	0.1289	0.0658	-0.003968878719035105	-0.0012130038301360591	-0.0016650441064025902	1.22999942	34.5378418	1.01166951	0.16365358354819187	0.0140767	8e-05
-0.1636	0.1872	0.0961	-0.004396484385773717	-0.0012112585008840647	-0.0016545721308906245	1.20600426	33.86406708	0.99174506	0.1133911485751286	0.0149153	0.00019
-0.159	0.185	0.0938	-0.004628613176288962	-0.001155407964820246	-0.0016074482410867775	1.15604377	32.46120071	0.97141714	0.025855160819145545	0.0142035	0.0001
-0.1611	0.1305	0.0662	-0.004082325120414737	-0.0012252211349000194	-0.0017348572764823637	1.09842336	30.84324265	0.96674667	0.12137551306747922	0.0140545	0.00018
-0.1625	0.1307	0.0876	-0.00477696616270848	-0.0015603243512829306	-0.0016126842288427606	1.20368779	33.79902267	0.97122643	0.08059586531581289	0.0168371	0.00067
-0.1673	0.2322	0.074	-0.004049163864626845	-0.001574286985298885	-0.0017435839227423352	1.31137681	36.82288361	1.03933218	0.16353323129985817	0.014039	0.00017
-0.1708	0.2432	0.1063	-0.004150392961242515	-0.001553343034274953	-0.0016615534478986017	1.22518194	34.40256882	1.01642105	0.057010176124166825	0.0151652	0.0002
-0.1689	0.1661	0.0601	-0.0038467056713955023	-0.0015812683023068625	-0.0016929693744344998	1.17027116	32.8606987	1.02914755	0.14335142422074107	0.0131447	0.00015
-0.1693	0.1562	0.0627	-0.0035412730522964946	-0.0017732545200262388	-0.0017715091907742446	1.01658869	28.54536247	0.92341956	0.041697932657906445	0.0133725	0.0001
-0.1695	0.209	0.086	-0.0036669367584400863	-0.001785471824790199	-0.0017732545200262388	1.06479108	29.89886284	0.94621316	0.08328131700797729	0.0142093	7e-05
-0.1664	0.2039	0.0914	-0.003913028182971286	-0.0017680185322702558	-0.0017121679962064373	1.16666734	32.75950623	0.97977019	0.029831562043547255	0.0149793	0.0002
-0.1694	0.1264	0.0507	-0.0033859387488689996	-0.0017453292519943296	-0.0017994344588061536	1.33894873	37.59709167	1.05926041	0.15305225884889642	0.0134642	0.00014
-0.1741	0.1616	0.0643	-0.0034348079679248403	-0.0018413223608540175	-0.0017941984710501708	1.24063134	34.83638	1.0165341	0.06100491578357555	0.0137069	0.00015
-0.1777	0.2196	0.1093	-0.0037943457938356727	-0.0018692476288859267	-0.0016196655458507376	1.36311793	38.27574921	1.0417521	0.1346998009571087	0.0140466	0.00022
-0.17	0.1629	0.0695	-0.0033178709080412204	-0.0018448130193580064	-0.001635373509118687	1.26550496	35.53482056	1.02949323	0.13003087292951604	0.0130522	0.00024
-0.1751	0.1425	0.0653	-0.003157300616857742	-0.0020943951023931952	-0.0017400932642383465	1.26869643	35.62443542	1.01071658	0.05544360646691635	0.0126439	6e-05
-0.1764	0.2012	0.1144	-0.003485422516232676	-0.0019687313962496035	-0.0016999506914424768	1.20037448	33.70598602	1.01856709	0.13379640891571978	0.0131497	9e-05
-0.1722	0.2107	0.1158	-0.0040229839258469294	-0.0017191493132144146	-0.0016982053621904826	1.08437455	30.44876099	0.97100694	0.05454444109507184	0.0141917	5e-05
-0.1696	0.1508	0.0807	-0.0037489672332838195	-0.0017872171540421933	-0.0016982053621904826	1.10693991	31.08238602	0.97020868	0.11470422666954444	0.0136476	0.0001
-0.1738	0.2002	0.0937	-0.0038571776469074684	-0.0018273597268380628	-0.0017924531417981763	1.05927968	29.74410629	0.94647095	0.07873003830136062	0.0158727	0.00012
-0.1786	0.2489	0.1194	-0.004157374278250492	-0.0018936822384138475	-0.0017331119472303693	1.16901994	32.82556534	0.99780812	0.1004930168743308	0.0164768	0.0002
-0.1732	0.1402	0.0809	-0.004117231705454623	-0.001710422666954443	-0.0017156586547104257	1.3623246	38.25347519	1.07612457	0.1646427718387609	0.0174472	0.00074
-0.179	0.1412	0.0783	-0.004598942579005058	-0.0014835298641951804	-0.0017715091907742446	1.21800756	34.20111465	0.99901089	0.047622710618675825	0.0200544	0.00168
-0.1836	0.1777	0.0643	-0.003996803987067014	-0.0014538592669112763	-0.0018744836166419098	1.08066189	30.34451103	0.96203981	0.09183918075448068	0.0199143	0.00147
-0.2395	0.2328	0.0609	-0.0037943457938356727	-0.0020629791758572974	-0.0024172810140121463	1.25729084	35.30417252	1.08965301	0.18211877497737997	0.0214783	0.00178
-0.2381	0.2945	0.0555	-0.004181808887778414	-0.0020245819323134223	-0.002530727415391778	1.39227509	39.09447098	1.09195896	0.09546533694331234	0.0219128	0.00185
-0.2275	0.2635	0.0984	-0.0046041785667610404	-0.001980948701013564	-0.002228785454796759	1.14740109	32.2185173	1.0225669	0.12289724354387514	0.0182994	0.00079
-0.2109	0.2419	0.093	-0.004600687908257053	-0.001778490507782222	-0.0020717058221172693	1.10535061	31.03775978	0.97739097	0.06175142422074097	0.0164689	0.00039
-0.1937	0.1384	0.0496	-0.004125958351714595	-0.0017191493132144146	-0.001947787445225672	1.08972645	30.59903717	1.0104848	0.19699945640009317	0.014541	0.00022
-0.1884	0.167	0.0639	-0.004129449010218584	-0.0017191493132144146	-0.001811651763570114	1.07405829	30.15908432	0.9661084	0.05518131700797737	0.0148518	0.00015
-0.1841	0.2227	0.092	-0.004557054676957195	-0.0015341444125030156	-0.0017715091907742446	1.20912695	33.95175171	1.02706982	0.12073765701229396	0.0167868	0.00035
-0.1739	0.1432	0.0675	-0.004071853144902771	-0.0015847589608108511	-0.0017243853009703976	1.31518507	36.9298172	1.05749328	0.14334699850830535	0.0158724	0.00075
-0.1683	0.1999	0.047	-0.0036128315516282617	-0.0015847589608108511	-0.0017086773377024485	1.22433722	34.37884903	1.0206131	0.1065364778271229	0.014497	0.0002
-0.173	0.1862	0.0419	-0.0034644785652087444	-0.0016039575825827887	-0.0017278759594743865	1.13104177	31.75915527	0.96622931	0.03283751149816961	0.0138924	0.0002
-0.1767	0.2487	0.0826	-0.003447025272688801	-0.0016231562043547262	-0.001556833692778942	1.17658091	33.03787231	1.0137698	0.11728470904936628	0.0150189	0.00027
-0.1689	0.146	0.0228	-0.0031503192998497648	-0.0015917402778188286	-0.0016545721308906245	1.28238654	36.0088501	1.08320738	0.19159301687433083	0.0149011	0.00048
-0.1727	0.0774	0.0215	-0.0036896260387160127	-0.0014782938764391971	-0.0016249015336067207	1.31112504	36.81581497	0.99035343	0.10782118687648916	0.0190215	0.00168
-0.1638	0.1624	0.0163	-0.0037594392087957856	-0.0013072516097437528	-0.0016423548261266642	1.09820306	30.83705711	1.00332722	0.112015436464758	0.0193449	0.00156
-0.153	0.2377	0.0225	-0.0035290557475325343	-0.0015655603390389136	-0.001689478715930511	1.42530549	40.02194977	1.09962826	0.11909080401811296	0.0180411	0.00119
-0.1919	0.3146	0.083	-0.0037734018428117405	-0.0017558012275062952	-0.0018273597268380628	1.52508056	42.82358932	1.15444559	0.20492339973270696	0.0189423	0.00139
-0.191	0.2198	0.1198	-0.003309144261781249	-0.001778490507782222	-0.0015184364492350666	1.31384039	36.89205933	1.15237486	0.1722935069454707	0.0156592	0.00047
-0.1785	0.0533	0.0724	-0.0030979594222899347	-0.0013788101090755204	-0.001239183768915974	1.46745646	41.20553207	1.19936895	0.27090589592585546	0.0155244	0.00069
-0.1832	0.0577	0.0783	-0.0033056536032772606	-0.0015777776438028737	-0.0008464846872172499	1.31295609	36.86722946	1.03028884	0.05496803987067016	0.0167924	0.00075
-0.1871	0.1557	0.0925	-0.003501130479500625	-0.001356120828799594	-0.0011100294042683937	1.29901981	36.47590256	1.0405607	0.1501339204138894	0.0136965	0.00025
-0.1809	0.213	0.1188	-0.003841469683639519	-0.0013037609512397642	-0.0011309733552923255	1.15619707	32.46550369	0.99766101	0.11048215163613274	0.0149931	0.00041
-0.1708	0.1309	0.0665	-0.0032026791774095948	-0.001270599695451872	-0.0012199851471440364	1.12658238	31.63393784	1.01521477	0.1825481776934764	0.0140087	0.0004
-0.1826	0.1319	0.061	-0.0029112091923265415	-0.0015027284859671175	-0.0013020156219877698	0.98548543	27.67199707	0.91351271	0.04858146252210162	0.0144301	0.00045
-0.1977	0.2237	0.0959	-0.0029862583501622975	-0.0017191493132144146	-0.0013264502315156904	1.11306119	31.25426674	1.00950315	0.15759522973054868	0.0157474	0.00067
-0.1876	0.1934	0.0675	-0.0029897490086662863	-0.0016022122533307947	-0.0012880529879718153	1.10981393	31.16308594	0.97874306	0.0767412480965742	0.0146717	0.00036
-0.1844	0.143	0.0559	-0.002562143341927676	-0.001420698011123384	-0.001420698011123384	1.24931121	35.08010864	1.01572821	0.10228824660487947	0.0137733	0.00024
-0.1838	0.1434	0.0545	-0.0021921335405048776	-0.0013997540600994523	-0.0014573499254152652	1.26257479	35.45254517	1.00980379	0.023780283336930597	0.0148969	0.00031
-0.1787	0.143	0.0801	-0.00244695161129605	-0.0014224433403753785	-0.001308996938995747	1.27144742	35.70168304	1.00663277	0.05239301687433085	0.0161867	0.00023
-0.1823	0.2557	0.1185	-0.002813470754214859	-0.001322959573011702	-0.001350884841043611	1.31832206	37.01790237	1.06794448	0.18009454061651747	0.0173785	0.00022
-0.1659	0.1163	0.0684	-0.003258529713473413	-0.0010140362954087054	-0.001308996938995747	1.3009429	36.52990341	1.15192388	0.2456935069454707	0.0147091	0.00011
-0.173	0.0913	0.0659	-0.0031799898971336684	-0.0010105456369047167	-0.0013648474750595659	1.05836606	29.71845245	0.93611105	0.0414940505453776	0.0153553	0.00014
-0.1729	0.1659	0.0923	-0.003516838442768574	-0.0009145525280450286	-0.0013456488532876281	1.0914197	30.64658356	0.97730545	0.12370201381332656	0.0145386	0.00015
-0.1728	0.1814	0.104	-0.0036198128686362394	-0.0007923794804054256	-0.0012374384396639797	1.04431033	29.32377243	0.95592003	0.04396789435654584	0.0155163	0.00014
-0.1717	0.1024	0.0528	-0.003082251459021986	-0.0009337511498169664	-0.0013543754995475996	1.10001326	30.88788605	1.01626383	0.1710935069454707	0.0141013	9e-05
-0.1862	0.1467	0.0694	-0.0032026791774095948	-0.001192059879112127	-0.0013596114873035826	1.10323811	30.97843933	0.96932722	0.0945986217719376	0.0140792	3e-05
-0.193	0.242	0.0978	-0.003661700770684103	-0.001048942880448592	-0.0012112585008840647	1.14113152	32.04246902	1.03091317	0.16802457891787803	0.0154638	8e-05
-0.1858	0.1687	0.053	-0.003349286834577118	-0.0009773843811168245	-0.001270599695451872	1.13056004	31.74562836	1.00062678	0.147465681500328	0.0145754	0.00012
-0.1855	0.1504	0.0505	-0.00322885911618951	-0.001022762941668677	-0.0013037609512397642	1.10304642	30.97305679	0.94860256	0.031048376736367605	0.0139945	0.00024
-0.1815	0.1616	0.0497	-0.003225368457685521	-0.001048942880448592	-0.0012863076587198209	1.12860096	31.69061852	0.95521841	0.01835619449019235	0.0125579	0.00012
-0.1767	0.212	0.0821	-0.0036337755026521943	-0.0008168140899333463	-0.0012147491593880533	1.24220157	34.88047409	1.00596783	0.12320471674068433	0.0126663	8e-05
-0.1705	0.1736	0.0757	-0.0036931166972200015	-0.0007557275661135446	-0.0012007865253720988	1.0775671	30.25761032	0.96083772	0.05771951762017814	0.0123354	0.00012
-0.1741	0.0913	0.0322	-0.0030630528372500485	-0.0009407324668249436	-0.0013072516097437528	1.13959372	31.99929047	1.00722086	0.1754766922526503	0.0132122	7e-05
-0.1782	0.1513	0.0746	-0.003373721444105039	-0.0009529497715889039	-0.0012583823906879114	1.10824203	31.11894798	0.98457528	0.12508775653373955	0.013081	7e-05
-0.1717	0.1848	0.1132	-0.003946189438759179	-0.0007906341511534313	-0.0011711159280881952	1.03925359	29.18178177	0.97497658	0.11970250388446647	0.0134867	0.00015
-0.1696	0.0967	0.0304	-0.0033702307856010505	-0.0008970992355250854	-0.0013439035240356337	1.11074698	31.18928528	1.04559071	0.21576056667386104	0.0136818	0.00022
-0.1705	0.1264	0.0285	-0.003262020371977402	-0.0011030480872604163	-0.001377064779823526	1.12041092	31.46064568	0.96856355	0.0498660260573436	0.0141398	0.00023
-0.1868	0.2009	0.0595	-0.00285012266850674	-0.0014748032179352085	-0.0014974924982111347	1.31230009	36.84880829	1.07207875	0.1670040276266531	0.0148465	0.00064
-0.1763	0.1545	0.0401	-0.0022916173078685546	-0.0012479104151759456	-0.001329940890019679	1.21419621	34.09409332	1.02448371	0.12394748857944518	0.0149082	0.00037
-0.1953	0.0751	0.0801	-0.003159045946109736	-0.0013718287920675431	-0.0012007865253720988	1.51294219	42.48274994	1.11324718	0.19442506898901796	0.0157498	0.00087
-0.1984	0.1804	0.1044	-0.0035133477842645856	-0.001270599695451872	-0.0012636183784438947	1.30593681	36.67013168	1.06351673	0.15861813939211575	0.0135747	0.00026
-0.2023	0.1479	0.0932	-0.003351032163829113	-0.0013369222070276565	-0.0013753194505715315	1.0399642	29.20173645	0.94893377	0.06461696020694473	0.0129384	0.00012
-0.2	0.2169	0.1118	-0.0037803831598197174	-0.0011030480872604163	-0.0013159782560037243	1.04921448	29.46148109	0.96435613	0.1260283155162826	0.0137912	0.00017
-0.1894	0.1412	0.066	-0.0037210419652519105	-0.001069886831472524	-0.0014154620233674013	1.08049333	30.33977699	0.99834848	0.14169931088596882	0.0134901	0.00013
-0.1889	0.0981	0.0548	-0.0033196162372932147	-0.0012042771838760874	-0.0014643312424232424	1.11302996	31.25339127	0.97727354	0.08403426497090499	0.0131486	0.00012
-0.1976	0.1575	0.0635	-0.0030525808617380824	-0.0013788101090755204	-0.001562069680534925	1.14478731	32.14512253	0.99765279	0.10376533694331236	0.01321	0.00012
-0.202	0.1968	0.1014	-0.003427826650916863	-0.0013840460968315032	-0.0014416419621473165	1.22379172	34.36353302	1.00068707	0.1066454747661186	0.0141441	0.00026
-0.1979	0.1522	0.0682	-0.0034243359924128747	-0.001403244718603441	-0.001514945790731078	1.33274543	37.42290497	1.06114311	0.08669965544298441	0.0145735	0.00027
-0.202	0.1389	0.0575	-0.0030211649352021846	-0.001473057888683214	-0.0014887658519511632	1.20989215	33.9732399	1.00547876	0.05305820830351893	0.0137172	0.00015
-0.2051	0.2289	0.1062	-0.0037751471720637348	-0.0013543754995475996	-0.0014311699866353504	1.31124985	36.81931686	1.0727723	0.18831302456564883	0.0164509	0.00019
-0.1972	0.1817	0.0929	-0.003902556207459321	-0.0012356931104119853	-0.001450368608407288	1.23989284	34.81564331	1.03331302	0.08166450231515693	0.0162351	0.00022
-0.1927	0.1339	0.0735	-0.0035744343080843866	-0.0012479104151759456	-0.0015027284859671175	1.28547943	36.0956955	1.01092353	0.09133495408493622	0.0158314	0.00013
-0.1991	0.1946	0.0983	-0.003572688978832392	-0.0012601277199399059	-0.0015271630954950383	1.26763904	35.59474564	1.00851153	0.09381986217719376	0.0147151	0.00012
-0.2021	0.2411	0.1283	-0.004042182547618867	-0.0011309733552923255	-0.001408480706359424	1.16878009	32.81882858	1.00022438	0.11536651612848348	0.0150072	0.00014
-0.2022	0.1437	0.0874	-0.0033143802495372316	-0.0011833332328521555	-0.0014311699866353504	1.28794825	36.16501999	1.04442749	0.17854257279586955	0.0142528	0.00012
-0.2027	0.1391	0.0857	-0.0031695179216217023	-0.0012269664641520136	-0.001509709802975095	1.30849636	36.74200058	1.00626186	0.0201517687777566	0.0145869	0.00015
-0.2129	0.1992	0.123	-0.003490658503988659	-0.0012845623294678264	-0.0014451326206513049	1.24602616	34.98786545	1.04441269	0.129765681500328	0.014656	0.0001
-0.2068	0.184	0.1012	-0.0034086280291449255	-0.0013526301702956054	-0.0014556045961632708	1.24251747	34.88934326	1.01712126	0.051128514559173915	0.0164393	0.0002
-0.2048	0.1371	0.0803	-0.003298672286269283	-0.001420698011123384	-0.001593485607070823	1.24631572	34.99599457	1.01755292	0.08559522973054867	0.0158514	0.00019
-0.2102	0.2123	0.1205	-0.00399505865781502	-0.0014014993893514465	-0.0015882496193148398	1.28695595	36.13715744	1.05147138	0.15684104905368285	0.0162315	0.00024
-0.2065	0.2027	0.1079	-0.004084070449666731	-0.0013072516097437528	-0.0015428710587629874	1.14827645	32.2430954	0.99294787	0.037331906600562896	0.0157225	0.00016
-0.2026	0.1438	0.0831	-0.003871140280923423	-0.0011257373675363424	-0.0015987215948268059	1.1806134	33.15110397	0.99889088	0.11011474735072684	0.0149022	0.00011
-0.1948	0.1768	0.0731	-0.0037297686115118824	-0.001069886831472524	-0.001616174887346749	1.14979005	32.28559875	0.95567219	0.0615337748997651	0.0154636	0.00015
-0.196	0.185	0.0671	-0.0036093408931242737	-0.0010786134777324957	-0.0016598081186466073	1.24280632	34.89745331	0.98750448	0.02403937979737192	0.0153644	0.00012
-0.2043	0.2221	0.0756	-0.0038222710618675813	-0.0011466813185602744	-0.0015428710587629874	1.30885196	36.75198746	1.0329927	0.0737967534727353	0.0159662	0.00016
-0.2043	0.2081	0.0836	-0.0038100537571036214	-0.0011676252695842063	-0.0014364059743913332	1.36141717	38.22799301	1.03835102	0.02898131700797728	0.0150705	0.00022
-0.1984	0.114	0.0349	-0.0034609879067047556	-0.0011379546723003027	-0.0014887658519511632	1.36006677	38.19007492	1.07913937	0.17025481626212996	0.0140181	0.0002
-0.2033	0.1183	0.0672	-0.003316125578789226	-0.0011763519158441782	-0.0015515977050229591	1.26668262	35.56789017	1.00290483	0.053804571226560065	0.0128213	0.0001
-0.208	0.2045	0.1052	-0.003715805977495928	-0.0012042771838760874	-0.001520181778487061	1.18460536	33.26319504	1.03359533	0.15185107966372544	0.0128481	8e-05
-0.2017	0.1443	0.076	-0.003455751918948773	-0.0011362093430483087	-0.001595230936322817	1.20460415	33.82475281	0.99601271	0.11585855286053447	0.0126563	0.00012
-0.197	0.129	0.0683	-0.0032812189937493396	-0.0011536626355682519	-0.0016755160819145565	1.20867538	33.93907166	0.97942768	0.041313568165555786	0.0129045	8e-05
-0.1977	0.1943	0.0887	-0.0036215581978882336	-0.0010768681484805013	-0.001689478715930511	1.19379485	33.5212326	0.99965979	0.10795481626212992	0.0123129	8e-05
-0.199	0.2199	0.0969	-0.003909537524467298	-0.0009965830028887623	-0.001637118838370681	1.11799395	31.3927784	0.98715734	0.0561312174865317	0.0127118	7e-05
-0.1944	0.1489	0.0514	-0.003611086222376268	-0.0010454522219446034	-0.0017121679962064373	1.17667949	33.04064178	1.03631727	0.1422184839491314	0.0128818	0.00018
-0.1962	0.15	0.0485	-0.003525565089028546	-0.0011746065865921838	-0.0016615534478986017	1.24967659	35.09036636	0.98081637	0.019064502315156915	0.0127094	9e-05
-0.1916	0.1988	0.0739	-0.003703588672731967	-0.0009948376736367678	-0.0015446163880149814	1.35812056	38.13542557	1.01555723	0.10253647782712288	0.0132375	0.00012
-0.1908	0.1885	0.0726	-0.0037681658550557575	-0.0007906341511534313	-0.0014590952546672592	1.20669734	33.88352966	0.99322123	0.03011509190774245	0.0124111	8e-05
-0.1923	0.1117	0.0363	-0.0033894294073729884	-0.0009424777960769379	-0.001541125729510993	1.2525481	35.17099762	1.03164831	0.1452305283725005	0.0120574	0.00012
-0.1989	0.1283	0.0511	-0.00322885911618951	-0.0011623892818282235	-0.0016824973989225337	1.28319561	36.03156662	0.9999581	0.06409267231731523	0.0125143	8e-05
-0.2107	0.1741	0.0703	-0.0034697145529647274	-0.0011693705988362008	-0.0016510814723866359	1.29833901	36.45678711	1.01927541	0.09076263401595464	0.0135362	0.00016
-0.2091	0.2113	0.089	-0.003710569989739945	-0.0012304571226560022	-0.001609193570338772	1.30936038	36.76626205	1.03909929	0.0746914931321441	0.013679	0.00012
-0.1973	0.1276	0.079	-0.0024818581963359366	-0.0010297442586766543	-0.001504473815219112	1.38767004	38.96516418	1.12490821	0.1822072206251508	0.0147162	0.00068
-0.2011	0.1792	0.1102	-0.0035901422713523357	-0.0012304571226560022	-0.0015987215948268059	1.26107264	35.41036224	1.04244134	0.15676223593017208	0.0154502	0.00021
-0.2048	0.2248	0.1025	-0.003485422516232676	-0.0011239920382843482	-0.0017121679962064373	1.14222956	32.07330322	0.97425415	0.07323156204354726	0.0153492	0.00016
-0.2074	0.2357	0.1177	-0.004157374278250492	-0.0010105456369047167	-0.0016301375213627037	1.09732771	30.81247902	0.99728907	0.07207143191205907	0.0156792	0.00018
-0.2032	0.1447	0.0738	-0.0040229839258469294	-0.00091106186954104	-0.0016441001553786586	1.12655735	31.63323402	1.02183815	0.15149183768915972	0.015494	0.00018
-0.203	0.1527	0.0653	-0.0038362336958835358	-0.0008674286382411819	-0.0017523105690023068	1.17497742	32.99284744	0.98425281	0.03362969374434499	0.0145998	0.00018
-0.2047	0.1971	0.0859	-0.004009021291830974	-0.0007504915783575615	-0.0017383479349863521	1.32297528	37.14856339	1.00820624	0.08188436449235063	0.0147805	0.00014
-0.2012	0.2148	0.0959	-0.004433136300065597	-0.0006283185307179585	-0.0016406094968746698	1.18225992	33.1973381	0.97992411	0.06340132469929541	0.0153582	0.00015
-0.1966	0.1423	0.0631	-0.004077089132658754	-0.0007766715171374765	-0.0016947147036864942	1.33951247	37.61291885	1.05135226	0.13782526803190928	0.0158495	0.00021
-0.1979	0.1523	0.0631	-0.0038083084278516272	-0.000900589894029074	-0.001668534764906579	1.33711851	37.54570007	1.00640261	0.032243951023931926	0.0154953	0.00015
-0.2002	0.2026	0.0641	-0.003953170755767157	-0.0008691739674931761	-0.0016982053621904826	1.33613396	37.51805115	1.03247506	0.06389744258676658	0.0167278	0.0002
-0.1997	0.2255	0.0786	-0.004173082241518442	-0.000783652834145454	-0.0015899949485668342	1.32351887	37.16382599	1.03119877	0.0585821516361328	0.0173106	0.00033
-0.1965	0.1524	0.0553	-0.003783873818323706	-0.0007330382858376184	-0.0016510814723866359	1.29398608	36.33456039	1.03260222	0.12464547476611865	0.0159392	0.00012
-0.1944	0.1502	0.0669	-0.003686135380212024	-0.0006841690667817771	-0.001673770752662562	1.255656	35.25826645	0.97613638	0.024364846872172517	0.0142181	8e-05
-0.1948	0.1785	0.0754	-0.0036634460999360975	-0.0007155849933176752	-0.0016598081186466073	1.312415	36.85203552	1.0045677	0.04060339204138896	0.0138971	0.0001
-0.1978	0.2069	0.0944	-0.004181808887778414	-0.000593411945678072	-0.001504473815219112	1.31013858	36.78811264	1.02389848	0.09019350694547075	0.0146306	7e-05
-0.1905	0.1181	0.0369	-0.003607595563872279	-0.000635299847725936	-0.0015132004614790836	1.21557081	34.13269424	1.05027108	0.1848413936106985	0.0141006	0.00012
-0.1932	0.1263	0.0452	-0.0035360370645405115	-0.0008395033702092724	-0.0015707963267948967	1.19160342	33.45969772	0.98545914	0.035867894356545846	0.0138871	0.00012
-0.1985	0.1978	0.0684	-0.003961897402027128	-0.000879645943005142	-0.0015306537539990272	1.13609612	31.90107727	1.00292607	0.1253072741539178	0.014382	9e-05
-0.1905	0.136	0.0119	-0.0036425021489121657	-0.0008866272600131194	-0.001556833692778942	1.0981636	30.83595085	0.99615757	0.14392782544514277	0.0150571	0.00021
-0.192	0.1386	0.016	-0.003450515931192789	-0.0010943214410004448	-0.0015271630954950383	1.11728597	31.37289619	0.97952317	0.02966754979953028	0.0140084	0.0002
-0.197	0.2178	0.0689	-0.00399505865781502	-0.0010140362954087054	-0.0015254177662430443	1.24613297	34.9908638	1.0472349	0.1684286600732982	0.014191	0.0002
-0.195	0.1334	0.0208	-0.0036250488563922224	-0.0009197885158010115	-0.0015969762655748114	1.19088662	33.43957138	1.04377248	0.1612908040181129	0.0131835	0.00019
-0.1994	0.1377	0.0211	-0.0035412730522964946	-0.0009546951008408983	-0.001621410875102732	1.18366909	33.23690796	0.97779904	0.016155849933176748	0.0131757	0.0002
-0.2002	0.2191	0.0669	-0.004209734155810323	-0.0007731808586334879	-0.001509709802975095	1.30409729	36.61847687	1.04788634	0.1760838208924438	0.0150312	0.00036
-0.1943	0.151	0.018	-0.0038885935734433662	-0.0007557275661135446	-0.0014695672301792255	1.33118629	37.37912369	1.05970255	0.14183682238413844	0.0139461	0.00035
-0.1914	0.1158	0.0055	-0.003480186528476693	-0.0009948376736367678	-0.0015341444125030156	1.27459526	35.79007339	1.01807676	0.08620471674068433	0.0143396	0.00018
-0.1969	0.1842	0.0553	-0.003998549316319009	-0.0008098327729253688	-0.001473057888683214	1.34773552	37.84381866	1.05027556	0.16192271061867583	0.0137336	0.00022
-0.1889	0.1926	0.055	-0.004092797095926702	-0.0007173303225696694	-0.0013805554383275148	1.26449502	35.5064621	1.01046452	0.03066263401595456	0.0133809	0.00011
-0.1958	0.1057	0.0786	-0.0036721727461960694	-0.0011344640137963143	-0.0016947147036864942	1.27538693	35.81230164	1.09460091	0.17499586531581282	0.0123836	9e-05
-0.2021	0.1792	0.0913	-0.003581415625092364	-0.0012793263417118436	-0.0017523105690023068	1.22240436	34.32457733	1.01235886	0.10716076571675236	0.0120342	0.00013
-0.2065	0.2227	0.1242	-0.003993313328563026	-0.0011693705988362008	-0.001637118838370681	1.23451436	34.66461945	1.00644719	0.11265225884889651	0.0140156	3e-05
-0.2031	0.1735	0.0931	-0.0038135444156076103	-0.0011362093430483087	-0.0015777776438028737	1.21441627	34.10027313	1.01253422	0.09731356816555577	0.0130553	0.0001
-0.2007	0.081	0.0891	-0.0034103733583969193	-0.0011903145498601325	-0.0014957471689591403	1.35798156	38.13152313	1.11373021	0.12586533694331242	0.0180989	0.00101
-0.2048	0.1933	0.0995	-0.004049163864626845	-0.0011466813185602744	-0.0015306537539990272	1.3267771	37.25531769	1.09794241	0.16266651612848354	0.0155224	0.0002
-0.2084	0.2445	0.1421	-0.0046914450293607576	-0.0010192722831646884	-0.001481784534943186	1.08775377	30.54364586	0.96214777	0.13832797095926697	0.0177225	0.00021
-0.2039	0.1767	0.1025	-0.004557054676957195	-0.0009791297103688187	-0.0014748032179352085	1.11051655	31.18281364	0.993563	0.1209757121103705	0.0172945	0.00018
-0.202	0.1214	0.075	-0.004220206131322289	-0.0011309733552923255	-0.0015498523757709647	1.06206143	29.82221794	0.96234491	0.11288706741970841	0.0162425	0.00014
-0.201	0.16	0.0786	-0.004101523742186674	-0.0011222467090323538	-0.001520181778487061	1.13942945	31.9946785	0.97334646	0.05105398163397451	0.015803	0.00012
-0.207	0.2045	0.0909	-0.004342379178961892	-0.0009232791743050004	-0.0014643312424232424	1.22047889	34.27050781	1.00855008	0.08758367537831942	0.0167929	0.00028
-0.1988	0.1311	0.047	-0.003897320219703338	-0.000783652834145454	-0.001567305668290908	1.27690196	35.85484314	1.05249433	0.15988298626428826	0.0167295	0.00043
-0.1988	0.1448	0.0652	-0.003783873818323706	-0.0007819075048934597	-0.001637118838370681	1.26908481	35.63534164	1.00144786	0.041150245035569966	0.0156958	0.0002
-0.2062	0.1904	0.093	-0.003968878719035105	-0.0007853981633974483	-0.0015655603390389136	1.216833	34.16813278	1.01211989	0.09380270292735775	0.0154793	0.00024
-0.2009	0.2022	0.098	-0.00426907535037813	-0.000710349005561692	-0.00147131255943122	1.28820562	36.17224503	1.00078785	0.04557467843932372	0.0169658	0.00024
-0.1986	0.1323	0.0592	-0.003792600464583678	-0.0006178465552059926	-0.0016022122533307947	1.32008731	37.06747055	1.05344067	0.14599385150248628	0.01494	0.00031
-0.2041	0.1542	0.0693	-0.003555235686312449	-0.0008080874436733745	-0.0015323990832510211	1.19402301	33.5276413	1.00194722	0.06237094184091922	0.0160786	0.0002
-0.2028	0.2192	0.1018	-0.004434881629317591	-0.000640535835481919	-0.0015114551322270892	1.25838172	35.33480453	1.04004371	0.15220707511102644	0.0159645	0.00016
-0.1981	0.1847	0.0823	-0.004475024202113462	-0.0006021385919380437	-0.0014695672301792255	1.17807984	33.07996368	1.00218175	0.0647213859193805	0.0162525	0.00026
-0.1995	0.1188	0.0625	-0.004380776422505768	-0.0006736970912698113	-0.0016545721308906245	1.21641231	34.15632248	1.01945437	0.10464055898254304	0.0172805	0.00024
-0.1986	0.1427	0.0644	-0.0038135444156076103	-0.000778416846389471	-0.0016283921921107093	1.24773169	35.03575516	0.99612639	0.061606585039886606	0.0141101	0.00013
-0.2067	0.1818	0.1222	-0.004174827570770436	-0.000783652834145454	-0.0014276793281313615	1.1697799	32.84690475	1.00898361	0.13336160034490782	0.0136964	9e-05
-0.2001	0.1505	0.0777	-0.004017747938090946	-0.0007801621756414653	-0.0015638150097869194	1.12599742	31.61751175	0.98428682	0.09723529864195181	0.0127695	8e-05
-0.2011	0.1177	0.0648	-0.003626794185644217	-0.0008761552845011534	-0.0016598081186466073	1.1373378	31.9359436	0.95824188	0.07584699850830529	0.0129842	0.00019
-0.2079	0.1888	0.1111	-0.004176572900022431	-0.0009581857593448868	-0.0015655603390389136	1.12954032	31.71699524	0.99410417	0.16050284844148202	0.0134811	0.0001
-0.2051	0.1665	0.08	-0.003974114706791089	-0.0009704030641088471	-0.0016545721308906245	1.13566887	31.88908005	0.9632739	0.07138436449235062	0.0125384	7e-05
-0.2069	0.1261	0.0581	-0.003494149162492647	-0.0011449359893082802	-0.0017278759594743865	1.12895095	31.70044518	0.97392389	0.10049011490408188	0.0120383	7e-05
-0.2092	0.1888	0.0813	-0.003921754829231259	-0.0010978120995044332	-0.0016772614111665507	1.12611151	31.62071419	0.99596983	0.11446720524251472	0.0128661	0.00012
-0.1996	0.2004	0.0728	-0.004270820679630125	-0.0008936085770210966	-0.001621410875102732	1.11509347	31.3113327	0.98006464	0.06015599544730105	0.0136966	0.00013
-0.1938	0.1285	0.0412	-0.0038083084278516272	-0.0008587019919812101	-0.0016842427281745281	1.15241504	32.35930634	1.01063513	0.13731253449450895	0.0131651	0.00013
-0.1938	0.1668	0.0561	-0.004141666314982544	-0.0008203047484373349	-0.001656317460142619	1.18009615	33.13658142	0.98027636	0.07318401993533503	0.0156771	0.00014
-0.1889	0.1982	0.0671	-0.004565781323217166	-0.0006754424205218055	-0.0015882496193148398	1.13558865	31.88682747	0.98743715	0.07915225884889651	0.0148488	0.00013
-0.1889	0.1301	0.0364	-0.004052654523130833	-0.0007679448708775049	-0.0016545721308906245	1.17882562	33.10090256	1.00472041	0.13239758810089086	0.0140154	0.00021
-0.1943	0.124	0.0428	-0.003680899392456041	-0.0009773843811168245	-0.0017313666179783749	1.19539297	33.5661087	0.97633578	0.05079945640009309	0.0134234	7e-05
-0.2025	0.1541	0.0701	-0.00365646478292812	-0.0009913470151327792	-0.001759291886010284	1.15623224	32.4664917	0.97842256	0.06891612557878923	0.0121586	7e-05
-0.2112	0.178	0.0635	-0.003333578871309169	-0.0012723450247038664	-0.0018849555921538759	1.19073415	33.43529129	0.97649423	0.07567738136668145	0.0126415	0.00012
-0.2085	0.1266	0.0537	-0.003220132469929538	-0.0013648474750595659	-0.0019285888234537342	1.2581023	35.3269577	1.01588471	0.07637910415175946	0.0124175	0.00012
-0.2118	0.1715	0.0721	-0.003682644721708035	-0.0012409290981679683	-0.0019058995431778078	1.25490701	35.23723602	0.99648005	0.09705599544730105	0.0130376	0.0001
-0.2135	0.204	0.106	-0.00443837228782158	-0.0011274826967883368	-0.0017662732030182616	1.11669505	31.35630417	0.99036559	0.11854001538263612	0.0137121	9e-05
-0.2055	0.1415	0.0623	-0.004092797095926702	-0.0011379546723003027	-0.0017976891295541592	1.14447749	32.13642502	1.00715327	0.13357315469713707	0.0150958	0.0001
-0.2064	0.1394	0.0583	-0.003974114706791089	-0.0012042771838760874	-0.001843067690106012	1.16870511	32.81672287	0.96028548	0.01851917306316252	0.0138611	0.00013
-0.2092	0.1885	0.0725	-0.004174827570770436	-0.0010838494654884787	-0.0018029251173101424	1.1802516	33.14094543	1.00319239	0.08416415775814125	0.0164065	0.00012
-0.2052	0.2031	0.0829	-0.004773475504204492	-0.0010803588069844899	-0.0017313666179783749	1.21627331	34.15242004	1.01015083	0.06268485456349061	0.0160953	0.00024
-0.2013	0.1356	0.0374	-0.004029965242854907	-0.0011030480872604163	-0.0017889624832941875	1.23092127	34.56372833	1.02721716	0.15808977034706617	0.0145247	0.0001
-0.2062	0.1388	0.0686	-0.004145156973486532	-0.001117010721276371	-0.001864011641129944	1.16828001	32.80478668	0.97521561	0.0495101761241668	0.0151734	0.00012
-0.2085	0.195	0.0808	-0.004272566008882118	-0.0011013027580084218	-0.0018465583486100008	1.1431011	32.09777451	0.98473957	0.0787285145591739	0.0144636	0.00012
-0.2094	0.2108	0.1036	-0.004916592502868026	-0.0009424777960769379	-0.0017243853009703976	1.23562241	34.69573212	0.99093574	0.08575122517784972	0.0163336	0.00013
-0.2006	0.1455	0.0561	-0.004234168765338243	-0.0008587019919812101	-0.001811651763570114	1.30891025	36.75362396	1.04195436	0.16427330021126132	0.0155003	0.00024
-0.1903	0.1514	0.0562	-0.004223696789826277	-0.0006422811647339132	-0.0017941984710501708	1.20108998	33.72607803	0.99447375	0.028517304763960336	0.0158904	0.00012
-0.1845	0.199	0.0773	-0.004801400772236401	-0.000640535835481919	-0.001595230936322817	1.30127978	36.53936386	1.01789245	0.11342084231947357	0.0162753	0.00019
-0.1865	0.1828	0.0688	-0.004804891430740389	-0.0005742133239061344	-0.001553343034274953	1.19668519	33.6023941	1.00847105	0.03228505360638186	0.0171593	0.00015
-0.1902	0.1511	0.0502	-0.003946189438759179	-0.0007888888219014368	-0.0017366026057343581	1.27561438	35.81869125	1.02632825	0.11683185307179585	0.017149	0.00016
-0.1922	0.0981	0.0733	-0.005070181477043527	-0.0010681415022205296	-0.0015812683023068625	1.38862073	38.99185944	1.04783662	0.1560289511015468	0.0187813	0.00088
-0.2024	0.206	0.0668	-0.0043929937272697275	-0.0011798425743481666	-0.0016667894356545846	1.37001252	38.46934891	1.05279781	0.1683204977624579	0.0141333	0.00012
-0.1987	0.1989	0.0756	-0.004850269991292241	-0.0010332349171806431	-0.001614429558094755	1.1452744	32.15880203	0.98757994	0.05241218993749332	0.0153344	0.00018
-0.193	0.1141	0.0227	-0.004461061568097506	-0.0010349802464326373	-0.0016598081186466073	1.17955792	33.12146759	1.03355715	0.16521661564992904	0.0149344	0.00018
-0.1957	0.1453	0.0268	-0.004256858045614169	-0.0010943214410004448	-0.001710422666954443	1.00089693	28.10474586	0.92622588	0.05370796326794904	0.0150914	0.00014
-0.1988	0.2005	0.0592	-0.004858996637552213	-0.0010175269539126942	-0.0016824973989225337	1.06812775	29.99255753	0.95623647	0.1260429173528852	0.0153676	0.00012
-0.1941	0.138	0.0136	-0.004356341812977846	-0.0010803588069844899	-0.0017016960206944712	1.15697718	32.48740768	1.00613665	0.14203426497090504	0.0154154	0.00029
-0.1949	0.1312	0.0132	-0.00411199571769864	-0.0010995574287564276	-0.001748819910498318	1.20026875	33.70301819	0.97977311	0.023533430342749517	0.0143931	0.00016
-0.2041	0.2004	0.0854	-0.004797910113732411	-0.0008709192967451704	-0.0017435839227423352	1.2134012	34.07176971	1.03414118	0.19658942579005056	0.0149521	0.00014
-0.1975	0.1745	0.0376	-0.004590215932745087	-0.0008499753457212384	-0.0018046704465621369	1.19469881	33.5466156	1.01101155	0.09478623279155293	0.0144415	0.00013
-0.1971	0.1173	0.0262	-0.004118977034706617	-0.0009704030641088471	-0.001785471824790199	1.27438724	35.78423309	1.02765359	0.0995432619099008	0.0146165	0.00026
-0.1938	0.1708	0.0469	-0.004319689898685966	-0.0009389871375729493	-0.001811651763570114	1.28172421	35.99024963	1.02031393	0.09041543646475807	0.0133125	0.00012
-0.199	0.2117	0.0865	-0.004899139210348083	-0.0008779006137531476	-0.0017331119472303693	1.19392157	33.52479172	1.01565025	0.12165378259108316	0.0143163	8e-05
-0.1925	0.1336	0.0247	-0.004305727264670011	-0.0009372418083209549	-0.0017715091907742446	1.15668595	32.47923279	1.0192439	0.1809575191894877	0.0144898	0.00018
-0.2009	0.1232	0.0309	-0.003974114706791089	-0.0011990411961201044	-0.0018762289458939042	1.14014339	32.01472473	0.95984543	0.05990658503988655	0.0141258	0.00015
-0.2103	0.1834	0.051	-0.004024729255098924	-0.0013316862192716734	-0.0018483036778619948	1.18533432	33.2836647	1.00358553	0.10025924197456566	0.0145006	0.00017
-0.2121	0.2121	0.09	-0.004815363406252355	-0.001239183768915974	-0.0017453292519943296	1.12499332	31.58931732	1.00055748	0.1188055513688398	0.014907	0.00013
-0.2037	0.138	0.0377	-0.0043266712156939426	-0.0012636183784438947	-0.001820378409830086	1.15845013	32.52877045	1.02757106	0.1642087978961045	0.0156385	0.00018
-0.2061	0.157	0.0453	-0.0043982297150257105	-0.0013962634015954637	-0.0019355701404617114	1.21823561	34.20751953	0.9823981	0.04496976265574812	0.0151525	8e-05
-0.2134	0.2077	0.0945	-0.005164429256651221	-0.0011990411961201044	-0.0018064157758141308	1.18239999	33.20127106	1.0168551	0.1618288055874225	0.0160125	0.00014
-0.213	0.1796	0.0496	-0.004956735075663896	-0.0010611601852125523	-0.0019041542139258136	1.16240776	32.63989639	0.99724808	0.095565681500328	0.0171093	0.00014
-0.2065	0.1242	0.0389	-0.0038798669271833948	-0.0012269664641520136	-0.0015358897417550098	1.26638186	35.55944443	1.06264782	0.1531469449795383	0.0170543	0.00021
-0.215	0.1077	0.0174	-0.003220132469929538	-0.001706932008450454	-0.0016772614111665507	1.34667528	37.81404877	1.05276209	0.1105535835481919	0.0189205	0.00067
-0.2232	0.239	0.0398	-0.0033545228223331013	-0.001499237827463129	-0.001839577031602023	1.384269	38.86966324	1.07204059	0.18712000769131804	0.0179996	0.0002
-0.2176	0.1397	0.0249	-0.0043039819354180175	-0.0014695672301792255	-0.0017819811662862105	1.27503633	35.80245972	1.09478571	0.17163627878423163	0.0168762	0.00012
-0.2161	0.1323	0.0278	-0.0038903389026953604	-0.0015306537539990272	-0.0018168877513260971	1.12304103	31.53449631	0.96820669	0.03728180707911725	0.0147828	0.00015
-0.22	0.1764	0.0549	-0.004241150082346221	-0.0014695672301792255	-0.001843067690106012	0.9958908	27.96417427	0.92492766	0.09700388211252883	0.015492	0.0002
-0.2193	0.194	0.0624	-0.0045553093477052	-0.0013386675362796509	-0.0018168877513260971	1.07531428	30.1943512	0.95039144	0.04936194490192344	0.0185665	0.00026
-0.2141	0.1225	0.0236	-0.004307472593922005	-0.0012322024519079964	-0.001864011641129944	1.16414261	32.68861008	1.00800935	0.1355712863979348	0.0181764	0.00022
-0.215	0.1533	0.0269	-0.0042167154728183	-0.0012775810124598492	-0.0019093902016817967	1.19598627	33.58276749	0.97405101	0.04407571211037049	0.0169345	0.00018
-0.2156	0.1931	0.0452	-0.004611159883769018	-0.0011257373675363424	-0.0017976891295541592	1.19691491	33.60884476	1.01772602	0.09159945640009312	0.0178491	0.00016
-0.2098	0.204	0.0522	-0.0049235738198760036	-0.0010873401239924673	-0.0017226399717184032	1.23708093	34.73668671	1.01215605	0.04499301687433085	0.017362	0.00033
-0.2032	0.1285	0.0103	-0.0046478117980608994	-0.0010960667702524388	-0.0018256143975860688	1.26200318	35.43649292	1.05101224	0.14337315469713705	0.0201306	0.00041
-0.2017	0.1345	0.0169	-0.004201007509550351	-0.0011798425743481666	-0.0018483036778619948	1.23908567	34.79298019	1.01296905	0.04176346864411011	0.0163798	0.0004
-0.2078	0.2012	0.0731	-0.00473682358991261	-0.0012199851471440364	-0.0017645278737662671	1.28878415	36.18849182	1.04074144	0.16198672286269283	0.0161658	0.00022
-0.2041	0.1565	0.0622	-0.004633849164044945	-0.0012339477811599909	-0.0017400932642383465	1.12018228	31.45422363	0.99153129	0.06636858347057702	0.0160559	0.00029
-0.21	0.1012	0.0389	-0.003949680097263168	-0.0014189526818713899	-0.0018622663118779497	1.17516923	32.9982338	1.00109245	0.13406735075663895	0.0155361	0.00012
-0.2159	0.1662	0.0692	-0.004141666314982544	-0.0015132004614790836	-0.0018814649336498872	1.14764071	32.22524643	0.99408922	0.11647163095495038	0.0147933	0.00025
-0.216	0.1935	0.0928	-0.004614650542273007	-0.0014608405839192536	-0.0017976891295541592	1.14519787	32.15665054	1.00113383	0.08145599544730109	0.0159645	0.0008
-0.2146	0.1409	0.0501	-0.004052654523130833	-0.0015219271077390555	-0.0018849555921538759	1.21102262	34.00498199	1.01086292	0.13221745027808463	0.0148886	0.00035
-0.2179	0.1738	0.0513	-0.003993313328563026	-0.0015289084247470327	-0.0019216075064457567	1.24948633	35.08502579	1.00175235	0.04254872129338328	0.0151629	0.00011
-0.2142	0.2313	0.0744	-0.004626867847036967	-0.0012758356832078548	-0.0017872171540421933	1.25002754	35.10022354	1.04759672	0.13535088062083414	0.0148768	0.0002
-0.2071	0.1637	0.0313	-0.004600687908257053	-0.0012304571226560022	-0.0017837264955382047	1.25506139	35.24156952	1.05284032	0.12155245789178776	0.0167317	0.00022
-0.2076	0.1295	0.0318	-0.004157374278250492	-0.0013404128655316449	-0.001790707812546182	1.216537	34.15982437	1.01423027	0.06321253449450903	0.0154492	0.00052
-0.2053	0.2092	0.0595	-0.004941027112395947	-0.0014643312424232424	-0.0016510814723866359	1.36571133	38.34857178	1.06040813	0.16205987755982992	0.0160891	0.0002
-0.2022	0.1488	0.0441	-0.0049864056729478	-0.0010681415022205296	-0.0017331119472303693	1.16427326	32.69227982	1.01576116	0.10507993877991496	0.0164564	0.00013
-0.2092	0.1172	0.0294	-0.00422893277758226	-0.0013473941825396225	-0.0018657569703819383	1.23823678	34.76914215	1.01575817	0.1117685299418101	0.0140799	0.00015
-0.2145	0.1427	0.0386	-0.003914773512223281	-0.0015393804002589986	-0.0018867009214058703	1.24935865	35.08143997	0.99395312	0.06635447170511435	0.0136271	0.00011
-0.2218	0.1831	0.0719	-0.004223696789826277	-0.0015498523757709647	-0.001895427567665842	1.3202672	37.07252121	1.02664664	0.09740609496874672	0.013879	0.00012
-0.2137	0.1904	0.06	-0.004715879638888678	-0.0013473941825396225	-0.0018256143975860688	1.15978217	32.56617355	1.02080519	0.06552271061867582	0.014514	0.0001
-0.2094	0.1294	0.018	-0.004221951460574283	-0.001403244718603441	-0.001895427567665842	1.17752814	33.0644722	1.01079806	0.13827959422289934	0.015394	0.00012
-0.2113	0.166	0.0375	-0.004499458811641381	-0.001387536755335492	-0.0019669860669976093	1.19705069	33.61265564	0.99093855	0.0762386906833407	0.0173091	0.00017
-0.2167	0.2311	0.0799	-0.00541401133968641	-0.001324704902263696	-0.001858775653373961	1.21858215	34.21725082	1.0346092	0.16717973973702363	0.0177787	0.0002
-0.2109	0.1751	0.0313	-0.005021312257987686	-0.0012880529879718153	-0.0018779742751458986	1.22377455	34.36304855	1.01683801	0.13282748088812713	0.0182426	0.00013
-0.2104	0.1269	0.0321	-0.0047577675409365425	-0.0012636183784438947	-0.001963495408493621	1.19578087	33.57699966	0.98436067	0.06817502299633929	0.0182734	0.0002
-0.2157	0.1719	0.0379	-0.00451516677490933	-0.0013107422682477415	-0.002005383310541485	1.16237032	32.63884735	0.98737886	0.07268062789394611	0.0168812	6e-05
-0.2236	0.2204	0.0822	-0.005110324049839397	-0.0013334315485236678	-0.0018797196043978928	1.30197048	36.55875778	1.02766598	0.13787551306747925	0.0167343	0.00014
-0.2169	0.1579	0.0305	-0.0045204027626653135	-0.0012479104151759456	-0.0018552849948699724	1.34658599	37.81154251	1.0655468	0.15589385150248627	0.0172297	0.00025
-0.2179	0.135	0.0206	-0.004206243497306334	-0.0014782938764391971	-0.0019163715186897737	1.27953684	35.92882919	1.01970898	0.0640814625221016	0.0181559	0.00025
-0.2259	0.207	0.0738	-0.0049898963314517885	-0.0013404128655316449	-0.0018867009214058703	1.32312405	37.15274048	1.06270847	0.18076022211684545	0.0187162	0.00027
-0.2243	0.1915	0.0698	-0.005239478414486977	-0.0014067353771074296	-0.001912880860185785	1.18889022	33.3835144	1.00435491	0.0382042266695444	0.0187716	0.00028
-0.2172	0.1368	0.0255	-0.004399975044277705	-0.001452113937659282	-0.0018709929581379211	1.18209922	33.19282532	1.01137682	0.15243849164044943	0.0155077	0.00015
-0.2198	0.1614	0.0487	-0.004560545335461182	-0.0015254177662430443	-0.0018832102629018814	1.0926553	30.68127823	0.95202865	0.06270457122655997	0.0170292	0.00022
-0.2283	0.2243	0.0918	-0.00538957673015849	-0.001403244718603441	-0.0018413223608540175	1.03945887	29.18754768	0.98062229	0.16415461721923877	0.0174729	0.00031
-0.2182	0.1531	0.0339	-0.004771730174952496	-0.0013892820845874865	-0.001891936909161853	1.02900434	28.89398956	0.97691502	0.1733211868764892	0.017502	0.00041
-0.2211	0.1548	0.0272	-0.004553564018453206	-0.0014538592669112763	-0.0019442967867216831	1.04344463	29.29946518	0.9436575	0.02805516081914545	0.0186798	0.00056
-0.2279	0.208	0.0523	-0.004707152992628707	-0.0014765485471872027	-0.0018727382873899156	1.10773611	31.10474205	0.99313643	0.0974918376891597	0.0173771	0.00097
-0.2225	0.1824	0.0445	-0.004811872747748367	-0.0014538592669112763	-0.001843067690106012	1.1818918	33.18700027	0.98583849	0.04665398163397448	0.0172978	0.00093
-0.2157	0.1075	-0.0142	-0.004473278872861466	-0.001439896632895322	-0.001891936909161853	1.2537806	35.20560837	1.05786577	0.1604712863979348	0.0181026	0.00091
-0.2168	0.1385	-0.0323	-0.004701917004872723	-0.0015219271077390555	-0.0018797196043978928	1.24827349	35.05096817	1.01955457	0.06634429558094754	0.0192865	0.0009
-0.209	0.1922	0.003	-0.0054768431927582064	-0.001244419756671957	-0.0018936822384138475	1.33055675	37.36144638	1.05454637	0.15011980864842683	0.0211474	0.00062
-0.1948	0.1719	-0.0124	-0.005447172595474302	-0.0009808750396208131	-0.0017575465567582897	1.27179778	35.71152115	1.04403992	0.0713675497995303	0.0195312	0.00093
-0.1951	0.1226	-0.0283	-0.004897393881096089	-0.0010821041362364843	-0.0018570303241219666	1.35178483	37.95752335	1.02898661	0.10302457891787802	0.019914	0.00062
-0.2037	0.1335	-0.005	-0.004857251308300219	-0.0011013027580084218	-0.0019722220547535923	1.18850243	33.37262344	0.97902474	0.051526646259971685	0.0177249	0.00029
-0.2027	0.1969	0.0397	-0.005508259119294104	-0.0010053096491487337	-0.0018727382873899156	1.2700547	35.66257477	1.00721328	0.15142423436086247	0.0178009	0.00044
-0.1972	0.1608	0.0135	-0.005393067388662479	-0.0009459684545809266	-0.0019268434942017398	1.31499219	36.92440033	1.0300933	0.07923190660056281	0.0183027	0.00065
-0.2073	0.1171	-0.0116	-0.0047856928089684515	-0.0011484266478122688	-0.0020245819323134223	1.22711265	34.45678329	1.02252294	0.12427856055185262	0.018963	0.00065
-0.2083	0.1683	0.0106	-0.005070181477043527	-0.001254891732183923	-0.002033308578573394	1.24107242	34.84876633	1.01867249	0.09438401993533505	0.0191054	0.00043
-0.2105	0.1968	0.0371	-0.005274384999526864	-0.0013281955607676848	-0.0019512781037296606	1.20856321	33.93592072	1.0016283	0.07517689129554157	0.0175548	0.00034
-0.2132	0.133	0.0011	-0.004377285764001779	-0.0016510814723866359	-0.0019408061282176943	1.20206535	33.75346375	1.04106097	0.16402285613280007	0.0173433	0.00055
-0.2199	0.1431	0.016	-0.0041608649367544815	-0.0018744836166419098	-0.0019861846887695473	1.20003617	33.69648743	0.99553792	0.05596007660272123	0.0163096	0.00021
-0.2235	0.2005	0.0418	-0.005108578720587403	-0.0015882496193148398	-0.00200363798128949	1.20441461	33.8194313	1.04186746	0.14937005368399667	0.0158584	0.0002
-0.2181	0.1438	-0.0018	-0.005120796025351363	-0.0015585790220309364	-0.0019355701404617114	1.22312725	34.34487534	1.02301751	0.11119778714378212	0.0182258	0.00063
-0.2161	0.1532	-0.0057	-0.004670501078336825	-0.001579522973054868	-0.0019896753472735357	1.23356867	34.63806534	0.99310319	0.04156720524251466	0.0197935	0.00046
-0.2144	0.181	0.0082	-0.004661774432076854	-0.0015376350710070042	-0.00214850030920502	1.11734915	31.37467194	0.95336063	0.05387197551196596	0.0185532	0.00013
-0.213	0.2371	0.0381	-0.005333726194094671	-0.0013892820845874865	-0.002139773662945048	1.12074614	31.47005653	0.99592007	0.12885156973486536	0.0193827	0.00022
-0.2113	0.1758	0.0046	-0.005656612105713622	-0.001244419756671957	-0.002143264321449037	1.08704388	30.52371216	0.98821521	0.12006194490192344	0.0221449	0.00034
-0.2096	0.1375	-0.0026	-0.005242969072990966	-0.001322959573011702	-0.002143264321449037	1.00606656	28.24990463	0.93568778	0.07180914245312003	0.0207739	0.00036
-0.2081	0.1602	0.0014	-0.005052728184523583	-0.0012618730491919003	-0.002150245638457014	1.06838799	29.99986458	0.95057697	0.04111543646475807	0.0191393	0.00026
-0.2145	0.2263	0.0295	-0.005380850083898519	-0.0012339477811599909	-0.002082177797629235	1.16326213	32.66388702	0.9973833	0.12180575041173118	0.021147	0.0003
-0.209	0.1864	0.0185	-0.005630432166933707	-0.0011746065865921838	-0.002139773662945048	1.2660439	35.54995346	1.01117364	0.07472595714594042	0.0216165	0.00039
-0.2039	0.1415	-0.0064	-0.005426228644450371	-0.0010262536001726657	-0.0022026055160168437	1.29366064	36.32542038	1.01994871	0.09566941809873251	0.0213984	0.00052
-0.2031	0.1599	-0.0181	-0.005218534463463045	-0.0009983283321407565	-0.002155481626212997	1.21637011	34.15513611	1.01044353	0.04503716694115405	0.0211993	0.00055
-0.2056	0.1746	-0.0128	-0.005330235535590682	-0.0011344640137963143	-0.0021799162357409173	1.28856945	36.18246078	0.99405274	0.03611356816555576	0.0219239	0.00042
-0.2077	0.1791	-0.0069	-0.005324999547834699	-0.001117010721276371	-0.0022322761133007477	1.2729888	35.7449646	0.99656729	0.016252457891787836	0.0200849	0.00065
-0.2016	0.1837	-0.0069	-0.005291838292046808	-0.0010576695267085637	-0.00214850030920502	1.23675418	34.72751236	0.98074515	0.019513912722571303	0.0206369	0.00073
-0.2112	0.2209	0.029	-0.005218534463463045	-0.0011362093430483087	-0.0019722220547535923	1.20442235	33.81964874	0.98540446	0.09910609496874676	0.019362	0.00038
-0.2067	0.2063	0.0396	-0.005621705520673735	-0.000926769832808989	-0.001933824811209717	1.17462718	32.98301315	0.96779021	0.062250390549694265	0.020135	0.00065
-0.1994	0.1111	-0.0029	-0.005218534463463045	-0.0009843656981248017	-0.00200363798128949	1.22091174	34.28266525	1.02632196	0.1715290046303138	0.0213757	0.00155
-0.1984	0.1307	0.0036	-0.005080653452555493	-0.001043706892692609	-0.002090904443889207	1.12931597	31.71069336	0.954931	0.04132443340375381	0.0196944	0.00059
-0.2053	0.2018	0.0461	-0.0056374134839416844	-0.0011082840750163993	-0.0019879300180215415	1.13244689	31.79861069	0.99964546	0.15671558197888236	0.0180586	0.00035
-0.1999	0.1626	0.0005	-0.005220279792715039	-0.0010995574287564276	-0.002054252529597326	1.02257729	28.71352005	0.95120158	0.11480914245312011	0.0184078	0.00032
-0.2104	0.1394	-0.002	-0.004824090052512327	-0.001420698011123384	-0.002092649773141201	1.02710426	28.8406353	0.9427449	0.07398637830567721	0.0175726	0.00025
-0.2139	0.201	0.0218	-0.0051452306348792835	-0.0014590952546672592	-0.002064724505109292	1.06495368	29.90342903	0.97712526	0.10827315469713707	0.01758	0.00015
-0.2112	0.2177	0.0122	-0.005318018230826722	-0.0014451326206513049	-0.001970476725501598	1.09438539	30.7298584	0.97040791	0.04304990047855434	0.0175507	0.00022
-0.2098	0.1437	-0.0071	-0.005096361415823441	-0.001673770752662562	-0.0020280725908174107	1.13543439	31.88249588	1.00328879	0.12009454061651754	0.0178204	0.00024
-0.218	0.1818	0.0042	-0.004932300466135976	-0.0018186330805780916	-0.0020594885173533086	1.17973864	33.12654114	0.9771234	0.07461696020694465	0.016956	0.00027
-0.2239	0.2139	0.0412	-0.005330235535590682	-0.0017575465567582897	-0.0019792033717615696	1.1278528	31.66961098	0.97800053	0.10196533694331236	0.0169895	0.0002
-0.2195	0.1479	-0.0052	-0.004783947479716458	-0.0018046704465621369	-0.0020682151636132805	1.17753363	33.06462479	1.00830132	0.15092118687648912	0.0174491	0.00026
-0.2229	0.1472	0.0153	-0.0048956485518440946	-0.0019268434942017398	-0.0020717058221172693	1.178918	33.10349655	0.97398426	0.03646823891356142	0.0168015	0.00026
-0.2251	0.1978	0.0557	-0.005276130328778859	-0.0018605209826259553	-0.0019425514574696887	1.11649644	31.35072899	0.98965471	0.12199793265790645	0.0159269	0.00017
-0.222	0.1528	0.0194	-0.004801400772236401	-0.001843067690106012	-0.002005383310541485	1.06022799	29.77073479	0.9506523	0.11215073510670988	0.0160851	0.00013
-0.2241	0.1302	0.0204	-0.004529129408925285	-0.0019861846887695473	-0.002057743188101315	1.09902239	30.86006546	0.96030305	0.04908741197672402	0.0159793	0.00015
-0.2307	0.2058	0.0492	-0.004640830481052923	-0.0020210912738094335	-0.0022410027595607188	1.14119303	32.04419708	0.99273659	0.12749336143134635	0.0179387	0.00026
-0.2267	0.2039	0.0547	-0.004909611185860049	-0.0019285888234537342	-0.0020664698343612863	1.13005233	31.73137283	0.98544087	0.038190804018112895	0.017485	0.00014
-0.2234	0.1308	0.0088	-0.004382521751757761	-0.002040289895581371	-0.0021170843826691216	1.17096901	32.8802948	1.02382785	0.156770252726888	0.0185302	0.00059
-0.2302	0.1786	0.0266	-0.004560545335461182	-0.00204378055408536	-0.002134537675189065	1.19370544	33.51872253	1.02552493	0.08234837673636765	0.018227	0.00126
