trans_x	trans_y	trans_z	rot_x	rot_y	rot_z	dvars_std	dvars_nstd	dvars_vstd	framewise_displacement	aqi	aor
0.0	-0.0	0.0	-0.0	0.0	-0.0	n/a	n/a	n/a	n/a	0.114089	0.03664
-0.0083	0.02	-0.0066	-0.0005916666164260777	-3.141592653589793e-05	-0.00014311699866353502	0.85161525	29.63514137	0.84740446	0.07320997708127554	0.111832	0.03412
-0.0124	-0.0013	-0.0281	-0.0005358160803622592	-0.0001291543646475804	-0.00018675022996339323	0.88248199	30.70926476	0.85596432	0.05676111027376796	0.115489	0.03583
-0.0083	-0.0264	0.023	-0.00029496064358704166	-3.490658503988659e-05	-9.948376736367679e-05	0.91788799	31.94134903	0.87850228	0.10141848394913136	0.110128	0.03502
-0.0094	0.0169	0.0115	-0.0008988445647770796	-2.268928027592628e-05	-0.0001291543646475804	0.97896844	34.06687164	0.90311285	0.08818859116189509	0.108333	0.03234
-0.0109	-0.0145	-0.0244	-0.0008307767239493009	-0.0001256637061435917	-9.948376736367679e-05	0.87536281	30.46152687	0.84915808	0.0788356431989674	0.113946	0.03549
-0.0097	-0.0312	0.0258	-0.00045553093477052	-4.0142572795869576e-05	-8.726646259971648e-05	0.91465199	31.82874107	0.86967494	0.09174921136452317	0.108651	0.03372
-0.0132	0.0126	0.0008	-0.0010733774899765126	-0.00011693705988362007	-0.0001256637061435917	0.94131029	32.75641632	0.92449817	0.10895191429188092	0.108942	0.03159
-0.0088	-0.023	-0.0247	-0.0011274826967883368	-0.00016231562043547262	-9.599310885968811e-05	0.93860865	32.66240311	0.91349085	0.07195771823237902	0.112972	0.03392
-0.0105	-0.006	0.0328	-0.0008674286382411819	-0.00011519173063162575	-0.0001675516081914556	0.97050399	33.77231979	0.90232131	0.09513682238413847	0.105251	0.03143
-0.0142	0.0393	0.0249	-0.0018814649336498872	5.759586531581287e-05	-0.0002565634000431664	0.91993672	32.01264191	0.90426557	0.12069178416039276	0.101752	0.02595
-0.011	0.0219	-0.0187	-0.001759291886010284	1.7453292519943294e-06	-0.00026354471705114377	0.97436112	33.90654373	0.88189878	0.07345024503556995	0.109483	0.02948
-0.0078	0.0079	0.0308	-0.0016109388995907662	6.283185307179586e-05	-0.00027925268031909274	0.93092889	32.39515686	0.87432432	0.07795737367536344	0.102656	0.02755
-0.0102	0.0368	0.0004	-0.0022724186860966175	0.00014137166941154068	-0.00027925268031909274	1.0160023	35.35560608	0.92572258	0.09870098014227982	0.103898	0.02503
-0.016	0.0501	0.2747	-0.0031363566658338103	0.00038048177693476387	-0.0003385938748868999	1.68874478	58.7661972	1.53578228	0.3515194640914111	0.0789306	0.01464
-0.0134	0.0877	0.3693	-0.003897320219703338	0.0006213372137099814	-0.0002740166925631097	1.51167214	52.60429382	1.40880655	0.1881198086484268	0.0622885	0.00705
-0.0172	0.0949	0.5537	-0.005431464632206353	0.0010402162341886204	-0.0002600540585471551	1.22608495	42.6662178	1.14022656	0.2937493033498804	0.0473983	0.0028
-0.0263	0.1111	0.8501	-0.005101597403579425	0.00041538836197465044	-0.0003665191429188092	1.39931512	48.69440842	1.24139535	0.3747580092606276	0.0511066	0.00255
-0.0155	0.0661	0.9065	-0.005314527572322734	0.0005707226654021458	-0.0002530727415391778	0.96648753	33.6325531	0.91423393	0.13628554367752177	0.0510331	0.00235
-0.0179	0.0782	0.8756	-0.006012659273120465	0.0007417649320975902	-0.0001675516081914556	0.8552193	29.76055717	0.8410905	0.0931347550420448	0.0457724	0.00159
-0.0164	0.0342	0.8485	-0.006489134158914917	0.0006632251157578452	-7.853981633974481e-05	0.84964812	29.56668854	0.84085554	0.10480132469929541	0.044366	0.00186
-0.0118	0.0472	0.9385	-0.006660176425610361	0.0007487462491055673	-0.0001308996938995747	0.95567954	33.25644684	0.91361051	0.12304616388014972	0.0465733	0.00153
-0.0191	0.1083	0.9131	-0.007560766319639435	0.0006318091892219474	-0.00012217304763960306	1.13928592	39.64572144	0.93334454	0.14511268000863323	0.0418056	0.00077
-0.0216	0.0807	0.8688	-0.0070581114950650685	0.0006649704450098395	-6.981317007977319e-05	1.04685926	36.42938614	0.8998628	0.10380879789610442	0.0426047	0.00098
-0.0176	0.131	0.9766	-0.007197737835224614	0.0007801621756414653	-0.00013788101090755203	0.99872458	34.7543602	0.9061756	0.17824429558094756	0.0435499	0.00063
-0.0212	0.1656	0.939	-0.00846135621366851	0.0008883725892651138	-0.0001064650843716541	1.06989872	37.23113251	0.91774151	0.14596223593017216	0.0369742	0.00031
-0.015	0.1185	0.9334	-0.00830078592248503	0.0009459684545809266	-0.0001361356816555577	0.89481139	31.13831329	0.85837098	0.0712918376891597	0.0378661	0.00031
-0.0113	0.1513	0.9984	-0.008239699398665229	0.0011362093430483087	-0.00014137166941154068	0.96491867	33.57795715	0.89240334	0.1143281700021583	0.0400856	0.00036
-0.0144	0.134	0.9272	-0.008946557745722932	0.0010803588069844899	-0.00017278759594743863	1.0320431	35.9138031	0.92239202	0.13130624048287093	0.034664	0.00021
-0.0143	0.0851	0.9762	-0.00853466004225227	0.0009686577348568529	-0.00013264502315156904	1.00740612	35.05646896	0.91752946	0.12618706741970837	0.0401921	0.00039
-0.0146	0.1411	0.9974	-0.009641198788016676	0.0009651670763528643	-0.00014486232791552936	1.01562381	35.34243393	0.9098772	0.13361233545161774	0.0349694	0.00015
-0.0147	0.0918	0.9541	-0.009430013948525362	0.0009145525280450286	-6.632251157578452e-05	0.87046796	30.2911911	0.85193434	0.10971696020694476	0.0349873	0.00029
-0.0095	0.0578	0.8742	-0.008169886228585457	0.0010978120995044332	-1.2217304763960308e-05	1.07330227	37.34957123	0.94879278	0.19397462491055664	0.0379026	0.00058
-0.0248	0.0694	0.7616	-0.009049532171590598	0.000973893722612836	-0.000153588974175501	1.33663523	46.51322556	1.19431932	0.19674679946541393	0.0354894	0.00087
-0.0209	0.21	0.9195	-0.010128145649323095	0.0008237954069413235	-0.00013439035240356338	1.26685858	44.08508682	1.18240208	0.3647955207587973	0.0298576	8e-05
-0.0146	0.1662	1.0803	-0.009943140748611695	0.0009843656981248017	-0.00011170107212763708	1.0651238	37.06497192	0.97761902	0.2293132236085403	0.0366634	0.00013
-0.0164	0.2167	1.0748	-0.010882127886184645	0.0010576695267085637	-9.599310885968811e-05	0.86142594	29.97654152	0.84981447	0.10919994647123314	0.0320747	9e-05
-0.0139	0.1573	1.0264	-0.010601129876613559	0.0010786134777324957	-6.632251157578452e-05	0.90040129	31.33283424	0.85339927	0.12688062789394608	0.031671	6e-05
-0.0106	0.1545	1.0913	-0.00988379955404389	0.0010088003076527223	-6.632251157578452e-05	0.86982626	30.26886177	0.84628477	0.11035717463247208	0.0377219	0.00013
-0.0174	0.1676	1.0487	-0.010620328498385496	0.0009162978572970229	-0.00011519173063162575	0.88305563	30.72922707	0.84738458	0.10639503068765732	0.0335744	9e-05
-0.0179	0.1128	1.0109	-0.010534807365037773	0.0008150687606813518	-7.330382858376184e-05	0.90338308	31.43659592	0.85204202	0.10453190660056295	0.0345356	0.00019
-0.0132	0.1321	1.0997	-0.010065313796251299	0.0008918632477691023	-6.45771823237902e-05	0.97499847	33.92872238	0.89187098	0.1405507351067098	0.0394986	0.00022
-0.0131	0.1611	1.0863	-0.010599384547361562	0.0009424777960769379	-0.00015009831567151235	1.00842893	35.09206009	0.8937113	0.07601032163829091	0.0376866	0.00019
-0.0122	0.1504	1.0149	-0.011072368774652026	0.0009040805525330626	-0.00016406094968746698	1.01008832	35.14980698	0.92061684	0.1092672052425148	0.0334781	0.00017
-0.0054	0.126	1.0873	-0.0101874868438909	0.0012252211349000194	-1.7453292519943294e-06	1.08361769	37.70853424	0.94975123	0.17201690667817773	0.0416521	0.0007
-0.0023	0.1865	1.098	-0.010478956828973955	0.0012723450247038664	0.00011170107212763708	1.12732279	39.22941589	0.9902543	0.09690201381332675	0.0407672	0.00078
-0.013	0.1691	1.0568	-0.010608111193621535	0.0007208209810736582	0.00027576202181510406	1.09952796	38.26219177	1.05378808	0.1115369678982629	0.0389782	0.00115
-0.0114	0.1045	1.1532	-0.010180505526882926	0.0009250245035569946	0.00010471975511965978	1.03159571	35.89823532	0.96411441	0.2027425727958696	0.0446711	0.00088
-0.0132	0.1612	1.137	-0.010862929264412706	0.0011100294042683937	-5.235987755982989e-05	0.96673542	33.64117813	0.93109662	0.12592541354603343	0.0380976	0.00022
-0.0153	0.1458	1.0525	-0.011288789601899323	0.0011117747335203881	-1.5707963267948964e-05	1.07789636	37.50943756	0.90336242	0.1252128790515246	0.0319934	8e-05
-0.0078	0.1349	1.1024	-0.010295697257514549	0.0010995574287564276	-5.4105206811824215e-05	0.95281917	33.15690994	0.87426587	0.12048534463463052	0.037847	0.00016
-0.0097	0.1722	1.1193	-0.010300933245270531	0.001117010721276371	-8.726646259971648e-05	0.93981636	32.70442963	0.87159514	0.0588925268031908	0.0376368	0.00013
-0.0158	0.1669	1.0404	-0.011112511347447897	0.0011030480872604163	-6.283185307179586e-05	0.97703797	33.99969482	0.90721441	0.132798767286062	0.0307351	4e-05
-0.0106	0.1477	1.0795	-0.010217157441174806	0.0008883725892651138	-0.00010471975511965978	0.88903534	30.93731308	0.847728	0.12109586531581278	0.0362793	6e-05
-0.0137	0.188	1.0855	-0.010885618544688634	0.0010105456369047167	-7.155849933176751e-05	0.98449826	34.25930405	0.90097781	0.09058977034706615	0.0336714	3e-05
-0.013	0.1534	1.053	-0.010307914562278512	0.0008290313946973065	-4.886921905584123e-05	0.89718992	31.22108269	0.86449075	0.10689537524467292	0.0344099	0.0001
-0.0142	0.1535	1.1261	-0.009770353152664255	0.0008639379797371932	-4.18879020478639e-05	1.01248503	35.2332077	0.90640689	0.1033724655831062	0.0404176	0.00016
-0.0143	0.1708	1.0865	-0.011065387457644049	0.0011903145498601325	4.18879020478639e-05	0.97242749	33.83925629	0.91461376	0.1422593339599231	0.0329791	5e-05
-0.0102	0.1438	1.0595	-0.010636036461653444	0.0011728612573401894	8.37758040957278e-05	0.94468063	32.87369919	0.86863052	0.08253460952792047	0.0331422	0.00011
-0.0164	0.1498	1.1231	-0.010431832939170107	0.0009896016858807848	-8.028514559173915e-05	0.91295898	31.76982498	0.8679734	0.10337620218151032	0.0376209	0.00012
-0.0183	0.1591	1.0518	-0.011274826967883369	0.0010053096491487337	-8.203047484373349e-05	0.98604053	34.31297302	0.90713629	0.1255223660616602	0.0313578	4e-05
-0.0149	0.1279	1.103	-0.010163052234362981	0.000921533845053006	-8.37758040957278e-05	0.89312887	31.07976341	0.86257995	0.14566479334340535	0.0388247	9e-05
-0.015	0.1797	1.1191	-0.010768681484805013	0.0010716321607245184	-0.00016231562043547262	0.97683495	33.99263	0.90492939	0.10971336912266444	0.0370343	0.00011
-0.0172	0.1813	1.043	-0.011737339219661866	0.0010733774899765126	-0.00013962634015954637	0.93268734	32.45634842	0.89304268	0.12955461721923875	0.0292958	2e-05
-0.012	0.1599	1.1125	-0.010903071837208577	0.0008936085770210966	-0.00010995574287564276	0.90615046	31.53289795	0.86426367	0.14828534463463053	0.036256	5e-05
-0.0147	0.2177	1.1204	-0.01224697536124421	0.0011013027580084218	-0.00017278759594743863	0.89089876	31.00215721	0.87288388	0.14912147790473773	0.0316939	1e-05
-0.0132	0.1704	1.0715	-0.01179144442647369	0.0010122909661567112	-0.00012042771838760874	0.87358642	30.3997097	0.85611221	0.12754513020910324	0.0311155	2e-05
-0.0103	0.1793	1.1345	-0.011383037381507017	0.0010995574287564276	-9.599310885968811e-05	0.88509756	30.80028343	0.86606994	0.10080540585471565	0.0359104	4e-05
-0.0143	0.188	1.0663	-0.012445942895971562	0.0012130038301360591	-0.0001012290966156711	0.98822838	34.38910675	0.91343262	0.13997939518000804	0.0286864	0.0
-0.0108	0.1413	1.0666	-0.011824605682261582	0.0011205013797803594	-5.235987755982989e-05	0.92714542	32.2634964	0.87285673	0.088635444156076	0.0316401	7e-05
-0.0089	0.1997	1.1388	-0.01195550537616116	0.0011030480872604163	-3.490658503988659e-05	1.09656799	38.15918732	0.9229779	0.1407903139469732	0.0339882	4e-05
-0.0145	0.1961	1.0923	-0.013152801243029269	0.0012042771838760874	-7.155849933176751e-05	0.98480141	34.26985168	0.90624542	0.12245884388878304	0.028043	4e-05
-0.0133	0.1724	1.1278	-0.012285372604788085	0.0010053096491487337	-0.00011170107212763708	0.96382529	33.53990936	0.89501363	0.11572693728822021	0.0327251	3e-05
-0.0163	0.219	1.1519	-0.012880529879718152	0.0011117747335203881	-0.00013962634015954637	0.91635466	31.88799095	0.87296487	0.11017738136668156	0.0316535	4e-05
-0.0171	0.1791	1.0854	-0.013180726511061176	0.001265363707695889	-6.806784082777885e-05	0.94511372	32.88877106	0.88149526	0.1334672052425146	0.0278013	4e-05
-0.0155	0.1836	1.1737	-0.0122190500932123	0.0010122909661567112	-0.00010821041362364843	0.93978351	32.70328522	0.8793575	0.15714458660919622	0.0359204	4e-05
-0.015	0.2184	1.1674	-0.01257684258987114	0.0011466813185602744	-4.0142572795869576e-05	0.93903095	32.67709732	0.8758939	0.06961253449450908	0.0342239	7e-05
-0.0165	0.1869	1.0996	-0.012938125745033963	0.0012339477811599909	-0.00014486232791552936	0.97574455	33.95468521	0.89945621	0.12846346864411007	0.0291778	3e-05
-0.0132	0.1857	1.1507	-0.012154472910888512	0.0010733774899765126	-0.0001291543646475804	0.94395941	32.84860229	0.88956715	0.10359655442984408	0.0349094	8e-05
-0.026	0.2129	1.1236	-0.013254030339644937	0.0013631021458075715	-0.00021642082724729686	1.01520383	35.32781982	0.91846317	0.14092742735936015	0.029891	5e-05
-0.0481	0.2063	1.1011	-0.01309346004846146	0.0011746065865921838	-0.0004014257279586958	0.92777818	32.28551483	0.88171127	0.07790353755551313	0.0295779	1e-05
-0.0521	0.1948	1.1738	-0.012431980261955609	0.0008831366015091308	-0.0004380776422505767	0.98785174	34.37599945	0.89689024	0.13768008429403927	0.036265	5e-05
-0.0648	0.1858	1.122	-0.013589133556027849	0.0012130038301360591	-0.00062482787221397	0.94528627	32.89477539	0.89523411	0.1571885376331279	0.0304229	3e-05
-0.0546	0.1643	1.1007	-0.01328719159543283	0.001192059879112127	-0.0005235987755982988	0.85598618	29.7872448	0.8443408	0.07420575041173116	0.0299142	4e-05
-0.046	0.188	1.1582	-0.012381365713647775	0.0011623892818282235	-0.0004258603374866164	0.93528712	32.54681778	0.89514916	0.14146174585903193	0.0345771	4e-05
-0.0375	0.2024	1.0846	-0.013250539681140951	0.0010681415022205296	-0.000296705972839036	1.11135674	38.67381668	0.90988212	0.15112880558742248	0.0280088	8e-05
-0.0317	0.1653	1.1092	-0.012564625285107179	0.0010192722831646884	-0.00034033920413889426	1.00900471	35.11209488	0.91254265	0.10642084231947356	0.0315519	2e-05
-0.0345	0.2116	1.127	-0.012615239833415013	0.000947713783832921	-0.0003577924966588376	0.99476051	34.61641693	0.89483375	0.07388131700797727	0.0312701	2e-05
-0.0368	0.1965	1.0633	-0.01282293401440234	0.0009197885158010115	-0.0002740166925631097	0.94401979	32.85070419	0.88327953	0.09706976265574832	0.0271407	2e-05
-0.032	0.1835	1.1137	-0.012128292972108596	0.0009232791743050004	-0.0003211405823669566	0.93386149	32.49720764	0.87745803	0.105462779530079	0.0318818	4e-05
-0.038	0.2193	1.1013	-0.012733922222550629	0.0009669124056048585	-0.000291469985083053	0.9741509	33.89922714	0.88498722	0.08814665395128973	0.0291129	4e-05
-0.0368	0.1673	1.0698	-0.012795008746370429	0.0009581857593448868	-0.0003159045946109737	0.88319504	30.73407936	0.85265719	0.08941238898038449	0.0282086	4e-05
-0.0345	0.1907	1.1579	-0.012374384396639796	0.001048942880448592	-0.0003682644721708035	0.94017309	32.71684265	0.87221029	0.14198706741970823	0.0337266	3e-05
-0.0376	0.2218	1.1193	-0.01337969404578853	0.0012374384396639797	-0.0003961897402027128	0.88050729	30.64054871	0.86583664	0.13388652381980148	0.0284801	1e-05
-0.0349	0.1706	1.1087	-0.01297652298857784	0.0010960667702524388	-0.00042935099599060504	0.84505862	29.40697861	0.84101251	0.09338519912050608	0.0298116	1e-05
-0.033	0.1906	1.0733	-0.012943361732789947	0.0012583823906879114	-0.0004537856055185257	0.94125491	32.7544899	0.89200318	0.0682955742875644	0.0280956	1e-05
-0.0405	0.1183	0.7394	-0.012074187765296772	0.0008691739674931761	-0.0005375614096142535	1.33882236	46.5893364	1.18713847	0.4808079097391819	0.0255243	0.00024
-0.0369	0.0914	0.5948	-0.010489428804485921	0.000291469985083053	-0.0006928957130417488	1.07280707	37.33234024	1.01732726	0.29098986233242347	0.032629	0.00064
-0.0338	0.301	1.0156	-0.011854276279545488	-7.67944870877505e-05	-0.000582939970166106	1.65575957	57.6183548	1.48870765	0.7256533845053006	0.0350965	0.00049
-0.0544	0.4653	1.3558	-0.014334389146629429	0.000640535835481919	-0.0007958701389094143	1.62699926	56.61753082	1.45245778	0.6956186679198457	0.051985	0.001
-0.0575	0.2172	1.26	-0.014748032179352085	0.0012304571226560022	-0.0007068583470577034	1.48805809	51.78255463	1.37073312	0.4016288055874224	0.0398225	4e-05
-0.0713	0.165	1.0936	-0.013440780569608332	0.0007888888219014368	-0.0007557275661135446	1.2875272	44.80432892	1.15395648	0.3222844564777081	0.0333285	0.00061
-0.0629	0.1978	1.2696	-0.014151129575170023	0.0007661995416255106	-0.0005305800926062762	1.28717732	44.7921524	1.11947358	0.2651092879672444	0.0403246	0.0001
-0.0434	0.2696	1.2837	-0.014219197415997802	0.0008709192967451704	-0.0003089232776029963	1.06735945	37.14276886	0.94051952	0.1251222205475359	0.0393891	2e-05
-0.0437	0.249	1.2409	-0.015428710587629874	0.001048942880448592	-0.00024260076602721178	1.08336091	37.69960022	0.93814654	0.13639296334556408	0.03429	2e-05
-0.0372	0.2036	1.2408	-0.014938273067819467	0.0008360127117052838	-0.0001658062789394613	1.03872883	36.14645767	0.93537496	0.09100810878207324	0.0355372	4e-05
-0.0334	0.2465	1.3078	-0.014885913190259635	0.0009389871375729493	-0.00017627825445142725	1.01673329	35.38104248	0.89614424	0.12199031394697332	0.0400467	8e-05
-0.0374	0.2794	1.2638	-0.015786503084288712	0.0009791297103688187	-0.00017104226669544429	0.9543978	33.2118454	0.88883975	0.12819842272904647	0.0359943	5e-05
-0.0322	0.2452	1.216	-0.015720180572712926	0.0009913470151327792	-5.235987755982988e-06	1.11208642	38.69921112	1.00052894	0.09941730476396045	0.0353237	0.00089
-0.031	0.2595	1.3	-0.014875441214747669	0.000450294947014537	6.45771823237902e-05	1.17686665	40.95348358	1.09898705	0.1722802298081637	0.0456557	0.00066
-0.0358	0.2705	1.2929	-0.015357152088298104	0.0004799655442984406	9.42477796076938e-05	0.91250861	31.75415421	0.87967979	0.04995260340591222	0.044224	0.00067
-0.0379	0.2416	1.2509	-0.015786503084288712	0.0003961897402027128	2.792526803190927e-05	0.86843181	30.22033691	0.85642248	0.10197246558310608	0.0407686	0.00068
-0.0357	0.2117	1.3256	-0.015191345809358643	0.00046425758103049166	-2.792526803190927e-05	0.92956114	32.34756088	0.88905336	0.14275378259108332	0.0478324	0.00055
-0.0349	0.224	1.3534	-0.015203563114122604	0.0004468042885105483	-8.203047484373349e-05	1.01850617	35.44273376	0.88480909	0.04508879020478647	0.0500769	0.0005
-0.0448	0.2228	1.3105	-0.01616523953197148	0.0005637413483941684	-0.0001675516081914556	1.00713515	35.04703903	0.92128591	0.1122067305540108	0.0427297	0.00019
-0.0471	0.2115	1.2799	-0.015486306452945686	0.0005288347633542819	-0.0002583087292951608	0.95021671	33.06634903	0.90438229	0.08442983925846917	0.0393746	6e-05
-0.0473	0.2622	1.3523	-0.014863223909983712	0.0004310963252425994	-0.00029496064358704166	0.95803034	33.33825302	0.88675274	0.16117364476827692	0.0451466	0.00013
-0.053	0.2846	1.2975	-0.015563100940033436	0.0005515240436302081	-0.000296705972839036	0.89934856	31.2961998	0.86658087	0.12400250388446636	0.0385678	4e-05
-0.0513	0.2453	1.2628	-0.015341444125030157	0.0004258603374866164	-0.00034033920413889426	0.8798058	30.61613655	0.8460011	0.09524768762233665	0.0361249	4e-05
-0.0496	0.2786	1.3344	-0.014857987922227728	0.0004049163864626844	-0.00032637657012293966	0.94175744	32.77197647	0.89186431	0.13251813939211596	0.0422789	1e-05
-0.0514	0.2958	1.2636	-0.015690509975429024	0.0004939281783143952	-0.00032463124087094524	1.0065881	35.02799988	0.91973555	0.13596395871525002	0.0348999	3e-05
-0.049	0.2305	1.2763	-0.014856242592975733	0.00028274333882308137	-0.00033335788713091696	0.9098866	31.66291046	0.88618238	0.13310894341022875	0.0380712	2e-05
-0.0463	0.2754	1.313	-0.01507266342022303	0.0004310963252425994	-0.00034208453339088857	0.95734566	33.31442642	0.90700776	0.10297502299633925	0.0398523	2e-05
-0.0451	0.2632	1.2373	-0.01631010185988701	0.0005515240436302081	-0.0003874630939427412	0.89578307	31.17212486	0.87813998	0.15926223593017189	0.031477	1e-05
-0.0393	0.2286	1.279	-0.015399039990345968	0.0005375614096142535	-0.00035081117965086024	0.8898468	30.96555138	0.86231063	0.13018382089244368	0.036308	4e-05
-0.0433	0.2795	1.2841	-0.015631168780861217	0.000593411945678072	-0.0003316125578789226	0.91954398	31.99897575	0.88024334	0.07535889741755036	0.0362527	2e-05
-0.043	0.2445	1.2334	-0.01568876464617703	0.00047647488579445195	-0.00032463124087094524	0.89290518	31.07197952	0.8664681	0.09507571211037048	0.0326931	5e-05
-0.0393	0.2439	1.2877	-0.015278612271958359	0.0005846852994181004	-0.00030368728984701333	1.02729547	35.74859238	0.89958194	0.08556533694331254	0.0378905	1e-05
-0.0443	0.2791	1.2342	-0.016355480420438863	0.0007435102613495844	-0.00027750735106709843	0.99519497	34.63153458	0.91163314	0.15679365245959523	0.0319427	3e-05
-0.038	0.2391	1.2305	-0.015863297571376462	0.000645771823237902	-0.0002617993877991494	0.8694396	30.25540733	0.84821587	0.08028146252210167	0.0319969	5e-05
-0.0358	0.2736	1.319	-0.01534668011278614	0.000619591884457987	-0.00026354471705114377	0.94934624	33.03605652	0.89536101	0.15242713633111163	0.0401402	4e-05
-0.0358	0.2974	1.2694	-0.016280431262603107	0.0006806784082777885	-0.0002513274122871834	0.92545199	32.20456696	0.87466462	0.12375274892003633	0.0349456	4e-05
-0.0353	0.254	1.2	-0.016783086087177473	0.0008168140899333463	-0.00033335788713091696	1.06922269	37.20760727	0.91781095	0.14934104905368295	0.0296639	2e-05
-0.0283	0.2593	1.2773	-0.015837117632596546	0.0007452555906015787	-0.00021118483949131387	0.96356517	33.53085709	0.88832718	0.146585000077615	0.0352417	2e-05
-0.0301	0.3008	1.2822	-0.016345008444926895	0.0008831366015091308	-0.00021642082724729686	0.91834331	31.95719337	0.87014281	0.08075039054969414	0.0344562	2e-05
-0.0326	0.2862	1.197	-0.017095500023284457	0.0007853981633974483	-0.0002565634000431664	0.91335934	31.78375816	0.87955497	0.14671862946325565	0.0280343	2e-05
-0.0331	0.2334	1.2449	-0.015959290680236146	0.0007173303225696694	-0.00023212879051524583	0.94718099	32.96070862	0.89133797	0.1626355896702004	0.0334493	1e-05
-0.0303	0.2846	1.2724	-0.016297884555123047	0.000778416846389471	-0.00027925268031909274	1.03074729	35.86871338	0.92241655	0.10384021442552756	0.0348545	1e-05
-0.0321	0.2758	1.19	-0.017250834326711952	0.0007592182246175333	-0.0002443460952792061	0.99641889	34.67412567	0.92351289	0.14335274892003652	0.0286707	4e-05
-0.026	0.2335	1.2309	-0.0161285876176796	0.0007679448708775049	-0.00017453292519943296	0.92737067	32.2713356	0.88858874	0.1493393262686049	0.03233	2e-05
-0.026	0.2836	1.2782	-0.016297884555123047	0.0007487462491055673	-0.00019024088846738194	0.96850932	33.70290756	0.89072057	0.10761017612416648	0.0352491	1e-05
-0.0299	0.2968	1.2084	-0.01702394152395269	0.0008011061266653974	-0.00026878070480712676	0.89130968	31.0164566	0.86273205	0.12974783313646104	0.0290678	0.0
-0.0263	0.2536	1.2594	-0.015934856070708228	0.0007086036763096977	-0.00019547687622336493	0.88404328	30.76359558	0.86715228	0.16054458660919635	0.034678	2e-05
-0.0311	0.2955	1.2651	-0.016496852089850404	0.0007592182246175333	-0.0001972222054753592	1.01661301	35.37685394	0.89929357	0.0831177948351001	0.0338784	3e-05
-0.0352	0.2563	1.1977	-0.01711993463281238	0.0008709192967451704	-0.00019547687622336493	0.9143784	31.81921959	0.87976554	0.1475264472170802	0.0284765	4e-05
-0.031	0.2407	1.2682	-0.01606924642311179	0.0007173303225696694	-0.00019547687622336493	0.93393826	32.49987793	0.88085107	0.1505138591938044	0.0347787	3e-05
-0.0341	0.2949	1.2762	-0.01650034274835439	0.0008656833089891874	-0.0002007128639793479	0.90006655	31.32118607	0.86853603	0.09453426497090499	0.0349451	5e-05
-0.0333	0.2735	1.1964	-0.01695412835387292	0.0007819075048934597	-0.00017627825445142725	0.89508647	31.14788437	0.86275722	0.13009980095710896	0.0298232	3e-05
-0.028	0.2595	1.2683	-0.016009905228543984	0.0007033676885537148	-0.00022689280275926284	0.89990932	31.31571388	0.8720403	0.1448688744988259	0.0362	6e-05
-0.0304	0.2894	1.2484	-0.01664171441776593	0.0008639379797371932	-0.00022165681500327985	0.99313569	34.55987549	0.87089811	0.09208077340807043	0.0349349	8e-05
-0.0313	0.2631	1.1679	-0.017057102779740582	0.0008482300164692441	-0.00023561944901923448	0.95807266	33.33972549	0.88848637	0.12995294796292775	0.0294983	2e-05
-0.0281	0.257	1.2372	-0.015981979960512073	0.0007295476273336296	-0.00023387411976724014	0.91291004	31.76812363	0.87648864	0.13837752688080607	0.0349016	0.0
-0.031	0.2964	1.2073	-0.0167743594409175	0.0008866272600131194	-0.0002443460952792061	1.12864506	39.27543259	0.93599046	0.12019655442984414	0.0323668	7e-05
-0.0305	0.2556	1.1513	-0.016854644586509242	0.0008307767239493009	-0.00022689280275926284	1.02099955	35.52950287	0.91461667	0.10497944870877528	0.028343	4e-05
-0.029	0.2458	1.2409	-0.015849334937360505	0.0007627088831215222	-0.00020943951023931956	1.11604941	38.83711624	0.93638572	0.15544153912482286	0.0339932	8e-05
-0.0369	0.2874	1.2422	-0.01675865147764955	0.0009599310885968812	-0.00021467549799530252	1.04688919	36.43042755	0.91240557	0.1063887366760195	0.0321078	1e-05
-0.0329	0.2592	1.1959	-0.016952383024620925	0.0008936085770210966	-0.0002617993877991494	0.97294152	33.8571434	0.89523666	0.09385889741755027	0.0286334	3e-05
-0.0319	0.2788	1.294	-0.016252505994571197	0.0009040805525330626	-0.0003351032163829112	0.98899156	34.41566467	0.88941559	0.15788264170727287	0.0348433	1e-05
-0.0356	0.2973	1.2694	-0.017290976899507822	0.0011763519158441782	-0.0003054326190990077	0.96944493	33.735466	0.88902942	0.1138206432765822	0.0322936	1e-05
-0.0334	0.2484	1.2237	-0.017022196194700693	0.0009896016858807848	-0.00035430183815484887	0.91343462	31.78637695	0.87384503	0.12202000769131824	0.0300036	3e-05
-0.0314	0.2802	1.2902	-0.01637991502996678	0.0008761552845011534	-0.00028623399732707005	0.9781059	34.0368576	0.90713777	0.14148977034706614	0.0359598	5e-05
-0.0331	0.3	1.2341	-0.017554521616558967	0.0010803588069844899	-0.0003717551306747922	1.02809441	35.77639389	0.92861555	0.1508165621211623	0.0305066	2e-05
-0.029	0.2557	1.2269	-0.017008233560684743	0.0009424777960769379	-0.0003385938748868999	0.90934479	31.64405632	0.87455508	0.09146651612848333	0.0300986	1e-05
-0.025	0.2807	1.3021	-0.01661727980823801	0.001064650843716541	-0.00039793506945470715	0.93789852	32.6376915	0.89247685	0.13282339973270713	0.0361898	0.0
-0.025	0.3059	1.2369	-0.017863444894161966	0.001322959573011702	-0.0003595378259108319	0.94439274	32.86368179	0.90426053	0.16754355293814951	0.0304607	1e-05
-0.0242	0.2511	1.2207	-0.017004742902180753	0.001069886831472524	-0.0003822271061867582	0.88959306	30.95672226	0.87079319	0.12852320068981607	0.0299893	2e-05
-0.0249	0.2827	1.295	-0.016739452855877614	0.0011222467090323538	-0.0003665191429188092	0.99592382	34.6568985	0.91183239	0.123267894356546	0.035404	4e-05
-0.028	0.309	1.2438	-0.01774999849278233	0.001186823891356144	-0.00029845130209103034	1.01616383	35.36122513	0.90966034	0.13775953300281407	0.0301682	1e-05
-0.0273	0.2628	1.2041	-0.017678439993450562	0.0011850785621041497	-0.000312413936106985	0.93934751	32.68811417	0.87726461	0.09096332312998585	0.0279168	0.0
-0.0239	0.2776	1.2875	-0.01680228470894941	0.0010559241974565693	-0.00028099800957108706	0.96680415	33.64356995	0.90265078	0.15343627878423172	0.033938	2e-05
-0.0294	0.3093	1.2404	-0.017859954235657973	0.0011955505376161158	-0.0003054326190990077	1.05148554	36.59037781	0.9038571	0.14538652381980166	0.0304555	4e-05
-0.0273	0.2619	1.2062	-0.017352063423327624	0.0009721483933608416	-0.0002652900463031381	0.98847198	34.39758301	0.90718373	0.12227177646907464	0.0292954	4e-05
-0.0274	0.2863	1.2832	-0.01707281074300853	0.0009581857593448868	-0.000317649923862968	1.00824082	35.08551407	0.90959801	0.11877875959474384	0.0349341	5e-05
-0.0277	0.3054	1.2204	-0.018067648416645297	0.0012304571226560022	-0.0003054326190990077	0.96790165	33.6817627	0.90916105	0.14616631708559205	0.0299521	2e-05
-0.0273	0.2664	1.226	-0.017126915949820354	0.0009424777960769379	-0.00019198621771937622	0.95503098	33.23387909	0.92033358	0.11210790973918196	0.0336149	0.00031
-0.0294	0.2828	1.3012	-0.016783086087177473	0.0008482300164692441	-0.0001832595714594046	1.05428314	36.68772888	0.95618655	0.1160402144255272	0.0397903	0.00022
-0.0366	0.2654	1.2419	-0.017762215797546294	0.0011763519158441782	-0.00020769418098732522	0.9750908	33.93193436	0.91520303	0.15048431096358367	0.0333781	0.00016
-0.0371	0.2223	1.2214	-0.0170832827185205	0.0009843656981248017	-0.000148352986419518	0.87321121	30.3866539	0.86398063	0.11061302456564896	0.0332563	0.0003
-0.0282	0.2396	1.3079	-0.016561429272174192	0.0009128071987930344	-0.00026878070480712676	0.99034256	34.462677	0.92336252	0.14839198320328417	0.0393494	8e-05
-0.0321	0.2488	1.271	-0.017290976899507822	0.0011327186845443199	-0.0002303834612632515	0.95865792	33.36009216	0.89836385	0.09939281783143969	0.0343127	3e-05
-0.0337	0.2484	1.2134	-0.017420131264155404	0.0010000736613927507	-0.0002652900463031381	0.86529136	30.11105156	0.84526889	0.07443529864195177	0.0298276	3e-05
-0.0307	0.2611	1.2903	-0.016502088077606385	0.0008656833089891874	-0.00029321531433504735	0.94034785	32.72292328	0.89281903	0.14661794034922457	0.035594	2e-05
-0.0354	0.3142	1.264	-0.017071065413756536	0.0010105456369047167	-0.000322885911618951	0.90526927	31.50223351	0.86939096	0.12127551306747916	0.0320315	3e-05
-0.0346	0.2761	1.1988	-0.017322392826043722	0.0009128071987930344	-0.0003351032163829112	1.08671153	37.81619644	0.90982694	0.12216415775814132	0.0283203	2e-05
-0.0301	0.2843	1.2635	-0.016479398797330458	0.0008447393579652555	-0.0003193952531149623	0.98733509	34.35802078	0.90712906	0.12373849164044956	0.0332217	3e-05
-0.0346	0.3044	1.2278	-0.017373007374351556	0.0009861110273767962	-0.0003647738136668148	1.06886482	37.19515228	0.92278752	0.11431794034922464	0.0306743	0.0
-0.0313	0.2675	1.2073	-0.017179275827380183	0.0009773843811168245	-0.0003717551306747922	0.94570494	32.90934372	0.87749468	0.07117197551196608	0.0294039	1e-05
-0.0293	0.2732	1.2898	-0.0167743594409175	0.0009546951008408983	-0.0003665191429188092	0.96965379	33.742733	0.88497411	0.1118420827247296	0.0361226	3e-05
-0.0348	0.2972	1.24	-0.01774127184652236	0.0011833332328521555	-0.0003769911184307752	0.94740713	32.96857834	0.87883757	0.1396011256564042	0.0310889	2e-05
-0.0302	0.2384	1.2549	-0.016947147036864937	0.0009826203688728075	-0.0003438298626428829	0.88036042	30.63543701	0.86102317	0.129699946471233	0.0324929	1e-05
-0.0356	0.277	1.2851	-0.01730668486277577	0.0011641346110802177	-0.00033684854563490564	0.96798259	33.68457794	0.87455839	0.10160166925631103	0.0347601	2e-05
-0.0335	0.2641	1.2201	-0.01761037215262278	0.0010943214410004448	-0.00038397243543875244	0.9483912	33.00282288	0.87727613	0.10103121748653152	0.0293564	2e-05
-0.031	0.2701	1.293	-0.016639969088513937	0.0010210176124166828	-0.0003682644721708035	0.92363942	32.14149094	0.86909927	0.13437074279802774	0.0349046	2e-05
-0.0333	0.3047	1.2766	-0.017496925751243154	0.0011850785621041497	-0.00038048177693476387	0.94510663	32.8885231	0.87277864	0.10496174585903224	0.0336592	2e-05
-0.0315	0.277	1.22	-0.01752834167777905	0.0011519173063162574	-0.00040666171571467877	0.91923761	31.98831558	0.86290834	0.09063785605518515	0.029543	1e-05
-0.0284	0.2937	1.2916	-0.016751670160641576	0.0010419615634406148	-0.0003577924966588376	0.95114952	33.09880829	0.89444921	0.138174823953448	0.0355389	0.0
-0.0322	0.3137	1.2545	-0.017441075215179333	0.0011187560505283654	-0.00038571776469074686	1.08915865	37.90135193	0.9272323	0.10060624048287092	0.0332745	4e-05
-0.0306	0.2817	1.2056	-0.017650514725418655	0.0010314895879286487	-0.00037350045992678646	1.00274217	34.89416885	0.90704984	0.09794616388014986	0.0292805	2e-05
-0.0177	0.2468	1.2516	-0.017161822534860243	0.0012164944886400475	-0.0002583087292951608	0.98889279	34.41222763	0.89666225	0.13324444109507183	0.0329767	3e-05
-0.0133	0.2422	1.155	-0.016009905228543984	0.0015184364492350666	-8.901179185171081e-05	1.05690503	36.77896881	0.97376175	0.18675781021773644	0.0265146	2e-05
-0.0144	0.3008	1.5342	-0.010677924363701307	0.001085594794740473	-0.0005253441048502931	1.77145183	61.64429855	1.59557161	0.7489577416167926	0.0744086	0.0054
-0.0163	0.3237	1.8543	-0.006209881478595825	0.0012095131716320703	-0.0015655603390389136	1.52765822	53.16058731	1.46857029	0.626508874809285	0.127044	0.0299
-0.0463	0.1381	1.7071	-0.005625196179177724	0.001656317460142619	-0.0024225170017681294	1.33236825	46.36474228	1.30975814	0.4572223125328933	0.110971	0.02145
-0.1063	0.1257	1.6764	-0.009065240134858547	0.000312413936106985	-0.002855358656262723	1.29657257	45.11909866	1.26797805	0.3639394567105527	0.103167	0.01195
-0.099	0.0716	1.0346	-0.009555677654668955	-0.00021642082724729686	-0.0014364059743913332	2.16920519	75.48561859	1.95766439	0.8251112482518038	0.0530717	0.00305
-0.0485	0.0034	0.9123	-0.0119729586686811	0.00038571776469074686	-0.0006946410422937432	1.48363221	51.62853622	1.30970867	0.42905922690238896	0.0372677	0.00105
-0.018	0.1922	0.9514	-0.010880382556932649	0.0011693705988362008	-0.0005969026041820607	1.28229427	44.62223053	1.11542275	0.35709836920027954	0.0302361	4e-05
-0.026	0.2251	1.0075	-0.01209338638706871	0.0008726646259971648	-0.000619591884457987	0.96420622	33.55316544	0.89197979	0.1736199541625512	0.0287192	3e-05
-0.0275	0.264	0.9405	-0.012470377505499486	0.0008412486994612669	-0.0006702064327658224	1.03790033	36.11763	0.91088498	0.13035107966372556	0.0267563	0.0001
-0.0261	0.2168	0.912	-0.011582004916234371	0.0007138396640656808	-0.0006161012259539982	0.91512775	31.84529686	0.87884877	0.1305943415736262	0.0298851	0.00025
-0.0248	0.2256	0.9578	-0.01147728516111471	0.000445058959258554	-0.0004799655442984406	0.88999099	30.9705677	0.87348041	0.08138180707911721	0.0334488	0.00063
-0.0249	0.2067	0.9712	-0.01180366173123765	0.0004904375198104066	-0.000466002910282486	0.89418936	31.11666679	0.88182831	0.05168588823453732	0.0352231	0.00095
-0.0273	0.2021	0.9653	-0.012568115943611164	0.0006335545184739417	-0.0005375614096142535	0.93552929	32.55524445	0.89916673	0.06185648551844073	0.0365288	0.00138
-0.0271	0.1738	0.9998	-0.012657127735462875	0.0006265732014659643	-0.0005410520681182421	0.9060629	31.52985191	0.88069948	0.06797418836818382	0.0405477	0.00233
-0.0299	0.1815	1.0732	-0.013238322376376987	0.0007033676885537148	-0.000593411945678072	0.96526217	33.58991241	0.88294538	0.1194174502780845	0.0438563	0.00308
-0.03	0.1594	1.0947	-0.013514084398192093	0.0007801621756414653	-0.0006056292504420323	0.94258004	32.80060196	0.88002912	0.0619386906833409	0.0460838	0.00349
-0.0346	0.1642	1.0975	-0.014137166941154071	0.0008115781021773631	-0.0006283185307179585	0.9593811	33.38525772	0.88325451	0.04605938748869003	0.0454078	0.00339
-0.0338	0.1805	1.0964	-0.014001031259498512	0.0007958701389094143	-0.0006440264939859076	0.90506124	31.49499512	0.85653413	0.02657758040957272	0.0448951	0.00343
-0.0363	0.2162	1.1347	-0.014165092209185978	0.0008639379797371932	-0.0006946410422937432	0.97197556	33.82352829	0.87530865	0.09063716694115406	0.0448036	0.00288
-0.0404	0.2325	1.151	-0.014690436314036272	0.0009826203688728075	-0.000757472895365539	0.92343986	32.13454819	0.85875639	0.07204291735288519	0.0428212	0.00244
-0.0403	0.2632	1.1294	-0.014835298641951801	0.0009250245035569946	-0.0007819075048934597	0.88848597	30.91819572	0.85512249	0.06374464013796316	0.0397282	0.00163
-0.0421	0.258	1.1439	-0.014683454997028295	0.00091106186954104	-0.0008063421144213803	0.90285844	31.41834068	0.85182585	0.03101204442336898	0.0393838	0.00129
-0.0451	0.2483	1.1193	-0.014917329116795535	0.0009459684545809266	-0.0008203047484373349	0.96953863	33.73872757	0.88159739	0.051437166941154015	0.0357438	0.00076
-0.0397	0.2504	1.129	-0.014908602470535562	0.0008936085770210966	-0.000804596785169386	0.85077047	29.60574341	0.82330826	0.02103972435438766	0.034911	0.00046
-0.0393	0.2489	1.1381	-0.014929546421559496	0.000926769832808989	-0.0008569566627292158	0.92548639	32.20576477	0.86413468	0.01632325421858269	0.0327841	0.00015
-0.0406	0.2523	1.1106	-0.015231488382154514	0.0009721483933608416	-0.000895353906273091	0.90527892	31.5025692	0.86673292	0.05148588823453718	0.0292071	6e-05
-0.0394	0.2361	1.1271	-0.015241960357666479	0.0009389871375729493	-0.0008517206749732328	0.91641444	31.89007187	0.86703096	0.03826332312998572	0.0289824	2e-05
-0.0384	0.2697	1.3376	-0.014535102010608777	0.0008883725892651138	-0.0008639379797371932	1.20903027	42.07273483	1.11340438	0.2835845100064748	0.0485317	0.00058
-0.0189	0.2906	1.8139	-0.0074787358447957015	0.0019844393595175526	-0.0004537856055185257	1.94931841	67.83383179	1.85973996	0.9448292655142093	0.122602	0.026
0.0392	0.2238	1.9784	-0.007398450699203962	0.0025028021473598684	-0.0009424777960769379	1.67801476	58.39280701	1.73135473	0.34376700619962325	0.14661	0.03885
-0.0025	0.3177	1.8768	-0.01402895652753042	0.003991567999311032	-0.0011013027580084218	1.69690919	59.05030823	1.75464686	0.6511048321104551	0.119744	0.01699
0.0915	0.5984	1.7606	-0.016889551171549125	0.0057421332390613445	3.490658503988659e-05	1.55645502	54.16268158	1.64089076	0.7782684613408662	0.10213	0.01713
0.0616	0.573	1.7237	-0.015259413650186423	0.004932300466135976	-0.0013264502315156904	1.25350559	43.62042236	1.22802413	0.2822663555421824	0.095934	0.01428
0.0253	0.4121	1.5354	-0.01462585913171248	0.005379104754646523	-0.0021572269554649913	1.60988438	56.02195358	1.53259753	0.48105677654668955	0.0714633	0.007
0.056	0.2966	1.3488	-0.01595230936322817	0.004473278872861466	-0.0018343410438460403	1.43731725	50.01683426	1.34720088	0.4605581012459851	0.0446624	0.00045
0.0588	0.3831	1.3806	-0.015655603390389135	0.004628613176288962	-0.0022183134792847924	1.07664073	37.46574402	1.11237318	0.16290063558526427	0.0499082	0.00186
0.0232	0.3212	1.2932	-0.01610938899590766	0.00365646478292812	-0.002457423586808016	1.14384115	39.80423737	1.06937758	0.26815220532012973	0.039776	0.00036
0.0208	0.3954	1.4422	-0.015868533559132446	0.0018064157758141308	-0.0022427480888127134	1.15175462	40.07961273	1.11080332	0.34087899709422526	0.0551858	0.00074
0.0259	0.4417	1.4493	-0.014671237692264335	0.002530727415391778	-0.0016999506914424768	1.11927414	38.94933319	1.05394476	0.18172024519079985	0.0596207	0.00198
0.003	0.329	1.2366	-0.015503759745465629	0.0028640853025226946	-0.0014364059743913332	1.32145953	45.98513031	1.20964148	0.4197712328691678	0.0357873	0.00019
-0.0354	0.3438	1.3163	-0.016969836317140868	0.0027331856086231197	-0.0018483036778619948	1.40040195	48.73223114	1.27175449	0.23334369845227385	0.0491921	0.00174
-0.0187	0.4812	1.5165	-0.017285740911751838	0.002466150233067988	-0.001567305668290908	1.40761673	48.98329544	1.29012635	0.39749689898685936	0.066224	0.00231
-0.0095	0.3771	1.5399	-0.016929693744344998	0.0028571039855147177	-0.0014329153158873448	1.05813015	36.82160187	0.98142741	0.18076956361285676	0.0670005	0.00192
-0.0034	0.3819	1.549	-0.01722639971718403	0.003127630019573839	-0.0014259339988793671	0.97064233	33.77713394	0.88753077	0.048710666195306486	0.0680511	0.00256
0.0029	0.3399	1.5435	-0.01733111947230369	0.003145083312093782	-0.0013491395117916165	0.90363699	31.44543266	0.86170319	0.06374837673636762	0.0668942	0.00232
0.0094	0.3352	1.5295	-0.017570229579826915	0.003242821750205464	-0.0012531464029319286	0.81510955	28.36478806	0.80817585	0.04684208272472967	0.0646001	0.00216
0.0137	0.3387	1.5313	-0.017828538309122077	0.0033615041393410786	-0.00124965574442794	0.82660353	28.76476479	0.81372419	0.028624088846738244	0.0646343	0.00213
0.0144	0.3501	1.5242	-0.017994344588061536	0.003384193419617005	-0.0012199851471440364	0.82882792	28.84217072	0.81620112	0.030108307824964597	0.0638689	0.00206
0.0183	0.3574	1.519	-0.018240436012592735	0.0033649947978450674	-0.0011938052083641214	0.88030761	30.63360023	0.83898687	0.03097349925415263	0.063005	0.00186
0.0187	0.3901	1.5078	-0.018463838156848014	0.003337069529813158	-0.0012095131716320703	0.92919469	32.33480835	0.85144601	0.05765176877775675	0.0606995	0.00159
0.0196	0.4001	1.4939	-0.018887953165082634	0.0035133477842645856	-0.0011641346110802177	0.85397911	29.7174015	0.8306196	0.057088591161895054	0.0579554	0.00151
0.0155	0.366	1.5278	-0.01858077521673163	0.003375466773357033	-0.0011885692206081383	0.89676785	31.2063942	0.83964131	0.0955746784393239	0.0611441	0.00163
0.0131	0.3901	1.5261	-0.01842020492554815	0.0033231068957972035	-0.0013002702927357754	0.88344079	30.74263	0.84715878	0.04443156204354732	0.0605211	0.00119
0.019	0.4435	1.5388	-0.019168951174653722	0.0036337755026521943	-0.0012461650859239514	0.88364363	30.7496891	0.86931105	0.12767600313861924	0.0610499	0.00144
0.0204	0.3746	1.511	-0.018673277667087332	0.0035849062835963527	-0.0012112585008840647	0.85986954	29.92238045	0.85937828	0.12707246558310595	0.0561702	0.00078
0.0222	0.3905	1.522	-0.018601719167755566	0.003543018381548489	-0.0011466813185602744	0.83984154	29.22543144	0.82791193	0.037601179185171155	0.0573344	0.00079
0.0189	0.3944	1.5101	-0.018804177360986905	0.003543018381548489	-0.0011606439525762293	0.8599996	29.92690659	0.83805444	0.02992104136236472	0.0559533	0.0006
0.0189	0.3931	1.4797	-0.019404570623672953	0.0035447637108004834	-0.0011938052083641214	0.89302737	31.076231	0.85252067	0.06346499238629665	0.0524427	0.00067
0.0161	0.3489	1.4795	-0.018736109520159125	0.003447025272688801	-0.0012269664641520136	0.83992583	29.22836494	0.83208299	0.08716803987067012	0.0527731	0.00055
0.0227	0.3715	1.5265	-0.01909564734606996	0.0036425021489121657	-0.0010629055144645468	1.01334119	35.26300049	0.90439336	0.11215378259108331	0.0592657	0.00114
0.0225	0.4242	1.5075	-0.019743164498559854	0.00365646478292812	-0.0010105456369047167	0.95559716	33.253582	0.91321917	0.10759198320328375	0.0574134	0.00151
0.0192	0.3398	1.4484	-0.019142771235873806	0.0034487706019407953	-0.0010471975511965976	0.96431321	33.55688858	0.92892838	0.1890369678982628	0.0492581	0.0005
0.0212	0.3867	1.4689	-0.019078194053550015	0.003502875808752619	-0.0010384709049366262	0.84007996	29.23372841	0.81709433	0.0757704517697795	0.0520288	0.00057
0.0271	0.4128	1.4828	-0.019851374912183504	0.003581415625092364	-0.0009669124056048585	0.87037396	30.28792	0.87316704	0.0920639587152499	0.0556141	0.00156
0.0306	0.3693	1.4338	-0.019364428050877087	0.0035953782591083183	-0.0008587019919812101	0.92599952	32.22362137	0.91071555	0.1264559954473009	0.0497577	0.00108
0.0365	0.3379	1.4619	-0.018659315033071375	0.003754203221039803	-0.0007923794804054256	0.83622086	29.09943581	0.82808886	0.11191302456564912	0.0527545	0.00088
0.0383	0.3382	1.4444	-0.018854791909294743	0.003755948550291797	-0.0008098327729253688	1.01450574	35.30352402	0.88718846	0.030333774899765378	0.0515798	0.00083
0.0368	0.3645	1.4209	-0.01976759910808778	0.0037350045992678655	-0.0007976154681614085	1.02004516	35.49629211	0.92662343	0.09859842272904625	0.0486873	0.00092
0.0327	0.3484	1.4002	-0.019594811512140337	0.003757693879543791	-0.0008552113334772215	0.90377992	31.45040703	0.85338476	0.05355363707695916	0.0457698	0.00055
0.0346	0.3525	1.4513	-0.019093902016817967	0.003771656513559746	-0.0008447393579652555	0.87969393	30.61224365	0.83839831	0.0833672052425147	0.051559	0.00068
0.0366	0.4256	1.4669	-0.02061059313680104	0.0038449603421435077	-0.0009040805525330626	0.87734747	30.53059006	0.87734374	0.17316680715673213	0.0543442	0.00153
0.0327	0.3719	1.4078	-0.020001473227855015	0.003820525732615587	-0.0008883725892651138	0.92433178	32.16558456	0.90503047	0.1491631240870948	0.0477253	0.0008
0.0374	0.3738	1.4491	-0.019584339536628373	0.0038693949516714287	-0.000874409955249159	0.83894169	29.19411659	0.83625075	0.07189827721492205	0.0523657	0.00096
0.034	0.4084	1.4365	-0.020598375832037073	0.003904301536711315	-0.0009878563566287904	0.86160511	29.98277664	0.85130954	0.1087194640914108	0.0531509	0.00171
0.0371	0.3607	1.4119	-0.019584339536628373	0.003864158963915446	-0.0009145525280450286	0.86712408	30.17482948	0.85561347	0.13177413483941666	0.0506125	0.00091
0.0401	0.3545	1.4442	-0.019371409367885065	0.003939208121751202	-0.0008604473212332044	0.99070537	34.47530365	0.88675763	0.0586042266695444	0.0542418	0.00109
0.0367	0.3797	1.4192	-0.020196950104078383	0.0039339721339952186	-0.0008011061266653974	1.03078496	35.87002182	0.91127241	0.09810589592585528	0.0513716	0.00125
0.0336	0.3459	1.3949	-0.020001473227855015	0.003909537524467298	-0.0008028514559173916	0.9361946	32.57839584	0.86087451	0.07228284075016413	0.0480931	0.00094
0.0356	0.3792	1.4362	-0.019558159597848457	0.003864158963915446	-0.0008272860654453122	0.9190293	31.98106575	0.85626657	0.10225634000431644	0.0507243	0.0008
0.0335	0.4096	1.4117	-0.020598375832037073	0.004108505059194652	-0.000783652834145454	0.99600363	34.6596756	0.8738126	0.12340977803838404	0.0489669	0.00136
0.0345	0.3649	1.3917	-0.019975293289075102	0.003876376268679406	-0.0008028514559173916	0.86469269	30.0902195	0.83907427	0.10942049776245776	0.0456437	0.00072
0.0361	0.3816	1.4351	-0.01986882820470345	0.0038938295611993493	-0.0008115781021773631	0.85990357	29.92356491	0.81746322	0.06833225115757845	0.0493509	0.00084
0.0368	0.4082	1.398	-0.02068738762388879	0.004003785304074992	-0.0008290313946973065	0.91420239	31.81309509	0.86031389	0.1116984227290464	0.0464554	0.00096
0.0366	0.3631	1.4145	-0.019755381803323816	0.003907792195215304	-0.0008272860654453122	0.84401864	29.37078857	0.83223248	0.11328721293383295	0.0473862	0.00056
0.0359	0.3967	1.4245	-0.01986533754619946	0.0039898226700590365	-0.0008499753457212384	0.96389908	33.54247665	0.88719251	0.055033774899765193	0.0486355	0.00081
0.0367	0.4036	1.3795	-0.020744983489204602	0.00398284135305106	-0.0008325220532012951	1.0005132	34.81660461	0.91055868	0.09790402762665325	0.0450742	0.00094
0.0378	0.3584	1.3965	-0.01987930018021541	0.003900810878207326	-0.0008272860654453122	0.94574791	32.91083908	0.88346425	0.1109474885794455	0.0452836	0.00057
0.0382	0.4061	1.4293	-0.020006709215611	0.003909537524467298	-0.0008098327729253688	1.08622551	37.79928207	0.89859554	0.0885794487087751	0.0484393	0.0008
0.0377	0.3957	1.4049	-0.020586158527273118	0.004016002608838952	-0.0007749261878854823	0.95679832	33.29537964	0.86797738	0.07134104905368296	0.045956	0.001
0.0382	0.3799	1.445	-0.019792033717615693	0.003913028182971286	-0.0008604473212332044	0.93423969	32.51036835	0.86969088	0.1055310184436406	0.047745	0.00067
0.0385	0.4355	1.442	-0.020977112279719847	0.004181808887778414	-0.0008150687606813518	1.05916488	36.8576088	0.89694985	0.1338618913731568	0.0499268	0.00132
0.0387	0.3567	1.378	-0.02020044076258237	0.004038691889114879	-0.0007086036763096977	0.99217224	34.52634811	0.92341603	0.1943126800086334	0.0429313	0.0008
0.0413	0.3771	1.4183	-0.02002765316663493	0.003991567999311032	-0.0006178465552059926	0.90700412	31.5626049	0.86009676	0.07883343034274945	0.0466967	0.00079
0.042	0.4244	1.394	-0.0211446638879113	0.0041887902047863905	-0.0007225663103256524	0.93040007	32.37675476	0.87759912	0.14324763409356944	0.0453783	0.00109
0.0415	0.3536	1.3708	-0.020062559751674817	0.0038746309394274117	-0.0006806784082777885	0.8814348	30.67282486	0.86419313	0.1664075651821662	0.0427569	0.00055
0.0422	0.3803	1.4192	-0.019903734789743336	0.003907792195215304	-0.0006806784082777885	0.83155441	28.93704987	0.82131844	0.08539931088596865	0.046967	0.00072
0.0435	0.4121	1.4025	-0.02069611427014876	0.004117231705454623	-0.0006946410422937432	0.88318229	30.73363495	0.85379811	0.10058908123303476	0.046411	0.00104
0.045	0.3783	1.3607	-0.02036101105376585	0.003993313328563026	-0.0006771877497737998	0.8812294	30.66567612	0.84609651	0.10092374428972248	0.0414833	0.00063
0.0466	0.3668	1.3881	-0.019823449644151593	0.003904301536711315	-0.0005881759579220891	0.92797285	32.29228973	0.87520839	0.07627924966588387	0.0443489	0.00058
0.0418	0.4125	1.3804	-0.02096664030420788	0.004230678106834255	-0.0006318091892219474	0.86717045	30.1764431	0.85485503	0.133860023073954	0.0442404	0.00098
0.045	0.3861	1.35	-0.02037846434628579	0.0038885935734433662	-0.000598647933434055	0.95472699	33.22330093	0.91290128	0.10817108735504344	0.0417907	0.00088
0.0364	0.3754	1.3887	-0.019954349338051167	0.003979350694547071	-0.0006998770300497262	0.95655364	33.28686523	0.89848781	0.08880506129769995	0.0447474	0.0007
0.0285	0.4252	1.3675	-0.021441369860750337	0.004284783313646079	-0.0009372418083209549	0.93536168	32.54941177	0.92484729	0.18039089600347047	0.0448366	0.00138
-0.0077	0.3	1.2293	-0.020638518404832946	0.003958406743523139	-0.0012356931104119853	1.24677551	43.38622284	1.13339825	0.370983966406568	0.036714	0.00138
0.0153	0.3679	1.2578	-0.02072403953818067	0.004256858045614169	-0.001155407964820246	1.1661551	40.58073425	1.00826062	0.1426128790515246	0.0354484	0.00039
0.0252	0.4464	1.3776	-0.021469295128782248	0.004335397861953915	-0.0010716321607245184	1.05884016	36.84630966	0.97487695	0.25357856055185246	0.0456778	0.00135
0.0348	0.4866	1.3585	-0.022551399265018732	0.004574507969477138	-0.0010035643198967395	0.96275055	33.50251007	0.9058189	0.13836410422937415	0.0473011	0.00267
0.0389	0.422	1.3166	-0.021902136783276842	0.004419173666049642	-0.0008674286382411819	0.97074747	33.78079224	0.91263631	0.15763662334124723	0.0417252	0.00115
0.0457	0.4064	1.3763	-0.021310470166850764	0.0044156830075456534	-0.0007470009198535729	0.90289432	31.41958809	0.86329038	0.11787924966588385	0.0448344	0.0012
0.0433	0.4412	1.3486	-0.02234021442552742	0.0044977134823893875	-0.0007068583470577034	1.08123887	37.62575531	0.90824759	0.122495865315813	0.0455855	0.00206
0.0421	0.3994	1.3469	-0.02138202866618253	0.004375540434749784	-0.0007016223593017205	0.95744848	33.31800461	0.90958563	0.09897973973702384	0.0427477	0.00114
0.0418	0.4252	1.3945	-0.02143438854374236	0.004509930787153347	-0.0007400196028455958	0.99304241	34.55662918	0.8952905	0.0849573736753635	0.0469184	0.00153
0.0398	0.4548	1.366	-0.02249554872895491	0.004562290664713178	-0.0006894050545377602	0.94699639	32.95428467	0.88977251	0.11830673055401082	0.0469113	0.00223
0.0417	0.4036	1.3725	-0.021392500641694498	0.004255112716362175	-0.0007731808586334879	0.9183104	31.95604897	0.86718916	0.1343000919853571	0.0452278	0.00125
0.0397	0.4191	1.4199	-0.021057397425311583	0.004290019301402062	-0.0007557275661135446	0.96769232	33.67447662	0.86015671	0.08427315469713711	0.0487198	0.00138
0.0387	0.4388	1.3967	-0.022024309830916446	0.004644321139556911	-0.0007155849933176752	0.9076938	31.58660507	0.8685072	0.11196784082777896	0.0480108	0.00186
0.038	0.4187	1.3698	-0.021553070932877977	0.00429700061841004	-0.000757472895365539	0.84609342	29.44298935	0.84059002	0.09072236606166031	0.0441087	0.00108
0.0355	0.4112	1.4132	-0.02107136005932754	0.004173082241518442	-0.0007470009198535729	0.93874592	32.66717911	0.87148626	0.08420506129770013	0.0467026	0.0011
0.0377	0.4543	1.3992	-0.021987657916624565	0.004419173666049642	-0.000710349005561692	0.93826258	32.65036011	0.88396569	0.11925205980600524	0.0466011	0.00164
0.037	0.406	1.3739	-0.02174854780910134	0.0042324234360862495	-0.000726056968829641	0.87434477	30.42609978	0.85323039	0.09637841503772832	0.0431701	0.0012
0.0326	0.4241	1.4062	-0.02143438854374236	0.004256858045614169	-0.0007138396640656808	0.89899886	31.28403091	0.85808071	0.07234055898254307	0.0458721	0.00124
0.0329	0.4555	1.3708	-0.021959732648592654	0.004377285764001779	-0.000726056968829641	0.91167676	31.72520638	0.85583677	0.0999994564000932	0.0434758	0.00141
0.0316	0.4088	1.3993	-0.021268582264802896	0.004070107815650777	-0.0007679448708775049	0.94433004	32.86149979	0.86761714	0.12851081170943124	0.044859	0.00118
0.0329	0.4481	1.3915	-0.022001620550640515	0.00437379510549779	-0.0007609635538695277	0.9693206	33.73114014	0.89348839	0.1005853446346305	0.0457632	0.00169
0.0328	0.414	1.3616	-0.021781709064889233	0.004143411644234539	-0.0007871434926494425	0.90940154	31.64603043	0.86658282	0.08792374428972248	0.0427046	0.00129
0.0353	0.382	1.3486	-0.020929988389916002	0.004063126498642799	-0.0006265732014659643	0.97096634	33.78841019	0.91224144	0.10212880558742228	0.0412889	0.00071
-0.0052	0.3722	1.7285	-0.012374384396639796	0.002441715623540067	-0.0007644542123735164	2.07403898	72.1739502	1.91439178	0.9459447939643245	0.0988336	0.01388
0.0336	0.3899	2.0963	-0.003785619147575701	0.0021519909677090087	-0.001514945790731078	1.97284365	68.65248108	1.96741449	0.9057490741626355	0.173668	0.0613
0.0128	0.2142	2.2595	-0.0028675759610266834	0.002261946710584651	-0.0017016960206944712	1.37626791	47.89239502	1.30205792	0.4204374579694029	0.206817	0.08096
-0.0477	0.2276	2.4598	-0.004199262180298357	0.0027192229746071652	-0.0013421581947836393	1.44219744	50.18666077	1.41781767	0.3816250154602509	0.241523	0.10511
-0.0415	0.1264	1.4491	-0.01237962038439578	0.003598868917612307	-0.0016283921921107093	3.40596032	118.52313995	3.34523598	1.5854119072214816	0.0758893	0.01217
-0.0097	0.2051	0.9414	-0.017194983790648134	0.0033440508468211352	-0.0011606439525762293	2.25281477	78.39512634	2.04782186	0.8950964858289003	0.0203349	0.00138
0.0053	0.3618	0.9649	-0.01808859236766923	0.003518583772020568	-0.001043706892692609	1.02833831	35.78488159	0.9944744	0.25445392810520734	0.0177361	0.00011
0.0114	0.3837	0.9295	-0.018050195124125357	0.0032515483964654355	-0.0010925761117484504	1.09367728	38.05859756	0.90607423	0.08111509190774226	0.0184503	6e-05
0.0136	0.4054	0.9367	-0.017926276747233755	0.0031119220563058892	-0.0011117747335203881	1.07773685	37.50389099	0.89966576	0.04523716694115428	0.019226	0.0001
0.0156	0.4147	0.9418	-0.01779363172408219	0.0031293753488258326	-0.0010262536001726657	1.08639371	37.80513763	0.88611906	0.02818097245096155	0.0198019	4e-05
0.0151	0.428	0.9397	-0.018655824374567385	0.0032829643230013338	-0.0008639379797371932	1.02773201	35.7637825	0.90179365	0.07480486225480838	0.0224068	0.00029
0.0167	0.3585	0.92	-0.018046704465621368	0.0031712632508736965	-0.0009354964790689606	0.976964	33.9971199	0.89565859	0.13041897402027103	0.0230317	0.00034
0.0181	0.3354	0.9612	-0.01787566219892592	0.0031747539093776853	-0.0009197885158010115	0.99717283	34.70036316	0.86906399	0.07521204442336925	0.0249005	0.00051
0.0194	0.3229	0.9672	-0.017921040759477775	0.003120648702565861	-0.000900589894029074	0.90446627	31.47429085	0.85667126	0.02573411945678062	0.0281761	0.00107
0.0225	0.2916	0.9671	-0.017954202015265666	0.0031730085801256907	-0.0008482300164692441	1.06063521	36.90877533	0.87711436	0.04139405054537752	0.0313345	0.00174
0.0198	0.313	0.9661	-0.018509216717399864	0.003269001688985379	-0.0008499753457212384	1.03907299	36.15843582	0.89585723	0.05773765701229397	0.0349821	0.0026
0.0228	0.3054	0.968	-0.01818109481802493	0.003190461872645634	-0.0008761552845011534	0.99773228	34.71982956	0.88090779	0.03414208272472964	0.0371492	0.00352
0.024	0.3402	0.9917	-0.01823694535408875	0.0032306044454415038	-0.000874409955249159	0.97821081	34.04050827	0.88168769	0.06458692190558417	0.0382597	0.00331
0.0189	0.3824	0.9927	-0.01841496893779217	0.003223623128433527	-0.000874409955249159	0.97161138	33.81085587	0.8729595	0.05755024503556994	0.0381986	0.00336
0.0164	0.3889	0.9922	-0.018631389765039467	0.003199188518905606	-0.0009354964790689606	0.92517608	32.19496536	0.85391465	0.024597098029751033	0.0367481	0.00269
0.0151	0.4101	0.9975	-0.018399260974524222	0.0032044245066615894	-0.0009407324668249436	0.94665718	32.94248199	0.84651402	0.03993003830136067	0.0356343	0.00225
0.0123	0.4016	0.9936	-0.018388788999012258	0.003223623128433527	-0.0009634217471008699	0.97712469	34.00271225	0.86686841	0.01781799387799143	0.0343049	0.00179
0.0133	0.3952	0.983	-0.018627899106535475	0.0031311206780778272	-0.0009686577348568529	0.92405301	32.15588379	0.85494343	0.034842427281745046	0.0337244	0.00141
0.0158	0.3832	0.9862	-0.01835737307247636	0.0030927234345339517	-0.0009546951008408983	0.90567553	31.51637077	0.85319631	0.03384429558094716	0.0315862	0.00099
0.0153	0.3662	0.9811	-0.018554595277951717	0.0030962140930379405	-0.0009407324668249436	0.92733067	32.26994324	0.86006508	0.033333774899764926	0.0305752	0.00076
0.0141	0.3606	0.9825	-0.018469074144603994	0.0030508355324860886	-0.0009686577348568529	0.93967628	32.69955444	0.85517339	0.016141248096574346	0.0279793	0.00039
0.0092	0.355	0.9953	-0.018577284558227644	0.0031223940318178558	-0.0010035643198967395	0.93093699	32.39543915	0.84952712	0.034033774899765105	0.0260974	0.00021
0.0091	0.3589	0.9862	-0.01872040155689118	0.0030944687637859463	-0.001001818990644745	0.89775962	31.24090767	0.85203157	0.021739379797372	0.0241098	0.00013
0.0095	0.372	0.9846	-0.01849350875413192	0.0031677725923697077	-0.0010157816246606998	0.89291948	31.07247734	0.84615009	0.030807963267948796	0.0227841	0.00014
0.0097	0.3748	0.9736	-0.018647097728307416	0.003232349774693498	-0.0010053096491487337	0.91315299	31.776577	0.84764718	0.025431906600562697	0.0216675	5e-05
0.0131	0.3772	0.9681	-0.01848303677861995	0.0030508355324860886	-0.001022762941668677	0.89470255	31.1345253	0.84858933	0.029451424220740884	0.0207671	2e-05
0.013	0.3912	0.966	-0.01854761396094374	0.003010692959690218	-0.001064650843716541	0.95942104	33.38664627	0.86660163	0.023530382858376116	0.0201151	3e-05
0.0136	0.3872	0.959	-0.01873436419090713	0.003068288825006031	-0.001048942880448592	0.96300972	33.51152802	0.86791671	0.02460270292735768	0.0198703	3e-05
0.0134	0.3761	0.9634	-0.018516198034407842	0.0029688050576423546	-0.0010629055144645468	1.02960646	35.82901382	0.87053526	0.032280627893946034	0.0196192	2e-05
0.0127	0.3826	1.0138	-0.018779742751458987	0.0032759830059933565	-0.000973893722612836	0.99205822	34.52238083	0.87746158	0.09058672286269293	0.019774	4e-05
0.0146	0.4091	1.0175	-0.019017107529730213	0.0034749505407207105	-0.0009808750396208131	0.92594308	32.2216568	0.87637088	0.054265681500327886	0.0207905	7e-05
0.0134	0.322	0.9693	-0.01853888731468377	0.0031730085801256907	-0.0009930923443847736	0.89368212	31.09901619	0.87694224	0.17611897402027124	0.0184326	1e-05
0.0158	0.3444	0.9762	-0.018549359290195733	0.0031695179216217023	-0.00102799892942466	0.82829916	28.82377052	0.81831662	0.034143460952791846	0.018789	1e-05
0.0175	0.3541	0.9807	-0.01904503279776212	0.0033353242005611634	-0.0009581857593448868	0.96852386	33.70341492	0.87171362	0.05246464782928116	0.0186679	0.0
0.0207	0.3757	0.946	-0.019327776136585203	0.0033196162372932147	-0.000947713783832921	0.87536293	30.46153069	0.85020807	0.0749461638801499	0.0190269	1e-05
0.0204	0.3351	0.9457	-0.01860870048476354	0.003134611336581816	-0.0009791297103688187	0.84468687	29.39404297	0.82880433	0.08797482395344786	0.0176696	2e-05
0.0212	0.3599	0.9434	-0.01860346449700756	0.0031503192998497648	-0.0009337511498169664	0.87174296	30.33555984	0.8392764	0.031216125578789028	0.017494	1e-05
0.0243	0.3896	0.9304	-0.019524998342060566	0.0033527774930811067	-0.0008621926504851988	0.95134211	33.10551071	0.8828169	0.10557752688080577	0.0191767	3e-05
0.0266	0.3489	0.8913	-0.01884257460453078	0.003113667385557884	-0.0008883725892651138	0.85598636	29.78725052	0.83466392	0.12948568919164619	0.0179023	2e-05
0.0265	0.3569	0.9106	-0.018755308141931066	0.0030997047515419294	-0.000921533845053006	0.92512554	32.19320679	0.85976385	0.03411951762017804	0.0176508	1e-05
0.012	0.3785	0.8956	-0.01953721564682452	0.0033597588100890844	-0.0011030480872604163	0.929483	32.344841	0.88189917	0.11227379028240105	0.019859	6e-05
-0.0017	0.3438	0.8589	-0.018989182261698306	0.0032515483964654355	-0.001408480706359424	0.894885	31.14087486	0.87349306	0.13318382089244357	0.0200832	0.00024
-0.0052	0.3507	0.8919	-0.018631389765039467	0.003267256359733385	-0.0014538592669112763	0.87836659	30.56605339	0.82995854	0.06434395102393205	0.0192116	0.00036
-0.0002	0.385	0.8958	-0.019563395585604437	0.003495894491744642	-0.0013177235852557187	0.94564903	32.90739822	0.87699843	0.1080389817115892	0.0218734	0.00026
0.0041	0.3508	0.8627	-0.019331266795089192	0.0033405601883171464	-0.0012461650859239514	0.86589515	30.13206291	0.84180104	0.0945510796637254	0.0216799	0.0001
0.005	0.3246	0.8934	-0.018786724068466962	0.0031555552876057474	-0.0011641346110802177	0.94810694	32.99293137	0.87167511	0.09837890510886808	0.0194964	3e-05
0.0139	0.3683	0.9402	-0.019657643365212137	0.003455751918948773	-0.0010506882097005862	0.93554956	32.55595016	0.87615161	0.16362811647339165	0.021479	2e-05
0.0153	0.3967	0.8965	-0.019957839996555156	0.0034871678454846703	-0.0009878563566287904	0.9114542	31.71746063	0.87938093	0.09322222054753565	0.0238154	7e-05
0.0081	0.3158	0.8582	-0.019285888234537342	0.0033597588100890844	-0.0013020156219877698	0.91922992	31.98804665	0.89970895	0.18207600313861888	0.0230039	0.0001
0.0206	0.3604	0.8923	-0.018819885324254857	0.003267256359733385	-0.0010419615634406148	0.89140481	31.01976776	0.86902741	0.13212797095926695	0.0219222	5e-05
0.0291	0.3749	0.9036	-0.019416787928436915	0.003426081321664869	-0.000874409955249159	0.87936515	30.60080338	0.84035128	0.0804639587152499	0.0234205	8e-05
0.0315	0.3792	0.8703	-0.01977283509584376	0.0035377823937925057	-0.0007923794804054256	0.89421529	31.11756897	0.83676516	0.06748893571891065	0.0249867	6e-05
0.0218	0.314	0.8703	-0.018634880423543457	0.003110176727053895	-0.0009808750396208131	0.89359462	31.09597015	0.86718451	0.162602794912715	0.0207475	3e-05
0.021	0.3616	0.8951	-0.018989182261698306	0.00322885911618951	-0.000926769832808989	0.91268629	31.76033592	0.86622924	0.09955447170511443	0.0193949	4e-05
0.0226	0.3641	0.8653	-0.0195441969638325	0.0034016467121369483	-0.0008726646259971648	0.91949385	31.99723244	0.86577095	0.07299537524467287	0.0211948	3e-05
0.0219	0.3255	0.8694	-0.018741345507915112	0.003089232776029963	-0.00102799892942466	0.95959872	33.3928299	0.88700207	0.10692998477259336	0.0188187	1e-05
0.0196	0.3727	0.8893	-0.019025834175990186	0.0032044245066615894	-0.001022762941668677	1.01788104	35.42098236	0.90240143	0.08964581932313416	0.0192737	4e-05
0.0211	0.3488	0.8533	-0.019598302170644327	0.0031747539093776853	-0.0008970992355250854	1.01885867	35.45500183	0.90121938	0.09779011490408182	0.0209147	4e-05
0.0234	0.3365	0.8882	-0.018997908907958275	0.003235840433197487	-0.0008587019919812101	0.91854018	31.96404457	0.84637955	0.0844938515024864	0.0178557	0.0
0.0281	0.4004	0.9276	-0.020181242140810435	0.0035953782591083183	-0.0008255407361933179	0.88331008	30.73808098	0.86328258	0.18680161572754408	0.0215313	6e-05
0.0276	0.3421	0.8438	-0.01939409864816099	0.0032096604944175725	-0.0008395033702092724	0.92020923	32.02212524	0.89309347	0.2019411945678073	0.0223906	8e-05
0.0302	0.3211	0.8732	-0.018877481189570666	0.0030665434957540365	-0.0007400196028455958	0.93803632	32.64248657	0.86575277	0.09096091123087677	0.0204405	4e-05
0.0308	0.3593	0.8888	-0.019839157607419545	0.0033143802495372316	-0.0007801621756414653	0.94080484	32.73882675	0.87445416	0.11688278722139724	0.0219185	0.0
0.0299	0.3515	0.8312	-0.019699531267259998	0.0032114058236695662	-0.0008203047484373349	1.00785375	35.07204437	0.87892181	0.08043716694115409	0.0236289	5e-05
0.0283	0.3371	0.8588	-0.019128808601857852	0.0030944687637859463	-0.0007853981633974483	0.9567343	33.29315186	0.8830751	0.07972831551628252	0.020227	9e-05
0.0286	0.3971	0.885	-0.01995085867954718	0.0030874874467779687	-0.000757472895365539	1.07441783	37.38838959	0.92830102	0.12934783313646075	0.0223129	4e-05
0.0466	0.2784	0.9146	-0.017606881494118796	0.003033382239966145	-0.0008464846872172499	1.09293652	38.03281784	1.0299893	0.290654709204596	0.0175475	4e-05
0.0374	0.1555	0.6939	-0.014552555303128718	0.002494075501099897	-0.0009075712110370514	1.53622532	53.45871353	1.32635525	0.5355359726838064	0.0325956	0.00119
0.0381	0.2835	0.6571	-0.014917329116795535	0.0028396506929947744	-0.0005969026041820607	1.71066236	59.52890396	1.49521904	0.21655088062083416	0.0282965	0.00048
0.0448	0.4343	0.5978	-0.017095500023284457	0.004173082241518442	-0.0009965830028887623	1.36998379	47.6737175	1.27798599	0.4123641426859647	0.0350839	0.00049
0.0521	0.2845	0.5446	-0.014866714568487698	0.003134611336581816	-0.0003665191429188092	1.35958076	47.31170273	1.29181866	0.40516601098516697	0.0374532	0.00057
0.0322	0.4128	0.8354	-0.01665742238103388	0.003223623128433527	-0.0007819075048934597	1.58382297	55.11505127	1.40059087	0.5537553983186273	0.0258867	0.00072
0.0143	0.344	0.6191	-0.01588424152240039	0.002764601535159018	-0.0006702064327658224	1.22916365	42.77334976	1.12622276	0.3701951762017818	0.0295117	0.00055
0.0417	0.258	0.4498	-0.015317009515502236	0.0028518679977587343	-0.00037350045992678646	1.1194185	38.95435715	1.02188133	0.3302602221168453	0.0425034	0.00035
0.0465	0.2244	0.5116	-0.014978415640615335	0.002806489437206882	-0.0002722713633111154	0.95941496	33.38643646	0.8896231	0.12446007660272128	0.0353218	0.00029
0.0434	0.2315	0.4961	-0.015620696805349249	0.0029234264970905022	-0.0002670353755551324	0.99128926	34.49562073	0.89178597	0.06392271061867595	0.0375316	0.00027
0.0465	0.2194	0.4546	-0.015746360511492842	0.0030490902032340936	-0.00019024088846738194	0.9175182	31.92848206	0.85306919	0.07310609496874673	0.042953	0.00045
0.0546	0.1876	0.4852	-0.015166911199830723	0.003232349774693498	-0.00014137166941154068	0.96870136	33.70959091	0.8960813	0.11107890510886825	0.0410398	0.00049
0.0556	0.2576	0.5005	-0.01581791901082461	0.003490658503988659	-0.0001239183768915974	0.9713589	33.80207062	0.89556103	0.1326384916404494	0.0404932	0.00043
0.0584	0.265	0.5116	-0.015990706606772046	0.0034836771869806815	-0.00013439035240356338	0.88636708	30.84446144	0.84586976	0.030812044423369208	0.0400404	0.00032
0.0614	0.2545	0.5541	-0.015317009515502236	0.003492403833240653	-0.00011519173063162575	1.02944648	35.82344437	0.86517935	0.09108111796508596	0.0365067	0.00029
0.058	0.3155	0.5634	-0.016179202165987436	0.003565707661824415	-0.0001832595714594046	0.94686514	32.94971848	0.87239464	0.123878215994837	0.0369472	0.00025
0.0616	0.3061	0.5225	-0.016470672151070488	0.0035046211380046137	-0.00018500490071139895	0.9112336	31.70978546	0.85321273	0.07161509190774247	0.0414367	0.00023
0.0665	0.2669	0.5614	-0.015631168780861217	0.0035412730522964946	-0.00012217304763960306	0.92288357	32.1151886	0.85992831	0.12994935687864742	0.0366633	0.00023
0.0649	0.2867	0.562	-0.016249015336067207	0.003506366467256608	-0.00012042771838760874	1.00076985	34.82553482	0.88418768	0.054724923474893605	0.0374196	0.00021
0.0641	0.2893	0.5139	-0.016976817634148843	0.003454006589696778	-0.00021118483949131387	0.95546496	33.24898148	0.89553167	0.09504596483725852	0.0419726	0.00019
0.0648	0.2447	0.5454	-0.016280431262603107	0.003420845333908886	-0.00023561944901923448	0.88009119	30.62606812	0.84783014	0.11449911184307736	0.0375163	0.00015
0.0654	0.2799	0.5484	-0.01653350400414228	0.003455751918948773	-0.0002129301687433082	0.93789703	32.63763809	0.87397701	0.054333430342749345	0.0374236	0.00015
0.0646	0.2623	0.5096	-0.017008233560684743	0.0034836771869806815	-0.00017278759594743863	0.88615674	30.83714104	0.85999161	0.08433986986851193	0.0405368	0.00016
0.068	0.2435	0.5453	-0.016290903238115072	0.0035150931135165793	-0.00020420352248333657	0.90022063	31.32654762	0.86737675	0.09690810878207327	0.0356343	0.0002
0.0589	0.2931	0.5448	-0.01714785990084429	0.003309144261781249	-0.0002478367537831948	1.0734359	37.35422134	0.90278998	0.1145269372882204	0.0378236	0.0002
0.0578	0.2923	0.5585	-0.017296212887263806	0.003686135380212024	-0.00029496064358704166	0.96001899	33.40745544	0.88112945	0.044223399732706975	0.0360044	8e-05
0.0712	0.2857	0.7352	-0.01684242728174528	0.004616395871525002	-0.0003892084231947355	1.11971402	38.96464157	1.02985148	0.27061469382195985	0.0253378	0.00018
0.1088	0.3451	1.1383	-0.014432127584741111	0.0037699111843077517	-0.00024609142453120044	1.80346882	62.75844955	1.52135355	0.6700950691442478	0.0335372	0.00084
0.1365	0.34	1.1348	-0.011852530950293493	0.0046478117980608994	-0.0006021385919380437	1.31799889	45.86470413	1.26788002	0.2269772207803805	0.0377905	0.00197
0.0707	0.3594	1.1796	-0.012494812115027405	0.0057648225193372695	-0.0013491395117916165	1.27036881	44.20724106	1.2175192	0.25531464029319273	0.0426611	0.00449
0.0453	0.3884	1.0866	-0.018048449794873363	0.005239478414486977	-0.000879645943005142	1.64137518	57.11779404	1.58306321	0.47482376767413614	0.031674	0.00216
0.0384	0.3811	0.7012	-0.019010126212722234	0.003974114706791089	-0.0007906341511534313	1.73191488	60.26846313	1.52233117	0.5154025958698235	0.034835	0.00048
0.0494	0.4101	0.4787	-0.019025834175990186	0.003958406743523139	-0.0004537856055185257	1.34770703	46.89851379	1.18424978	0.2809132236085404	0.0483012	0.00016
0.0524	0.4204	0.4612	-0.019270180271269394	0.0037978364523396607	-0.0003385938748868999	0.96979821	33.74776077	0.88527305	0.05680540585471559	0.0489829	0.0001
0.0552	0.3614	0.4472	-0.01907644872429802	0.0036425021489121657	-0.00024609142453120044	1.01279438	35.24397278	0.89771183	0.0978784150377284	0.049288	0.00014
0.0513	0.3452	0.4251	-0.019566886244108427	0.003160791275361731	-6.981317007977319e-05	1.15261745	40.10963821	0.94825948	0.09962133239061342	0.0547107	0.00045
0.0483	0.3305	0.4036	-0.01983043096115957	0.0031695179216217023	-2.6179938779914945e-05	1.09862459	38.23075485	0.91951711	0.0549952297305487	0.0584341	0.00046
0.0538	0.2746	0.4033	-0.018887953165082634	0.0031328660073298214	-7.330382858376184e-05	1.06423163	37.0339241	0.94529021	0.1130126800086333	0.0565402	0.00043
0.0481	0.3007	0.4149	-0.01954245163458051	0.003080506129769991	-2.4434609527920616e-05	1.19355726	41.53429413	0.93715617	0.08118637830567733	0.0592241	0.00064
0.0449	0.3141	0.4254	-0.020034634483642906	0.003106686068549906	0.00011344640137963142	1.03997517	36.18983078	0.9167178	0.059912189937493206	0.0621179	0.00073
0.0431	0.2999	0.3678	-0.01984613892442752	0.002975786374650332	-0.00011693705988362007	0.93377775	32.49429321	0.89389797	0.10108893571891056	0.068746	0.00113
0.0494	0.2976	0.4108	-0.020139354238762567	0.0032445670794574587	-9.948376736367679e-05	0.95224494	33.13692856	0.8787649	0.08057246558310585	0.0650226	0.00105
0.0508	0.3583	0.4313	-0.020158552860534504	0.003298672286269283	-0.0001256637061435917	0.93113828	32.40244293	0.86979298	0.08757418836818387	0.0634264	0.00096
0.053	0.3297	0.4302	-0.020156807531282513	0.0034330626386728466	-0.00014311699866353502	1.04653084	36.41796112	0.89053224	0.03957944870877491	0.0624866	0.00098
0.0579	0.3503	0.4331	-0.0198845361679714	0.003490658503988659	-0.00014311699866353502	0.9920302	34.52140427	0.8724453	0.04489336143134633	0.0612569	0.00092
0.0572	0.377	0.4272	-0.02037846434628579	0.003598868917612307	-0.00012740903539558605	1.05538034	36.72591019	0.88281512	0.06419232776029943	0.0640242	0.00098
0.0564	0.3589	0.4289	-0.020450022845617557	0.003611086222376268	-9.250245035569947e-05	0.97058797	33.77524185	0.86215784	0.026534119456780664	0.0633322	0.00089
0.0589	0.3562	0.4189	-0.02021614872585032	0.003560471674068432	-8.203047484373349e-05	0.9224807	32.10116959	0.85379498	0.02994803217935189	0.0636246	0.00078
0.058	0.3621	0.4105	-0.02047445745514548	0.0036302848441482054	-0.00011344640137963142	1.00756896	35.06213379	0.85984865	0.033176891295541425	0.0641921	0.00073
0.0614	0.3445	0.4131	-0.020514600027941348	0.0037140606482439333	-0.00015533430342749534	0.96954268	33.73886871	0.87145078	0.03189031394697313	0.0638546	0.0007
0.0605	0.3321	0.4173	-0.02031039650545801	0.003652974124424132	-0.00010297442586766544	0.99300843	34.55544662	0.87419415	0.03338249619314842	0.0634542	0.0006
0.0563	0.3562	0.4259	-0.02046573080888551	0.003661700770684103	-0.00021467549799530252	0.96328461	33.52109528	0.86735427	0.050688101090755326	0.0621235	0.00061
0.0562	0.3572	0.4239	-0.021059142754563578	0.0037978364523396607	-0.0001605702911834783	0.842336	29.31223488	0.83137988	0.04228264170727256	0.0625196	0.00063
0.057	0.3261	0.4205	-0.020584413198021123	0.0036651914291880917	-0.00014311699866353502	0.88772887	30.89184952	0.86174761	0.06654139361069838	0.0601802	0.00042
0.0494	0.3351	0.4248	-0.020093975678210717	0.0036180675393842456	-0.00034557519189487725	0.94701982	32.95510101	0.88847587	0.05790098014227977	0.0559089	0.00027
0.0561	0.3493	0.4021	-0.02037846434628579	0.0037262779530078936	-0.00024609142453120044	0.95904344	33.37350845	0.86855047	0.06820914245311992	0.0585332	0.00032
0.063	0.3328	0.4072	-0.01996831197206712	0.003745476574779831	-0.00020943951023931956	0.94889861	33.02048111	0.87886806	0.05180014551412445	0.0555968	0.00021
0.0626	0.3505	0.4068	-0.019931660057775243	0.0035622170033204267	-0.0002373647782712288	1.03823972	36.12943649	0.90979384	0.030891837689159533	0.0553088	0.00018
0.0672	0.3758	0.3965	-0.020783380732748477	0.003956661414271145	-0.00014486232791552936	1.0674603	37.14627838	0.91224312	0.1071333768139826	0.0594009	0.00027
0.0664	0.36	0.3837	-0.020212658067346328	0.003790855135331684	-0.00019024088846738194	0.95509094	33.23596573	0.85744648	0.06849537524467321	0.0585395	0.00025
0.0708	0.3935	0.438	-0.019453439842728796	0.004031710572106902	-0.000307177948351002	1.02218676	35.57081604	0.90665121	0.14805053606381854	0.0510092	9e-05
0.0747	0.3994	0.4173	-0.020350539078253883	0.004352851154473858	-0.00024085543677521747	1.04490554	36.3614006	0.92630594	0.09472811647339135	0.0564671	0.00029
0.0767	0.2747	0.3942	-0.019795524376119686	0.004262094033370152	-0.00013788101090755203	1.02928019	35.81765747	0.96725256	0.18723731245527844	0.0562841	0.00023
0.0735	0.3247	0.4941	-0.01931730416107324	0.0037315139407638766	-9.075712110370512e-05	1.07962692	37.56966019	0.97215734	0.20589620987282845	0.0442855	9e-05
0.0617	0.4716	0.8618	-0.016735962197373624	0.002712241657599188	-0.000158824961931484	1.73998475	60.54928589	1.48675388	0.7098341043846043	0.0224097	0.00072
0.0702	0.3369	0.8322	-0.013730505225439388	0.0031555552876057474	-0.0003822271061867582	1.13904548	39.63735199	1.10827633	0.35640863730980354	0.0203232	0.00083
0.0959	0.193	0.7808	-0.014070844429578287	0.003988077340807043	-0.0006684611035138282	1.20005929	41.76055527	1.1543286	0.2939547627333632	0.0250102	0.00038
0.0862	0.1436	0.6113	-0.012374384396639796	0.0036704274169440743	-0.0002303834612632515	1.50979459	52.53895569	1.3727	0.3512093799526019	0.0318625	0.00018
0.0628	0.3329	0.8973	-0.011473794502610721	0.003754203221039803	-0.0006073745796940267	1.56859398	54.58510208	1.38928071	0.5667678408277791	0.026785	0.00059
0.075	0.3064	0.8033	-0.013203415791337103	0.004270820679630125	-0.0007016223593017205	1.17315722	40.82439804	1.05809056	0.24972432634621977	0.0229301	0.00026
0.0773	0.2403	0.4866	-0.01370607061591147	0.00411199571769864	-0.00039793506945470715	1.51729512	52.7999649	1.28670822	0.4333583538176432	0.04195	0.00024
0.0809	0.1953	0.297	-0.015707963267948967	0.004169591583014453	-0.00011519173063162575	1.36960697	47.66060257	1.17129259	0.3553115928088196	0.0631263	0.00053
0.0889	0.3041	0.3186	-0.016249015336067207	0.0041381756564785556	-0.00013788101090755203	1.39003789	48.3715744	1.02807323	0.1681578637465032	0.0611341	0.00038
0.093	0.3495	0.3406	-0.016872097879029182	0.004173082241518442	-8.37758040957278e-05	1.15345573	40.1388092	0.9315938	0.10710471674068428	0.0586817	0.00029
0.0947	0.3015	0.3239	-0.015926129424448255	0.00419228086329038	2.094395102393195e-05	1.02259469	35.58501053	0.91120604	0.11989434157362618	0.0579658	0.00024
0.0934	0.294	0.3562	-0.016133823605435582	0.004173082241518442	6.9813170079773176e-06	1.03554952	36.03582382	0.88130439	0.053142771838760976	0.054427	9e-05
0.0961	0.3037	0.3451	-0.0164671814925665	0.0041887902047863905	5.235987755982989e-05	1.00348592	34.92005157	0.85093156	0.043222220547535925	0.0574503	0.00016
0.0961	0.2838	0.3256	-0.0168057753674534	0.004125958351714595	6.806784082777885e-05	1.02857029	35.79295349	0.88457611	0.06025668456133231	0.0618144	0.00021
0.0921	0.2638	0.3215	-0.01634675377417889	0.0041835542170304075	9.075712110370512e-05	0.93484753	32.53152084	0.86632586	0.05506533694331245	0.0618963	0.00024
0.0919	0.2702	0.3316	-0.01669232896607377	0.004185299546282402	6.45771823237902e-05	0.95369846	33.18750763	0.8663288	0.03537502299633946	0.0620836	0.00024
0.0969	0.2909	0.3348	-0.017112953315804404	0.004197516851046362	0.00010471975511965978	0.92236954	32.09730148	0.87070581	0.052549211364523195	0.0645586	0.00025
0.092	0.2734	0.3304	-0.016804030038201405	0.00422893277758226	8.726646259971648e-06	0.8670162	30.17107582	0.82558642	0.04861661564992923	0.0637242	0.00024
0.0891	0.2701	0.3509	-0.01679530339194143	0.004244640740850209	-1.7453292519943294e-06	0.93299919	32.46720123	0.84746106	0.028445329251994344	0.0617929	0.00022
0.0898	0.3069	0.3414	-0.01725432498521594	0.004237659423842232	-1.7453292519943296e-05	1.10959315	38.61244965	0.87762313	0.07108554367752185	0.0644233	0.00035
0.0879	0.3018	0.3472	-0.017462019166203265	0.004277801996638102	1.7453292519943294e-06	1.00860274	35.0981102	0.86426343	0.026151768777756608	0.0639871	0.0003
0.0844	0.3067	0.35	-0.017194983790648134	0.004305727264670011	-1.7453292519943296e-05	0.9502629	33.06795502	0.86281437	0.02690796326794881	0.0633029	0.00025
0.0839	0.3237	0.348	-0.017315411509035743	0.004223696789826277	-1.9198621771937625e-05	1.03545403	36.03250122	0.89476326	0.029710176124166897	0.0647142	0.0004
0.0858	0.3096	0.313	-0.01719672911990013	0.004178318229274424	0.00011170107212763708	0.96933222	33.73154449	0.90756256	0.06574803217935207	0.0685125	0.00049
0.0847	0.2543	0.3349	-0.017050121462732604	0.004309217923174	-4.18879020478639e-05	0.92805463	32.2951355	0.9035717	0.09985481626213	0.0624251	0.00029
0.0874	0.2582	0.3478	-0.01713738792533232	0.00441044701978967	-0.00010471975511965978	0.90686685	31.557827	0.86643637	0.03206637061435922	0.0600579	0.00025
0.0871	0.286	0.3246	-0.017514379043763097	0.0043877577395137445	4.18879020478639e-05	1.0767287	37.46880722	0.8946268	0.07861440279371126	0.062788	0.00036
0.0857	0.2714	0.3359	-0.017381734020611526	0.004338888520457902	0.0001291543646475804	1.03268027	35.93597794	0.87719874	0.04073903524035648	0.0603061	0.0002
0.0895	0.2792	0.3312	-0.017050121462732604	0.004337143191205909	0.00010471975511965978	0.95745254	33.31814575	0.8588473	0.034189624832941835	0.0611339	0.00015
0.0927	0.313	0.306	-0.01807113907514929	0.0044977134823893875	9.599310885968811e-05	0.97511804	33.93288422	0.88571026	0.12171572749300683	0.0658121	0.00029
0.0944	0.2809	0.3014	-0.017008233560684743	0.004375540434749784	0.00010995574287564276	0.85875297	29.88352394	0.83770317	0.09835205980600528	0.0634105	0.00023
0.093	0.298	0.3128	-0.016631242442253964	0.004382521751757761	0.00010821041362364843	0.95989776	33.40323639	0.87635544	0.049185888234537595	0.0610077	0.00019
0.0946	0.3226	0.314	-0.017606881494118796	0.004513421445657336	0.00018151424220741024	1.00789118	35.073349	0.89226145	0.08639212871740842	0.0628896	0.00024
0.0958	0.2986	0.2783	-0.017329374143051697	0.004532620067429273	0.00013264502315156904	0.95872533	33.3624382	0.88813692	0.0781787595947439	0.0667737	0.00028
0.095	0.286	0.3204	-0.016756906148397557	0.004377285764001779	7.504915783575618e-05	0.97817189	34.03915405	0.89981826	0.0947699081698724	0.059541	0.00016
0.0939	0.3027	0.3219	-0.017413149947147426	0.004499458811641381	8.552113334772214e-05	0.91841489	31.95968437	0.86098394	0.05874444109507191	0.061103	0.00015
0.0975	0.3063	0.2727	-0.01845860216909203	0.004553564018453206	0.000148352986419518	0.98906273	34.41814041	0.88881108	0.11451946409141124	0.0688826	0.00048
0.0984	0.2413	0.2728	-0.017029177511708675	0.0043982297150257105	8.726646259971648e-05	0.89810395	31.25288963	0.87185606	0.1482922742315326	0.0654839	0.00029
0.073	0.1123	-0.0433	-0.012648401089202907	0.0038152897448596045	0.0003473205211468716	1.60317791	55.78857803	1.49164563	0.7316885225609514	0.11087	0.00625
0.0885	0.2581	0.0106	-0.016336281798666925	0.004277801996638102	0.00024085543677521747	1.35157239	47.03302002	1.30344093	0.42804290228070846	0.103133	0.0015
0.0998	0.33	0.1257	-0.017592918860102842	0.004536110725933263	0.00020594885173533088	0.99707264	34.69687653	0.96657637	0.2757926187885482	0.0891165	0.00077
0.0984	0.3379	0.1261	-0.01790707812546182	0.004612905213021013	0.00018151424220741024	0.91327995	31.78099632	0.85009968	0.030469418098732444	0.0890152	0.0008
0.0935	0.2694	0.1413	-0.017427112581163383	0.004457570909593518	0.00016929693744344995	0.90143251	31.3687191	0.85781083	0.12097585762449473	0.0850443	0.00063
0.0961	0.2841	0.1572	-0.0178826435159339	0.004508185457901353	0.00020943951023931956	1.185812	41.26476669	0.93698069	0.060514402793711126	0.0845607	0.00086
0.0983	0.3328	0.165	-0.018903661128350582	0.0047193702973926666	0.0002007128639793479	1.14744782	39.92974472	0.94496634	0.12074645490839835	0.0854362	0.00105
0.099	0.26	0.143	-0.01790707812546182	0.004539601384437251	0.0002443460952792061	1.05305982	36.64516068	0.91988843	0.15649925735720172	0.0860639	0.00103
0.0949	0.279	0.1927	-0.017603390835614807	0.004508185457901353	0.00020769418098732522	1.02165616	35.55235291	0.89915296	0.0913877565337397	0.0789391	0.00077
0.0914	0.2972	0.1776	-0.017938494051997718	0.004546582701445229	0.0003193952531149623	1.06932855	37.21129227	0.91109063	0.06106007660272122	0.0816067	0.00078
0.0865	0.2911	0.1329	-0.01873436419090713	0.004787438138220445	0.000445058959258554	0.94622511	32.92744446	0.9018629	0.11381946409141104	0.088999	0.00123
0.0969	0.2446	0.1885	-0.017475981800219222	0.004591961261997081	0.00020420352248333657	0.93674195	32.59744263	0.8982489	0.19723573518432452	0.0774583	0.00059
0.0998	0.2868	0.2254	-0.017395696654627483	0.004700171675620729	0.0001361356816555577	0.90390861	31.45488548	0.86485637	0.0948281700021583	0.0728878	0.00049
0.0977	0.3204	0.1811	-0.01842544091330414	0.004907865856608054	0.00027925268031909274	1.07981777	37.57630157	0.95011024	0.1490277719163758	0.0815701	0.00071
0.1009	0.2908	0.1643	-0.01807113907514929	0.004778711491960474	0.0002530727415391778	0.97684669	33.99303818	0.90051912	0.07508180707911728	0.0838156	0.00083
0.0977	0.3126	0.1994	-0.017552776287306972	0.004630358505540956	0.000153588974175501	0.99383551	34.58422852	0.90058509	0.09840997708127557	0.0774286	0.00056
0.098	0.3211	0.1633	-0.018559831265707698	0.004900884539600078	0.0002530727415391778	0.95263737	33.15058517	0.86818418	0.1137532389911762	0.0858539	0.00084
0.0954	0.2821	0.1304	-0.018172368171764958	0.004656538444320871	0.000148352986419518	0.96696013	33.64899826	0.87267845	0.11132644721708032	0.0883149	0.00088
0.0942	0.2983	0.1522	-0.017948966027509686	0.004663519761328848	0.0001675516081914556	0.93330723	32.47792053	0.86762988	0.05167910415175932	0.0853986	0.00071
0.0967	0.3121	0.0976	-0.018786724068466962	0.00485376064979623	0.00028797932657906436	1.10147321	38.32988358	0.93978596	0.12832133239061336	0.0966609	0.0013
0.0958	0.2273	-0.0372	-0.017751743822034323	0.0048415433450322695	0.0003001966313430247	1.15721822	40.26974106	1.04016118	0.273470742798028	0.114735	0.00242
0.0981	0.3199	0.0811	-0.017978636624793588	0.004733332931408622	0.0002652900463031381	1.09758973	38.19474411	0.97118932	0.23170049007114	0.0966409	0.00122
0.1053	0.3275	0.1119	-0.018416714267044162	0.005141739976375294	0.00037524578917878077	0.9020431	31.38996696	0.84187618	0.09342202150464445	0.0942165	0.00128
0.0934	0.2645	0.1135	-0.017795377053334185	0.004808382089244378	9.948376736367679e-05	0.98612309	34.31584549	0.87756428	0.13802285613279983	0.0924374	0.00117
0.091	0.2673	0.128	-0.018835593287522802	0.004408701690537677	5.235987755982989e-05	1.01459801	35.30673599	0.88867393	0.09405102613495823	0.0912213	0.00108
0.0992	0.3165	0.1564	-0.01872912820315115	0.004722860955896656	0.00020943951023931956	1.08786809	37.8564415	0.89380644	0.11468519912050608	0.0863458	0.00113
0.0997	0.3106	0.1248	-0.019161969857645747	0.004858996637552213	0.0002722713633111154	0.97361362	33.88053131	0.88412743	0.06959045946109756	0.0922486	0.00138
0.0953	0.2567	0.133	-0.018287559902396586	0.004639085151800928	0.0002199114857512855	0.90825707	31.60620499	0.84909771	0.1238340659280138	0.0885136	0.00112
0.0962	0.3048	0.1525	-0.01858775653373961	0.004754276882432553	0.00019547687622336493	0.89697689	31.21366882	0.84623274	0.0904911485751284	0.0854622	0.00104
0.0958	0.3404	0.1231	-0.01860520982625955	0.00434586983746588	0.0004625122517784973	0.97738898	34.01190948	0.98439369	0.10004478565208738	0.0918064	0.00181
0.0932	0.2156	0.1461	-0.01703615882871665	0.004263839362622147	0.0004729842272904633	0.94210845	32.78419113	0.93739617	0.23347767239493	0.0852097	0.00159
0.0903	0.2446	0.139	-0.016889551171549125	0.004258603374866164	0.0005323254218582705	1.2221595	42.52961731	0.96920175	0.049559241974565765	0.0861795	0.0018
0.101	0.2294	0.095	-0.018423695584052144	0.004759512870188536	0.000486946861306418	1.15918958	40.33834076	1.03228172	0.17392162341886222	0.0949079	0.00147
0.0995	0.2084	0.117	-0.01784250094313803	0.004537856055185257	0.0003787364476827695	0.98546636	34.29299164	0.91373586	0.09005309347705205	0.0906305	0.00108
0.1035	0.2481	0.1695	-0.017402677971635458	0.0047577675409365425	0.0002583087292951608	0.94640571	32.93373108	0.89480237	0.1352081087820733	0.0822585	0.0008
0.1012	0.3027	0.1429	-0.018392279657516247	0.0049462631001519295	0.0003473205211468716	1.0265274	35.72186661	0.90876013	0.1468554518473944	0.0869763	0.00099
0.1029	0.2864	0.1485	-0.01799085392955755	0.00476474885794452	0.00024609142453120044	0.92289352	32.11553574	0.8666981	0.05780845333908892	0.0852697	0.00096
0.1024	0.3257	0.1692	-0.01792802207648575	0.004925319149127998	0.00022340214425527416	1.07668757	37.46737671	0.90204318	0.07280457122656021	0.0824549	0.00074
0.1022	0.3317	0.1345	-0.01903107016374617	0.0050230575872396805	0.0003211405823669566	1.04084575	36.22012329	0.91277572	0.10582624817418924	0.0897517	0.00116
0.1012	0.2725	0.1372	-0.01829803187790855	0.004871213942316174	0.0001937315469713706	0.94700462	32.95457077	0.87459414	0.11351454830783556	0.0874238	0.00108
0.1044	0.3075	0.1672	-0.018285814573144592	0.004871213942316174	0.00016929693744344995	0.8843748	30.77513313	0.85231425	0.07003259571459397	0.0837935	0.00086
0.1051	0.2967	0.1237	-0.019010126212722234	0.004932300466135976	0.00020420352248333657	0.99096894	34.48447418	0.88033039	0.09601523742186649	0.0905017	0.00109
0.1064	0.2654	0.1463	-0.01790707812546182	0.004747295565424576	0.00018675022996339323	0.88373142	30.75274277	0.8549102	0.1204753140245878	0.08485	0.00074
0.1047	0.2859	0.1447	-0.018216001403064817	0.004771730174952496	0.0001832595714594046	1.07066894	37.25793457	0.91058018	0.04064242728174516	0.0870432	0.00075
0.104	0.296	0.1067	-0.019235273686229508	0.004883431247080134	0.0002181661564992912	0.99042302	34.46547699	0.89502176	0.10709399701661076	0.0941384	0.00133
0.0981	0.2602	0.1007	-0.018519688692911828	0.0047088983218807005	0.00010471975511965978	0.93880612	32.66927338	0.87282786	0.09787821599483724	0.093769	0.00132
0.0978	0.2978	0.1376	-0.019174187162409703	0.004591961261997081	-0.00011693705988362007	1.01884997	35.45470047	0.88663258	0.12445461721923876	0.0898436	0.00109
0.1085	0.32	0.1341	-0.019851374912183504	0.00519235452468313	0.0003525565089028545	0.99366158	34.57817459	0.88408711	0.12375372906231628	0.0933172	0.00156
0.1136	0.253	0.1292	-0.018484782107871942	0.005311036913818745	0.0005480333851262194	0.91390473	31.80273628	0.88389226	0.1610376034835271	0.0911856	0.00129
0.1063	0.2814	0.1626	-0.018303267865664535	0.0051452306348792835	0.00035430183815484887	1.00284159	34.89762878	0.89801176	0.09615260340591199	0.0841682	0.00081
0.1047	0.3094	0.1471	-0.019223056381465542	0.005246459731494954	0.00028797932657906436	1.07353091	37.35752869	0.92191519	0.09946700619962313	0.0883773	0.00115
0.1053	0.2883	0.1346	-0.018945549030398447	0.005003858965467743	0.00019547687622336493	1.02853775	35.79182053	0.9043811	0.06483052837250032	0.0896729	0.00107
0.1017	0.2751	0.1712	-0.018439403547320092	0.004932300466135976	0.00011519173063162575	0.99088055	34.48139954	0.88883227	0.08629945640009302	0.0838209	0.00073
0.1061	0.3066	0.1101	-0.019210839076701586	0.0050841441110594816	0.00023387411976724014	1.10676539	38.51404572	0.92474415	0.14909807817203066	0.0943837	0.00122
0.1063	0.2479	0.103	-0.018055431111881338	0.0048939032225921	0.0001832595714594046	0.96810645	33.68888855	0.89895517	0.13581317007977328	0.0923361	0.00113
0.1048	0.2716	0.1358	-0.017748253163530334	0.004796164784480418	0.0001884955592153876	1.19257033	41.49995041	0.91489865	0.0785076187109335	0.0879157	0.00096
0.1079	0.2942	0.1336	-0.01900314489571426	0.0049864056729478	0.00027925268031909274	1.08200824	37.65252686	0.90272732	0.10469448708775068	0.0907171	0.00119
0.1091	0.2733	0.1045	-0.018647097728307416	0.004961971063419879	0.00020943951023931956	1.0101434	35.15172195	0.87468916	0.07371474735072694	0.0949749	0.00148
0.1031	0.245	0.1301	-0.018139206915977066	0.004815363406252355	0.00013962634015954637	1.02292681	35.59656906	0.88042702	0.09611558197888227	0.090045	0.00122
0.1106	0.2945	0.1388	-0.018825121312010838	0.00499862297771176	0.0003106686068549907	1.0824616	37.66830444	0.91133391	0.117710811709431	0.0919599	0.00146
0.1043	0.2825	0.0913	-0.019182913808669676	0.004831071369520303	0.0002617993877991494	1.05047405	36.55517578	0.90051128	0.09451066619530682	0.0994148	0.002
0.1075	0.2748	0.0875	-0.019165460516149736	0.004693190358612751	0.00022863813201125715	1.06907868	37.20259476	0.88625662	0.024124777960769176	0.100877	0.00233
0.1044	0.3188	0.1183	-0.01996656664281513	0.004949753758655919	0.00028274333882308137	0.95297897	33.16247177	0.85743084	0.1334887366760192	0.0980529	0.00231
0.1014	0.3099	0.1381	-0.01900314489571426	0.004756022211684548	0.0001239183768915974	0.88894814	30.93427849	0.85248191	0.09749891280018617	0.0921926	0.00156
0.1004	0.3109	0.1432	-0.018814649336498873	0.004747295565424576	0.00015184364492350666	0.91171056	31.72638321	0.85807557	0.018357373675363334	0.090337	0.00143
0.1039	0.3135	0.1372	-0.019090411358313977	0.004904375198104066	0.00019198621771937622	1.0187552	35.45140076	0.88971791	0.035749211364523165	0.0904278	0.00155
0.1071	0.3054	0.103	-0.019235273686229508	0.0049462631001519295	0.0002199114857512855	0.94429302	32.86021042	0.88582236	0.05623377489976516	0.0956262	0.0018
0.1113	0.2726	0.1561	-0.01816887751326097	0.004810127418496373	0.00024260076602721178	0.96749902	33.66775131	0.90464483	0.1513610567450011	0.0867633	0.00101
0.115	0.3213	0.1784	-0.01902757950524218	0.005106833391335408	0.0003612831551628262	1.15432	40.16888809	0.92883603	0.13840451769779308	0.0858022	0.00098
0.1117	0.2809	0.1159	-0.019223056381465542	0.004996877648459765	0.00027750735106709843	1.19432855	41.56113434	0.92296401	0.1256604211597366	0.0938821	0.00165
0.1079	0.2666	0.1622	-0.018577284558227644	0.004906120527356061	0.000322885911618951	1.10444736	38.43338013	0.90700394	0.10349537524467274	0.0860968	0.00098
0.1071	0.313	0.1742	-0.019689059291748034	0.005276130328778859	0.00047647488579445195	1.04293728	36.29290771	0.90869588	0.1409686754559344	0.0870997	0.00128
0.1122	0.29	0.1507	-0.018938567713390468	0.004916592502868026	0.00041538836197465044	0.9393394	32.68783188	0.87545498	0.11015579640441	0.088893	0.00131
0.1112	0.324	0.1713	-0.019306832185561274	0.005064945489287545	0.00030368728984701333	1.03400779	35.98217392	0.87659122	0.08701592653589814	0.0869478	0.00119
0.1071	0.2695	0.1124	-0.018853046580042748	0.004948008429403923	0.00017976891295541595	0.989649	34.43854141	0.87995853	0.15223205211468724	0.0936545	0.00138
0.1025	0.2904	0.1412	-0.01881290400724688	0.0048415433450322695	7.504915783575618e-05	0.95655769	33.28700638	0.86314668	0.06686637061435913	0.0891788	0.0012
0.1075	0.3289	0.1359	-0.0194220239161929	0.004995132319207771	7.853981633974481e-05	1.06833279	37.17663956	0.92226608	0.08710997708127557	0.0911114	0.00121
0.1033	0.272	0.1035	-0.018606955155511546	0.005068436147791533	0.00023561944901923448	0.97769207	34.02245712	0.895425	0.1457726110972303	0.0933334	0.00134
0.1031	0.276	0.137	-0.017997835246565525	0.004982915014443811	0.00014660765716752367	1.02396894	35.63283157	0.88669928	0.07688264170727274	0.0875491	0.00093
0.1042	0.2975	0.1224	-0.01912182728484987	0.005234242426730994	0.0002530727415391778	0.97956246	34.08754349	0.87808183	0.11128922674715912	0.0921347	0.0013
0.1022	0.271	0.0898	-0.018894934482090613	0.005167919915155209	0.00023561944901923448	0.93597448	32.57073593	0.85282743	0.07663343034274925	0.096045	0.00155
0.104	0.2553	0.1348	-0.01814444290373305	0.0049462631001519295	0.00014311699866353502	1.01428199	35.29573822	0.89371785	0.11573254218582706	0.0873263	0.00088
0.103	0.3062	0.1099	-0.019224801710717537	0.005108578720587403	0.00017453292519943296	1.06719959	37.13720703	0.91938796	0.1405045176977929	0.0934038	0.00124
0.1049	0.2824	0.0827	-0.018650588386811405	0.004981169685191816	0.00018500490071139895	1.02895486	35.80633545	0.90107222	0.08850471674068426	0.096343	0.00137
0.1021	0.2799	0.137	-0.018160150867001	0.0049131018443640375	9.773843811168246e-05	1.03048396	35.85954666	0.8867556	0.0918885911618951	0.0877751	0.0009
0.1023	0.3227	0.1147	-0.019401079965168964	0.005126032013107346	0.0002600540585471551	1.07900822	37.54813004	0.89860906	0.1461087443673373	0.0954582	0.00141
0.1014	0.2927	0.0821	-0.018959511664414404	0.004977679026687828	0.0002199114857512855	0.93969971	32.70037079	0.8835603	0.09500319299849734	0.0998966	0.00172
0.0895	0.2741	0.1236	-0.018046704465621368	0.004921828490624009	0.00014660765716752367	0.92341864	32.13380814	0.85778727	0.12409807817203083	0.0919854	0.00115
0.09	0.2909	0.1197	-0.01847081947385599	0.005209807817203074	0.0002583087292951608	1.10152543	38.33170319	0.91873065	0.0623897703470661	0.0946507	0.00143
0.104	0.3159	0.1125	-0.018868754543310697	0.005251695719250937	0.00027925268031909274	0.99432051	34.60110474	0.89657851	0.06923834612632519	0.0964681	0.00165
0.1018	0.2613	0.1107	-0.018235200024836754	0.005052728184523583	0.00017976891295541595	0.99630916	34.67030716	0.87948491	0.10520029102824868	0.0953314	0.00147
0.1015	0.2568	0.0962	-0.01857553922897565	0.005005604294719737	0.00011519173063162575	0.94438475	32.86340332	0.86229111	0.04190201381332661	0.0976686	0.00159
0.1009	0.3098	0.0717	-0.019549432951588487	0.005164429256651221	0.0001186823891356144	1.02625751	35.71247101	0.89191116	0.13491046715241556	0.10242	0.00202
0.1082	0.3041	0.1142	-0.018723892215395166	0.005106833391335408	0.00022689280275926284	0.92381346	32.14754868	0.87191681	0.10506735075663914	0.0939378	0.00131
0.1091	0.2803	0.1536	-0.01791929543022578	0.004960225734167885	0.00010297442586766544	0.89713657	31.21922684	0.8591519	0.11785614096142528	0.0857669	0.00082
0.1106	0.2983	0.1555	-0.018324211816688467	0.005024802916491674	0.00013788101090755203	1.06005931	36.88873291	0.90889665	0.04662000769131816	0.0867673	0.00088
0.1099	0.3152	0.1204	-0.019216075064457567	0.00514348530562729	0.00023561944901923448	1.01357877	35.27126694	0.9133583	0.10811420375081988	0.0933825	0.00126
0.1063	0.2403	0.1276	-0.018397515645272228	0.0051173053668473745	0.00024085543677521747	0.97366232	33.88222504	0.88741043	0.12819876728606183	0.0904271	0.00113
0.1054	0.2866	0.1446	-0.018964747652170384	0.005171410573659199	0.00021467549799530252	0.93509573	32.54015732	0.88188197	0.09657585762449482	0.0892858	0.00105
0.1089	0.3011	0.0899	-0.019734437852299884	0.005159193268895238	0.0002652900463031381	0.97266936	33.84767151	0.8776991	0.11432610266006477	0.0990725	0.00172
0.1086	0.243	0.1114	-0.018512707375903853	0.004885176576332128	0.0002024581932313422	0.89502311	31.14567947	0.86505395	0.15782895110154685	0.0928658	0.00113
0.1153	0.2882	0.1155	-0.019004890224966254	0.0050125856117277144	0.0002548180707911721	1.16507149	40.54302597	0.95869005	0.08959758810089091	0.094692	0.00103
0.1057	0.2982	0.0797	-0.01960004749989632	0.004960225734167885	0.00019547687622336493	1.14477134	39.83660507	0.93227176	0.09074291735288521	0.100486	0.00155
0.0648	0.2624	0.1115	-0.01903979681000614	0.004839798015780276	-0.00017278759594743863	1.0828476	37.68173599	0.93032184	0.1609471440224297	0.0934649	0.00113
0.048	0.317	0.1153	-0.020367992370773826	0.00485376064979623	-0.0004136430327226561	1.05823791	36.82535172	0.92999956	0.1543506815779429	0.09619	0.00208
0.0472	0.2818	0.0672	-0.02006430508092681	0.004914847173616032	-0.0005619960191421741	1.01987696	35.49043655	0.92667094	0.10975634000431674	0.103523	0.00263
0.0595	0.2534	0.101	-0.018854791909294743	0.004769984845700502	-0.00042760566673861073	1.00852847	35.09552383	0.92814854	0.14893829259755803	0.0946388	0.0016
0.0912	0.2527	0.1034	-0.01954245163458051	0.004790928796724435	-2.96705972839036e-05	1.09867692	38.23257828	0.9368751	0.09012693728822033	0.0963081	0.00154
0.1	0.2791	0.0946	-0.019847884253679515	0.005042256209011618	0.00010297442586766544	1.08933592	37.90752029	0.9073666	0.07847025272688793	0.0982119	0.00189
0.0982	0.2355	0.1355	-0.018982200944690327	0.004897393881096089	2.96705972839036e-05	1.06154609	36.94047165	0.9042252	0.1404924732744239	0.0904472	0.00119
0.0981	0.2855	0.1587	-0.019584339536628373	0.005068436147791533	2.268928027592628e-05	0.96866542	33.70833969	0.87438992	0.11230810878207334	0.0891483	0.00116
0.1003	0.3023	0.176	-0.018315485170428497	0.004988151002199794	4.363323129985824e-05	1.0974139	38.18862534	0.96635038	0.10480417314077736	0.0841116	0.00117
0.092	0.2526	0.1435	-0.018641861740551435	0.004843288674284265	-5.93411945678072e-05	0.99742085	34.708992	0.94148375	0.11921066619530664	0.0881365	0.00105
0.0972	0.2836	0.1549	-0.01921782039370956	0.005024802916491674	-6.9813170079773176e-06	0.92882705	32.32201385	0.86400845	0.0880916386462683	0.0876292	0.00104
0.0969	0.2973	0.1165	-0.0197902883883637	0.0050789081233034985	1.9198621771937625e-05	0.98886234	34.41116714	0.89408632	0.0850376570122938	0.0943195	0.00154
0.0991	0.2538	0.1257	-0.018933331725634488	0.004899139210348083	-8.726646259971648e-06	0.94085854	32.74069595	0.87456068	0.10813254218582675	0.0911151	0.00119
0.0969	0.2875	0.146	-0.01938188134339703	0.005005604294719737	8.726646259971648e-06	1.15416443	40.16347122	0.89455845	0.08482339973270688	0.0908951	0.00113
0.0932	0.2985	0.1215	-0.019814722997891623	0.005096361415823441	7.67944870877505e-05	0.98735237	34.3586235	0.8778908	0.06878333082130386	0.0956504	0.00144
0.0887	0.2547	0.1219	-0.018933331725634488	0.004911356515112043	1.7453292519943296e-05	0.95195949	33.12699509	0.87083673	0.10498686837681707	0.0933189	0.00127
0.0917	0.2859	0.14	-0.019385372001901015	0.00506320016003555	2.4434609527920616e-05	1.00525582	34.98163986	0.86559535	0.08284326190990067	0.0929179	0.00145
0.0954	0.3016	0.1203	-0.01974141916930786	0.005286602304290824	0.0001256637061435917	0.92192864	32.08195877	0.85721707	0.07313392041388941	0.0965664	0.00159
0.0998	0.2459	0.1341	-0.018634880423543457	0.005138249317871306	0.00010297442586766544	0.89191079	31.0373764	0.85867369	0.1377790506229923	0.09171	0.00116
0.1027	0.2794	0.0954	-0.018856537238546738	0.004904375198104066	1.5707963267948964e-05	1.19232476	41.49140549	0.92299688	0.10223986986851182	0.0979047	0.00161
0.0979	0.2933	0.1087	-0.019811232339387634	0.005220279792715039	0.00010471975511965978	1.05540454	36.72675323	0.90086339	0.09998057436517904	0.0980932	0.00186
0.0977	0.2511	0.097	-0.01856332192421169	0.0049898963314517885	7.504915783575618e-05	0.95534474	33.24479675	0.87994878	0.1294982236861549	0.09647	0.00156
0.1004	0.2435	0.1221	-0.01862440844803149	0.004878195259324152	4.886921905584123e-05	1.02439547	35.64767456	0.88354483	0.04534837673636751	0.0912244	0.00135
0.1022	0.299	0.1094	-0.019888026826475384	0.0050562188430275734	0.00016929693744344995	0.9891842	34.4223671	0.90370763	0.14810348402674625	0.0961773	0.00173
0.1019	0.2899	0.0933	-0.01972396587678792	0.004948008429403923	0.00020420352248333657	0.84773856	29.50023651	0.8384232	0.04085889741755007	0.0981627	0.00179
0.0958	0.2565	0.1264	-0.018207274756804843	0.004504694799397364	0.00035081117965086024	0.95275086	33.15453339	0.97071982	0.17793062035785795	0.0909724	0.00188
0.0978	0.1998	0.1234	-0.01868549497185129	0.004576253298729132	0.00013439035240356338	1.27654672	44.42222214	1.05527804	0.10000997708127563	0.0905574	0.00108
0.0978	0.2542	0.0826	-0.02019520477482639	0.0049462631001519295	0.00013264502315156904	1.09081686	37.95905685	0.94425659	0.1892732466824944	0.0995067	0.00172
0.0909	0.233	0.0747	-0.019071212736542036	0.004665265090580842	8.028514559173915e-05	0.95705539	33.3043251	0.88019415	0.10886749627076343	0.0992495	0.00179
0.05	0.2536	0.1108	-0.018617427131023514	0.00445058959258554	-0.00022165681500327985	1.00658345	35.02783966	0.91063638	0.1461201532054421	0.0927085	0.00128
0.079	0.2766	0.1361	-0.019266689612765404	0.004747295565424576	-0.00011693705988362007	1.0307827	35.86994171	0.90899009	0.12983441048502936	0.0909448	0.0013
0.0949	0.2224	0.1006	-0.018439403547320092	0.004745550236172582	-4.363323129985824e-05	1.15627205	40.23681641	0.9296875	0.15071676116405347	0.0945659	0.00121
0.0989	0.2433	0.148	-0.01883035729976682	0.0049235738198760036	0.0002251474735072685	1.06204414	36.95780182	0.89626439	0.11418790204786387	0.0893932	0.00111
0.0969	0.2935	0.1424	-0.019081684712054004	0.005028293574995664	2.4434609527920616e-05	1.07107854	37.27219009	0.92013076	0.08563800156930952	0.0899143	0.00126
0.093	0.3101	0.1194	-0.019984019935335072	0.00506320016003555	1.5707963267948964e-05	0.96210682	33.48011017	0.88542869	0.09079842272904631	0.095333	0.00192
0.0921	0.2647	0.1304	-0.01903107016374617	0.004810127418496373	-5.585053606381854e-05	0.88869262	30.92538643	0.85679273	0.12117905062299232	0.0918134	0.0014
0.0897	0.2898	0.1624	-0.018863518555554713	0.0048415433450322695	-6.806784082777885e-05	0.96259207	33.49699402	0.88283299	0.07005924197456573	0.0876871	0.001
0.0931	0.2973	0.1216	-0.019961330655059145	0.005014330940979708	5.93411945678072e-05	1.02033651	35.50642776	0.89269482	0.12160043654237288	0.0950499	0.00158
0.0943	0.2307	0.1158	-0.019161969857645747	0.004871213942316174	-1.3962634015954635e-05	0.97442967	33.90892792	0.88033576	0.12438908123303472	0.0933195	0.00127
0.097	0.2251	0.0978	-0.019188149796425656	0.004612905213021013	2.792526803190927e-05	1.15403986	40.15913773	0.94124517	0.04261882850614672	0.0955979	0.00138
0.095	0.2892	0.0718	-0.020057323763918833	0.004928809807631986	0.00012217304763960306	1.16956794	40.69949722	0.96512491	0.15606631708559218	0.10161	0.00207
0.0938	0.2822	0.0908	-0.019750145815567832	0.0049672070511758626	6.108652381980153e-05	1.01194608	35.21445465	0.88257577	0.04753308578573396	0.0989708	0.00193
0.0913	0.2603	0.1325	-0.019244000332489478	0.004794419455228423	3.316125578789226e-05	0.98553443	34.29536057	0.87630677	0.10144291735288519	0.0923224	0.00125
0.0921	0.3068	0.115	-0.019765853778835784	0.005014330940979708	5.585053606381854e-05	1.04438341	36.3432312	0.88455085	0.10302271061867592	0.0961202	0.00164
0.0952	0.2374	0.1038	-0.018976964956934343	0.004827580711016315	1.0471975511965975e-05	0.91103727	31.70295334	0.86502831	0.13475088062083435	0.0950584	0.00164
0.1259	0.2053	0.1517	-0.017301448875019786	0.006024876577884425	0.0009232791743050004	1.19219637	41.48693466	1.02648684	0.29998095737878505	0.0884746	0.00125
0.0997	0.2397	0.0853	-0.01996656664281513	0.005235987755982988	0.00029496064358704166	1.15786624	40.29228973	1.0480867	0.33111625602073697	0.101401	0.00204
0.0933	0.2173	0.0954	-0.019533724988320535	0.005099852074327431	0.00013788101090755203	0.92870861	32.31789398	0.84143763	0.07520284844148205	0.0997525	0.00189
0.0942	0.2535	0.1571	-0.019081684712054004	0.0050841441110594816	4.537856055185256e-05	0.92003953	32.01622009	0.87489616	0.126812534494509	0.0889841	0.00115
0.0949	0.296	0.1282	-0.0199456226917912	0.005255186377754926	0.0001186823891356144	0.90580976	31.52104187	0.85889003	0.12751420375082007	0.0948463	0.00163
0.0928	0.2477	0.1133	-0.019596556841392332	0.005126032013107346	5.235987755982989e-05	0.90933198	31.64361	0.85540525	0.09252713633111165	0.0950153	0.00157
0.0914	0.2571	0.1301	-0.018891443823586623	0.005098106745075437	2.094395102393195e-05	1.08257318	37.67218781	0.92621989	0.06582271061867576	0.0911476	0.00112
