trans_x	trans_y	trans_z	rot_x	rot_y	rot_z	dvars_std	dvars_nstd	dvars_vstd	framewise_displacement	aqi	aor
0.0	-0.0	0.0	-0.0	0.0	-0.0	n/a	n/a	n/a	n/a	0.026776	0.00104
-0.0052	0.0312	0.0282	-0.0003001966313430247	0.00032812189937493397	7.504915783575618e-05	1.09200788	32.80672073	0.96992333	0.09976838442768576	0.0267932	0.00031
0.0002	0.0339	0.0332	-0.00029496064358704166	0.0005689773361501514	0.00027750735106709843	1.02475119	30.78615761	0.92109943	0.035527480888127135	0.0262846	0.00017
0.0026	0.0097	0.0376	-7.155849933176751e-05	0.000291469985083053	8.203047484373349e-05	1.04784167	31.47985649	0.92155346	0.06581931857728687	0.0241314	0.00016
0.0063	0.0347	0.0535	-0.0005480333851262194	0.0005899212871740833	-0.0003892084231947355	1.17318654	35.2455368	0.98423693	0.10690825429619755	0.0265682	0.00037
0.0126	-0.0025	0.0312	-0.0006335545184739417	0.0006544984694978735	-0.00029496064358704166	1.34045231	40.27062988	1.02013345	0.07801730476396031	0.0278103	0.00054
0.006	0.1035	0.0782	-0.001329940890019679	0.0005742133239061344	-0.00017104226669544429	1.316908	39.56329727	1.06968949	0.20462949470145367	0.0308493	0.00062
0.0154	0.0074	0.0593	-0.0007993607974134029	0.0005270894341022875	-0.00015184364492350666	1.13660169	34.14643478	1.00263914	0.15424513020910302	0.0267992	0.00023
0.0246	-0.04	0.0476	-0.0007766715171374765	0.0004625122517784973	-0.0005759586531581287	1.04374802	31.35687256	0.91958392	0.09386907354171693	0.0253065	0.0002
0.0177	-0.0171	0.0578	-0.0008272860654453122	0.00039968039870670147	-0.0002530727415391778	0.99552399	29.90809822	0.9101429	0.06181661564992912	0.0249176	0.00016
0.0205	-0.0008	0.0638	-0.001043706892692609	0.00047822021504644627	-7.330382858376184e-05	1.02205408	30.70512962	0.91311714	0.04883647782712288	0.0265647	0.00024
0.0331	-0.0585	0.0411	-0.000705113017805709	0.0005689773361501514	-0.00021642082724729686	1.02442741	30.77643013	0.922656	0.121623399732707	0.0253545	0.00023
0.0381	-0.0353	0.0257	-0.0006544984694978735	0.0005078908123303499	-0.00047123889803846896	0.95912266	28.81450844	0.87897627	0.06192595714594046	0.0251855	0.00012
0.0394	-0.0052	0.0195	-0.0007208209810736582	0.000609119908946021	-0.00038571776469074686	0.99909878	30.01549339	0.89692708	0.05025363707695889	0.0261753	0.00017
0.0305	0.0359	0.0427	-0.0009878563566287904	0.0007086036763096977	0.0001256637061435917	1.05780685	31.77923584	0.93496292	0.11709503068765736	0.0279853	0.00028
0.027	0.0045	0.0331	-0.0007714355293814937	0.00046949356878647465	0.00017627825445142725	1.02263772	30.72266197	0.89431909	0.06980727415391776	0.026882	0.00024
0.0291	-0.0109	0.026	-0.0005637413483941684	0.00010471975511965978	-0.00017802358370342162	1.02753663	30.86983871	0.90142916	0.07093849164044945	0.0249711	5e-05
0.0265	-0.0076	0.0327	-0.0004956735075663896	5.061454830783555e-05	-0.0002251474735072685	0.96260351	28.91908073	0.87407429	0.021064846872172503	0.0244927	5e-05
0.0179	-0.0004	0.055	-0.00062482787221397	0.00028797932657906436	6.108652381980153e-05	0.97455078	29.27800751	0.88860193	0.07073765701229397	0.0245401	9e-05
0.0175	-0.054	0.0422	-0.00028623399732707005	0.00017627825445142725	0.00023911010752322313	1.00908887	30.31562233	0.90255991	0.09821592653589792	0.022782	0.0001
0.0208	-0.065	0.0296	-0.00010297442586766544	-0.00010297442586766544	-6.45771823237902e-05	0.96404475	28.96237946	0.87548442	0.06520997708127553	0.0215851	3e-05
0.0162	-0.0423	0.0301	-0.00010995574287564276	-0.00020420352248333657	-0.00010297442586766544	0.95830798	28.79003334	0.8718965	0.035130382858376184	0.0216314	6e-05
0.0105	-0.0156	0.0585	-0.0003298672286269283	0.0002251474735072685	0.000291469985083053	0.9752636	29.29942322	0.90101342	0.11298534463463045	0.0229437	0.0001
0.0178	-0.027	0.0487	-0.00027576202181510406	0.0002530727415391778	0.0004328416544945937	0.98799914	29.68203163	0.8794154	0.03967010721276372	0.0235583	0.00013
0.0198	-0.0247	0.0293	-0.00021642082724729686	-6.108652381980153e-05	-2.96705972839036e-05	0.95521992	28.6972599	0.8806475	0.0655006355852642	0.0227606	6e-05
0.016	0.0004	0.0266	-0.00029496064358704166	6.9813170079773176e-06	-3.665191429188092e-05	0.95008922	28.54311943	0.87183343	0.039279448708775054	0.0239136	7e-05
0.0087	0.0222	0.0448	-0.0004136430327226561	0.0002303834612632515	0.0002740166925631097	0.96983612	29.1363678	0.88521446	0.07993765701229395	0.024947	0.00012
0.0113	-0.0131	0.0326	-0.00035604716740684323	0.00019547687622336493	0.00027576202181510406	1.00355399	30.14933968	0.89390899	0.05481238898038469	0.0246848	9e-05
0.0182	-0.0287	0.0193	-0.000153588974175501	-0.00011344640137963142	-8.203047484373349e-05	0.96560407	29.00922585	0.87598269	0.0792586983746588	0.0236048	7e-05
0.0094	-0.0185	0.0244	-9.948376736367679e-05	-9.599310885968811e-05	-2.4434609527920616e-05	0.95053267	28.55644226	0.87160011	0.030557718232379023	0.0242202	7e-05
0.0027	-0.0011	0.0473	-0.00028099800957108706	9.773843811168246e-05	0.00020943951023931956	0.97664338	29.34087563	0.89494275	0.07745599544730106	0.0241252	9e-05
0.0145	-0.0308	0.0236	-0.00038048177693476387	-0.00038571776469074686	-0.00019547687622336493	1.06907988	32.11790466	0.94945916	0.11459281783143951	0.0237909	9e-05
0.0067	-0.0279	0.0177	-0.00010821041362364843	-0.00038397243543875244	-0.0002251474735072685	1.00477552	30.18603706	0.90786866	0.03178436449235068	0.0231186	0.0001
-0.0	0.0074	0.0369	-0.0002844886680750757	-0.0001012290966156711	-1.2217304763960308e-05	1.00457788	30.18009758	0.91512805	0.09479758810089087	0.0241361	0.00013
0.0085	-0.0289	0.0093	-0.00018151424220741024	-0.00024609142453120044	-4.886921905584123e-05	1.03797746	31.18350983	0.92903107	0.08662443340375378	0.0238916	4e-05
0.0076	-0.0271	-0.0096	0.00012042771838760874	-0.0003612831551628262	-0.00021642082724729686	0.98102897	29.47262955	0.89664208	0.05083426497090503	0.0233504	0.0001
-0.0022	0.0084	0.0036	0.00013788101090755203	-8.37758040957278e-05	6.283185307179586e-05	1.01353693	30.44925117	0.91446658	0.08721066619530672	0.0241113	0.00011
0.0057	0.0112	-0.0256	0.00023212879051524583	1.2217304763960308e-05	0.00021118483949131387	1.01508999	30.49590874	0.92528742	0.056829693744345	0.0249721	0.00014
0.0227	-0.0113	-0.0381	0.0002548180707911721	-6.283185307179586e-05	6.981317007977319e-05	1.01506901	30.49528122	0.93344598	0.06395550537616117	0.0248888	0.00013
0.0186	0.0037	-0.0221	0.0002705260340591211	4.18879020478639e-05	0.000296705972839036	0.97945571	29.42536545	0.90717562	0.052466026057343594	0.0254434	0.00013
0.0114	0.0064	0.0192	0.00016406094968746698	7.155849933176751e-05	0.0005637413483941684	1.00716853	30.25792885	0.93972395	0.07135855286053451	0.0244023	0.00013
0.0159	-0.0453	0.018	0.00028797932657906436	2.96705972839036e-05	0.0003106686068549907	1.07826841	32.39395142	0.95938115	0.07834395102393193	0.0234475	0.00013
0.0141	-0.0568	0.0186	0.0005183627878423159	-7.853981633974481e-05	0.00010821041362364843	1.1621896	34.91516113	0.95923625	0.040952603405912114	0.022955	0.00035
-0.0343	-0.0444	0.0008	0.000445058959258554	4.71238898038469e-05	-0.000158824961931484	1.48419344	44.58898163	1.19720954	0.10190014551412428	0.0259982	0.00115
-0.0195	0.0377	-0.0109	0.0009599310885968812	-3.4906585039886588e-06	-0.00045553093477052	1.43782043	43.19581985	1.19165775	0.15170963252425995	0.0223349	0.0001
-0.0194	-0.008	0.0098	0.0006806784082777885	0.00026354471705114377	-0.000317649923862968	1.1333189	34.0478096	0.99269917	0.10070845333908884	0.0207688	6e-05
-0.0146	-0.0047	0.0293	0.00038571776469074686	0.00046949356878647465	-0.00020420352248333657	1.06212032	31.90882301	0.94111068	0.0583177948351002	0.0214538	6e-05
-0.006	-0.0621	0.01	0.00034906585039886593	0.0003298672286269283	-0.0002652900463031381	1.05668008	31.74538422	0.93698815	0.09716823891356144	0.0206302	6e-05
-0.0081	-0.0435	0.0034	0.00047123889803846896	-9.948376736367679e-05	-0.0006510078109938849	0.97723418	29.35862541	0.89163208	0.07416209041604772	0.0199597	5e-05
-0.0227	-0.0259	0.0165	0.000635299847725936	-1.5707963267948964e-05	-0.0003874630939427412	0.98830146	29.69111443	0.90649304	0.07086907354171693	0.020054	9e-05
-0.0292	-0.0163	0.0216	0.0005131268000863328	9.42477796076938e-05	-0.000466002910282486	1.01681626	30.54777145	0.92387707	0.036733430342749535	0.0207108	4e-05
-0.0326	-0.0561	0.0198	0.000710349005561692	-0.0002740166925631097	-0.0006422811647339132	1.00382602	30.15751266	0.90352845	0.08208824660487948	0.0188457	3e-05
-0.0333	-0.0171	0.0197	0.0007155849933176752	-0.00040666171571467877	-0.0007330382858376184	0.96755326	29.06778526	0.88535886	0.05123190660056288	0.019197	5e-05
-0.0381	0.0103	0.0391	0.00048345620280242926	-0.00010995574287564276	-0.0005410520681182421	0.9787761	29.40494728	0.89663815	0.08764104905368289	0.0202012	4e-05
-0.0322	-0.0243	0.0282	0.0005218534463463045	-8.028514559173915e-05	-0.0003961897402027128	1.0216701	30.69359398	0.91039134	0.06204650843716541	0.0195421	3e-05
-0.0268	-0.0401	0.0199	0.0004904375198104066	-0.0002530727415391778	-0.000731292956585624	1.02034461	30.65377235	0.90821087	0.056465336943312384	0.0196555	3e-05
-0.029	-0.0141	0.0298	0.0004625122517784973	-0.00017802358370342162	-0.000645771823237902	0.98648024	29.63640022	0.89443213	0.04752477796076937	0.0198873	4e-05
-0.0151	-0.0123	0.039	0.0003211405823669566	5.061454830783555e-05	-0.00047123889803846896	1.02526224	30.80151176	0.91540963	0.052127136331111525	0.0202075	4e-05
-0.0115	-0.0577	0.0134	0.00042411500823462205	-0.0003647738136668148	-0.0007644542123735164	1.03980458	31.23840141	0.93400652	0.11517890510886816	0.0192562	5e-05
-0.0222	-0.0345	0.0056	0.0004904375198104066	-0.0006126105674500097	-0.0009721483933608416	0.98499334	29.59173012	0.89178397	0.06779267231731523	0.019197	4e-05
-0.0388	-0.0027	0.0263	0.0004380776422505767	-0.0005201081170943102	-0.0006928957130417488	1.01795876	30.5820961	0.90724515	0.09030575041173113	0.0197342	3e-05
-0.0373	-0.0246	0.0127	0.0005811946409141118	-0.0005969026041820607	-0.0005532693728822024	1.05518639	31.70051003	0.91199764	0.0549768912955416	0.0195045	6e-05
-0.0313	-0.0397	0.0019	0.000645771823237902	-0.0008150687606813518	-0.0007504915783575615	1.01483166	30.48814774	0.89031867	0.055898277214922014	0.0188651	2e-05
-0.0368	-0.0149	0.0077	0.0005550147021341969	-0.0008342673824532895	-0.0007120943348136865	0.981475	29.48602867	0.8845567	0.04351764932097589	0.0192755	3e-05
-0.0408	0.0055	0.0236	0.00039968039870670147	-0.0005602506898901797	-0.0005497787143782138	0.98966432	29.73205757	0.89545356	0.0698833308213039	0.0200626	5e-05
-0.0327	-0.0397	0.0096	0.0006876597252857658	-0.0005881759579220891	-0.00033684854563490564	0.99641144	29.93475914	0.90156813	0.09374173816771408	0.0187206	4e-05
-0.0295	-0.0359	0.0036	0.0008482300164692441	-0.0009302604913129776	-0.0005602506898901797	0.96109849	28.87386703	0.87712932	0.04930284844148204	0.0185579	5e-05
-0.0448	-0.0159	0.02	0.0008709192967451704	-0.0008080874436733745	-0.000450294947014537	1.0226301	30.72243309	0.90742427	0.0644409035395586	0.0183523	3e-05
-0.041	-0.0284	0.0178	0.0007871434926494425	-0.0008499753457212384	-0.000486946861306418	1.0137459	30.45553207	0.89587409	0.02661578102177364	0.0187353	5e-05
-0.0374	-0.0464	0.0102	0.0008936085770210966	-0.0011100294042683937	-0.000778416846389471	1.06393015	31.96319389	0.92387018	0.06209945640009311	0.0181341	0.0001
-0.0496	-0.0195	0.0235	0.0008237954069413235	-0.0008831366015091308	-0.0005811946409141118	1.124686	33.78845596	0.94293842	0.07709640891571974	0.0186313	3e-05
-0.0469	-0.0235	0.0329	0.0006702064327658224	-0.0007470009198535729	-0.0004014257279586958	1.02559853	30.81161308	0.91462252	0.03957467843932375	0.0189694	5e-05
-0.0372	-0.0614	0.0126	0.0009389871375729493	-0.0007801621756414653	-0.0004904375198104066	1.0604279	31.85797691	0.93805681	0.08744768762233651	0.0179789	4e-05
-0.0298	-0.0427	0.0156	0.0008133234314293575	-0.0006946410422937432	-0.000577703982410123	1.09526992	32.90472031	0.93579313	0.04402256510455151	0.0186622	5e-05
-0.0464	-0.0243	0.0406	0.0008098327729253688	-0.0005497787143782138	-0.000486946861306418	1.09030294	32.75550079	0.9455738	0.07195550537616116	0.018636	5e-05
-0.0344	-0.0232	0.0351	0.0005672320068981572	-0.0004014257279586958	-0.0003298672286269283	1.03567684	31.11439133	0.90668171	0.04600166925631097	0.0196719	4e-05
-0.03	-0.0515	0.0073	0.0007295476273336296	-0.0006422811647339132	-0.0006510078109938849	1.06653774	32.04153442	0.92851889	0.09671558197888232	0.018612	4e-05
-0.0277	-0.039	0.0124	0.0009512044423369096	-0.0001884955592153876	-0.0006475171524898963	1.01989758	30.64034271	0.92278225	0.0538466539512897	0.0187182	2e-05
-0.0611	-0.0039	0.0411	0.0008063421144213803	-0.00010297442586766544	-0.000757472895365539	1.02762628	30.87253189	0.9330335	0.11421696020694472	0.0191088	7e-05
-0.0343	-0.0474	0.0106	0.0011763519158441782	-3.4906585039886588e-06	-0.0005707226654021458	0.98917037	29.7172184	0.91627577	0.13361218993749338	0.017797	2e-05
-0.028	-0.0408	0.0013	0.0011013027580084218	-0.0002705260340591211	-0.0007243116395776468	0.95680368	28.74484062	0.87865128	0.04698367537831948	0.0180206	5e-05
-0.0428	-0.0219	0.0054	0.0011065387457644049	-0.00022340214425527416	-0.0005113814708343385	0.95824897	28.78825951	0.88278125	0.05106450231515691	0.018454	8e-05
-0.0486	-0.0164	0.0053	0.0010000736613927507	-9.599310885968811e-05	-0.0002373647782712288	0.99129337	29.78099823	0.89251453	0.03679454061651749	0.0190808	2e-05
-0.045	-0.0388	-0.0127	0.0014119713648634124	-0.00029496064358704166	-0.00032637657012293966	1.00199795	30.10259056	0.90118352	0.0789938515024863	0.0184664	7e-05
-0.0375	-0.041	-0.0122	0.001324704902263696	-0.0002478367537831948	-0.00034906585039886593	1.02637398	30.83490944	0.90662005	0.01805398163397448	0.0182498	5e-05
-0.0386	-0.011	0.0133	0.0011746065865921838	-5.585053606381854e-05	-0.00029321531433504735	1.05949974	31.83009338	0.9320852	0.07649675347273537	0.0192029	5e-05
-0.0462	-0.047	-0.0005	0.0012042771838760874	-0.00018500490071139895	-0.00022689280275926284	1.03127408	30.98212242	0.91773936	0.06865737367536343	0.0183082	7e-05
-0.0501	-0.0485	-0.002	0.0011239920382843482	-0.0005480333851262194	-0.0006003932626860494	1.03651357	31.13952827	0.90849048	0.04774070449666732	0.0182272	9e-05
-0.0501	-0.0247	-0.0006	0.0009651670763528643	-0.0004991641660703782	-0.000445058959258554	1.02308905	30.73622322	0.91540017	0.04335142422074102	0.0191987	8e-05
-0.0498	-0.0058	0.0255	0.0007347836150896127	-0.00027576202181510406	-0.00034557519189487725	1.01045024	30.35652161	0.91157023	0.07296346864411013	0.019964	7e-05
-0.0469	-0.0362	0.0093	0.0008587019919812101	-0.0004468042885105483	-0.00040840704496667313	0.99759376	29.97027779	0.89070098	0.06738962483294188	0.0197323	7e-05
-0.041	-0.018	0.0093	0.0006806784082777885	-0.0006667157742618339	-0.0007888888219014368	1.0616641	31.89511681	0.91741723	0.06302084231947354	0.0205109	9e-05
-0.0559	0.0015	0.0289	0.0008936085770210966	-0.000577703982410123	-0.000661479786505851	1.03832507	31.19395065	0.91579529	0.07546754979953024	0.0195588	7e-05
-0.0527	-0.0237	0.0334	0.0007888888219014368	-0.0004433136300065597	-0.0005166174585903216	0.95358264	28.64807129	0.87338701	0.052098621771937616	0.0190153	2e-05
-0.0434	-0.059	0.0195	0.0008674286382411819	-0.0005480333851262194	-0.0006161012259539982	0.97268838	29.22205734	0.88104545	0.07263716694115406	0.0184742	4e-05
-0.0441	-0.0344	0.02	0.0007225663103256524	-0.0006300638599699529	-0.0008011061266653974	0.95852995	28.79670143	0.87541723	0.0463948851735331	0.0189418	2e-05
-0.0533	-0.0099	0.0392	0.0006841690667817771	-0.0004206243497306334	-0.0005654866776461627	0.97019786	29.14723587	0.88676308	0.07707281014012148	0.0194586	3e-05
-0.0446	-0.0381	0.0232	0.0008377580409572782	-0.0005218534463463045	-0.0005323254218582705	0.96150076	28.885952	0.8821067	0.06729896632895323	0.0185315	3e-05
-0.0414	-0.0376	0.0193	0.0007679448708775049	-0.0008028514559173916	-0.0008168140899333463	1.01916313	30.6182785	0.90377933	0.03936499238629681	0.0190535	2e-05
-0.0462	-0.0021	0.0176	0.0007766715171374765	-0.0006597344572538566	-0.000705113017805709	1.04207683	31.30666351	0.91177589	0.0551772358525572	0.0191249	5e-05
-0.0257	-0.0012	-0.0334	0.0010890854532444615	-0.0005061454830783556	-0.0006894050545377602	1.0382061	31.19037628	0.94901481	0.09648554367752174	0.0204954	4e-05
-0.0282	-0.0648	-0.0403	0.0008412486994612669	-0.00034557519189487725	-0.000609119908946021	1.26199234	37.9134903	1.02374036	0.0974346095279206	0.0234103	0.00052
-0.0373	0.0038	-0.0173	0.0012409290981679683	-0.0006963863715457374	-0.0009285151620609833	1.31713486	39.57011414	1.03323953	0.1541943415736262	0.0190302	5e-05
-0.0449	-0.001	-0.0072	0.0012618730491919003	-0.0007609635538695277	-0.0008970992355250854	1.04042506	31.25704193	0.89592503	0.02834685299418101	0.0174348	3e-05
-0.0614	-0.0055	0.0164	0.0009093165402890458	-0.0005742133239061344	-0.0006754424205218055	1.01519239	30.49898529	0.91384247	0.08264817769347639	0.0183646	2e-05
-0.0526	-0.0311	0.0202	0.0006213372137099814	-0.00040666171571467877	-0.0005288347633542819	1.04428267	31.37293434	0.92766067	0.06830692959690218	0.0189218	4e-05
-0.0448	-0.0564	0.0143	0.0005375614096142535	-0.000635299847725936	-0.0007330382858376184	1.00682604	30.2476387	0.90469465	0.06483087292951609	0.0182654	5e-05
-0.0541	-0.0324	0.0211	0.0004974188368183839	-0.0007033676885537148	-0.0009040805525330626	1.01805377	30.58494949	0.91106814	0.05406263401595463	0.0185218	1e-05
-0.0612	-0.0103	0.0375	0.0003385938748868999	-0.0005078908123303499	-0.0008970992355250854	1.04198682	31.3039608	0.91218067	0.0636641577581413	0.0190029	4e-05
-0.0513	-0.0513	0.0194	0.0006387905062299246	-0.0004258603374866164	-0.0006597344572538566	1.07134426	32.18593216	0.94284016	0.09997959422289933	0.0183218	5e-05
-0.0397	-0.0414	0.0134	0.00039793506945470715	-0.0007976154681614085	-0.00119729586686811	1.0603838	31.85665321	0.92838468	0.08500859885321313	0.0190863	6e-05
-0.0562	-0.0184	0.0128	0.0005166174585903216	-0.0008813912722571365	-0.0012426744274199627	1.00845134	30.29646683	0.89929966	0.05249183768915976	0.0187684	5e-05
-0.0567	0.0029	0.0264	0.0003054326190990077	-0.0005811946409141118	-0.0010175269539126942	0.99879634	30.00640678	0.89010011	0.07222644721708035	0.0197859	1e-05
-0.0502	-0.0455	0.004	0.0004625122517784973	-0.0008761552845011534	-0.0010384709049366262	1.01679122	30.54701996	0.90715	0.10094921136452316	0.0185012	2e-05
-0.042	-0.0271	-0.0041	0.00024085543677521747	-0.0010576695267085637	-0.0013927727430914749	0.97452122	29.27712059	0.88416756	0.07257364476827693	0.0194688	4e-05
-0.0542	-0.011	0.0042	0.00026878070480712676	-0.0009354964790689606	-0.001228711793404008	0.93410414	28.06288719	0.86402345	0.052307963267948954	0.0197428	5e-05
-0.055	-0.0144	0.0153	0.00017278759594743863	-0.0007853981633974483	-0.001218239817892042	1.01527619	30.5015049	0.89535214	0.028128170002158323	0.0194771	5e-05
-0.0503	-0.056	-0.0072	0.0003595378259108319	-0.0011239920382843482	-0.0013596114873035826	0.98925632	29.71980095	0.8918584	0.1021357887130917	0.0188723	5e-05
-0.0485	-0.0313	-0.0167	7.330382858376184e-05	-0.0010943214410004448	-0.0016441001553786586	1.01097715	30.37235069	0.90153686	0.06601966313430248	0.0200506	5e-05
-0.0612	-0.0156	0.0128	7.853981633974481e-05	-0.0009075712110370514	-0.0012723450247038664	1.0841769	32.57145691	0.94010293	0.08608706741970841	0.0201609	7e-05
-0.0515	-0.0365	0.0036	8.901179185171081e-05	-0.0008604473212332044	-0.0010367255756846318	0.98811078	29.68538475	0.89251736	0.054460765716752395	0.0196488	2e-05
-0.0447	-0.0446	-0.0078	0.00014137166941154068	-0.0011449359893082802	-0.001296779634231787	0.99711829	29.95599365	0.89012212	0.05614513020910305	0.0199568	5e-05
-0.0463	-0.0237	-0.0028	8.901179185171081e-05	-0.0011379546723003027	-0.0012880529879718153	0.99547082	29.90649986	0.88213015	0.030903392041388957	0.0205345	6e-05
-0.054	0.0033	0.0144	0.0001361356816555577	-0.0009372418083209549	-0.0009721483933608416	1.02650154	30.8387413	0.91023341	0.08008706741970842	0.0200805	6e-05
-0.0453	-0.0234	0.0056	1.7453292519943296e-05	-0.0009285151620609833	-0.000895353906273091	0.97007656	29.14359093	0.88043384	0.05441017612416683	0.0202706	5e-05
-0.0399	-0.0239	-0.0078	6.108652381980153e-05	-0.0010419615634406148	-0.0012199851471440364	0.97029299	29.15009308	0.8803124	0.04338554367752176	0.020251	9e-05
-0.049	-0.0025	0.0042	4.0142572795869576e-05	-0.0009145525280450286	-0.0010716321607245184	0.97135788	29.18208504	0.8818315	0.05733529864195181	0.020651	3e-05
-0.0477	-0.003	0.0046	4.363323129985824e-05	-0.0008604473212332044	-0.000895353906273091	0.97384465	29.25679398	0.88033162	0.01389370598836202	0.020686	2e-05
-0.0449	-0.0312	-0.0135	0.000291469985083053	-0.0010471975511965976	-0.000879645943005142	0.95908171	28.8132782	0.87957198	0.07161474735072683	0.0202482	8e-05
-0.0413	-0.0214	-0.0186	0.0002443460952792061	-0.001256637061435917	-0.0011501719770642632	0.97092938	29.16921234	0.87807368	0.04485447170511437	0.0210025	2e-05
-0.0591	0.0047	-0.0007	0.0002303834612632515	-0.000973893722612836	-0.0008255407361933179	1.05763447	31.77405739	0.92765737	0.09286686068549904	0.021284	3e-05
-0.0599	0.0032	0.0035	8.552113334772214e-05	-0.0007958701389094143	-0.0007487462491055673	0.98719436	29.65785408	0.88406306	0.026484019935335085	0.0216675	4e-05
-0.0571	-0.0374	-0.0114	0.0003769911184307752	-0.0011431906600562858	-0.0010088003076527223	1.00913715	30.31707001	0.90613124	0.10324222823885398	0.0202239	5e-05
-0.0641	-0.0154	-0.0109	0.00042760566673861073	-0.001256637061435917	-0.0011903145498601325	1.10461581	33.18549728	0.94037386	0.046778759594743854	0.0198877	9e-05
-0.0728	0.0032	0.0143	0.000317649923862968	-0.0009564404300928925	-0.0010402162341886204	1.11475945	33.49023819	0.95458352	0.08051253449450897	0.0197352	2e-05
-0.062	-0.0169	0.004	0.00019198621771937622	-0.0009651670763528643	-0.0010995574287564276	1.05611694	31.72846413	0.92768576	0.050886577348568544	0.0200501	6e-05
-0.0579	-0.0377	-0.0003	0.00026354471705114377	-0.001186823891356144	-0.0013072516097437528	1.12299001	33.73750305	0.95398438	0.05424547476611862	0.0193514	5e-05
-0.0696	-0.0163	0.0016	0.0003298672286269283	-0.0010105456369047167	-0.0012531464029319286	1.13412368	34.07198715	0.95537447	0.0498352986419518	0.0193585	7e-05
-0.0655	-0.0011	0.0001	0.00012740903539558605	-0.0007819075048934597	-0.0010629055144645468	1.11699665	33.55744934	0.92959324	0.051866860685499054	0.020897	6e-05
-0.0534	-0.0422	-0.0142	0.0003647738136668148	-0.0005375614096142535	-0.0012199851471440364	1.19410324	35.87392807	0.97903465	0.09943952531149625	0.0218224	0.00045
-0.0416	-0.0357	-0.0694	0.0016999506914424768	-0.0007120943348136865	-0.000778416846389471	1.42112851	42.6943512	1.12326699	0.17106390518648307	0.0208065	0.00042
-0.0406	0.0228	-0.0605	0.0019111355309337906	-0.0008499753457212384	-0.0009843656981248017	1.25197256	37.61247253	0.96062786	0.09615073510670984	0.0201358	5e-05
-0.0543	-0.0095	-0.0433	0.0017278759594743865	-0.0009599310885968812	-0.0009459684545809266	0.98949295	29.72690964	0.90043976	0.07978062789394612	0.0184339	5e-05
-0.0678	-0.0055	-0.0133	0.0015027284859671175	-0.0009337511498169664	-0.0008028514559173916	1.0272938	30.86254501	0.9297788	0.06722222054753593	0.0178837	4e-05
-0.0678	-0.0406	-0.0311	0.0015376350710070042	-0.0011798425743481666	-0.0008220500776893293	1.00353539	30.14878082	0.90019455	0.06790983156715123	0.017759	5e-05
-0.0621	-0.0302	-0.0324	0.0014014993893514465	-0.0013142329267517303	-0.0011379546723003027	1.07634139	32.33605957	0.93272467	0.04672153143350473	0.0186517	0.00012
-0.0712	-0.0154	-0.0266	0.001218239817892042	-0.0012164944886400475	-0.0011030480872604163	1.16099107	34.87915421	0.96304502	0.04549522973054869	0.0196227	4e-05
-0.0756	0.0143	-0.004	0.0009093165402890458	-0.0009529497715889039	-0.0010890854532444615	1.17360628	35.25814819	0.97396468	0.08602153143350473	0.0202892	6e-05
-0.0679	-0.0195	-0.0091	0.0009285151620609833	-0.000874409955249159	-0.0010471975511965976	1.10174239	33.09917068	0.92728372	0.05358131700797732	0.0196043	6e-05
-0.0669	-0.0123	-0.0118	0.00091106186954104	-0.0011484266478122688	-0.001446877949903299	1.0745945	32.28357697	0.91591214	0.045457519189487726	0.0196152	5e-05
-0.0849	0.01	0.0015	0.000778416846389471	-0.0010105456369047167	-0.0013369222070276565	1.02231991	30.71311569	0.90965638	0.07262408884673818	0.0196118	5e-05
-0.0701	0.019	0.0086	0.00041713369122664475	-0.000710349005561692	-0.0012339477811599909	0.9767065	29.34277153	0.89992687	0.06912271061867584	0.0197452	3e-05
-0.0639	-0.0205	-0.0074	0.0005515240436302081	-0.0009407324668249436	-0.0015079644737231008	0.98011786	29.44525719	0.90030304	0.09363952531149625	0.0192192	5e-05
-0.0649	0.0059	-0.0121	0.00034557519189487725	-0.0009965830028887623	-0.001726130630222392	1.00724936	30.26035881	0.90539675	0.05609827721492204	0.0204165	3e-05
-0.0729	0.0323	-0.003	0.00037350045992678646	-0.0005846852994181004	-0.0018029251173101424	1.01962817	30.63224983	0.91967134	0.06933087292951609	0.0202765	4e-05
-0.0798	0.0228	-0.0049	0.00024609142453120044	-0.0006544984694978735	-0.001748819910498318	0.97890413	29.4087944	0.88520764	0.03086637061435917	0.0205085	2e-05
-0.08	-0.0121	-0.0127	0.00015184364492350666	-0.0009669124056048585	-0.0021537362969610025	0.98869169	29.70283699	0.89827161	0.08347890510886817	0.0205283	7e-05
-0.0844	0.0167	-0.0121	0.00022340214425527416	-0.0008674286382411819	-0.002097885760897184	0.97497916	29.2908783	0.88589499	0.04514464013796313	0.0210403	5e-05
-0.0891	0.0358	0.0024	8.726646259971648e-06	-0.0007714355293814937	-0.0022968532956245376	0.97720528	29.35775566	0.88524904	0.06378180707911721	0.0217364	3e-05
-0.0888	-0.015	-0.0159	0.0002251474735072685	-0.0008831366015091308	-0.002288126649364566	0.97961807	29.43024254	0.89706148	0.08624242728174525	0.0205948	3e-05
-0.0768	0.0034	-0.0215	0.00019024088846738194	-0.0009930923443847736	-0.0025202554398798117	1.00875068	30.30546188	0.90467342	0.05484955592153874	0.0211582	3e-05
-0.0904	0.0239	-0.0105	6.45771823237902e-05	-0.0009494591130849152	-0.00239459173373622	1.02000427	30.64354897	0.89729182	0.0598480321793521	0.0216848	5e-05
-0.0955	0.0318	0.0067	1.7453292519943294e-06	-0.000853466004225227	-0.002256710722828668	0.96087801	28.86724281	0.8772065	0.045035298641951806	0.0213408	7e-05
-0.0866	-0.0115	-0.0132	2.96705972839036e-05	-0.0008429940287132613	-0.0023649211364523163	0.98608071	29.62439728	0.89902963	0.07943038285837617	0.0206831	6e-05
-0.0876	-0.001	-0.0206	2.96705972839036e-05	-0.0009896016858807848	-0.0026773350725593018	1.00832796	30.29276085	0.89870078	0.04185107966372545	0.0212675	4e-05
-0.0973	0.0147	-0.0031	-2.268928027592628e-05	-0.0007853981633974483	-0.002490584842595908	0.99449217	29.87709808	0.900421	0.065065681500328	0.0213547	7e-05
-0.0804	0.0115	0.0036	-0.0002181661564992912	-0.00039095375244672985	-0.002333505209916419	0.97315913	29.23620033	0.88566892	0.06415004599267862	0.0213978	6e-05
-0.0753	-0.0277	-0.0198	0.00017802358370342162	-0.0006021385919380437	-0.0021991148575128553	0.97465646	29.28118324	0.89571963	0.1047882466048795	0.0199574	5e-05
-0.0787	-0.0196	-0.0283	5.585053606381854e-05	-0.0007504915783575615	-0.0025865779514555962	0.96982574	29.1360569	0.89151164	0.05289945640009309	0.021007	1e-05
-0.0796	0.0063	-0.0146	-0.00023911010752322313	-0.0003961897402027128	-0.002518510110627818	0.97180372	29.19548035	0.89103144	0.07636651612848343	0.022364	5e-05
-0.0709	0.0046	-0.0125	-0.0004049163864626844	-0.0001675516081914556	-0.0024294983187761066	0.97768509	29.3721714	0.88552755	0.03667281014012148	0.0228069	9e-05
-0.0597	-0.029	-0.0296	-6.283185307179586e-05	-0.000307177948351002	-0.002331759880664424	0.97954303	29.42798805	0.89248326	0.09087246558310588	0.0217968	5e-05
-0.0575	-0.0092	-0.0336	-0.0002670353755551324	-0.0004485496177625427	-0.0027296949501191318	0.97283196	29.22636986	0.88369477	0.06317551306747926	0.0232426	0.00015
-0.0607	0.0161	-0.0126	-0.0005288347633542819	-0.00015184364492350666	-0.0025499260371637153	0.98094833	29.47020721	0.89322088	0.0864137136796801	0.0242537	0.0001
-0.0433	-0.0222	-0.0253	-0.00020420352248333657	7.504915783575618e-05	-0.001998401993533507	1.01770329	30.57441902	0.92484632	0.12355240436302083	0.02292	9e-05
-0.0075	-0.0721	-0.0647	0.0035203291012725624	0.0010122909661567112	-0.0014870205226991688	1.35388601	40.67421341	1.3420592	0.3837577951455595	0.0204024	0.00023
-0.0237	-0.0568	-0.056	0.0026912977065752563	0.00033684854563490564	-0.0019896753472735357	1.09422195	32.87323761	1.00143894	0.1405564319896739	0.0190275	0.00013
-0.0334	-0.0353	-0.0257	0.0018238690683340744	0.0006684611035138282	-0.002007128639793479	1.07656205	32.34268951	0.94994397	0.12232472443200237	0.0201057	0.00011
-0.0273	-0.0633	-0.0298	0.0018692476288859267	0.0005969026041820607	-0.0019792033717615696	0.97820097	29.38766861	0.87777257	0.04544311639577646	0.019305	0.0001
-0.0253	-0.0664	-0.043	0.0017994344588061536	0.00029845130209103034	-0.0022549653935766737	1.00048065	30.05700874	0.89245218	0.050501324699295386	0.0194327	0.00011
-0.0346	-0.047	-0.042	0.0016545721308906245	0.00021642082724729686	-0.0022741640153486112	1.01940441	30.62552834	0.90567858	0.04200457122656	0.0195347	7e-05
-0.0428	-0.0209	-0.0206	0.0014154620233674013	0.00029496064358704166	-0.0019949113350295183	1.04773879	31.47676277	0.92311538	0.08554513020910305	0.0191128	4e-05
-0.0292	-0.0526	-0.0457	0.001158898623324235	0.0001308996938995747	-0.0022759093446006054	1.01622856	30.53011513	0.91685755	0.10548111796508602	0.0198354	6e-05
-0.023	-0.0458	-0.0573	0.001022762941668677	3.4906585039886588e-06	-0.002441715623540067	1.01901841	30.61392975	0.90194857	0.046067549799530275	0.0206238	6e-05
-0.0298	-0.022	-0.05	0.0010367255756846318	0.0002007128639793479	-0.002169444260228951	1.08186746	32.5020752	0.92639183	0.06207281014012148	0.0203983	2e-05
-0.024	-0.0207	-0.0441	0.00102799892942466	0.0003577924966588376	-0.0016842427281745281	1.02999878	30.94380951	0.90859797	0.04555039054969422	0.0201041	2e-05
-0.0196	-0.051	-0.0663	0.0010873401239924673	8.37758040957278e-05	-0.0019006635554218248	1.05215526	31.60944557	0.92475662	0.0843889357189107	0.0208097	9e-05
-0.0123	-0.0369	-0.0634	0.000921533845053006	0.0001884955592153876	-0.00205599785884932	1.06208503	31.90776253	0.9231716	0.045593016874330816	0.0218515	4e-05
-0.0369	-0.0133	-0.0395	0.0009372418083209549	0.00027925268031909274	-0.0019844393595175526	1.05909729	31.81800079	0.93502121	0.08100117918517105	0.0208063	3e-05
-0.0461	-0.0312	-0.0286	0.0008918632477691023	0.00012042771838760874	-0.00200363798128949	1.01841903	30.59592438	0.90897311	0.04917010721276369	0.0195679	5e-05
-0.0401	-0.059	-0.0411	0.0010419615634406148	2.094395102393195e-05	-0.002015855286053451	1.04583168	31.41946983	0.90471603	0.0593899693899575	0.0191751	6e-05
-0.0313	-0.0435	-0.0526	0.0008709192967451704	-0.0001675516081914556	-0.002251474735072685	1.01699996	30.55328941	0.89642227	0.0655578637465033	0.0202269	5e-05
-0.0426	-0.0261	-0.0379	0.0009180431865490173	-0.00012217304763960306	-0.0020315632493213996	1.0306294	30.9627533	0.91093866	0.05902069680534924	0.0193215	5e-05
-0.0401	-0.0187	-0.0344	0.0008813912722571365	4.18879020478639e-05	-0.0018709929581379211	0.9974646	29.96639824	0.88833914	0.03146415775814132	0.019553	2e-05
-0.036	-0.051	-0.0552	0.0011833332328521555	-9.075712110370512e-05	-0.0017191493132144146	1.00997913	30.34236717	0.90791558	0.08652153143350473	0.0190229	2e-05
-0.0279	-0.0306	-0.0652	0.0011780972450961724	-0.0002722713633111154	-0.001933824811209717	1.00919402	30.31877899	0.89660356	0.05857128639793478	0.0195531	2e-05
-0.0352	-0.0199	-0.0631	0.0011536626355682519	-0.0002530727415391778	-0.0019390607989657003	1.0789789	32.41529846	0.93019647	0.02254346095279206	0.0197906	8e-05
-0.05	-0.0059	-0.0382	0.0010629055144645468	-0.00017802358370342162	-0.0019216075064457567	1.14719117	34.46456909	0.96866773	0.06286297857297025	0.0199102	6e-05
-0.0493	-0.0478	-0.0564	0.0013316862192716734	-0.0003438298626428829	-0.0017976891295541592	1.10258806	33.12457657	0.95215536	0.08872526803190926	0.0187505	6e-05
-0.0532	-0.0457	-0.0557	0.0012217304763960308	-0.0005393067388662478	-0.002078687139125246	1.12565279	33.81750107	0.93683492	0.036021531433504735	0.0192572	6e-05
-0.0622	-0.0148	-0.0348	0.0009878563566287904	-0.0003769911184307752	-0.0019617500792416262	1.12806976	33.89011383	0.94980364	0.08645634000431665	0.0194348	3e-05
-0.0595	-0.0248	-0.0406	0.0010733774899765126	-0.00037524578917878077	-0.0017994344588061536	1.09024906	32.75388336	0.9271157	0.030979104151759463	0.0191947	4e-05
-0.0593	-0.0467	-0.0519	0.001043706892692609	-0.0005061454830783556	-0.002336995868420407	1.17522645	35.30681992	0.96261713	0.06830658503988657	0.0195862	5e-05
-0.0568	-0.0192	-0.0421	0.0008656833089891874	-0.0002303834612632515	-0.002005383310541485	1.14011598	34.25201035	0.97194188	0.07906990816987239	0.0197795	8e-05
-0.0507	-0.0204	-0.0354	0.000804596785169386	-0.00013264502315156904	-0.0018360863730980347	1.09781301	32.98112106	0.94341217	0.030406094968746702	0.0198397	4e-05
-0.0426	-0.0493	-0.0506	0.0008656833089891874	-0.0002844886680750757	-0.0019495327744776662	1.1266284	33.84680939	0.95204119	0.06851882850614698	0.0198541	4e-05
-0.0369	-0.0696	-0.0637	0.00030194196059501896	-0.00012740903539558605	-0.00199142067652553	1.22681379	36.85663605	0.98287272	0.0772354441560761	0.0246049	0.00057
-0.099	0.0979	-0.0699	0.0011623892818282235	7.330382858376184e-05	-0.003239331091701475	1.53227139	46.03336716	1.19810183	0.35125353001942483	0.0264944	0.00013
-0.1085	0.0266	-0.0731	0.0017331119472303693	-0.00017627825445142725	-0.002879793265790644	1.07333422	32.24571609	0.979711	0.14299212871740827	0.022584	4e-05
-0.089	0.0064	-0.0354	0.00124965574442794	-0.000158824961931484	-0.002488839513343914	1.07784259	32.38116074	0.97026311	0.12199316238845512	0.0204219	7e-05
-0.1408	-0.0285	-0.0601	0.001377064779823526	-0.0003054326190990077	-0.0027872908154349444	1.11199892	33.40730286	1.05440689	0.14002339973270703	0.0225968	0.00113
-0.0772	-0.0366	-0.0674	0.0016790067404185449	-0.0003717551306747922	-0.0022218041377887812	1.13772953	34.18031693	1.06973623	0.1256875574908483	0.0198259	9e-05
-0.0716	-0.0404	-0.072	0.0018692476288859267	-0.00023212879051524583	-0.0022026055160168437	1.0296675	30.93385506	0.90215112	0.03145329251994329	0.019592	7e-05
-0.0864	-0.0157	-0.0534	0.0017976891295541592	-0.00013439035240356338	-0.0020315632493213996	0.96679085	29.04487991	0.8851369	0.07511696020694471	0.0195376	7e-05
-0.0768	-0.0118	-0.0498	0.0016772614111665507	-0.000158824961931484	-0.0018692476288859267	0.95527059	28.69878197	0.87513932	0.03245889741755011	0.0190176	5e-05
-0.0747	-0.034	-0.0546	0.0017400932642383465	-0.0001256637061435917	-0.002118829711921116	0.97016233	29.14616776	0.87512061	0.04637875959474386	0.0184748	5e-05
-0.074	0.0045	-0.0569	0.001635373509118687	-0.0003717551306747922	-0.0023509585024363614	0.9741388	29.26563072	0.88557667	0.07064699850830529	0.0195601	4e-05
-0.0857	0.0342	-0.0342	0.001574286985298885	-0.0002478367537831948	-0.0022043508452688383	1.01079571	30.36689758	0.90932028	0.08068062789394613	0.019278	5e-05
-0.0904	0.0063	-0.0564	0.0019181168479417679	-0.0002181661564992912	-0.0018744836166419098	0.97964317	29.43099594	0.90044253	0.08996838442768575	0.0186598	2e-05
-0.0801	-0.0084	-0.0589	0.0019373154697137059	-0.0004886921905584122	-0.0019949113350295183	0.97880918	29.40594101	0.88859515	0.04800761871093336	0.0183654	6e-05
-0.0818	0.005	-0.0544	0.0018779742751458986	-0.0005253441048502931	-0.0020315632493213996	0.98475492	29.58456612	0.89051088	0.02623225115757847	0.0190089	4e-05
-0.0901	0.0126	-0.0362	0.0015917402778188286	-0.0004799655442984406	-0.0021258110289290935	0.96064711	28.86030579	0.88107226	0.055393016874330805	0.0187691	9e-05
-0.0864	-0.0354	-0.0439	0.0017645278737662671	-0.0007278022980816354	-0.00222529479629277	1.03986561	31.24023247	0.91127718	0.08540540585471548	0.0180379	5e-05
-0.074	-0.0309	-0.0435	0.0015603243512829306	-0.0005393067388662478	-0.002331759880664424	0.98583597	29.61704445	0.89801977	0.0422582083035189	0.018714	7e-05
-0.09	-0.0003	-0.0308	0.001574286985298885	-0.0004188790204786391	-0.0022218041377887812	0.9779954	29.38149261	0.8892176	0.07151730476396029	0.0185895	4e-05
-0.0909	-0.008	-0.0468	0.0018238690683340744	-0.0005201081170943102	-0.0020682151636132805	0.95967168	28.83100128	0.8786889	0.04982000769131806	0.0186902	5e-05
-0.0851	-0.0138	-0.0613	0.0019058995431778078	-0.000640535835481919	-0.002258456052080662	1.00358367	30.15023232	0.89915612	0.04573495408493619	0.0195439	4e-05
-0.1004	0.0441	-0.0449	0.0017243853009703976	-0.0003577924966588376	-0.0020856684561332234	1.06716108	32.06026077	0.94598897	0.12145225884889652	0.021123	7e-05
-0.0961	-0.0129	-0.0654	0.0013473941825396225	-0.0001675516081914556	-0.0018064157758141308	1.23921394	37.22916794	0.99670294	0.12412423436086248	0.0235314	0.0004
-0.0859	0.0589	-0.119	0.0020699604928652747	-0.0002617993877991494	-0.0019896753472735357	1.45584238	43.73724365	1.09894156	0.18560368306963757	0.0266837	0.00024
-0.084	0.0334	-0.0828	0.0019582594207376374	-0.0006440264939859076	-0.0021572269554649913	1.21180308	36.4056778	1.00476558	0.09667398932529257	0.0227721	7e-05
-0.0951	0.0117	-0.0653	0.0018762289458939042	-0.0004747295565424576	-0.0018901915799098587	1.00405359	30.1643486	0.91394904	0.0762181393921158	0.0204669	2e-05
-0.0938	0.0357	-0.1003	0.0020525072003453313	-0.0003822271061867582	-0.0021205750411731105	1.03060329	30.96197128	0.94863279	0.0852582083035189	0.0227239	8e-05
-0.0919	-0.0206	-0.1431	0.002581341963699613	-0.0004904375198104066	-0.001965240737745615	1.1304915	33.96286774	1.01977325	0.1406189740202713	0.0225598	0.00011
-0.0766	0.0312	-0.157	0.0028309240467348025	-0.0008290313946973065	-0.002253220064324679	1.1288327	33.91303253	1.04923144	0.12480776422505764	0.0245903	0.0004
-0.0875	0.0291	-0.1586	0.0027925268031909274	-0.0011623892818282235	-0.002637192499763432	1.10208011	33.10931778	1.01484009	0.052386378305677245	0.0251259	0.0002
-0.061	0.126	-0.2455	0.003412118687648914	-0.0011030480872604163	-0.0027401669256310974	1.26214623	37.91811371	1.21175906	0.24939537524467292	0.0362606	0.00292
0.0004	0.1131	-0.4025	0.004040437218366873	-0.0008988445647770796	-0.0024870941840919192	1.28474391	38.59700775	1.26510493	0.2855797397370238	0.0542048	0.0124
-0.091	0.07	-0.0779	0.0019774580425095754	-0.0010000736613927507	-0.002541199390903744	1.78739345	53.69789124	1.81550943	0.5700156739642398	0.0246547	0.00024
-0.2062	-0.0032	0.3403	0.0016493361431346415	-0.0012252211349000194	-0.002186897552748895	2.17358971	65.30021667	2.18958584	0.6519785605518524	0.0374872	0.00781
-0.2396	-0.0799	0.4726	0.0015638150097869194	-0.0013700834628155487	-0.0021153390534171274	1.2978431	38.99053955	1.2592136	0.257497098029751	0.0479035	0.01424
-0.2498	-0.1966	0.4273	0.0018256143975860688	-0.0012583823906879114	-0.0018709929581379211	1.08829343	32.69512939	1.03124065	0.20309232776029965	0.0441492	0.01123
-0.2077	-0.2046	0.3007	0.0018570303241219666	-0.00038397243543875244	-0.001446877949903299	1.289469	38.73896027	1.23433971	0.24319704450098395	0.034066	0.00531
-0.1429	-0.0975	-0.0164	0.0025778513051956248	-0.0006161012259539982	-0.001748819910498318	1.88672435	56.68204498	1.90298639	0.5517445866091961	0.0183357	0.00013
-0.1377	-0.0773	0.06	0.0018622663118779497	-0.0006527531402458793	-0.0016720254234105676	1.16448939	34.98425293	1.06764079	0.14325156973486533	0.017812	2e-05
-0.1347	-0.1006	0.0503	0.002036799237077382	-0.0006859143960337716	-0.0019879300180215415	1.00888252	30.30942345	0.90123573	0.062179938779914935	0.0177386	5e-05
-0.1373	-0.0686	0.0322	0.0020525072003453313	-0.0010000736613927507	-0.0024155356847601517	1.02670479	30.84484863	0.92374005	0.09057364476827692	0.0175786	6e-05
-0.1536	-0.0231	0.0433	0.0021607176139689798	-0.0008970992355250854	-0.0022235494670407763	1.01349509	30.44799423	0.92095474	0.09305855286053444	0.0187784	0.00012
-0.1481	-0.0176	0.0462	0.0020856684561332234	-0.0007923794804054256	-0.001998401993533507	1.0190028	30.61346054	0.89555407	0.03414581932313424	0.0185364	0.0002
-0.1327	-0.0567	0.0164	0.002131047016685076	-0.000932005820564972	-0.0021223203704251047	0.99719232	29.95821762	0.9112517	0.09974616388014979	0.0170223	0.00013
-0.1283	-0.0573	0.0056	0.0020315632493213996	-0.0009651670763528643	-0.0021118483949131386	1.0192641	30.6213131	0.91356571	0.02295584993317676	0.0167642	0.00012
-0.1409	-0.0545	0.0295	0.002015855286053451	-0.0008115781021773631	-0.0020001473227855013	1.07622504	32.33256531	0.94292632	0.05334990047855434	0.0174351	9e-05
-0.1255	-0.0987	0.0072	0.002131047016685076	-0.00091106186954104	-0.0022165681500327986	1.07842755	32.39873505	0.9526287	0.10345481626212996	0.0166522	0.0001
-0.1135	-0.1048	0.0004	0.0018308503853420514	-0.0008831366015091308	-0.002384119758224254	1.12173009	33.69965363	0.95930164	0.04968367537831946	0.0168203	0.0001
-0.1186	-0.0827	0.0018	0.0018483036778619948	-0.0008831366015091308	-0.002230530784048753	1.16843355	35.10274506	0.97450522	0.0371521133347722	0.0174517	6e-05
-0.1268	-0.0726	0.0278	0.0017121679962064373	-0.0007644542123735164	-0.0021135937241651332	1.20664608	36.25074768	0.96793112	0.06288775653373957	0.0177034	7e-05
-0.132	-0.0978	0.0215	0.0018186330805780916	-0.0010088003076527223	-0.002131047016685076	1.10102725	33.07768631	0.94130228	0.055113223608540166	0.0172637	0.00011
-0.13	-0.0852	0.0273	0.001616174887346749	-0.0012636183784438947	-0.0025324727446437724	1.12986588	33.94407272	0.9337225	0.06333509959906057	0.017563	6e-05
-0.1443	-0.05	0.0345	0.0018343410438460403	-0.0012130038301360591	-0.0024923301718479027	1.06945634	32.12921524	0.93781193	0.07214616388014983	0.0177228	7e-05
-0.1469	-0.0328	0.0472	0.0018360863730980347	-0.0010768681484805013	-0.0023788837704682713	1.01327407	30.44135666	0.90430741	0.04506637061435917	0.0170115	6e-05
-0.1311	-0.0762	0.0235	0.0018413223608540175	-0.00119729586686811	-0.002673844414055313	1.05371821	31.65640259	0.9404094	0.10393121748653165	0.0167539	5e-05
-0.1252	-0.0705	0.02	0.0018291050560900572	-0.0011362093430483087	-0.002535963403147761	1.02745271	30.8673172	0.90901576	0.02565924197456568	0.0167255	3e-05
-0.1489	-0.0454	0.0379	0.0017243853009703976	-0.0012688543661998775	-0.0025342180738957666	1.02104902	30.67493629	0.9253144	0.07865550537616113	0.0173757	6e-05
-0.1404	-0.0575	0.0294	0.0016615534478986017	-0.0012618730491919003	-0.0024050637092481865	0.99588233	29.9188633	0.89412671	0.03904837673636768	0.0164948	8e-05
-0.1252	-0.1029	0.0159	0.0015760323145508795	-0.0011641346110802177	-0.0025202554398798117	1.00887752	30.30927277	0.91386821	0.0890225651045515	0.0171392	7e-05
-0.1442	-0.0758	0.0186	0.001609193570338772	-0.001192059879112127	-0.002490584842595908	1.01719797	30.55924034	0.9110645	0.05333785605518525	0.0171946	2e-05
-0.1387	-0.0578	0.0208	0.0017121679962064373	-0.0010978120995044332	-0.0024190263432641405	1.0184691	30.59742737	0.90158378	0.03913903524035634	0.0170572	3e-05
-0.124	-0.1097	-0.0038	0.0018814649336498872	-0.0010629055144645468	-0.0025865779514555962	1.00236106	30.1135006	0.91908684	0.1097877565337396	0.0170813	6e-05
-0.1446	-0.0557	0.0088	0.00182212373908208	-0.0005742133239061344	-0.002898991887562581	1.03252268	31.01963234	0.9507104	0.1302223660616602	0.0188988	5e-05
-0.1842	-0.035	0.0261	0.002331759880664424	-0.0007609635538695277	-0.002754129559647052	1.03967726	31.23457336	0.97208116	0.1196624349730633	0.0195684	0.0002
-0.1677	-0.1172	0.0243	0.0019163715186897737	-0.0010611601852125523	-0.002371902453460294	1.23197794	37.01177979	1.00950447	0.1553906049752216	0.0190393	0.00017
-0.1588	-0.0527	0.0093	0.0028623399732707008	-0.0011501719770642632	-0.002336995868420407	1.26286948	37.93984222	1.00099163	0.14189434157362626	0.0176764	7e-05
-0.1313	-0.0776	0.0155	0.0027419122548830916	-0.0012531464029319286	-0.002237512101056731	1.03375542	31.05666733	0.91190022	0.07474429558094754	0.0166525	7e-05
-0.1484	-0.0954	0.0262	0.0028780479365386495	-0.0013404128655316449	-0.0022322761133007477	0.98206246	29.50367928	0.89528743	0.057031906600562864	0.0161969	2e-05
-0.151	-0.0877	0.0493	0.0029548424236264	-0.0009808750396208131	-0.002183406894244906	0.98739576	29.66390419	0.8995738	0.05766007660272118	0.0168595	5e-05
-0.1269	-0.1167	0.0241	0.003077015471266003	-0.0006370451769779302	-0.0020210912738094335	0.97952765	29.42752647	0.90021851	0.1097159265358979	0.0154879	0.0001
-0.1375	-0.1104	0.0114	0.003127630019573839	-0.0010035643198967395	-0.00239459173373622	0.95553279	28.70665932	0.88285438	0.06913170755767158	0.0156826	5e-05
-0.1392	-0.0937	0.0084	0.0031014500807939236	-0.0010803588069844899	-0.0023998277214922034	0.97683507	29.34663391	0.88654771	0.02681052068118243	0.0159129	1e-05
-0.1547	-0.0711	0.0337	0.0028396506929947744	-0.0010384709049366262	-0.002324778563656447	1.02579391	30.81748199	0.92045969	0.0823368223841385	0.0165528	5e-05
-0.1473	-0.1087	0.0227	0.0029199358385865134	-0.001054178868204575	-0.002361430477948328	0.97092599	29.16910934	0.88312758	0.06263225115757846	0.0158248	9e-05
-0.1457	-0.1032	0.0102	0.003078760800517997	-0.0013142329267517303	-0.0026546457922833754	0.97774851	29.37407684	0.88172982	0.05520471674068432	0.0157375	9e-05
-0.1545	-0.0842	0.0255	0.0030316369107141502	-0.0013735741213195373	-0.0025394540616517493	0.97825289	29.38922882	0.88434615	0.054182840750164	0.0160603	5e-05
-0.1622	-0.0692	0.0409	0.0029129545215785357	-0.0012775810124598492	-0.002373647782712288	0.96917748	29.11658096	0.88446856	0.0571240888467382	0.0161953	6e-05
-0.1534	-0.1081	0.0231	0.0029897490086662863	-0.0013665928043115599	-0.002432988977280095	0.97805387	29.38324928	0.88602469	0.07675737367536342	0.0154654	5e-05
-0.1549	-0.0964	0.0256	0.0029077185338225527	-0.0015184364492350666	-0.002700024352835228	0.99326843	29.84033394	0.88845327	0.040745474766118686	0.0156981	4e-05
-0.168	-0.0698	0.0515	0.002898991887562581	-0.001218239817892042	-0.002357939819444339	1.01420617	30.46935654	0.91281204	0.09815039054969425	0.016138	7e-05
-0.1615	-0.0951	0.0302	0.002967059728390361	-0.001324704902263696	-0.002237512101056731	0.96457183	28.97821426	0.8907045	0.06784803217935212	0.0152381	2e-05
-0.1587	-0.1047	0.0184	0.002898991887562581	-0.0017400932642383465	-0.0026441738167714093	0.97960281	29.42978477	0.89736241	0.06870589592585545	0.0153345	5e-05
-0.1586	-0.0903	0.022	0.002939134460358451	-0.0016877333866785165	-0.0027349309378751144	0.99519545	29.89822769	0.89718053	0.027262978572970276	0.0156187	2e-05
-0.1642	-0.0639	0.0356	0.0029129545215785357	-0.0013945180723434693	-0.0024766222085799536	1.05672729	31.74680138	0.92733552	0.07448519912050619	0.016058	5e-05
-0.1675	-0.1078	0.022	0.0031764992386296795	-0.001595230936322817	-0.0025115287936198403	1.00372648	30.15452194	0.8954684	0.08575820830351889	0.0155175	1e-05
-0.1576	-0.0981	0.0168	0.0031834805556376572	-0.0017924531417981763	-0.0026581364507873638	1.01197517	30.40233421	0.89177531	0.04234055898254305	0.0159649	1e-05
-0.1671	-0.0803	0.0306	0.0031974431896536117	-0.0015585790220309364	-0.002542944720155738	1.0161258	30.52702904	0.90549704	0.059251424220741034	0.016427	2e-05
-0.1674	-0.0704	0.0522	0.0028763026072866553	-0.0013055062804917586	-0.002453932928304027	0.97875774	29.40439606	0.89328909	0.06496125578789225	0.0170576	9e-05
-0.1723	-0.1107	0.0318	0.003134611336581816	-0.001609193570338772	-0.0025446900494077327	0.98681146	29.64635086	0.90279492	0.098237657012294	0.015852	4e-05
-0.1658	-0.0949	0.0235	0.002958333082130389	-0.0016790067404185449	-0.0028309240467348025	1.04059553	31.26216316	0.91209365	0.05721627109291351	0.0165515	5e-05
-0.1689	-0.0712	0.0367	0.0029705503868943488	-0.001647590813882647	-0.002373647782712288	1.08086598	32.47198868	0.92977432	0.06504547476611859	0.0167069	5e-05
-0.1701	-0.0857	0.0324	0.003178244567881674	-0.0014608405839192536	-0.002253220064324679	1.01119649	30.37894058	0.90096391	0.04574360646691641	0.0152306	2e-05
-0.1642	-0.1188	0.0191	0.0034086280291449255	-0.001439896632895322	-0.002165953601724963	1.05910027	31.81809235	0.9134527	0.06922969374434496	0.0151831	3e-05
-0.1668	-0.0997	0.0168	0.0033946653951289706	-0.0015515977050229591	-0.0022933626371205488	1.04685187	31.45011711	0.92149514	0.03665363707695889	0.0160832	2e-05
-0.1734	-0.0773	0.0339	0.0031503192998497648	-0.0013735741213195373	-0.0021048670779051613	1.03255737	31.02067566	0.91928133	0.07664326190990076	0.0160547	5e-05
-0.1576	-0.0936	-0.0071	0.003349286834577118	-0.0013543754995475996	-0.0020350539078253884	1.03011835	30.94740105	0.93156504	0.08749896632895321	0.0161924	4e-05
-0.1589	-0.1186	-0.0146	0.003417354675404897	-0.0016667894356545846	-0.002385865087476248	1.05238998	31.61649704	0.92261369	0.0703646478292812	0.0164366	5e-05
-0.1738	-0.0842	0.0062	0.0034732052114687163	-0.0015882496193148398	-0.0022898719786165604	0.99721426	29.95887756	0.90713814	0.08161917306316258	0.0164953	1e-05
-0.1746	-0.0823	0.0364	0.0033772121026090277	-0.0014782938764391971	-0.0022479840765686964	0.96967638	29.13156891	0.89629609	0.04529183768915975	0.0163773	1e-05
-0.1704	-0.1161	0.0181	0.003467969223712733	-0.0016807520696705393	-0.002303834612632515	0.9606806	28.86131287	0.88462661	0.07375329251994328	0.0155822	2e-05
-0.1782	-0.0966	0.014	0.00334579617607313	-0.001820378409830086	-0.0026110125609835172	0.96341139	28.94335175	0.87707596	0.05984886680750759	0.0162481	1e-05
-0.1844	-0.0736	0.0336	0.0031503192998497648	-0.0016982053621904826	-0.002518510110627818	0.9614073	28.88314438	0.88745607	0.0693076187109334	0.016417	4e-05
-0.1734	-0.0887	0.034	0.003164281933865719	-0.0015062191444711063	-0.0022235494670407763	0.9718194	29.19595146	0.88517309	0.05154547476611861	0.0157456	2e-05
-0.1735	-0.1173	0.016	0.0033911747366249826	-0.0018186330805780916	-0.002366666465704311	0.98863924	29.70126152	0.8872083	0.08082118687648916	0.0155407	4e-05
-0.1755	-0.0918	0.0172	0.003454006589696778	-0.0018256143975860688	-0.002389355745980237	0.94724703	28.45773315	0.86763529	0.033325122517784925	0.015663	3e-05
-0.1816	-0.0756	0.0389	0.003338814859065152	-0.0015917402778188286	-0.0022270401255447643	0.97558248	29.30900383	0.88152788	0.06956907354171694	0.0160161	2e-05
-0.1742	-0.1118	0.0162	0.0035150931135165793	-0.0017139133254584315	-0.0020525072003453313	0.98776197	29.67490578	0.8950406	0.08994921136452316	0.0149943	0.0
-0.1617	-0.1084	0.0106	0.0033196162372932147	-0.0017662732030182616	-0.002371902453460294	0.96309656	28.9338932	0.88332374	0.04986160034490785	0.0149896	3e-05
-0.176	-0.0804	0.022	0.0032637657012293962	-0.0014364059743913332	-0.0022270401255447643	0.99170583	29.79339027	0.89832485	0.0802290046303138	0.0156865	3e-05
-0.1756	-0.0801	0.0339	0.003164281933865719	-0.001504473815219112	-0.0022636920398366456	0.95971411	28.8322773	0.87116154	0.02281017612416685	0.0160736	3e-05
-0.1759	-0.1254	0.0222	0.0034103733583969193	-0.0018308503853420514	-0.0023439771854283846	0.98585224	29.61753273	0.89117883	0.08993765701229393	0.0155101	2e-05
-0.1762	-0.1001	0.0163	0.0034068826998929313	-0.0021170843826691216	-0.0026389378290154262	0.99514103	29.89659309	0.89375229	0.060734264970905005	0.0161206	5e-05
-0.1872	-0.0714	0.036	0.003258529713473413	-0.0019582594207376374	-0.0024713862208239705	0.97139812	29.1832943	0.89148428	0.08313647782712291	0.0163504	2e-05
-0.181	-0.0957	0.0336	0.003269001688985379	-0.001895427567665842	-0.00217293491873294	0.96746218	29.06504822	0.87975748	0.051487756533739576	0.0155028	3e-05
-0.1778	-0.1143	0.0244	0.003214896482173555	-0.00210835773640915	-0.0025062928058638572	0.99906445	30.01446152	0.89298395	0.061019663134302446	0.0156359	5e-05
-0.1872	-0.0809	0.0302	0.0031119220563058892	-0.002022836603061428	-0.002583087292951608	1.01784086	30.57855415	0.90055022	0.06186450231515692	0.0162787	5e-05
-0.1901	-0.0711	0.0398	0.0029792770331543207	-0.0019495327744776662	-0.00249931148885588	0.9757871	29.31515121	0.87668469	0.0367862327915529	0.0164329	5e-05
-0.1841	-0.1057	0.0185	0.003166027263117714	-0.002049016541841343	-0.0024766222085799536	0.96604896	29.02259254	0.88410729	0.0773461638801498	0.0159037	5e-05
-0.1752	-0.0874	0.007	0.003223623128433527	-0.0022322761133007477	-0.002701769682087222	0.99316198	29.83713722	0.89366282	0.06200014551412432	0.0166993	6e-05
-0.1884	-0.0789	0.0205	0.0031974431896536117	-0.002267182698340634	-0.002754129559647052	0.98262072	29.52045059	0.89186397	0.0408723200689816	0.0172366	3e-05
-0.1845	-0.0712	0.0367	0.00301941960595019	-0.0020141099568014562	-0.0026354471705114374	0.97635853	29.33231735	0.88914815	0.05528893571891071	0.0172261	7e-05
-0.1717	-0.1337	0.0168	0.003166027263117714	-0.002036799237077382	-0.0025115287936198403	0.98603457	29.62301064	0.90918787	0.10986076571675236	0.0173697	9e-05
-0.1654	-0.1153	0.0092	0.0032306044454415038	-0.002089159114637212	-0.002579596634447619	0.98264837	29.52128029	0.8872533	0.041550245035569935	0.0173486	7e-05
-0.1727	-0.0907	0.0192	0.003214896482173555	-0.001960004749989632	-0.0024748768793279594	1.06562257	32.01403809	0.9379026	0.054379104151759415	0.0175608	5e-05
-0.1593	-0.0877	0.0214	0.0029740410453983376	-0.0017400932642383465	-0.0022863813201125715	1.12502003	33.79849243	0.95844115	0.05106312408709454	0.0171304	0.00014
-0.1308	-0.1291	-0.0024	0.0029199358385865134	-0.0014660765716752368	-0.0023387411976724015	1.11613274	33.53149414	0.96637147	0.11272408884673817	0.0164264	9e-05
-0.0727	-0.1155	0.0046	0.002750638901143063	-0.00022689280275926284	-0.000900589894029074	1.27375257	38.26679993	1.12413898	0.2210316005001376	0.0169433	5e-05
-0.0942	-0.0999	0.0228	0.002553416695667704	-0.0005183627878423159	-0.0016999506914424768	1.19554222	35.91716003	1.01285935	0.11970264939859072	0.0165203	0.00012
-0.0682	-0.1438	0.0097	0.0026563911215353696	-0.0003822271061867582	-0.001450368608407288	1.11819267	33.59337997	0.95835937	0.10743460952792062	0.0159957	5e-05
-0.0908	-0.1558	0.0199	0.002570869988187647	-0.0007906341511534313	-0.0016755160819145565	1.25027597	37.56150055	1.00073198	0.0807537825910832	0.0175276	0.00026
-0.0906	-0.1095	0.021	0.002900737216814576	-0.0007853981633974483	-0.0017400932642383465	1.30615759	39.24032974	1.01065753	0.0675840199353351	0.0167469	9e-05
-0.1004	-0.0698	0.0132	0.0035883969421003415	-0.0010035643198967395	-0.0018099064343181197	1.20879817	36.31540298	0.99937463	0.10608195259324148	0.0167526	7e-05
-0.1185	-0.1248	0.0297	0.0038693949516714287	-0.001298524963483781	-0.0014974924982111347	1.0356921	31.114851	0.96290997	0.13401862946325563	0.0157481	4e-05
-0.1124	-0.136	0.0354	0.003555235686312449	-0.0010786134777324957	-0.001520181778487061	1.02980995	30.93813515	0.91692634	0.05083800156930958	0.0151028	2e-05
-0.1022	-0.1798	0.0101	0.003733259270015871	-0.0012740903539558604	-0.0015917402778188286	0.98246831	29.51587105	0.89877736	0.10155294796292769	0.0155097	5e-05
-0.1081	-0.1499	-0.0025	0.003679154063204046	-0.001514945790731078	-0.0019460421159736775	1.0141052	30.46632385	0.89822034	0.08086312408709453	0.0153221	4e-05
-0.1314	-0.1154	0.0204	0.0036198128686362394	-0.0015376350710070042	-0.0019861846887695473	1.10844052	33.30039978	0.94429937	0.08680865238198013	0.0156428	7e-05
-0.123	-0.1163	0.0154	0.003593632929856324	-0.0015376350710070042	-0.0017889624832941875	1.03917015	31.21933937	0.90109697	0.025470107212763732	0.0156934	9e-05
-0.1188	-0.1292	-0.0033	0.0037978364523396607	-0.0017470745812463236	-0.001956514091485643	1.05803049	31.78595352	0.93012867	0.06485973204570558	0.0152621	8e-05
-0.1331	-0.1067	0.0022	0.003946189438759179	-0.0019931660057775245	-0.0020856684561332234	1.03255141	31.02049446	0.91222063	0.06847993877991497	0.0156013	6e-05
-0.1464	-0.0802	0.0303	0.0037350045992678655	-0.001891936909161853	-0.0019844393595175526	1.02944803	30.92726135	0.92201084	0.08858215163613281	0.0157085	3e-05
-0.1415	-0.1123	0.0233	0.003892084231947355	-0.0019879300180215415	-0.0018849555921538759	1.01858413	30.60088158	0.90554593	0.06162782544514275	0.0149059	4e-05
-0.1319	-0.1392	0.0082	0.0041887902047863905	-0.0021048670779051613	-0.0019250981649497454	1.02775872	30.87651062	0.90196369	0.07428928027592623	0.0149446	1e-05
-0.1364	-0.1152	0.0186	0.00422893277758226	-0.0016842427281745281	-0.001562069680534925	1.01559854	30.51118851	0.91899289	0.08008977034706614	0.014875	2e-05
-0.1305	-0.1275	0.0204	0.00393048147549123	-0.0016999506914424768	-0.0016528268016386303	0.98313326	29.53584862	0.89261858	0.0402458193231342	0.0141779	4e-05
-0.1307	-0.1532	-0.0008	0.0040945424251786966	-0.0020176006153054447	-0.00205599785884932	1.04533207	31.404459	0.9316724	0.09134409653805622	0.0146572	2e-05
-0.1331	-0.1192	-0.0103	0.004068362486398782	-0.0019111355309337906	-0.0020315632493213996	1.06493378	31.99334526	0.92492008	0.053753981633974435	0.0149384	1e-05
-0.1468	-0.0907	0.0062	0.0039235001584832525	-0.0016842427281745281	-0.0020769418098732523	1.09736001	32.96751404	0.93196461	0.07955668456133227	0.0152826	2e-05
-0.1341	-0.1085	-0.0146	0.0038152897448596045	-0.001801179788058148	-0.0021223203704251047	1.07917476	32.42118073	0.93816484	0.06482630170295602	0.0144747	1e-05
-0.1364	-0.1216	-0.0212	0.0037734018428117405	-0.00209614043164519	-0.0023771384412162766	1.08563423	32.615242	0.93350072	0.05158333082130389	0.0155599	0.00011
-0.137	-0.0947	-0.0137	0.003766420525803763	-0.00204378055408536	-0.002288126649364566	1.11165535	33.39698029	0.94572374	0.04241764932097592	0.015567	5e-05
-0.1404	-0.076	0.0098	0.0033807027611130165	-0.00182212373908208	-0.0021991148575128553	1.16215873	34.91423416	0.96377669	0.08041931857728685	0.0155742	2e-05
-0.1231	-0.1143	-0.0061	0.0033702307856010505	-0.001965240737745615	-0.002410299697004169	1.08739161	32.66803741	0.93999907	0.08973869068334074	0.0148542	2e-05
-0.1268	-0.0952	-0.0179	0.0033405601883171464	-0.0019216075064457567	-0.002621484536495483	1.15674686	34.75164795	0.95025717	0.048824433403753795	0.01613	2e-05
-0.1391	-0.0785	-0.0121	0.0036651914291880917	-0.0018256143975860688	-0.002501056818107874	1.17085385	35.175457	0.96271008	0.06185260340591212	0.0153591	2e-05
-0.1367	-0.1042	-0.0092	0.0033143802495372316	-0.0016598081186466073	-0.002579596634447619	1.19764936	35.98046112	0.99108994	0.06075786374650333	0.0171134	0.00021
-0.1409	-0.1401	0.0058	0.0033196162372932147	-0.0018325957145940458	-0.0026145032194875057	1.27606237	38.33618927	1.01586012	0.06574650843716542	0.0158221	6e-05
-0.1265	-0.0715	-0.0011	0.0038467056713955023	-0.001780235837034216	-0.0024731315500759648	1.13118708	33.98376465	0.95993344	0.12594104905368292	0.0159848	6e-05
-0.1379	-0.0963	-0.0008	0.0037245326237558994	-0.001801179788058148	-0.002570869988187647	0.97288555	29.22797966	0.88783294	0.04854277183876086	0.015367	2e-05
-0.1316	-0.0903	0.0103	0.0034732052114687163	-0.0014573499254152652	-0.0023753931119642824	0.98834002	29.69227219	0.8965415	0.06293170755767152	0.0151833	4e-05
-0.1208	-0.1387	-0.0115	0.0036041049053682902	-0.0015882496193148398	-0.0024801128670839424	1.00589764	30.21974945	0.91237776	0.0993259571459404	0.0148708	2e-05
-0.1274	-0.1245	-0.0129	0.0035883969421003415	-0.0019146261894377795	-0.0027715828521669953	0.98208177	29.50425911	0.88939609	0.05387772592369706	0.0155303	7e-05
-0.1343	-0.0943	0.0049	0.0035831609543443585	-0.0017889624832941875	-0.002593559268463574	0.97656947	29.33865547	0.89440598	0.0703461638801498	0.0156338	4e-05
-0.1214	-0.0972	0.0056	0.003485422516232676	-0.0014643312424232424	-0.0024312436480281013	1.00930393	30.32208061	0.90236531	0.045734264970905006	0.0152447	8e-05
-0.1187	-0.1335	-0.015	0.003502875808752619	-0.001689478715930511	-0.002541199390903744	0.98738146	29.66347504	0.89731368	0.0772278254451427	0.0154179	6e-05
-0.1249	-0.1141	-0.0119	0.0034103733583969193	-0.0016859880574265225	-0.002707005669843205	0.9812057	29.47793961	0.88956472	0.041789969389957465	0.0160042	5e-05
-0.147	-0.0882	0.0108	0.003558726344816438	-0.0017505652397503124	-0.002712241657599188	1.04036331	31.25518608	0.93194362	0.08160830782496455	0.0163237	5e-05
-0.146	-0.1061	0.0124	0.0034871678454846703	-0.0018343410438460403	-0.002659881780039358	0.98989511	29.73899078	0.88875131	0.030884709049366268	0.016186	0.0001
-0.1391	-0.1431	-0.0044	0.0036093408931242737	-0.0021101030656611444	-0.002698279023583233	1.0543071	31.67409134	0.91782917	0.0825166156499291	0.0156537	4e-05
-0.1363	-0.1237	-0.0069	0.0034068826998929313	-0.0021851522234969008	-0.0029164451800825246	1.03865981	31.2040081	0.90655655	0.04948367537831951	0.0161195	4e-05
-0.1412	-0.095	0.0137	0.0031223940318178558	-0.0019198621771937623	-0.0028431413514987624	0.99933356	30.02254677	0.89982654	0.08535412714809881	0.015932	2e-05
-0.1354	-0.1091	0.0095	0.0030613075079980543	-0.0017959438003021652	-0.0026546457922833754	0.96831095	29.09054756	0.87688615	0.04277502299633928	0.0152266	2e-05
-0.1221	-0.1294	-0.0082	0.0030229102644541784	-0.0020420352248333657	-0.002898991887562581	0.98666978	29.64209366	0.88586761	0.07774173816771408	0.0156075	3e-05
-0.1224	-0.1001	0.0017	0.0024853488548399255	-0.0018884462506578647	-0.0029827676916583086	0.97791022	29.37893486	0.89567423	0.07824630939427406	0.0159999	0.0
-0.1198	-0.0797	0.0239	0.002261946710584651	-0.0016720254234105676	-0.0028361600344907856	1.00585759	30.21854591	0.90592826	0.07452153143350473	0.0154162	2e-05
-0.1118	-0.1222	0.0021	0.0022410027595607188	-0.0017470745812463236	-0.0028675759610266834	1.00256062	30.1194973	0.90668098	0.07867045176977931	0.0152905	5e-05
-0.1023	-0.123	-0.0119	0.0022916173078685546	-0.0017366026057343581	-0.002939134460358451	1.00856042	30.29974556	0.90683725	0.03093225115757843	0.0154663	1e-05
-0.1116	-0.1074	-0.0053	0.0021886428820008896	-0.0015446163880149814	-0.002820452071222836	1.01175272	30.39565086	0.89941076	0.05218215163613284	0.0156103	5e-05
-0.112	-0.0898	0.011	0.0019826940302655584	-0.001256637061435917	-0.002673844414055313	1.10689771	33.25405121	0.94898761	0.06632679177409592	0.0152552	3e-05
-0.115	-0.1318	-0.0066	0.00205599785884932	-0.0015463617172669759	-0.0029705503868943488	1.06093097	31.87309074	0.93243276	0.0955867228626928	0.0161998	6e-05
-0.1124	-0.1167	-0.0069	0.0020193459445574393	-0.001626646862858715	-0.003118903373313867	1.01033485	30.35305405	0.8898392	0.03126450231515692	0.0164369	5e-05
-0.1214	-0.0987	0.0036	0.0019826940302655584	-0.0016615534478986017	-0.003178244567881674	1.04071677	31.26580429	0.91204046	0.04404498469497873	0.01643	7e-05
-0.1249	-0.0943	0.0215	0.0018901915799098587	-0.001439896632895322	-0.003085742117525975	1.00069737	30.06352043	0.89718076	0.046133085785733934	0.016184	7e-05
-0.122	-0.1224	0.0072	0.002131047016685076	-0.0016283921921107093	-0.003145083312093782	0.99378175	29.85575676	0.89459558	0.0697346095279206	0.0160251	5e-05
-0.1262	-0.1122	0.0022	0.0022026055160168437	-0.0018465583486100008	-0.0033178709080412204	1.02107334	30.67566681	0.90101015	0.04252561258892488	0.0163611	8e-05
-0.1402	-0.0877	0.0269	0.00210835773640915	-0.001837831702350029	-0.0032079151651655774	1.03783119	31.17911339	0.91876094	0.07384650843716539	0.0165295	5e-05
-0.1344	-0.092	0.0309	0.0018483036778619948	-0.0015987215948268059	-0.0031014500807939236	1.00430775	30.17198372	0.89869323	0.044381462522101615	0.0165865	8e-05
-0.1268	-0.1202	0.008	0.0020943951023931952	-0.0016877333866785165	-0.0031363566658338103	1.01853752	30.59948158	0.91023248	0.07720049007113987	0.0164557	3e-05
-0.1285	-0.0978	0.0031	0.002700024352835228	-0.0015184364492350666	-0.003134611336581816	1.08718002	32.66167831	0.94718235	0.06783357585687387	0.0168476	9e-05
-0.1471	-0.059	0.0161	0.0036180675393842456	-0.0013334315485236678	-0.003113667385557884	1.1312294	33.98503494	0.97343834	0.12659960191421743	0.0171037	7e-05
-0.1314	-0.177	0.0207	0.0022706733568446224	-0.0011082840750163993	-0.0028431413514987624	1.38638055	41.65043259	1.11430628	0.23045338450530067	0.0190173	0.00042
-0.1121	-0.077	-0.005	0.0030473448739821	-0.0010157816246606998	-0.003003711642682241	1.32530773	39.81564713	1.06463919	0.19648721293383273	0.016611	5e-05
-0.111	-0.1189	-0.0088	0.0033911747366249826	-0.0011327186845443199	-0.003040363556974122	1.07078815	32.1692276	0.93539656	0.07167094184091923	0.0157525	2e-05
-0.1078	-0.1158	0.0122	0.003412118687648914	-0.0008482300164692441	-0.0027680921936630064	1.03839242	31.19597626	0.92241408	0.05618519912050614	0.0148882	2e-05
-0.1093	-0.1263	0.0153	0.003333578871309169	-0.0008395033702092724	-0.002713986986851182	1.02769649	30.87464333	0.91131679	0.022168583470577014	0.0152106	2e-05
-0.118	-0.1566	0.0004	0.003715805977495928	-0.0009913470151327792	-0.002726204291615143	1.01067305	30.36321449	0.90613756	0.0812144027937113	0.0153155	5e-05
-0.1231	-0.1297	-0.0092	0.0037315139407638766	-0.0011850785621041497	-0.0028693212902786776	0.98438698	29.57351303	0.88368602	0.05922782544514268	0.0162464	2e-05
-0.1343	-0.1016	0.0099	0.003611086222376268	-0.001158898623324235	-0.0029373891311064567	1.09127009	32.78455734	0.94518566	0.06913377489976513	0.0173308	6e-05
-0.1304	-0.1263	0.0069	0.0036721727461960694	-0.0010681415022205296	-0.0027925268031909274	1.0771817	32.36130524	0.92368854	0.046435298641951825	0.0173615	9e-05
-0.1328	-0.1406	-0.008	0.004113741046950634	-0.0012199851471440364	-0.00285012266850674	1.16263247	34.9284668	0.95143241	0.06415039054969424	0.0179612	0.0001
-0.1511	-0.1357	-0.0161	0.006358234465015343	-0.0018517943363659836	-0.002647664475275398	1.30351675	39.16099167	1.20560717	0.1852380400258999	0.0236155	0.00101
-0.1639	-0.187	0.0117	0.009047786842338604	-0.002007128639793479	-0.002314306588144481	1.34299779	40.34710312	1.25182565	0.2508122283940837	0.0293521	0.00137
-0.1508	-0.247	0.0212	0.008016297254409955	-0.0016126842288427606	-0.0023265238929084412	1.12259281	33.72557068	1.02736702	0.15450756518216632	0.0239928	0.00038
-0.1451	-0.2724	0.0009	0.008257152691185174	-0.0017348572764823637	-0.0022933626371205488	1.05946088	31.82892418	0.91053573	0.07120948701013566	0.0240504	0.00038
-0.153	-0.2351	0.0099	0.008227482093901268	-0.0017645278737662671	-0.002305579941884509	1.00165224	30.09220695	0.8968434	0.057777924966588415	0.0233831	0.00031
-0.1439	-0.2162	0.0275	0.007819075048934596	-0.0014800392056911916	-0.002050761871093337	0.97242391	29.21411133	0.89701998	0.09298568919164599	0.0214561	0.00022
-0.1388	-0.2346	0.0002	0.007660250087003113	-0.0017889624832941875	-0.0021223203704251047	1.00627744	30.23115921	0.91020777	0.07776533694331234	0.0206116	0.00013
-0.1326	-0.2139	-0.0058	0.007351326809400116	-0.0019757127132575807	-0.0023596851486963333	1.01406932	30.4652462	0.9037494	0.0695519142918809	0.0203423	0.00022
-0.1413	-0.1779	0.0158	0.0070912727508529606	-0.0017732545200262388	-0.0022148228207808044	1.02140415	30.68560219	0.92110581	0.09666872898470136	0.0197995	0.00024
-0.1338	-0.1818	0.0131	0.006944665093685436	-0.0016755160819145565	-0.001947787445225672	1.00692117	30.25049973	0.89305092	0.03966907354171696	0.0190042	0.00018
-0.1308	-0.2084	-0.0186	0.0070808007753409945	-0.002012364627549462	-0.002054252529597326	1.0205822	30.66090965	0.92050196	0.09027246558310592	0.0193429	0.00017
-0.1143	-0.1986	-0.0274	0.006707300315414208	-0.001853539665617978	-0.002143264321449037	1.01640797	30.5355072	0.90014036	0.06616686068549907	0.0186794	0.00011
-0.1173	-0.2007	-0.0135	0.006791076119509936	-0.00147131255943122	-0.0019198621771937623	1.0506295	31.56360817	0.9118036	0.05347025272688802	0.0186842	0.00017
-0.1216	-0.2079	-0.0064	0.006825982704549823	-0.0013002702927357754	-0.0017924531417981763	1.0970943	32.95952988	0.93954107	0.03526789435654591	0.019216	0.00019
-0.1149	-0.2475	-0.0267	0.006815510729037857	-0.0015079644737231008	-0.0019041542139258136	1.10875702	33.30990982	0.94345749	0.08309336143134644	0.0193541	0.00025
-0.1098	-0.2257	-0.0244	0.006445500927615059	-0.0017296212887263805	-0.0022479840765686964	1.08041036	32.45830154	0.93506762	0.07597482395344801	0.0198398	0.00024
-0.1157	-0.213	-0.0183	0.006304129258203518	-0.0018256143975860688	-0.002314306588144481	1.12799203	33.88777924	0.9452765	0.039884364492350735	0.0196086	0.00016
-0.1179	-0.1616	0.0013	0.006166248247295967	-0.0013700834628155487	-0.0022130774915288098	1.14348757	34.353302	0.97280289	0.10793205211468712	0.0193222	0.00016
-0.0961	-0.2186	-0.0479	0.006358234465015343	-0.001324704902263696	-0.0022846359908605773	1.23093569	36.98046875	1.01876319	0.14344616388014983	0.0207803	0.00031
-0.0898	-0.2028	-0.0615	0.007517133088339578	-0.0016859880574265225	-0.001778490507782222	1.42351353	42.76600266	1.12498301	0.13701636307827084	0.0242007	0.0006
-0.0958	-0.1235	-0.0308	0.007944738755078189	-0.0013962634015954637	-0.001567305668290908	1.31969464	39.64701462	1.05426048	0.16242575810304918	0.0239849	0.00045
-0.0287	-0.2513	-0.0602	0.009375908741713538	-0.0002373647782712288	0.0004991641660703782	1.38134265	41.49908066	1.38483151	0.4571269222160435	0.0316921	0.00411
0.1587	-0.8966	-0.0994	0.035501742314816655	0.0041556289489984985	0.0069097585086455495	3.87416005	116.3897171	4.60612032	2.7183710821474008	0.179269	0.12682
0.0851	-1.2145	-0.0755	0.03880215993033793	0.001785471824790199	0.004272566008882118	2.4361825	73.18917847	2.96518212	0.8307883619746501	0.191098	0.12407
0.104	-1.2884	-0.0789	0.03722787294503905	0.0025237460983838006	0.004689699700108763	1.13635778	34.13910675	1.14435924	0.23268474750595633	0.18541	0.11493
0.1161	-1.3195	-0.1048	0.0375193429301221	0.0025237460983838006	0.005054473513775579	0.98216397	29.50672722	0.92805387	0.10191218993749332	0.188138	0.11706
0.1528	-1.3124	-0.1075	0.03743731245527837	0.002288126649364566	0.0058747782622129135	1.03522623	31.10085297	0.96671109	0.10339773361501486	0.189407	0.11885
0.1833	-1.266	-0.0674	0.03536211597465711	0.002515019452123829	0.006511823439190843	1.17583966	35.3252449	1.09977839	0.2639567230179226	0.18072	0.10982
0.1547	-1.2332	-0.0566	0.03384367952542204	0.0017470745812463236	0.005215043804959057	1.10649061	33.24182129	1.08772634	0.2513580477172181	0.168909	0.09667
0.1453	-1.2299	-0.0733	0.033869859464201964	0.001117010721276371	0.004949753758655919	1.04846454	31.49856758	0.96312472	0.07547669225265077	0.169022	0.09525
0.1403	-1.1953	-0.0754	0.034021703109125466	0.0009093165402890458	0.004735078260660616	1.07889593	32.41280365	0.95850046	0.07041066619530649	0.167579	0.0952
0.1339	-1.1716	-0.0444	0.03384542485467404	0.0011030480872604163	0.00476125819944053	1.1213268	33.68753815	0.9571316	0.08090948701013564	0.16616	0.09397
0.157	-1.2059	-0.0452	0.03360631474715082	0.0014957471689591403	0.0048415433450322695	1.01621962	30.52984619	0.93326692	0.09380471674068416	0.166971	0.0948
0.1681	-1.2567	-0.0657	0.03344050846821135	0.0012147491593880533	0.0044820055191214375	1.06582451	32.02010727	0.95179405	0.1227171057210692	0.168726	0.09391
0.1655	-1.2574	-0.0657	0.03344748978521934	0.0011449359893082802	0.004525638750421296	1.05140889	31.58702278	0.94250614	0.009321385919380972	0.167666	0.09353
0.1533	-1.2418	-0.0347	0.032962288253164905	0.0011362093430483087	0.0045308747381772796	1.01860845	30.60161209	0.93343331	0.08375820830351949	0.164296	0.09008
0.1483	-1.256	-0.0371	0.03248930402587444	0.0011100294042683937	0.004750786223928565	0.97369885	29.2524147	0.8953989	0.057553782591083354	0.162487	0.08827
0.1612	-1.2699	-0.0638	0.03209136895641974	0.0008307767239493009	0.004372049776245795	1.00624239	30.23010635	0.9175303	0.1062962098728282	0.159946	0.08486
0.165	-1.2336	-0.0546	0.031393237255622	0.0011623892818282235	0.004125958351714595	0.99291682	29.82977104	0.92122295	0.113091784160393	0.154265	0.08017
0.1664	-1.1948	-0.0251	0.031094785953530976	0.0013456488532876281	0.00416435559525847	1.00349188	30.14747238	0.91827505	0.09570540585471513	0.151576	0.07746
0.1674	-1.2199	-0.0502	0.031021482124947215	0.001186823891356144	0.0041608649367544815	1.00455821	30.17951012	0.90597017	0.06298097245096157	0.1519	0.07708
0.1644	-1.1912	-0.0662	0.030342549045921416	0.000736528944341607	0.003572688978832392	1.06853664	32.10158539	0.96027151	0.13357019919812124	0.145811	0.07053
0.1673	-1.1625	-0.0615	0.02983989422134705	0.0008063421144213803	0.003661700770684103	1.06655812	32.04214478	0.94154653	0.06937398932529243	0.142502	0.0682
0.1809	-1.1526	-0.0381	0.0293651646648046	0.001239183768915974	0.00401076662108297	1.04436493	31.37540627	0.93046587	0.10973185307179556	0.141022	0.06714
0.1907	-1.202	-0.076	0.029354692689292625	0.001085594794740473	0.004064871827894794	1.01792359	30.58103752	0.92256137	0.10800830782496489	0.143913	0.0694
0.2039	-1.1918	-0.0822	0.028850292535466268	0.0011344640137963143	0.003892084231947355	1.01783657	30.57842636	0.90803308	0.06590284844148181	0.142144	0.0673
0.203	-1.1771	-0.0493	0.02838778028368777	0.0013334315485236678	0.004049163864626845	1.03915238	31.21880722	0.93528446	0.08942797095926702	0.139143	0.06553
0.2003	-1.1931	-0.0488	0.027977627909469102	0.0010349802464326373	0.0038885935734433662	0.99169087	29.79294014	0.90626619	0.06265869837465882	0.138496	0.06286
0.1874	-1.2025	-0.0691	0.02838079896667979	0.0005113814708343385	0.003728023282259888	1.01734638	30.56369781	0.91803271	0.09696700619962313	0.140214	0.06445
0.1775	-1.1779	-0.072	0.028029987787028934	0.00020420352248333657	0.0034051373706409367	1.04800296	31.48469925	0.93299118	0.08644375198104044	0.136766	0.06101
0.1723	-1.1379	-0.043	0.02774724444820585	0.0005044001538263612	0.003626794185644217	1.10497367	33.1962471	0.96603604	0.1144298392584694	0.133878	0.05972
0.1965	-1.1448	-0.0544	0.026935666346028484	0.0007120943348136865	0.003581415625092364	1.01481032	30.48750877	0.938103	0.09573254218582743	0.132393	0.05799
0.1953	-1.161	-0.0866	0.027274260220915388	0.0006056292504420323	0.003384193419617005	1.03184617	30.99930763	0.92762272	0.08171405823669585	0.13314	0.05902
0.2061	-1.1408	-0.0685	0.027232372318867527	0.0010070549784007281	0.0038117990863556156	1.05356276	31.65173149	0.94346504	0.09264596483725837	0.13243	0.05922
0.195	-1.1129	-0.0452	0.026604053788149565	0.0009965830028887623	0.0038990655489553323	1.06930006	32.12451935	0.93898594	0.09860284844148226	0.128298	0.05503
0.2029	-1.1558	-0.0695	0.026398104936414236	0.0009634217471008699	0.0037053340019839614	1.00329101	30.14143753	0.91311789	0.09674208272472956	0.129518	0.05599
0.1994	-1.1521	-0.079	0.026513296667045858	0.0006422811647339132	0.0034644785652087444	0.98573488	29.61400795	0.89454408	0.05055938748868981	0.129273	0.05529
0.1841	-1.124	-0.0607	0.02632829176633446	0.0007888888219014368	0.003420845333908886	1.00363386	30.15173912	0.90820969	0.08046228945893874	0.125566	0.0525
0.1932	-1.1264	-0.0501	0.026185174767670925	0.0011955505376161158	0.0035883969421003415	0.97570312	29.31262779	0.89418711	0.05796651612848348	0.126532	0.05374
0.1844	-1.1661	-0.074	0.02628814919353859	0.0009948376736367678	0.003686135380212024	0.99240154	29.814291	0.91181229	0.09247128639793468	0.12883	0.05486
0.1905	-1.142	-0.0778	0.026125833573103118	0.0008464846872172499	0.0032882003107573173	1.04264665	31.32378387	0.93791322	0.06943018381548491	0.126406	0.05266
0.209	-1.1254	-0.0522	0.025850071551288017	0.0014852751934471744	0.003532546406036523	1.0672797	32.0638237	0.94694434	0.11864493116621148	0.125932	0.05296
0.2278	-1.148	-0.0547	0.02573662514990838	0.0019390607989657003	0.0037384952577718534	1.04641867	31.43710327	0.93329696	0.08255904293167465	0.12985	0.05541
0.2317	-1.1798	-0.0807	0.026045548427511375	0.0016318828506146981	0.0037227872945039047	1.06851602	32.10096359	0.93345434	0.09329045946109736	0.131853	0.0578
0.2197	-1.1507	-0.0872	0.02617819345066295	0.001308996938995747	0.003351032163829113	1.05205262	31.6063633	0.93779437	0.08896430327226577	0.129262	0.05533
0.2044	-1.1274	-0.066	0.02580469299073616	0.001500983156715123	0.0034609879067047556	1.03803551	31.18525124	0.94482518	0.09357212102609053	0.125386	0.05303
0.1977	-1.1263	-0.0653	0.025542893602937013	0.001520181778487061	0.003347541505325124	1.00913239	30.31692886	0.90346336	0.02822222054753572	0.124065	0.05153
0.1939	-1.1496	-0.0902	0.0258238916125081	0.0011519173063162574	0.003303908274025266	1.00760627	30.27108002	0.90203573	0.08664478565208736	0.125372	0.05249
0.1865	-1.1302	-0.0862	0.02593733801388773	0.0010629055144645468	0.0032026791774095948	0.9817422	29.4940567	0.88847458	0.04598436449235031	0.123562	0.05145
0.1848	-1.1156	-0.0595	0.025722662515892426	0.0012636183784438947	0.0031677725923697077	1.00250828	30.11792183	0.91104127	0.06551474735072704	0.121452	0.04954
0.1824	-1.1591	-0.0767	0.026125833573103118	0.001298524963483781	0.0032847096522533284	0.98222321	29.50850868	0.90604714	0.09085073510671005	0.125401	0.05277
0.1257	-1.1744	-0.0914	0.027324874769223222	-0.0008237954069413235	0.0022026055160168437	1.20575368	36.22393799	1.27958873	0.30687328513908474	0.129479	0.05513
-0.02	-1.1642	-0.059	0.028626890391210993	-0.0053546701451186035	0.0003700098014227979	1.51649344	45.55935669	1.71100097	0.571574303737955	0.132623	0.05623
0.0322	-1.1292	-0.039	0.02688854245622464	-0.0030997047515419294	0.0005672320068981572	1.14807427	34.49110031	1.13821421	0.31672677670191923	0.122373	0.04563
0.0603	-1.1566	-0.0647	0.02603333112274742	-0.0024731315500759648	0.0006632251157578452	1.0215224	30.68915558	0.95229066	0.16008888219014367	0.121071	0.04411
0.0715	-1.139	-0.0687	0.025891959453335882	-0.0022200588085367874	0.0004363323129985824	0.99659306	29.94021416	0.89918749	0.06386686068549896	0.11936	0.04382
0.0771	-1.1087	-0.0624	0.025612706773016785	-0.0016755160819145565	0.000640535835481919	1.00462568	30.18153381	0.92151292	0.09359994647123322	0.116821	0.04242
0.0638	-1.0814	-0.0319	0.02546958977435325	-0.0015428710587629874	0.000726056968829641	1.05986464	31.84105682	0.94246509	0.08916415775814146	0.11474	0.04055
0.0562	-1.1205	-0.0426	0.025401521933525472	-0.0016283921921107093	0.0008709192967451704	0.99675107	29.94496155	0.90363256	0.07232256510455155	0.117043	0.04214
0.0511	-1.128	-0.0615	0.02533869008045368	-0.0021607176139689798	0.000598647933434055	0.99909991	30.01552773	0.90732548	0.07487143191205878	0.117248	0.04184
0.051	-1.1036	-0.0538	0.025134486557970338	-0.0023387411976724015	0.00046949356878647465	0.9831816	29.53730011	0.89798332	0.05776907354171714	0.11586	0.04082
0.033	-1.0816	-0.0265	0.025200809069546123	-0.002385865087476248	0.0005148721293383271	1.00603294	30.2238121	0.90743021	0.07524124809657425	0.113318	0.03962
0.0347	-1.1222	-0.0442	0.02528109421513786	-0.002593559268463574	0.0005305800926062762	0.98228228	29.51028252	0.89252139	0.07518436449235073	0.116576	0.04194
0.04	-1.1044	-0.0538	0.025007077522574757	-0.002834414705238791	9.250245035569947e-05	0.99967593	30.0328331	0.89895112	0.08034748857944483	0.114352	0.03996
0.0217	-1.0844	-0.0185	0.025206045057302104	-0.002649409804527392	0.000296705972839036	1.00518274	30.19827271	0.91551893	0.10300879789610413	0.113486	0.03983
0.0268	-1.0927	-0.0422	0.025492279054629172	-0.002336995868420407	0.0005253441048502931	0.97457039	29.27859688	0.90345556	0.0784643032722655	0.113562	0.04042
0.006	-1.1314	-0.0508	0.024516640002764347	-0.0026563911215353696	-0.00024085543677521747	1.19789851	35.98794937	1.03330798	0.1711616923302649	0.115348	0.04009
0.0021	-1.0868	-0.0609	0.025446900494077326	-0.002998475654926258	-9.42477796076938e-05	1.37521803	41.31508255	1.12453258	0.1295476340935695	0.114154	0.0405
0.0473	-1.0381	-0.0742	0.02547831642061322	-0.002494075501099897	0.00012740903539558605	1.22118628	36.68757248	1.05475265	0.1450736447682767	0.111924	0.03952
0.053	-1.067	-0.0692	0.02515019452123829	-0.0019408061282176943	0.0002530727415391778	1.03898776	31.21386147	0.95285627	0.08995274892003612	0.111785	0.039
-0.004	-1.039	-0.0365	0.024729570171507655	-0.001595230936322817	-0.00029845130209103034	1.09346807	32.85058975	1.01592796	0.18358617926278603	0.108258	0.03582
-0.0096	-1.1066	-0.0536	0.02518859176478216	-0.0018779742751458986	-0.0003874630939427412	1.09666967	32.94677353	0.97619634	0.13183883619746503	0.11361	0.0394
0.0086	-1.1108	-0.0647	0.024952972315762927	-0.002057743188101315	-0.000736528944341607	1.06914222	32.11977768	0.93780087	0.0717227106186758	0.11371	0.03933
0.0238	-1.0899	-0.0533	0.025113542606946405	-0.0015969762655748114	-0.0003874630939427412	1.0827589	32.52885818	0.9641831	0.09602015320544233	0.112117	0.03856
0.0134	-1.0614	-0.0191	0.024659757001427883	-0.0016423548261266642	-0.00046949356878647465	1.09358513	32.8541069	0.95664122	0.10215973204570562	0.109408	0.03567
0.0229	-1.1316	-0.0408	0.02490933908446307	-0.0015289084247470327	-0.00037350045992678646	1.12797499	33.88726425	1.00478999	0.12435107966372544	0.114709	0.03915
0.0308	-1.1256	-0.059	0.02522175302057006	-0.0016912240451825054	-0.000296705972839036	1.09146154	32.79030609	0.94297481	0.05967620218151056	0.115858	0.04066
0.0207	-1.0872	-0.038	0.025265386251869915	-0.001839577031602023	-0.0005532693728822024	1.02006555	30.64538956	0.92829025	0.09192748088812697	0.113198	0.03928
0.0903	-1.0874	-0.0172	0.025047220095370623	-0.0004974188368183839	0.001001818990644745	1.0811857	32.48159409	1.06770433	0.2463706357404939	0.11495	0.04108
0.0417	-1.1162	-0.0421	0.02527585822738188	-0.0017662732030182616	7.155849933176751e-05	1.04463458	31.38350677	1.00977565	0.22368764947620567	0.115296	0.04021
0.0362	-1.093	-0.0546	0.025040238778362648	-0.0023073252711365037	-0.0004415683007545654	0.97889429	29.40849876	0.90158452	0.1056899158611904	0.113353	0.03844
0.0225	-1.0688	-0.0271	0.024914575072219055	-0.0021572269554649913	-0.0004049163864626844	0.96269101	28.92171097	0.89229391	0.08102069680534933	0.111113	0.03682
0.0322	-1.1002	-0.0272	0.024809855317099394	-0.0019774580425095754	-0.00028797932657906436	0.98025721	29.44944382	0.89061193	0.06127128639793494	0.112926	0.03821
0.0311	-1.1259	-0.0555	0.02506292805863857	-0.0023439771854283846	-0.00043458698374658803	1.02562618	30.81244278	0.90108454	0.09340997708127532	0.115413	0.04016
0.0354	-1.1059	-0.0571	0.024804619329343414	-0.0024399702942880727	-0.0005759586531581287	0.96483845	28.98622513	0.8786242	0.05068367537831912	0.113186	0.03891
0.0228	-1.089	-0.0196	0.024610887782372037	-0.002230530784048753	-0.0003961897402027128	0.99077207	29.76533699	0.90723129	0.09614699850830576	0.110586	0.03703
0.0391	-1.1047	-0.0112	0.02423913265169725	-0.0016004669240788003	-0.00041189770347066176	1.02281559	30.72800827	0.92484606	0.09127634769563456	0.110662	0.03691
0.0785	-1.1202	-0.0438	0.023769639082910778	-0.0013543754995475996	-0.0003298672286269283	1.00075173	30.06515312	0.92696503	0.1273807734080703	0.10982	0.03675
0.0669	-1.0995	-0.0482	0.02391973739858229	-0.0014957471689591403	-0.0004014257279586958	0.94747096	28.46446037	0.87809992	0.05485142422074112	0.108201	0.03529
0.0563	-1.0694	-0.0044	0.023431045208023873	-0.0011606439525762293	-0.0002024581932313422	0.97617811	29.32689667	0.91990772	0.135638147083434	0.104585	0.03372
0.0743	-1.091	-0.0135	0.023568926218931426	-0.000900589894029074	0.00020943951023931956	1.0225296	30.71941566	0.93070778	0.08919163864626851	0.107382	0.03546
0.0717	-1.1107	-0.0365	0.023790583033934703	-0.0015323990832510211	-8.028514559173915e-05	0.97691852	29.34914207	0.89868766	0.1024595330028142	0.109351	0.03632
0.0638	-1.0886	-0.045	0.02367539130330308	-0.0019582594207376374	-0.0004799655442984406	0.94940066	28.52243423	0.87914385	0.08553662334124698	0.107295	0.03478
0.0487	-1.0721	-0.0142	0.02369458992507502	-0.0016877333866785165	-0.00021118483949131387	0.95547134	28.704813	0.88714673	0.0903252680319092	0.106503	0.03401
0.0432	-1.0956	-0.0205	0.023895302789054367	-0.0018360863730980347	-0.00022689280275926284	0.97981972	29.43630028	0.89137123	0.05353869068334064	0.108567	0.03584
0.0474	-1.1202	-0.0371	0.024029693141457927	-0.002256710722828668	-0.0005811946409141118	1.00338376	30.14422417	0.90318998	0.09086582701445224	0.111351	0.03728
0.0602	-1.0584	-0.0879	0.02438050432110879	-0.001947787445225672	-0.0003700098014227979	1.03420436	31.07015419	0.97392648	0.16894596483725877	0.107406	0.03625
0.0222	-1.0386	-0.1262	0.024773203402807514	-0.0017523105690023068	-0.0007243116395776468	1.27046752	38.16810608	1.1333314	0.14322388980384693	0.109203	0.03766
-0.001	-1.1004	-0.0285	0.024226915346933282	-0.002617993877991494	-0.0005218534463463045	1.48536384	44.62414551	1.28778301	0.2634214779047381	0.110686	0.03729
0.0175	-1.0344	-0.0743	0.02515019452123829	-0.0027960174616949163	-0.0005183627878423159	1.31551743	39.52152252	1.07442908	0.18553967082562095	0.109789	0.03842
0.0555	-1.058	-0.1528	0.0250542014123786	-0.002700024352835228	-0.0006003932626860494	1.23654664	37.14903641	1.13916021	0.15380083462815552	0.111111	0.04067
0.0011	-1.0116	-0.0012	0.02401049451968599	-0.0024731315500759648	-0.00031415926535897925	1.34548295	40.42176437	1.32224331	0.33024168463894726	0.103898	0.03373
0.001	-1.0514	-0.0221	0.02277829206777799	-0.0028605946440187057	-0.0009494591130849152	1.27122104	38.19074631	1.1687907	0.1735482696788336	0.102413	0.03132
0.0	-1.0508	0.079	0.021341886093386664	-0.0025516713664157096	-0.0012095131716320703	1.26147556	37.89796448	1.1898791	0.2029691655270738	0.0994346	0.02934
-0.0379	-1.031	0.111	0.02076941809873252	-0.0028728119487826664	-0.0012409290981679683	1.1597116	34.8407135	1.02738408	0.13595122517785	0.0973118	0.02759
-0.049	-1.0194	0.1387	0.020600121161289068	-0.0029077185338225527	-0.0010681415022205296	1.14512718	34.40256119	0.99254585	0.06924955592153867	0.0976924	0.02728
-0.0454	-1.0789	0.1126	0.021060888083815576	-0.002967059728390361	-0.001228711793404008	1.12024856	33.65514374	0.97804529	0.12323392041388959	0.10327	0.03072
-0.0457	-1.0911	0.1083	0.021467549799530253	-0.003152064629101759	-0.0014940018397071458	1.04928243	31.52313995	0.94135769	0.05964783313646068	0.105916	0.03231
-0.0597	-1.0775	0.1479	0.02120400508247911	-0.003242821750205464	-0.0013892820845874865	1.04522073	31.40111351	0.94994717	0.09015107966372554	0.105143	0.03169
-0.0589	-1.0657	0.1704	0.020512854698689357	-0.003178244567881674	-0.0012688543661998775	1.09046519	32.76037598	0.97541538	0.07890776422505731	0.103561	0.03076
-0.0519	-1.1259	0.139	0.02123367567976301	-0.003220132469929538	-0.001129228026040331	1.13175821	34.00092316	0.97369044	0.143716761164053	0.109164	0.03425
-0.0496	-1.1025	0.1376	0.021190042448463155	-0.0034993851502486306	-0.0014590952546672592	1.09477401	32.88982391	0.93332713	0.059737657012293686	0.106594	0.03298
-0.0478	-1.0665	0.1611	0.02068040630688081	-0.0033772121026090277	-0.0014049900478554352	1.06917429	32.1207428	0.94383792	0.09559571980168857	0.102655	0.03122
-0.0441	-1.0864	0.1518	0.020546015954477248	-0.0032079151651655774	-0.0011955505376161158	1.07537901	32.30714798	0.94667506	0.05855634000431666	0.103018	0.03122
-0.0351	-1.0975	0.1256	0.020326104468725962	-0.0034243359924128747	-0.001462585913171248	1.03859973	31.20220375	0.92607509	0.08146838442768568	0.102248	0.03076
-0.0481	-1.062	0.138	0.020085249031950744	-0.003565707661824415	-0.001462585913171248	1.03178608	30.99750519	0.93291885	0.08001135530933783	0.0987617	0.02829
-0.049	-1.0345	0.1713	0.019877554850963416	-0.003214896482173555	-0.0012897983172238095	1.03974748	31.2366848	0.92558529	0.09826464782928136	0.0967325	0.0268
-0.0564	-1.083	0.148	0.019896753472735354	-0.003316125578789226	-0.0012269664641520136	1.04017365	31.24948883	0.92797316	0.0883629785729702	0.0994389	0.02847
-0.0611	-1.0692	0.1366	0.019566886244108427	-0.0036459928074161546	-0.001811651763570114	0.97312737	29.23524475	0.89755318	0.09212098783359789	0.0975384	0.02666
-0.0537	-1.0528	0.155	0.019238764344733497	-0.0031695179216217023	-0.001579522973054868	0.97338891	29.24310303	0.8992946	0.09403627878423136	0.0959105	0.02565
-0.0497	-1.0392	0.1897	0.018606955155511546	-0.0026302111827554544	-0.0013072516097437528	1.01124001	30.38024712	0.92948068	0.12446936456996575	0.0940213	0.0249
-0.0434	-1.0872	0.1615	0.01884606526303477	-0.0026843163895672786	-0.0011484266478122688	1.03835428	31.19482803	0.92844256	0.10510201381332664	0.0980591	0.02731
-0.0303	-1.0715	0.1499	0.018496999412635905	-0.0026354471705114374	-0.0013596114873035826	0.98528677	29.60054588	0.88924238	0.07085599544730105	0.0953875	0.02635
-0.0267	-1.052	0.1957	0.018271851939128635	-0.002190388211252884	-0.0009651670763528643	1.00595903	30.22159195	0.9285509	0.12213254218582693	0.0941938	0.02651
-0.0197	-1.0625	0.19	0.018308503853420515	-0.0020263272615654165	-0.0006073745796940267	1.0120182	30.4036274	0.9150692	0.051125268031909234	0.0940091	0.02653
-0.0216	-1.0928	0.1627	0.01870120293511924	-0.002513274122871834	-0.0010384709049366262	1.05859852	31.80301857	0.94551207	0.12503711341238705	0.0972603	0.02799
-0.0267	-1.0605	0.1735	0.01866455102082736	-0.0026878070480712674	-0.0011536626355682519	0.99186826	29.79826927	0.89903566	0.06451882850614694	0.0944826	0.02624
-0.0377	-1.0328	0.2149	0.018418459596296156	-0.0025481807079117207	-0.0011449359893082802	1.00178504	30.09619522	0.92214952	0.09982222054753609	0.0929395	0.02579
-0.0324	-1.0608	0.1856	0.01814095224522906	-0.0026773350725593018	-0.0010943214410004448	1.00548613	30.20738602	0.92331281	0.08546381320112563	0.0941488	0.02612
-0.0292	-1.0603	0.1621	0.01803274183160541	-0.0028710666195306722	-0.001439896632895322	0.96927458	29.1194973	0.88743709	0.059575857624494834	0.0930344	0.02556
-0.04	-1.0284	0.1888	0.01791056878396581	-0.002623229865747477	-0.0013369222070276565	0.97903961	29.41286469	0.88938939	0.09304921136452313	0.0904639	0.02396
-0.0533	-1.014	0.197	0.017823302321366096	-0.0022165681500327986	-0.001387536755335492	1.04972279	31.53636742	0.93334577	0.0631271363311114	0.0892084	0.02335
-0.0419	-1.0779	0.1672	0.01818807613503291	-0.002336995868420407	-0.001281071670963838	1.00617981	30.2282238	0.93225522	0.13468333082130388	0.094811	0.0267
-0.0402	-1.0609	0.1779	0.01794722069825769	-0.002176425577236929	-0.0014224433403753785	0.99496776	29.89138603	0.90871456	0.056539869868511984	0.0930312	0.02493
-0.039	-1.0441	0.2085	0.01757197490907891	-0.0019617500792416262	-0.001450368608407288	1.03126872	30.9819603	0.93052881	0.07949232776029955	0.0922023	0.02461
-0.0413	-1.0861	0.1858	0.01818109481802493	-0.002061233846605303	-0.0012583823906879114	1.00648522	30.23740005	0.92188678	0.11202949470145374	0.0967581	0.02649
-0.0409	-1.0683	0.1705	0.018413223608540176	-0.0024137903555081575	-0.0014346606451393388	0.95925504	28.81848526	0.89198413	0.07154817769347636	0.0955719	0.02562
-0.0457	-1.0463	0.1993	0.018437658218068097	-0.0022654373690886398	-0.0013596114873035826	0.99013954	29.74633408	0.90906191	0.06799183768915977	0.0947006	0.02526
-0.0456	-1.0288	0.226	0.01804321380711738	-0.0022148228207808044	-0.0012932889757277981	0.98622692	29.6287899	0.89865633	0.06986907354171701	0.093349	0.02454
-0.0417	-1.074	0.1948	0.018437658218068097	-0.0024155356847601517	-0.0009721483933608416	0.98426318	29.5697937	0.90667503	0.12611489286485125	0.0973917	0.02682
-0.016	-1.0584	0.1809	0.018126989611213108	-0.0023073252711365037	-0.0011606439525762293	0.97244787	29.21483231	0.8969613	0.08556872898470134	0.0953605	0.02565
-0.0165	-1.0356	0.2097	0.01799259925880954	-0.0017680185322702558	-0.0007382742735936014	0.97315353	29.23603058	0.90960739	0.10690333851262204	0.09397	0.02558
0.0005	-1.044	0.2116	0.017989108600305555	-0.0014381513036433276	-0.00035081117965086024	0.99351877	29.84785461	0.90654135	0.06334104905368274	0.0951232	0.02628
0.0079	-1.0761	0.1818	0.018524924680667812	-0.0016022122533307947	-0.0003438298626428829	0.99293071	29.83018875	0.90699817	0.10464291735288508	0.0980257	0.02809
0.0067	-1.0665	0.1704	0.01856681258271568	-0.0016109388995907662	-0.00042935099599060504	0.99940825	30.02478981	0.90814311	0.02900678408277812	0.0965473	0.02729
-0.003	-1.0372	0.1972	0.01814444290373305	-0.001553343034274953	-0.00040666171571467877	0.98198098	29.50123024	0.90083982	0.09093274122871854	0.0936034	0.02574
-0.0127	-1.0789	0.1729	0.01864884305755941	-0.0018709929581379211	-0.0003822271061867582	0.97002548	29.14205742	0.90166137	0.11802423436086248	0.0967767	0.02718
-0.0041	-1.0952	0.1584	0.018863518555554713	-0.002033308578573394	-0.000752236907609556	1.00876892	30.30600739	0.89778718	0.0767500459926786	0.0981622	0.02825
-0.0087	-1.0789	0.1658	0.01901536220047822	-0.002078687139125246	-0.0009337511498169664	0.98660362	29.6401062	0.89546209	0.04723682238413839	0.0968043	0.02762
0.0032	-1.049	0.2026	0.01855284994869972	-0.0013491395117916165	-0.0007539822368615504	1.02506089	30.79546165	0.93721173	0.14719143960337727	0.0944801	0.02621
0.0036	-1.0855	0.1949	0.018908897116106563	-0.0012618730491919003	-0.0005619960191421741	1.00454295	30.17904854	0.90803713	0.07636499238629678	0.09732	0.02844
-0.0039	-1.1059	0.1789	0.019371409367885065	-0.0016318828506146981	-0.0005270894341022875	0.95896262	28.80970001	0.88148737	0.08727143191205954	0.0994956	0.02945
-0.005	-1.0885	0.1677	0.019306832185561274	-0.0017889624832941875	-0.0007487462491055673	0.99922144	30.01917839	0.90449269	0.05186568150032812	0.0970596	0.02776
-0.0059	-1.0728	0.185	0.019018852858982208	-0.0015515977050229591	-0.000619591884457987	1.02590632	30.82086182	0.91424294	0.06662492347489382	0.0956703	0.02714
-0.0064	-1.0711	0.1857	0.018784978739214968	-0.0012514010736799342	-0.0003630284844148205	1.02030075	30.65245438	0.92198646	0.0424317075576716	0.0955396	0.02695
-0.01	-1.1132	0.1601	0.018987436932446315	-0.001244419756671957	-0.0003822271061867582	1.03083265	30.96886063	0.93624864	0.08273190660056312	0.0990067	0.02883
-0.0064	-1.0787	0.1651	0.01872912820315115	-0.0014556045961632708	-0.0006771877497737998	0.9938826	29.85878563	0.90950903	0.08132271061867598	0.0955035	0.02673
-0.0184	-1.0649	0.2073	0.018509216717399864	-0.0016283921921107093	-0.0005148721293383271	0.99883765	30.00764847	0.91974583	0.0957507351067099	0.0948935	0.02643
-0.0196	-1.0993	0.1779	0.018976964956934343	-0.0016982053621904826	-0.00027576202181510406	0.98082185	29.46640778	0.90640817	0.1038335758568738	0.0983413	0.02845
-0.0168	-1.0979	0.1677	0.018969983639926365	-0.002036799237077382	-0.0007592182246175333	0.99633741	29.93253517	0.89600699	0.05585156973486522	0.0984476	0.02807
-0.0255	-1.0652	0.2067	0.018554595277951717	-0.0016790067404185449	-0.0007452555906015787	0.99979901	30.03652954	0.90868872	0.11975717463247212	0.0965105	0.02716
-0.0187	-1.0749	0.202	0.01858426587523562	-0.0016126842288427606	-0.0006510078109938849	0.96722043	29.05778503	0.88515049	0.03071204442336902	0.096744	0.02755
-0.0119	-1.0796	0.1755	0.019479619781508715	-0.0017435839227423352	-0.000752236907609556	1.03705478	31.15578842	0.92871295	0.09437413483941706	0.0993557	0.029
0.0087	-1.1669	0.1732	0.018912387774610552	-0.001614429558094755	-7.853981633974481e-05	1.27209842	38.21710205	1.03848929	0.1787041731407779	0.106362	0.03219
0.0199	-1.0379	0.1688	0.01998751059383906	-0.0016493361431346415	0.00017453292519943296	1.36466658	40.99808884	1.09707161	0.21275510729037864	0.0967212	0.02822
0.0078	-1.0918	0.1684	0.01981821365639561	-0.0015760323145508795	-0.0001675516081914556	1.07749927	32.37084579	0.96957297	0.0956342649709052	0.100266	0.03041
-0.0199	-1.1024	0.1752	0.020519836015697332	-0.0009162978572970229	-0.00019547687622336493	1.12858284	33.90552521	1.02403711	0.11456410422937438	0.101953	0.0308
-0.0245	-1.0576	0.1823	0.019355701404617114	-0.0009930923443847736	-0.00041189770347066176	1.14996243	34.54782486	1.05893542	0.12936749627076324	0.0960869	0.02814
-0.0639	-1.1407	0.1557	0.02083399528105631	-0.0014556045961632708	-0.0006963863715457374	1.15849435	34.80414581	1.10899736	0.2603647398146385	0.106711	0.03419
-0.0222	-1.1242	0.173	0.020504128052429384	-0.001429424657383356	-0.000158824961931484	1.12208474	33.71030807	1.0627992	0.12018042885105472	0.10426	0.03207
-0.0109	-1.1069	0.1976	0.020015435861870972	-0.0009826203688728075	-0.00010995574287564276	0.99459565	29.88020706	0.9093989	0.10241828490624016	0.103036	0.03154
0.0085	-1.1535	0.1629	0.020053833105414847	-0.0008133234314293575	-6.45771823237902e-05	1.00037694	30.05389214	0.92473116	0.11335363707695886	0.106057	0.03316
0.0175	-1.1279	0.1595	0.01967684198698407	-0.0009965830028887623	-0.00033335788713091696	0.98864192	29.70134163	0.90147027	0.0794515697348654	0.102801	0.031
0.002	-1.0925	0.1993	0.019490091757020676	-0.0008813912722571365	-0.00020769418098732522	0.99051332	29.75756454	0.91444868	0.1120802833369305	0.100877	0.02999
-0.0026	-1.0846	0.215	0.01944994918422481	-0.0007330382858376184	-0.00022863813201125715	1.00244308	30.11596489	0.90251549	0.03867197551196582	0.101458	0.03036
-0.0073	-1.1334	0.1845	0.020055578434666838	-0.0011519173063162574	-0.00038048177693476387	1.01683474	30.54832649	0.92205615	0.14281759579220865	0.105708	0.03264
0.0048	-1.1141	0.1773	0.01980250569312766	-0.0010559241974565693	-0.0006230825429619757	0.97756577	29.36858559	0.8948824	0.06818333082130372	0.103445	0.03144
-0.0112	-1.0964	0.2121	0.019697785938008004	-0.0012461650859239514	-0.0003787364476827695	0.96960765	29.12950325	0.90574035	0.09546533694331232	0.101951	0.03056
-0.0101	-1.1199	0.2049	0.019620991450920253	-0.0012636183784438947	-0.00029496064358704166	0.98230702	29.51102638	0.89226503	0.04070117918517094	0.102943	0.03105
-0.0057	-1.1472	0.1735	0.01981297766863963	-0.001583013631558857	-0.0006108652381980154	1.01090038	30.37004471	0.9219609	0.10446430327226568	0.104934	0.03213
-0.0047	-1.1228	0.1705	0.019720475218283927	-0.0017331119472303693	-0.000804596785169386	0.97961766	29.43023109	0.89774415	0.05021661564992919	0.102281	0.03061
-0.0064	-1.1049	0.201	0.019631463426432218	-0.001308996938995747	-0.000450294947014537	0.99192232	29.79989433	0.90643615	0.09347143191205903	0.100613	0.0306
-0.0178	-1.1071	0.1815	0.019666370011472104	-0.0015114551322270892	-0.00032637657012293966	1.0405401	31.26049805	0.91229743	0.05116415775814125	0.100866	0.0301
-0.0246	-1.1123	0.1504	0.019502309061784635	-0.0020594885173533086	-0.0007714355293814937	0.99683481	29.94747734	0.91788563	0.10095766470361216	0.0997091	0.0288
-0.0297	-1.0847	0.1746	0.01923178302772552	-0.001658062789394613	-0.0004188790204786391	0.96086043	28.86671448	0.89440716	0.10812541354603344	0.0977097	0.02742
-0.0369	-1.0722	0.1875	0.019223056381465542	-0.0018465583486100008	-0.000312413936106985	0.95728689	28.75935745	0.88637946	0.04778436449235088	0.0973561	0.02711
-0.035	-1.1129	0.1606	0.019242255003237483	-0.00239459173373622	-0.000757472895365539	0.99495631	29.89104271	0.91103683	0.12011454830783568	0.10051	0.02865
-0.0332	-1.0822	0.1624	0.018702948264371237	-0.00239459173373622	-0.0010367255756846318	0.95233732	28.61065865	0.87837246	0.07522797095926688	0.0964076	0.02619
-0.0375	-1.0658	0.1994	0.018879226518822664	-0.002038544566329377	-0.0006475171524898963	0.97601509	29.3220005	0.90170004	0.10377669225265024	0.0969534	0.02647
-0.019	-1.0853	0.1861	0.01888620783583064	-0.0017051866791984597	-0.0005288347633542819	0.98783404	29.67707062	0.89382831	0.07425107966372518	0.0977359	0.02742
-0.0072	-1.1149	0.1609	0.018816394665750868	-0.002005383310541485	-0.0009616764178488756	1.01497805	30.49254608	0.90680266	0.1067425727958696	0.0994541	0.02861
-0.0115	-1.0944	0.1683	0.01891936909161853	-0.0020856684561332234	-0.0009599310885968812	1.02133584	30.68354988	0.9067966	0.041450245035569766	0.0987877	0.02795
-0.016	-1.0782	0.1913	0.018879226518822664	-0.0017959438003021652	-0.0007068583470577034	1.00120604	30.07880211	0.91237375	0.07284699850830509	0.0973611	0.0277
-0.0057	-1.0921	0.1786	0.01856681258271568	-0.0019390607989657003	-0.0008307767239493009	1.02801037	30.88407326	0.9217153	0.06587246558310587	0.0982493	0.02785
-0.0073	-1.1033	0.1577	0.018463838156848014	-0.002282890661608583	-0.0011990411961201044	1.01191568	30.40054512	0.92367007	0.07445343803406752	0.099206	0.02827
-0.0249	-1.0304	0.1997	0.01827359726838063	-0.002001892652037496	-0.0010175269539126942	1.08945918	32.73015213	0.99562176	0.16513765701229405	0.0932661	0.02632
-0.0147	-1.0854	0.1919	0.01833817445070442	-0.0016074482410867775	-0.0008761552845011534	1.073843	32.26100159	0.95020419	0.10301966313430244	0.0974336	0.02895
-0.0082	-1.1405	0.1584	0.019280652246781358	-0.0018849555921538759	-0.0008779006137531476	1.04106462	31.27625656	0.95500715	0.15618652381980164	0.103085	0.03147
-0.0137	-1.1137	0.1631	0.01949183708627267	-0.0020176006153054447	-0.0008848819307611251	1.00200284	30.10273743	0.89847313	0.0545405589825431	0.101465	0.0303
-0.0163	-1.0904	0.1849	0.01935395607536512	-0.0018570303241219666	-0.0007679448708775049	1.0407666	31.26730156	0.91984362	0.0684694180987324	0.0991477	0.02889
-0.0014	-1.1309	0.1571	0.019441222537964837	-0.0017540558982543013	-0.00062482787221397	1.05198669	31.60438347	0.93862254	0.09986789435654592	0.102019	0.03001
0.008	-1.1187	0.1422	0.019357446733869108	-0.0018989182261698304	-0.0009145525280450286	1.04015148	31.24882317	0.92819351	0.0624181393921158	0.100728	0.02919
-0.003	-1.0927	0.1621	0.01955466893934447	-0.0016388641676226754	-0.0007976154681614085	1.01565611	30.51291847	0.93318719	0.08561066619530691	0.100778	0.02905
0.0093	-1.1051	0.1862	0.01944296786721683	-0.001158898623324235	-0.000296705972839036	1.03573143	31.11603165	0.971846	0.1034288055874226	0.103618	0.03067
0.0208	-1.151	0.1592	0.019896753472735354	-0.001239183768915974	-0.0002548180707911721	1.00575078	30.21533775	0.94460328	0.1131979326579063	0.106315	0.03223
0.0216	-1.1352	0.1509	0.01972396587678792	-0.0013316862192716734	-0.0004433136300065597	0.99922478	30.01927948	0.90439397	0.04758928027592611	0.104256	0.0312
0.0109	-1.1172	0.1786	0.019479619781508715	-0.0012897983172238095	-0.000460766922526503	1.02548528	30.80821037	0.93082098	0.07158436449235057	0.102764	0.03079
0.0249	-1.1163	0.195	0.019252726978749447	-0.0009389871375729493	-0.0004328416544945937	0.97865641	29.40135193	0.8965298	0.061581462522101775	0.102655	0.03067
0.0381	-1.1634	0.1674	0.020071286397934786	-0.000932005820564972	0.00012042771838760874	1.02539694	30.80555916	0.94019656	0.15684050545377587	0.107992	0.03415
0.03	-1.1526	0.1573	0.020139354238762567	-0.0013840460968315032	-0.00027576202181510406	0.97528678	29.3001194	0.88638767	0.07481489286485113	0.106205	0.03275
0.0175	-1.1245	0.1885	0.019908970777499316	-0.001361356816555577	-0.0003525565089028545	0.97008628	29.14388275	0.89485221	0.08829336143134636	0.103767	0.03137
0.0354	-1.1402	0.1967	0.01989849880198735	-0.0009389871375729493	-5.235987755982989e-05	0.98683608	29.64709091	0.90029344	0.07845191429188107	0.10529	0.03305
0.0422	-1.1805	0.1699	0.02057917721026514	-0.0009512044423369096	0.00012740903539558605	0.99114978	29.77668571	0.91385044	0.11753323129985836	0.109861	0.0354
0.0654	-1.1401	0.1324	0.019823449644151593	-0.00035430183815484887	-0.00037524578917878077	1.00168502	30.09319115	0.9404474	0.1938642497434989	0.102543	0.03175
0.0516	-1.121	0.1486	0.019847884253679515	-0.000460766922526503	-0.0003385938748868999	1.01198113	30.4025135	0.9129256	0.05747758040957274	0.101519	0.03055
0.0444	-1.1062	0.1794	0.01973618318155188	-0.0005026548245743669	-7.67944870877505e-05	1.06393206	31.96325302	0.93993322	0.07356941809873238	0.101646	0.03038
0.0373	-1.1512	0.1525	0.02015506220203052	-0.000895353906273091	7.155849933176751e-05	1.05261433	31.62323761	0.93034002	0.12699655442984406	0.106815	0.03278
0.0509	-1.1371	0.1402	0.019573867561116405	-0.0009075712110370514	-0.0002652900463031381	1.05744827	31.76846313	0.93849042	0.086513024565649	0.104484	0.03151
0.0466	-1.1086	0.1788	0.018783233409962973	-0.0007627088831215222	-0.00014137166941154068	1.07218778	32.21127319	0.95454988	0.1243707427980279	0.101761	0.03055
0.0803	-1.1194	0.1626	0.01823869068334074	-0.00024609142453120044	5.93411945678072e-05	1.06531	32.00465012	0.96144945	0.12379365245959506	0.102215	0.03084
0.0901	-1.1287	0.1433	0.01850398072964388	-0.0002495820830351891	-2.96705972839036e-05	1.06098056	31.87458229	0.92324539	0.05628962483294204	0.102906	0.03151
0.0762	-1.119	0.1528	0.018702948264371237	-0.0005253441048502931	-0.0002530727415391778	1.18773532	35.682621	0.96365927	0.0680065850398868	0.102614	0.03085
0.0508	-1.1216	0.1952	0.019004890224966254	-0.0005585053606381855	-4.18879020478639e-05	1.20223713	36.11828995	0.98586756	0.09771440279371112	0.103501	0.03181
0.0421	-1.1203	0.2009	0.018969983639926365	-0.0006928957130417488	-8.203047484373349e-05	1.05499935	31.69488907	0.92099851	0.02617197551196595	0.103499	0.03174
0.044	-1.1592	0.1788	0.01938711733115301	-0.0010402162341886204	-0.0002897246558310587	1.06055152	31.86169243	0.93501749	0.11150741966804206	0.106865	0.03336
0.049	-1.1373	0.1704	0.019195131113433638	-0.0011990411961201044	-0.0005305800926062762	1.03049397	30.95868492	0.91557917	0.0648833308213037	0.104127	0.03141
0.0359	-1.1122	0.2038	0.01933824811209717	-0.001069886831472524	-0.00012217304763960306	1.00934637	30.32335854	0.92563001	0.10563392041388922	0.10263	0.03077
0.0345	-1.1238	0.2017	0.019390607989657003	-0.0009896016858807848	-9.773843811168246e-05	0.97163737	29.19048119	0.88897899	0.022953981633974448	0.103846	0.03158
