trans_x	trans_y	trans_z	rot_x	rot_y	rot_z	dvars_std	dvars_nstd	dvars_vstd	framewise_displacement	aqi	aor
0.0	-0.0	0.0	-0.0	0.0	-0.0	n/a	n/a	n/a	n/a	0.0458233	0.03455
0.0035	-0.0054	0.0137	0.0006649704450098395	0.00012740903539558605	-4.537856055185256e-05	1.28530872	34.6913681	1.28622064	0.06448790204786391	0.0406928	0.0185
0.0111	0.0771	0.0521	-0.00039269908169872416	0.00029496064358704166	0.00012740903539558605	1.2118504	32.70867538	1.20553419	0.19840043654237288	0.0460805	0.02197
0.0239	-0.01	0.0131	-0.00010297442586766544	0.0006562437987498679	0.0001308996938995747	1.1833992	31.94075775	1.15808391	0.1716249234748937	0.0394626	0.01529
0.0377	-0.0666	0.0197	0.0006370451769779302	0.0007871434926494425	3.4906585039886588e-06	1.18726194	32.04501724	1.09282618	0.1269164166070378	0.0384668	0.01198
0.0397	-0.0145	0.0191	0.0007243116395776468	0.0007871434926494425	-6.806784082777885e-05	1.14748585	30.97143364	1.05256519	0.06264124809657422	0.0363539	0.01
0.0388	-0.0028	0.0036	0.0009040805525330626	0.0007592182246175333	-7.853981633974481e-05	1.08296573	29.22999191	1.00858602	0.03900830782496456	0.0334885	0.007
0.0257	0.0435	0.0115	0.00043458698374658803	0.0004258603374866164	5.585053606381854e-05	1.11965978	30.22038841	1.04226488	0.11416209041604775	0.0347776	0.00873
0.0312	0.0081	-0.0565	0.000645771823237902	0.0005323254218582705	-2.792526803190927e-05	1.14740717	30.96930885	1.08274272	0.1289712863979348	0.0283375	0.00353
0.0375	-0.0379	-0.0619	0.0013648474750595659	0.0006579891280018621	-6.981317007977319e-05	1.0570339	28.53007126	0.98852761	0.10203136300065596	0.027011	0.00231
0.0382	-0.0131	-0.0731	0.001647590813882647	0.0006021385919380437	-0.00011170107212763708	1.09277141	29.4946537	1.00219674	0.05572408884673818	0.0263554	0.00165
0.0391	-0.0158	-0.0758	0.001839577031602023	0.0006073745796940267	-9.948376736367679e-05	1.09414053	29.53160477	0.99882647	0.01677197551196598	0.0258577	0.00182
0.0393	-0.0291	-0.0696	0.0018343410438460403	0.0005951572749300663	-0.0001256637061435917	1.10966182	29.95053482	1.00447912	0.021881661564992917	0.0266274	0.002
0.0416	-0.0113	-0.0702	0.0020001473227855013	0.0006283185307179585	-0.00010821041362364843	1.09167314	29.46500969	0.99127238	0.03152104136236483	0.0265484	0.00186
0.0417	-0.0273	-0.0724	0.0022322761133007477	0.0006859143960337716	-0.0001308996938995747	1.08115399	29.1810894	0.99572929	0.0339206968053493	0.0273597	0.00214
0.0372	-0.0078	-0.0556	0.001839577031602023	0.0006527531402458793	-8.552113334772214e-05	1.08371639	29.25024986	0.99287816	0.0643619449019235	0.0290313	0.0035
0.0431	-0.049	-0.0835	0.0020525072003453313	0.0007941248096574199	-4.886921905584123e-05	1.07404006	28.98908043	0.99210723	0.09454768762233648	0.027594	0.00267
0.0473	-0.057	-0.0773	0.0026110125609835172	0.0009354964790689606	-0.00014311699866353502	1.04526198	28.21234131	0.95516864	0.05810624048287103	0.0273941	0.00234
0.0491	-0.0369	-0.0775	0.0027628562059070234	0.0010192722831646884	-0.0002007128639793479	1.08265042	29.22147942	0.98415297	0.036760765716752346	0.0263722	0.00193
0.0501	-0.0495	-0.0831	0.0031171580440618727	0.0010192722831646884	-0.00028099800957108706	1.09660912	29.59823608	1.02471541	0.04092934918732941	0.0244198	0.00117
0.052	-0.059	-0.1037	0.00334579617607313	0.0010681415022205296	-0.0003316125578789226	1.09777141	29.62960625	1.02602314	0.0484060949687467	0.0221568	0.00066
0.0499	-0.0581	-0.1282	0.0035342917352885177	0.0010471975511965976	-0.00033335788713091696	1.0996474	29.68024063	1.01241616	0.03805924197456571	0.0206953	0.00028
0.0449	-0.0117	-0.1178	0.002885029253546627	0.0009564404300928925	-0.00014311699866353502	1.14135993	30.8060894	1.06343577	0.10831302456564888	0.022113	0.00037
0.0533	-0.0591	-0.1698	0.0030421088862261168	0.0011187560505283654	-0.00019024088846738194	1.17810595	31.79789162	1.09121461	0.12612595714594046	0.0190006	0.00014
0.0647	-0.0911	-0.1532	0.003316125578789226	0.001282817000215832	-0.00020769418098732522	1.04771042	28.27842522	0.97275836	0.08277654673852594	0.0207562	0.00035
0.0647	-0.0598	-0.1547	0.0034016467121369483	0.001228711793404008	-0.00021642082724729686	1.05167532	28.38544083	0.97003123	0.040217649320975914	0.0205032	0.00031
0.0594	-0.0751	-0.1723	0.003954916085019151	0.0011606439525762293	-0.0003211405823669566	1.01788509	27.47341919	0.93980253	0.07450284844148204	0.0189689	0.00022
0.0583	-0.0693	-0.1685	0.0038170350741115982	0.0011641346110802177	-0.0002652900463031381	1.02750909	27.73317909	0.95250647	0.02056111027376797	0.0193968	0.00013
0.0479	-0.0316	-0.1736	0.003576179637336381	0.0010559241974565693	-0.00020943951023931956	1.02070963	27.54965591	0.95373282	0.0734458193231342	0.018569	0.00012
0.0562	-0.1032	-0.1937	0.0039287361462392355	0.001192059879112127	-0.00026878070480712676	1.09449923	29.54128838	1.02064772	0.127401669256311	0.017688	7e-05
0.0639	-0.0736	-0.1649	0.003495894491744642	0.0012932889757277981	-0.00026878070480712676	1.08450055	29.27141762	0.98468385	0.09280353755551327	0.0193112	0.00013
0.0626	-0.0553	-0.1703	0.003555235686312449	0.0012514010736799342	-0.00029496064358704166	1.07414043	28.99179077	0.98571178	0.03137045176977931	0.0193492	0.0002
0.0648	-0.0637	-0.1841	0.003961897402027128	0.0012793263417118436	-0.00030368728984701333	1.07536554	29.02485657	0.98926893	0.04656568150032803	0.0190988	0.00021
0.0672	-0.045	-0.188	0.0036180675393842456	0.0013578661580515882	-0.000317649923862968	1.05219889	28.39957237	0.96394472	0.0468166156499291	0.01969	0.00027
0.0668	-0.0182	-0.1901	0.003225368457685521	0.0014329153158873448	-0.0002024581932313422	1.1036669	29.78872871	1.01034225	0.05844699850830533	0.0218862	0.00023
0.0657	-0.0039	-0.2114	0.002808234766458876	0.001408480706359424	-1.9198621771937625e-05	1.13534224	30.64366913	1.04879067	0.06794139361069854	0.02012	0.00019
0.0715	-0.1136	-0.2234	0.0035046211380046137	0.0014119713648634124	-0.0001361356816555577	1.16889918	31.54939461	1.10354374	0.16834070449666727	0.0185305	0.00032
0.078	-0.0882	-0.2058	0.0035046211380046137	0.0014974924982111347	-0.00017802358370342162	1.04137373	28.10739517	0.96360287	0.0558704517697793	0.0194554	0.00025
0.0789	-0.0541	-0.2034	0.003307398932529255	0.0016301375213627037	-0.0001308996938995747	1.06321073	28.6967907	0.98061023	0.05624955592153874	0.0198929	0.00024
0.0724	-0.0108	-0.2119	0.0029722957161463434	0.0015812683023068625	-5.235987755982988e-06	1.04776657	28.27994156	0.97092133	0.08378180707911721	0.0186649	0.00017
0.0811	-0.0858	-0.2375	0.0032724923474893677	0.001726130630222392	-5.4105206811824215e-05	1.07696867	29.06812477	1.01182735	0.13399640891571973	0.0177889	0.00015
0.0886	-0.0674	-0.2251	0.0037367499285198597	0.0018552849948699724	-5.235987755982988e-06	1.03329837	27.88943481	0.96431893	0.07041405823669566	0.0182064	0.00019
0.0876	-0.0341	-0.2113	0.0035447637108004834	0.0018343410438460403	-1.5707963267948964e-05	1.0412066	28.10288429	0.96285198	0.059270107212763726	0.0181674	0.00018
0.0776	0.0231	-0.206	0.002960078411382383	0.0016231562043547262	8.901179185171081e-05	1.04526436	28.21240616	0.9805756	0.11752949470145373	0.0187064	0.00014
0.0764	-0.0467	-0.2763	0.003452261260444784	0.0017889624832941875	2.6179938779914945e-05	1.12630236	30.39967537	1.06831321	0.1773410490536829	0.0163967	1e-05
0.0886	-0.134	-0.2641	0.004209734155810323	0.0019757127132575807	-3.490658503988659e-05	1.1093601	29.94239426	1.04250278	0.1619654824574367	0.0166653	6e-05
0.0928	-0.0717	-0.2453	0.0040613811693908045	0.0020594885173533086	-6.45771823237902e-05	1.04723465	28.26558495	0.97736523	0.0983899693899575	0.0172248	9e-05
0.0837	-0.0079	-0.2291	0.0033021629447732717	0.0017575465567582897	9.075712110370512e-05	1.07964361	29.14032364	1.00522716	0.14992472443200233	0.0190868	7e-05
0.0788	-0.0409	-0.2612	0.003214896482173555	0.0017278759594743865	8.028514559173915e-05	1.12611723	30.39468002	1.04019638	0.07637045176977926	0.0166129	7e-05
0.0912	-0.1333	-0.2527	0.003968878719035105	0.002049016541841343	2.094395102393195e-05	1.13738704	30.69886017	1.06494474	0.17002320068981575	0.017189	4e-05
0.0919	-0.0555	-0.2417	0.0039235001584832525	0.002061233846605303	1.7453292519943294e-06	1.1272366	30.42489243	1.04095146	0.09333972435438752	0.0176753	9e-05
0.082	-0.0129	-0.2475	0.0035953782591083183	0.0018709929581379211	9.599310885968811e-05	1.15806186	31.25688744	1.05485752	0.08893052837250048	0.017651	0.00012
0.0853	-0.096	-0.2886	0.004221951460574283	0.0019669860669976093	-4.18879020478639e-05	1.20783794	32.60037613	1.10647431	0.17052236606166027	0.0160915	0.00011
0.091	-0.0761	-0.2746	0.004721115626644662	0.002097885760897184	-0.0001291543646475804	1.12165844	30.27433205	1.03370613	0.0754665161284835	0.0171342	0.00015
0.0849	-0.0203	-0.2693	0.004290019301402062	0.0019285888234537342	-5.585053606381854e-05	1.15111804	31.06946754	1.05229312	0.1008848545634906	0.017193	0.00011
0.0759	-0.0311	-0.2949	0.003961897402027128	0.0018483036778619948	-1.2217304763960308e-05	1.17679167	31.76241684	1.06588336	0.0680020138133266	0.016534	0.00013
0.08	-0.1095	-0.303	0.004485496177625427	0.0019181168479417679	-0.00012217304763960306	1.1822145	31.90878296	1.08100084	0.1257683844276857	0.0163457	0.00011
0.081	-0.0879	-0.285	0.004679227724596798	0.0019006635554218248	-0.00010821041362364843	1.13920867	30.7480278	1.02859901	0.05185737367536344	0.0168636	0.00017
0.0708	-0.0362	-0.2769	0.004082325120414737	0.001726130630222392	-9.42477796076938e-05	1.17655361	31.75599289	1.04696633	0.10926990816987242	0.0164713	5e-05
0.0695	-0.0377	-0.2936	0.003675663404700058	0.0016406094968746698	-2.094395102393195e-05	1.17719316	31.77325439	1.05203311	0.047774333882308166	0.0162753	8e-05
0.0769	-0.1265	-0.2946	0.004333652532701919	0.0018448130193580064	-3.316125578789226e-05	1.19672537	32.30044174	1.09284849	0.14092049776245782	0.0155292	7e-05
0.0773	-0.0633	-0.2734	0.004335397861953915	0.0018989182261698304	-4.886921905584123e-05	1.15515888	31.17853355	1.049	0.08837792496658843	0.0157076	4e-05
0.0733	-0.0216	-0.2845	0.004136430327226561	0.0018064157758141308	-4.18879020478639e-05	1.16951752	31.56608391	1.03260459	0.07172256510455154	0.0165372	4e-05
0.0828	-0.1117	-0.3122	0.0046478117980608994	0.0019425514574696887	-0.00015707963267948963	1.23050511	33.21218109	1.10560977	0.16543544415607608	0.0153997	2e-05
0.0861	-0.0666	-0.2874	0.0044436082755775624	0.001996656664281513	-0.00012217304763960306	1.15462613	31.16415405	1.04293576	0.08786076571675237	0.0154135	5e-05
0.0834	-0.0346	-0.2989	0.004248131399354198	0.002007128639793479	-4.71238898038469e-05	1.12659526	30.40758133	1.01495234	0.06024990047855436	0.0155309	6e-05
0.096	-0.0699	-0.2964	0.00420449816805434	0.0022427480888127134	-5.585053606381854e-05	1.13616121	30.66577148	1.01865357	0.06479896632895321	0.0179569	7e-05
0.089	0.0064	-0.2813	0.003996803987067014	0.002143264321449037	2.094395102393195e-05	1.18444395	31.9689579	1.06824238	0.11759862177193763	0.0177432	9e-05
0.0925	0.0284	-0.2805	0.003960152072775134	0.0021642082724729686	0.00012042771838760874	1.20249403	32.45614243	1.05067607	0.03415398163397442	0.0192115	0.0001
0.0968	-0.0988	-0.3327	0.0043703044469938016	0.0024015730507441976	8.901179185171081e-05	1.25158834	33.78123093	1.14738207	0.21764665395128968	0.0164348	0.0001
0.0995	-0.1369	-0.3123	0.004049163864626845	0.002452187599052033	-4.537856055185256e-05	1.1564194	31.21255493	1.03246489	0.08650727415391776	0.016337	5e-05
0.1013	-0.0542	-0.3013	0.003577924966588375	0.0024486969405480446	4.18879020478639e-05	1.19923973	32.36830521	1.07355618	0.12359980095710872	0.0181229	5e-05
0.0917	-0.0117	-0.3297	0.0034766958699727043	0.0023003439541285265	0.00011693705988362007	1.1947757	32.24781799	1.06889691	0.09673156204354723	0.0176218	7e-05
0.0969	-0.0888	-0.3568	0.0038990655489553323	0.0023771384412162766	6.632251157578452e-05	1.18737173	32.04798126	1.07970023	0.13688893571891067	0.0180194	2e-05
0.1021	-0.0744	-0.33	0.003902556207459321	0.0024486969405480446	2.4434609527920616e-05	1.11652291	30.13572311	1.02115666	0.05224685299418103	0.0176309	5e-05
0.0912	0.0039	-0.3071	0.0036547194536761256	0.0022113321622768156	9.948376736367679e-05	1.12975454	30.49285126	1.04517241	0.14011253449450903	0.0188699	0.0001
0.081	0.0205	-0.3341	0.0036704274169440743	0.0019495327744776662	0.00013962634015954637	1.20322311	32.47581863	1.06219071	0.06968249619314841	0.0192484	0.00011
0.0921	-0.0837	-0.3582	0.004068362486398782	0.002230530784048753	3.316125578789226e-05	1.25296605	33.8184166	1.1430298	0.17866990816987247	0.0196226	0.0001
0.0967	-0.0803	-0.3382	0.0044593162388455124	0.0022968532956245376	-5.759586531581287e-05	1.16602182	31.47173309	1.03357584	0.05540166925631101	0.0166245	7e-05
0.1017	-0.0525	-0.3229	0.004190535534038385	0.0022968532956245376	-5.4105206811824215e-05	1.10401094	29.79801559	1.0041558	0.06171356816555578	0.018159	8e-05
0.1008	-0.047	-0.3325	0.004150392961242515	0.002310815929640492	-0.00010995574287564276	1.12201405	30.28393173	1.00729761	0.02149778714378213	0.0183535	2e-05
0.0921	-0.0286	-0.3184	0.00400727596257898	0.002178170906488923	4.0142572795869576e-05	1.09036696	29.42975426	0.99579278	0.062493016874330815	0.0175639	5e-05
0.0921	-0.0429	-0.3682	0.004122467693210606	0.0022427480888127134	3.490658503988659e-05	1.16975594	31.5725193	1.06940403	0.07335024503556999	0.0189978	9e-05
0.0974	-0.124	-0.3567	0.004686209041604775	0.0023352505391684127	-5.4105206811824215e-05	1.19405413	32.22834396	1.09493446	0.13516277953007896	0.0181262	6e-05
0.0968	-0.0666	-0.3424	0.0043039819354180175	0.00231779724664847	-4.363323129985824e-05	1.18080282	31.87067986	1.04743132	0.09280761871093336	0.017312	7e-05
0.0891	-0.0255	-0.3325	0.003824016391119576	0.002171189589480946	8.726646259971648e-06	1.13695931	30.68731499	1.03753059	0.09264665395128976	0.0169274	8e-05
0.0916	-0.0798	-0.3878	0.0041381756564785556	0.002261946710584651	-0.00011519173063162575	1.18282664	31.92530632	1.0800103	0.13854173816771406	0.0169954	3e-05
0.0973	-0.0692	-0.3599	0.003926990816987242	0.002366666465704311	-0.00011519173063162575	1.11987209	30.22612	1.0163444	0.05999522973054867	0.0167497	6e-05
0.1002	0.0092	-0.2981	0.0007906341511534313	0.002438224965036078	0.00016929693744344995	1.38086069	37.27038193	1.33023686	0.3177201916620327	0.027864	0.00091
0.0973	0.1053	-0.2589	-0.0006318091892219474	0.002251474735072685	0.0003874630939427412	1.27040005	34.28897095	1.18301705	0.22956798634190312	0.0354714	0.00377
0.1089	-0.0021	-0.2063	0.0012636183784438947	0.0028431413514987624	0.00018675022996339323	1.40431499	37.90342712	1.38007342	0.3059903524035634	0.0263854	0.00062
0.1194	0.0122	-0.1461	0.0010053096491487337	0.0031171580440618727	0.0002652900463031381	1.26010001	34.01096725	1.21336343	0.11554326190990084	0.0303625	0.0013
0.1157	0.0393	-0.2217	-0.0009756390518648303	0.0033597588100890844	0.0003682644721708035	1.39110351	37.54684067	1.39709109	0.2227261946454221	0.0381438	0.00569
0.1093	0.0664	-0.2485	-0.0009546951008408983	0.003145083312093782	0.0004625122517784973	1.16757071	31.51353836	1.05058691	0.07679336143134638	0.0371375	0.00489
0.1138	-0.0322	-0.3136	0.00015184364492350666	0.0033562681515850955	0.0003106686068549907	1.22592568	33.08857727	1.14736616	0.24167836150896124	0.033769	0.00408
0.1189	-0.022	-0.313	0.0004415683007545654	0.0034033920413889425	0.0002530727415391778	1.12459147	30.35349846	1.0098104	0.03562222054753593	0.032626	0.00308
0.1232	0.008	-0.3467	0.0006056292504420323	0.0035046211380046137	0.0002530727415391778	1.12681472	30.41350555	1.01636592	0.08126450231515692	0.0334837	0.00274
0.1229	0.0319	-0.3631	0.0004188790204786391	0.0034871678454846703	0.00032463124087094524	1.14027381	30.77677345	1.04017943	0.054388101090755175	0.0351381	0.00295
0.1262	-0.0183	-0.3774	0.000148352986419518	0.003497639820996636	0.00027925268031909274	1.15271413	31.11254883	1.05444291	0.084118828506147	0.0357351	0.00469
0.1273	0.0036	-0.3626	4.18879020478639e-05	0.0034417892849328176	0.0003630284844148205	1.10440552	29.80866432	1.00704496	0.05010457122656004	0.036153	0.0038
0.1188	0.0856	-0.339	-0.0005916666164260777	0.0032445670794574587	0.00041713369122664475	1.18870926	32.08407974	1.08529882	0.1583440965380562	0.0378267	0.00437
0.1241	-0.0024	-0.4098	-0.00013439035240356338	0.003485422516232676	0.0004206243497306334	1.23562849	33.35046387	1.13226684	0.199181117965086	0.0388865	0.00663
0.129	-0.0533	-0.4033	0.00017453292519943296	0.0035953782591083183	0.00037524578917878077	1.15226662	31.10046768	1.03998418	0.08551287905152458	0.0376932	0.00539
0.129	-0.0161	-0.395	0.0003351032163829112	0.003563962332572421	0.0003159045946109737	1.12104619	30.25780869	1.02057009	0.05806637061435911	0.0357682	0.0041
0.1257	0.0307	-0.3803	0.00028797932657906436	0.0035133477842645856	0.0003874630939427412	1.14840007	30.9961071	1.04298232	0.07326484687217248	0.0358414	0.0031
0.125	0.0604	-0.385	-0.00017453292519943296	0.0034365532971768345	0.0005131268000863328	1.14896595	31.01138306	1.04280136	0.068348522250492	0.0392741	0.00499
0.1264	-0.0081	-0.4312	0.0003316125578789226	0.0036966073557239895	0.0003769911184307752	1.17169547	31.62486649	1.07593486	0.16121676116405345	0.0392036	0.00547
0.1259	-0.0132	-0.4145	0.0007679448708775049	0.003675663404700058	0.00030194196059501896	1.09253311	29.48822021	1.00251164	0.048916271092913535	0.0365971	0.0038
0.1251	0.0211	-0.4101	0.0008080874436733745	0.0036931166972200015	0.00034557519189487725	1.00710058	27.18233681	0.93947005	0.04456145483078353	0.0371401	0.00382
0.1182	0.0758	-0.402	0.00045553093477052	0.0034627332359567498	0.00040317105721069014	1.13169301	30.54517365	1.02644097	0.10172679177409596	0.0381674	0.00465
0.1226	-0.0232	-0.439	0.0006667157742618339	0.003581415625092364	0.0004380776422505767	1.2083596	32.61445618	1.12859546	0.15863869068334072	0.0396355	0.00613
0.1269	-0.0505	-0.4405	0.0011484266478122688	0.003824016391119576	0.0003106686068549907	1.13896859	30.74154472	1.01537063	0.07568603374866166	0.0370309	0.00483
0.1277	-0.0178	-0.4287	0.001090830782496456	0.0038501963298994907	0.0002670353755551324	1.07046747	28.89265442	0.97239868	0.05167045176977928	0.0355549	0.004
0.1232	0.0444	-0.4083	0.0007155849933176752	0.003661700770684103	0.0003700098014227979	1.11577845	30.11562729	1.03040568	0.12043578871309174	0.036747	0.00346
0.1233	-0.0065	-0.4627	0.0011065387457644049	0.0037524578917878084	0.00038397243543875244	1.15015781	31.04355049	1.05582391	0.13018367537831949	0.0369572	0.00507
0.1244	-0.0807	-0.4791	0.0018832102629018814	0.003963642731279122	0.00027750735106709843	1.14517045	30.90893936	1.05384202	0.14641607205002224	0.0348938	0.00461
0.123	-0.0395	-0.4515	0.001970476725501598	0.0038536869884034796	0.00035081117965086024	1.12015116	30.23365211	1.02282244	0.08372630170295604	0.0331682	0.00278
0.108	0.0243	-0.4499	0.0019879300180215415	0.0035377823937925057	0.00032463124087094524	1.15161419	31.08285904	1.05896314	0.09837689129554159	0.0320178	0.00173
0.1048	-0.0764	-0.5062	0.0031468286413457764	0.0035150931135165793	0.00018151424220741024	1.20348561	32.48290634	1.11987425	0.2264352451131848	0.0309979	0.00155
0.0918	-0.1065	-0.5293	0.004855505979048225	0.003235840433197487	-4.537856055185256e-05	1.14365721	30.8680954	1.0696268	0.17694114103904018	0.0280762	0.00053
0.0886	-0.0778	-0.5227	0.004569271981721155	0.003082251459021986	8.726646259971648e-06	1.10729825	29.88674355	0.99854618	0.06319640891571972	0.0276827	0.00051
0.0861	-0.0518	-0.5136	0.003837979025135531	0.0029967303256742636	0.00010297442586766544	1.13403821	30.60847092	1.0370406	0.08315309347705209	0.0293612	0.00059
0.0894	-0.1339	-0.5457	0.00436157780073383	0.003134611336581816	8.028514559173915e-05	1.13550162	30.6479702	1.04528812	0.15170845333908892	0.029127	0.00124
0.0865	-0.113	-0.5358	0.004433136300065597	0.0031049407392979124	5.235987755982988e-06	1.05131018	28.37558556	0.96411542	0.04251391272257124	0.0287085	0.00078
0.0819	-0.0741	-0.5128	0.004110250388446646	0.003038618227722128	0.00011344640137963142	1.10886192	29.92894554	1.01736144	0.09137094184091923	0.02761	0.0006
0.0776	-0.0654	-0.5223	0.003867649622419434	0.0029129545215785357	0.0001256637061435917	1.12595594	30.39032555	1.01421216	0.04152408884673816	0.0290413	0.0009
0.083	-0.1401	-0.5437	0.004230678106834255	0.003152064629101759	0.00010995574287564276	1.13439643	30.61814117	1.03718346	0.13239232776029963	0.030587	0.00148
0.0888	-0.091	-0.5214	0.00394269878025519	0.0032079151651655774	0.00010821041362364843	1.08098221	29.17645454	0.9909511	0.09447875959474386	0.0322782	0.00098
0.0898	-0.0553	-0.4964	0.0035342917352885177	0.0032061698359135836	0.0001832595714594046	1.09135544	29.45643616	1.00490868	0.08596007660272108	0.03081	0.00092
0.0889	0.0058	-0.4757	0.002754129559647052	0.00312413936106985	0.00021118483949131387	1.20083153	32.41127014	1.0874876	0.12720589592585543	0.0312505	0.0012
0.1117	-0.0748	-0.3471	0.002253220064324679	0.0037803831598197174	0.0002705260340591211	1.392452	37.58323669	1.35685442	0.2928247244320023	0.0289783	0.00085
0.1176	0.017	-0.2816	0.002090904443889207	0.0040282199136029125	0.00028797932657906436	1.22340572	33.02056122	1.16749591	0.18458028333693047	0.028614	0.00035
0.1128	-0.0438	-0.3174	0.002038544566329377	0.0040055306333269865	0.0003211405823669566	1.10095441	29.71551704	1.02416393	0.1068105206811824	0.0273063	0.00057
0.109	-0.0123	-0.3136	0.0017051866791984597	0.0038484510006474965	0.0005009094953223725	1.08920956	29.3985157	0.99966622	0.07261032163829116	0.0290391	0.00044
0.1104	-0.0319	-0.3667	0.0016790067404185449	0.003944444109507185	0.0005096361415823442	1.15997267	31.30846024	1.06731681	0.08064498469497876	0.0313619	0.00114
0.1136	-0.113	-0.386	0.0024120450262561633	0.003974114706791089	0.0003630284844148205	1.14721787	30.96419907	1.06709541	0.1490658270144523	0.0291472	0.00132
0.1151	-0.0829	-0.3812	0.0024748768793279594	0.003961897402027128	0.00034033920413889426	1.08251095	29.21771431	0.98781805	0.04128692190558417	0.028304	0.00076
0.1101	-0.0286	-0.3694	0.0027628562059070234	0.003701843343479973	0.0003874630939427412	1.11072648	29.97927284	1.02038673	0.10085786374650328	0.0268561	0.00027
0.0999	0.0015	-0.4015	0.0026790804018112955	0.003239331091701475	0.00034208453339088857	1.1904577	32.13127136	1.06720894	0.10198333082130392	0.0276305	0.00028
0.1019	-0.102	-0.4137	0.002513274122871834	0.003415609346152903	0.000450294947014537	1.20524085	32.53028107	1.10167511	0.14021474735072684	0.0280753	0.0011
0.1077	-0.1035	-0.4031	0.0027942721324429216	0.0036250488563922224	0.00035604716740684323	1.05224371	28.40078354	0.96581639	0.047134264970905046	0.0270182	0.00074
0.1073	-0.0578	-0.3865	0.0027523842303950577	0.003661700770684103	0.00040666171571467877	1.09130919	29.45518494	0.99997088	0.069157718232379	0.0267829	0.00037
0.101	0.0038	-0.3833	0.0026267205242514655	0.003467969223712733	0.00040317105721069014	1.14701438	30.95870781	1.04520953	0.08724429558094758	0.0257816	0.00023
0.1	-0.0659	-0.4409	0.0029792770331543207	0.0035674529910764093	0.0003822271061867582	1.1625576	31.37822914	1.07504991	0.1519492113645232	0.0268852	0.00049
0.1052	-0.0869	-0.4398	0.0032916909692613052	0.003640756819660172	0.0003438298626428829	1.03293836	27.87971687	0.95144076	0.04850575041173112	0.0273185	0.00051
0.1065	-0.0638	-0.4257	0.003199188518905606	0.0036948620264719957	0.00034033920413889426	1.06042528	28.62160873	0.97030268	0.046004915783575594	0.0265597	0.00036
0.1034	-0.0463	-0.4291	0.0033318335420571745	0.0036250488563922224	0.0003630284844148205	1.05115616	28.37142944	0.95836181	0.03525737367536336	0.026649	0.00036
0.097	-0.0365	-0.4452	0.0031695179216217023	0.0033527774930811067	0.0004468042885105483	1.08703291	29.33976555	1.00172772	0.0582181393921158	0.0276574	0.0005
0.0967	-0.1317	-0.4941	0.0036582101121801144	0.003576179637336381	0.0003298672286269283	1.16736984	31.50811577	1.07440135	0.18585156973486527	0.0298387	0.00141
0.0972	-0.1186	-0.4816	0.004024729255098924	0.0034819318577286873	0.0002844886680750757	1.07409894	28.99067116	0.98250897	0.05140727415391782	0.0271713	0.00078
0.1072	-0.0788	-0.3961	0.004052654523130833	0.0036041049053682902	0.000312413936106985	1.16771734	31.5174942	1.14041358	0.14420117918517103	0.0240736	0.00023
0.1099	0.0631	-0.2356	0.0017819811662862105	0.0030560715202420713	0.0005445427266222308	1.47424412	39.79086304	1.44284855	0.4576417766243044	0.0267373	0.00039
0.1099	-0.0937	-0.3248	0.0027419122548830916	0.003270747018237374	0.00041015237421866745	1.34452713	36.289711	1.28788825	0.3114498469497873	0.0231838	0.00016
0.1074	-0.1143	-0.2971	0.002331759880664424	0.0033859387488689996	0.00040840704496667313	1.06718445	28.80404282	0.97660183	0.07715447170511439	0.0237384	0.00031
0.1075	-0.0788	-0.2987	0.0021101030656611444	0.0033283428835531865	0.0003682644721708035	1.03710401	27.99215126	0.95018168	0.05316976265574815	0.0249497	0.00031
0.0979	-0.05	-0.3152	0.002090904443889207	0.0032079151651655774	0.00041713369122664475	1.03326225	27.88845825	0.95508175	0.06432477796076934	0.0240226	0.00023
0.0847	-0.0066	-0.3232	0.0018081611050661253	0.002804744107954888	0.0005462880558742252	1.05399191	28.44796753	0.97224749	0.10535343803406756	0.0249283	0.00013
0.0829	-0.0795	-0.3642	0.0022549653935766737	0.0029565877528783943	0.00046425758103049166	1.08960629	29.40922356	1.01677205	0.14973392041388944	0.0235263	0.00046
0.0835	-0.076	-0.3619	0.0024190263432641405	0.0030211649352021846	0.00042236967898262774	1.00767088	27.19772911	0.9262791	0.01992630170295608	0.0233856	0.00036
0.0899	-0.0756	-0.3718	0.0025638886711796703	0.00312413936106985	0.0004485496177625427	1.01346171	27.3540287	0.93327615	0.030400834628155515	0.0238346	0.00038
0.0889	-0.0619	-0.3923	0.0028221974004748306	0.0032602750427254074	0.00038571776469074686	1.02603936	27.69351006	0.94966992	0.05806381320112564	0.0243451	0.00032
0.0883	-0.0933	-0.401	0.002895501229058593	0.003160791275361731	0.00034557519189487725	1.02168632	27.57601738	0.94599908	0.051346508437165456	0.023728	0.00042
0.089	-0.0346	-0.3505	0.0013107422682477415	0.003342305517569141	0.0006003932626860494	1.09411538	29.53092575	1.04543725	0.2109545636904717	0.0273646	0.00124
0.0796	0.0295	-0.3564	0.001420698011123384	0.003043854215478111	0.0006003932626860494	1.1277523	30.43881226	1.05155702	0.09982035224833363	0.0274794	0.00035
0.0823	-0.0853	-0.4046	0.0018325957145940458	0.003258529713473413	0.0005532693728822024	1.16898918	31.55182266	1.10442418	0.19938485456349056	0.027439	0.00123
0.0761	-0.1074	-0.3757	0.0020263272615654165	0.0029705503868943488	0.0005323254218582705	1.086555	29.32686615	1.01717812	0.08233274122871838	0.0252284	0.00089
0.0623	-0.0043	-0.2708	0.0012199851471440364	0.002490584842595908	0.0007470009198535729	1.25668287	33.9187355	1.23639712	0.29684915783575616	0.0225769	0.00018
0.0717	0.0017	-0.3117	0.002933898472602468	0.002844886680750757	0.0005550147021341969	1.20047605	32.40167618	1.12632078	0.1693100690666328	0.0208699	1e-05
0.0675	-0.1247	-0.3635	0.0030002209841782524	0.0026668630970473357	0.0004677482395344803	1.197227	32.3139801	1.14901714	0.19898062789394608	0.0196424	0.00013
0.0707	-0.1327	-0.3347	0.0037384952577718534	0.002452187599052033	0.0003700098014227979	1.06397724	28.7174778	1.00579856	0.09253441048502929	0.0176128	7e-05
0.0663	-0.2287	-0.5582	0.010941469080752452	0.002700024352835228	-0.0006911503837897545	1.83169544	49.4387207	1.86278824	0.7494985380988174	0.0330644	0.00961
0.1008	-0.1111	-0.5445	0.006993534312741278	0.003572688978832392	-0.0002251474735072685	2.05080891	55.35274506	2.12631503	0.4301301152145412	0.0364594	0.00644
0.1225	-0.0627	-0.5157	0.003820525732615587	0.003960152072775134	0.00017976891295541595	1.63847828	44.2236557	1.68916889	0.2971694030265558	0.0331796	0.00111
0.1257	-0.128	-0.5066	0.0052447144022429604	0.004194026192542374	4.537856055185256e-05	1.10467052	29.81581688	1.04496811	0.16722265708990883	0.0285756	0.00031
0.1152	-0.0991	-0.488	0.005270894341022875	0.0038833575856873836	2.96705972839036e-05	1.0783155	29.10447693	0.99031382	0.07562782544514278	0.0269441	0.00023
0.1021	-0.0907	-0.4755	0.005330235535590682	0.003565707661824415	9.599310885968811e-05	1.08059478	29.16599655	0.98497317	0.05616568150032802	0.024969	0.0002
0.0886	-0.0823	-0.4735	0.005195845183187119	0.0031695179216217023	0.0001658062789394613	1.03692865	27.98741913	0.95197807	0.05391966313430244	0.023946	0.00021
0.0905	-0.1599	-0.5039	0.005998696639104511	0.003242821750205464	0.0001832595714594046	1.04780674	28.28102493	0.98149369	0.15458042885105483	0.025023	0.00028
0.0874	-0.1577	-0.4939	0.006258750697651665	0.0031956978604016175	0.00010471975511965978	1.07757533	29.08450127	0.97362607	0.034585888234537246	0.0247023	0.00036
0.0905	-0.1348	-0.4918	0.006073745796940267	0.0032114058236695662	0.00017627825445142725	1.04203749	28.12530899	0.95175042	0.04171356816555572	0.0246786	0.00045
0.0901	-0.1312	-0.4913	0.006181956210563915	0.003186971214141646	0.0001972222054753592	1.00318444	27.07663727	0.92912033	0.012179448708775017	0.0243245	0.00033
0.0805	-0.1002	-0.4884	0.0056635934227216	0.0030124382889422127	0.00022340214425527416	1.05218244	28.39912796	0.97936905	0.07945378259108321	0.0232722	0.00036
0.0764	-0.1716	-0.5216	0.006085963101704227	0.002963569069886372	9.075712110370512e-05	1.10621881	29.85760689	1.02530558	0.13889419605950185	0.0242437	0.00042
0.0656	-0.1664	-0.5234	0.006435028952103093	0.002701769682087222	4.0142572795869576e-05	1.03487527	27.93199539	0.96088626	0.0508739893252926	0.0228088	0.00016
0.0639	-0.1531	-0.5511	0.006853907972581732	0.00272096830385916	1.5707963267948964e-05	1.05627584	28.50961113	0.99280305	0.06582561258892493	0.0233246	0.00019
0.0626	-0.1462	-0.5544	0.006255260039147678	0.0026790804018112955	5.235987755982989e-05	1.04634404	28.24154472	0.97022114	0.04535938748868998	0.0237517	0.0002
0.0656	-0.1427	-0.5431	0.0057752944948492365	0.0026022859147235454	0.00015533430342749534	1.03474998	27.92861557	0.95884418	0.05078672286269282	0.0239431	0.00021
0.063	-0.0964	-0.5228	0.005295328950550796	0.0025324727446437724	0.0002565634000431664	1.03667545	27.98058319	0.96260369	0.1017503905496942	0.0233688	0.00017
0.0563	-0.1101	-0.5382	0.005044001538263612	0.0023020892833805202	0.0002565634000431664	1.07376504	28.98165894	1.00247615	0.0598855436775218	0.0244532	0.00028
0.0552	-0.1561	-0.5332	0.0051277773423593406	0.0023003439541285265	0.00019547687622336493	1.03853655	28.03081703	0.96948162	0.05943038285837619	0.0240697	0.00025
0.0542	-0.1205	-0.5274	0.005164429256651221	0.0022549653935766737	0.000158824961931484	1.00677359	27.17351341	0.93894348	0.048334119456780726	0.0234863	0.00013
0.0503	-0.0786	-0.5127	0.004928809807631986	0.002230530784048753	0.00023212879051524583	1.00313032	27.07517624	0.927269	0.0771678943565458	0.0232876	0.00017
0.049	-0.1083	-0.5441	0.005246459731494954	0.0021799162357409173	0.0002007128639793479	1.09660518	29.59812927	0.99877052	0.08238401993533508	0.0251002	0.00019
0.0533	-0.1435	-0.5319	0.005340707511102648	0.0022689280275926286	0.00015707963267948963	1.06496477	28.744133	0.97558743	0.06304464013796315	0.0236605	0.00021
0.0471	-0.0909	-0.4853	0.004668755749084832	0.00205599785884932	0.0002740166925631097	1.10648274	29.86473083	1.02140423	0.15549094953223727	0.0227974	0.00015
0.0546	-0.0384	-0.4708	0.004527384079673291	0.0022654373690886398	0.0002897246558310587	1.15213144	31.09682083	1.06453907	0.09282595714594048	0.0222564	0.00014
0.0923	-0.1173	-0.3395	0.004794419455228423	0.0032114058236695662	0.00047822021504644627	1.36987162	36.97377777	1.36266789	0.31797496946757225	0.0201227	0.00011
0.1036	-0.0919	-0.3082	0.005220279792715039	0.0035098571257605967	0.0003089232776029963	1.08331287	29.2393589	1.02142066	0.11268042885105488	0.0202833	0.0001
0.0996	-0.0809	-0.2903	0.005328490206338688	0.0035360370645405115	0.000296705972839036	1.08433151	29.26685333	0.99965777	0.04023038285837619	0.0208513	0.00017
0.0926	-0.0347	-0.3295	0.005934119456780722	0.0031119220563058892	0.0005497787143782138	1.2262789	33.0981102	1.12071626	0.15654085001079163	0.0202401	0.00062
0.1303	-0.1579	-0.3473	0.005394812717914472	0.0035412730522964946	0.0007452555906015787	1.36515343	36.84643173	1.3152698	0.23690673055401093	0.0229275	0.00082
0.104	-0.1702	-0.3696	0.005468116546498235	0.0031956978604016175	0.0002495820830351891	1.25747621	33.9401474	1.15002013	0.10662762640225142	0.0197467	0.00019
0.1085	-0.0512	-0.3235	0.004944517770899936	0.0035133477842645856	0.00027750735106709843	1.26386619	34.11261749	1.1384675	0.2130586983746588	0.0213026	0.00015
0.1178	-0.0565	-0.2927	0.004942772441647941	0.003581415625092364	0.00023387411976724014	1.16201532	31.36359406	1.04943101	0.051072320068981554	0.0210565	0.00018
0.1123	-0.0128	-0.2837	0.004679227724596798	0.0032096604944175725	0.0004537856055185257	1.18435562	31.96657372	1.06150856	0.10096056667386104	0.0207294	0.00014
0.1375	-0.0352	-0.3372	0.005037020221255636	0.0030700341542580253	0.0011850785621041497	1.21291423	32.73738861	1.12504924	0.1625355896702005	0.0213635	0.00034
0.1129	-0.1385	-0.3416	0.005047492196767601	0.003522074430524557	0.0005427973973702365	1.23921132	33.44716644	1.15239503	0.1875396708256205	0.0191472	0.00014
0.104	-0.1406	-0.3362	0.005324999547834699	0.0034662238944607386	0.00039269908169872416	1.07839382	29.10659027	0.99893227	0.04057281014012144	0.019782	0.00017
0.1034	-0.081	-0.3295	0.005363396791378575	0.003532546406036523	0.00033335788713091696	1.05139053	28.37775421	0.9833304	0.07510304748437334	0.0184923	0.00012
0.0985	-0.034	-0.313	0.004689699700108763	0.003223623128433527	0.0004014257279586958	1.05529296	28.48308372	0.98000423	0.12093441048502936	0.0202498	0.00011
0.1104	-0.1044	-0.3469	0.005070181477043527	0.0035918876006043304	0.00039793506945470715	1.07335556	28.97060585	1.01007696	0.1538118453804778	0.0199372	0.00015
0.1093	-0.1407	-0.3406	0.005797983775125162	0.0036477381366681488	0.0003682644721708035	1.1014154	29.72796059	1.0020945	0.0843661715714678	0.0196189	0.00022
0.115	-0.1086	-0.3308	0.005845107664929009	0.0036686820876920805	0.00042760566673861073	1.04121327	28.10306358	0.96291967	0.053970451769779354	0.0199371	0.00013
0.1015	-0.0747	-0.3139	0.005497787143782138	0.003309144261781249	0.00042935099599060504	1.0285418	27.76105118	0.96146736	0.0997301838154848	0.0185301	9e-05
0.0977	-0.1306	-0.3695	0.00601091394386847	0.003270747018237374	0.0003769911184307752	1.11172819	30.00630951	1.03619991	0.14549419605950187	0.0176613	0.0001
0.0959	-0.168	-0.3465	0.006384414403795257	0.0032480577379614467	0.000307177948351002	1.07070935	28.89918327	0.98967022	0.08550014551412441	0.0183094	0.00012
0.0882	-0.1202	-0.3383	0.006255260039147678	0.0030613075079980543	0.0002740166925631097	1.0479939	28.28607559	0.9758035	0.08115329251994323	0.0164428	9e-05
0.0746	-0.0783	-0.3279	0.005490805826774161	0.002665117767795341	0.0003385938748868999	1.08437705	29.26808357	1.01549311	0.12716105674500097	0.0143042	3e-05
0.072	-0.1437	-0.3745	0.0058538343111889804	0.0027715828521669953	0.0002548180707911721	1.13280118	30.57508278	1.05233051	0.14226346864411005	0.0147641	5e-05
0.0696	-0.1515	-0.3514	0.006215117466351807	0.0026825710603152844	0.00023911010752322313	1.02003086	27.53133583	0.95782866	0.05660014551412434	0.0144596	7e-05
0.0667	-0.1197	-0.3567	0.00628493063643158	0.002642428487519415	0.00022340214425527416	1.04722583	28.26534462	0.97248338	0.0462831853071796	0.0142921	3e-05
0.0628	-0.0867	-0.3653	0.005979498017332573	0.0026302111827554544	0.0002897246558310587	1.02123868	27.56393433	0.94731129	0.06469862177193765	0.0149021	2e-05
0.0614	-0.1218	-0.4032	0.006459463561631013	0.0025551620249196984	0.0002199114857512855	1.07804012	29.0970459	0.98572238	0.10564139361069846	0.0152382	3e-05
0.057	-0.1384	-0.3829	0.006590363255530588	0.0024713862208239705	0.00015184364492350666	1.03966022	28.06114388	0.95348998	0.055437166941154074	0.0148429	2e-05
0.0601	-0.1269	-0.3885	0.006738716241950105	0.0025272367568877894	0.00018675022996339323	0.9892059	26.69934845	0.91707215	0.0321555053761611	0.0158395	9e-05
0.0659	-0.1354	-0.3726	0.006342526501747393	0.0025603980126756814	0.00023387411976724014	1.14530921	30.91268539	1.07387873	0.05402374428972257	0.0181248	0.00102
0.0686	-0.1333	-0.3678	0.006346017160251381	0.0024225170017681294	0.00023911010752322313	1.05186522	28.39056778	0.98544204	0.01693038285837613	0.0179356	0.00063
0.0685	-0.115	-0.3536	0.005939355444536703	0.0025115287936198403	0.0002181661564992912	1.03494632	27.93391418	0.95149322	0.05843087292951604	0.0172179	0.00039
0.0666	-0.1172	-0.3635	0.0057142079710294355	0.0024137903555081575	0.00026878070480712676	1.04780376	28.28094482	0.96388439	0.032675022996339245	0.0173359	0.00032
0.0708	-0.1206	-0.3474	0.005558873667601939	0.0024190263432641405	0.000291469985083053	1.05456054	28.46331406	0.96985881	0.032862978572970304	0.0160421	0.00011
0.0636	-0.0874	-0.3247	0.005234242426730994	0.0022916173078685546	0.000307177948351002	1.03759885	28.00550842	0.95018284	0.08648741197672397	0.0159276	3e-05
0.0576	-0.0528	-0.3385	0.0046041785667610404	0.0021676989309769574	0.0003612831551628262	1.09975743	29.68321037	1.00197482	0.0948043721836688	0.0164862	4e-05
0.0669	-0.1562	-0.3586	0.005030038904247658	0.002438224965036078	0.0003316125578789226	1.11094439	29.98515511	1.05169627	0.16910284844148207	0.0174032	6e-05
0.0688	-0.1321	-0.3393	0.0056042522281537915	0.0023998277214922034	0.00027576202181510406	1.06895018	28.85169983	0.98614935	0.0787230551756913	0.0155978	4e-05
0.0673	-0.1005	-0.3251	0.005469861875750229	0.0023701571242082994	0.0002617993877991494	1.0117923	27.30897141	0.94093774	0.056201179185171056	0.0159991	2e-05
0.0544	-0.0444	-0.336	0.005202826500195096	0.002092649773141201	0.00030368728984701333	1.05545878	28.48756027	0.98602923	0.10922153143350476	0.0144918	3e-05
0.0635	-0.1444	-0.3801	0.0056810467152415434	0.00243473430653209	0.0003438298626428829	1.1148243	30.08987617	1.05278044	0.19622236606166024	0.0176624	5e-05
0.0687	-0.1352	-0.3486	0.006003932626860492	0.002593559268463574	0.00023212879051524583	1.06823659	28.83244133	0.97509574	0.07557059728390347	0.0154788	7e-05
0.0701	-0.1088	-0.3316	0.0058171823968971	0.002621484536495483	0.00018675022996339323	1.0027355	27.06451988	0.92715591	0.0578027029273577	0.0170096	8e-05
0.0574	-0.0689	-0.319	0.005516985765554075	0.0023492131731843676	0.00026354471705114377	1.00047898	27.00361633	0.93772569	0.0976631240870945	0.0153855	8e-05
0.0481	-0.0433	-0.3367	0.00495848040491589	0.002050761871093337	0.000291469985083053	1.08286631	29.22730637	0.99197678	0.09684409653805624	0.0156907	0.0001
0.0517	-0.137	-0.37	0.005480333851262195	0.0022916173078685546	0.0003106686068549907	1.10163236	29.73381424	1.04453139	0.16969537524467299	0.0159186	8e-05
0.0575	-0.1302	-0.3436	0.005686282702997525	0.0024050637092481865	0.0002373647782712288	1.03304207	27.88251686	0.95833251	0.05863495408493616	0.0169591	0.0001
0.0577	-0.118	-0.3397	0.0057526052145733106	0.0023963370629882146	0.0002007128639793479	1.02780974	27.74129295	0.94152816	0.02188505360638196	0.016248	8e-05
0.0492	-0.0651	-0.3327	0.005340707511102648	0.002145009650701031	0.0003089232776029963	1.05801296	28.55649948	0.97821179	0.1069717764690747	0.0143702	7e-05
0.0428	-0.1109	-0.3739	0.005599016240397809	0.0020629791758572974	0.00032637657012293966	1.09881568	29.65779114	1.00542633	0.11128962483294191	0.013857	6e-05
0.0462	-0.1742	-0.3802	0.006354743806511354	0.0022113321622768156	0.0002617993877991494	1.08521962	29.29082298	0.99661826	0.1214328867428426	0.0143963	1e-05
0.0475	-0.1201	-0.3642	0.006276203990171609	0.0022078415037728267	0.00028099800957108706	1.04563093	28.22229958	0.9763594	0.07646145483078352	0.0140616	6e-05
0.0408	-0.0716	-0.3527	0.005745623897565333	0.002036799237077382	0.0003438298626428829	1.07665074	29.05954361	0.99499408	0.10492271061867582	0.0132822	3e-05
0.0324	-0.1268	-0.4014	0.006351253148007365	0.0018832102629018814	0.00028797932657906436	1.10097671	29.71611786	1.01084137	0.15305343803406754	0.0128666	5e-05
0.0274	-0.1332	-0.3992	0.00684518132632176	0.0017034413499464657	0.00016929693744344995	1.029176	27.77816772	0.95135426	0.05321897402027124	0.0130439	3e-05
0.029	-0.1022	-0.3879	0.006529276731710787	0.0017889624832941875	0.00023387411976724014	1.05157053	28.38261414	0.96665206	0.06720014551412423	0.0133174	3e-05
0.0267	-0.0687	-0.3804	0.00589397688398485	0.0017715091907742446	0.000291469985083053	1.04013586	28.07398224	0.96882183	0.07881745027808462	0.0134979	6e-05
0.0261	-0.1533	-0.414	0.006445500927615059	0.0017959438003021652	0.00020594885173533088	1.12467635	30.35578918	1.04847768	0.15187398932529256	0.013858	4e-05
0.0253	-0.1528	-0.3881	0.006647959120846402	0.0017383479349863521	0.0002251474735072685	1.05720067	28.5345726	0.97139297	0.04116263401595464	0.0126888	3e-05
0.0262	-0.1309	-0.3763	0.006274458660919614	0.0017715091907742446	0.0002722713633111154	0.99965322	26.98132896	0.92779994	0.057289280275926315	0.0128449	3e-05
0.0212	-0.0938	-0.3771	0.005766567848589266	0.0016772614111665507	0.0003054326190990077	1.08144617	29.18897629	0.99487509	0.0746649923862967	0.0125808	4e-05
0.0231	-0.1675	-0.4213	0.006590363255530588	0.0017086773377024485	0.0002129301687433082	1.11426902	30.07488632	1.02850119	0.16718568919164595	0.014977	3e-05
0.0236	-0.1519	-0.4076	0.006899286533133583	0.0017610372152622785	0.000158824961931484	1.05326283	28.42828751	0.96414202	0.050569418098732465	0.0139687	3e-05
0.0277	-0.1253	-0.3852	0.006382669074543263	0.0017680185322702558	0.0002024581932313422	1.03327143	27.88870811	0.95435952	0.08146160034490783	0.0146914	6e-05
0.027	-0.064	-0.3746	0.005906194188748811	0.0017680185322702558	0.00028099800957108706	1.10063219	29.70682144	1.01283865	0.10035073510670985	0.0137252	4e-05
0.0285	-0.1166	-0.4045	0.005963790054064624	0.0017662732030182616	0.0003351032163829112	1.12471998	30.35696793	1.05271654	0.08967232006898161	0.0143588	1e-05
0.032	-0.1513	-0.3899	0.006304129258203518	0.0018308503853420514	0.0002583087292951608	1.1103282	29.96852112	1.01348986	0.07688554367752169	0.0148699	2e-05
0.0378	-0.1124	-0.3836	0.006295402611943547	0.0019268434942017398	0.00024260076602721178	1.06290638	28.68857384	0.97024294	0.057021385919380406	0.014612	2e-05
0.0345	-0.0691	-0.376	0.005656612105713622	0.0018849555921538759	0.00032463124087094524	1.08980215	29.41451073	0.99719822	0.09233544415607613	0.0144576	2e-05
0.0375	-0.1217	-0.4101	0.005836381018669037	0.00205599785884932	0.0003001966313430247	1.15394676	31.14581871	1.05479337	0.108462289458939	0.0153007	2e-05
0.0409	-0.1712	-0.3942	0.006469935537142979	0.0020996310901491783	0.0002617993877991494	1.09753025	29.62309837	1.01621157	0.1045792496658838	0.0141419	7e-05
0.0398	-0.1408	-0.3836	0.006356489135763348	0.002118829711921116	0.00024260076602721178	1.07044017	28.89191818	0.98062124	0.04969218224617527	0.0140361	4e-05
0.0271	-0.0683	-0.361	0.005564109655357922	0.0018046704465621369	0.00029496064358704166	1.11909175	30.20505524	1.03107198	0.1657449311662118	0.0124975	5e-05
0.0249	-0.1058	-0.389	0.005473352534254217	0.0017191493132144146	0.00034208453339088857	1.13682449	30.68367386	1.03571913	0.07887010721276375	0.0143497	4e-05
0.0298	-0.1706	-0.404	0.006387905062299246	0.0020210912738094335	0.0002495820830351891	1.11986971	30.22605515	1.04021862	0.15014984694978736	0.0148482	3e-05
0.0322	-0.1346	-0.3826	0.006419320988835145	0.001963495408493621	0.00024260076602721178	1.01951444	27.51739502	0.94969842	0.06459965544298449	0.0148789	5e-05
0.0307	-0.0965	-0.3739	0.006147049625524028	0.0019442967867216831	0.00028274333882308137	1.00461161	27.11515808	0.93619865	0.06488062789394618	0.0138612	4e-05
0.0268	-0.058	-0.3716	0.005689773361501514	0.0017732545200262388	0.0003054326190990077	1.04089546	28.09448624	0.96967825	0.07725039054969425	0.0137461	3e-05
0.0467	-0.1137	-0.3693	0.004557054676957195	0.0021135937241651332	0.00041189770347066176	1.16636276	31.48093414	1.09337515	0.15687614865274335	0.0162809	5e-05
0.0652	-0.1006	-0.3332	0.0039339721339952186	0.002303834612632515	0.00038397243543875244	1.07218099	28.93890381	1.00991878	0.10976243497306336	0.0160327	4e-05
0.0631	-0.0946	-0.3133	0.004075343803406759	0.0022008601867648495	0.00043458698374658803	1.04312634	28.15469742	0.95541703	0.04274803217935203	0.0162407	9e-05
0.0464	-0.0661	-0.3131	0.00474904089467657	0.001933824811209717	0.0005166174585903216	1.03638029	27.9726162	0.97394362	0.0965381470834339	0.0141535	7e-05
0.0308	-0.0946	-0.3502	0.005019566928735692	0.001621410875102732	0.0005061454830783556	1.06571257	28.76431465	0.99260677	0.11087059728390367	0.0130852	1e-05
0.0181	-0.1661	-0.3546	0.005705481324769463	0.0014049900478554352	0.0003577924966588376	1.10866499	29.92362976	1.02121746	0.1411344104850293	0.0130106	6e-05
0.0083	-0.1322	-0.3453	0.005955063407804653	0.001186823891356144	0.00023561944901923448	1.03299427	27.88122559	0.95141334	0.08249606435870421	0.0123792	5e-05
0.0019	-0.1027	-0.3411	0.005668829410477582	0.0011257373675363424	0.000322885911618951	1.01551235	27.40937614	0.9426019	0.061829349187329456	0.0115702	6e-05
-0.0007	-0.1116	-0.3687	0.005605997557405786	0.0010838494654884787	0.0003385938748868999	1.04930484	28.32146072	0.97674927	0.04512138591938043	0.0113388	4e-05
-0.0006	-0.167	-0.3738	0.006037093882648386	0.0010506882097005862	0.000312413936106985	1.0418011	28.11892891	0.97980835	0.08512187599052037	0.0119895	3e-05
-0.0017	-0.1245	-0.3624	0.00606676447993229	0.0010419615634406148	0.00027576202181510406	1.02488863	27.66244888	0.957253	0.05875245789178782	0.0114403	2e-05
-0.0056	-0.0998	-0.3527	0.005670574739729577	0.0009354964790689606	0.0003438298626428829	1.00970376	27.25259972	0.94165268	0.06683613327010726	0.0116389	4e-05
-0.0101	-0.0627	-0.3586	0.00503527489200364	0.0009285151620609833	0.0004014257279586958	1.02922881	27.77959442	0.96368945	0.08249385150248632	0.0134819	0.00011
-0.0076	-0.1614	-0.3926	0.005768313177841259	0.0009843656981248017	0.00034208453339088857	1.1042068	29.80330276	1.03893921	0.17761150082346222	0.0140471	4e-05
-0.005	-0.1401	-0.3698	0.006098180406468187	0.0010681415022205296	0.0003159045946109737	1.02116632	27.56198311	0.95275626	0.06869114857512852	0.0119239	5e-05
-0.0078	-0.1283	-0.3676	0.006204645490839842	0.001001818990644745	0.00027925268031909274	0.99227041	26.78206062	0.92309902	0.02727197551196604	0.011696	4e-05
-0.0133	-0.1067	-0.377	0.0060842177724522335	0.0008604473212332044	0.0003106686068549907	1.01626253	27.42962456	0.94245753	0.05116076571675236	0.011924	3e-05
-0.0141	-0.1358	-0.3833	0.0062447880636357115	0.0007871434926494425	0.00023911010752322313	1.02361703	27.62812805	0.95463172	0.051471630954950345	0.0115944	2e-05
-0.0121	-0.123	-0.3759	0.0062447880636357115	0.0008185594191853405	0.00023212879051524583	0.9986006	26.9529171	0.92783304	0.024119862177193727	0.0112793	4e-05
-0.0055	-0.0663	-0.2974	0.0045971972497530645	0.0010559241974565693	0.0004991641660703782	1.10397398	29.79701614	1.04872813	0.24939954838545045	0.0133309	0.0001
-0.0133	-0.0547	-0.3193	0.0037262779530078936	0.0008726646259971648	0.0006911503837897545	1.11772346	30.16812515	1.04784735	0.10360825429619756	0.0146828	5e-05
-0.0134	-0.1537	-0.315	0.004584979944989103	0.0008970992355250854	0.000577703982410123	1.12932491	30.48125648	1.05960381	0.15322915014443805	0.0137756	6e-05
-0.0075	-0.0998	-0.2747	0.004845034003536259	0.000926769832808989	0.0004974188368183839	1.10796249	29.90466881	1.05175937	0.11860049007113994	0.0145279	0.0001
0.0063	-0.0938	-0.2639	0.004263839362622147	0.0013421581947836393	0.0005480333851262194	1.0458473	28.22813797	0.9912426	0.08295987755982985	0.0134843	5e-05
0.0045	-0.0323	-0.2479	0.003623303527140228	0.001382300767579509	0.0006073745796940267	1.08405852	29.25948715	0.99960167	0.1163009801422798	0.0142315	3e-05
0.0078	-0.0593	-0.2754	0.0036128315516282617	0.0014800392056911916	0.000661479786505851	1.14046776	30.78201103	1.05244249	0.06591578102177365	0.0157935	5e-05
0.0138	-0.1491	-0.2819	0.004693190358612751	0.0017121679962064373	0.0005166174585903216	1.15004146	31.040411	1.06562947	0.17516749627076328	0.0138065	9e-05
0.0141	-0.1246	-0.2691	0.004857251308300219	0.001593485607070823	0.0004886921905584122	1.04306579	28.15306473	0.96607108	0.05313343034274954	0.0136913	4e-05
0.0108	-0.0919	-0.2552	0.004473278872861466	0.0015341444125030156	0.0005585053606381855	1.02685213	27.71544456	0.94836699	0.07555634000431667	0.0133738	1e-05
0.0054	-0.0619	-0.2738	0.00411548637620263	0.001361356816555577	0.0006300638599699529	1.12432683	30.34635544	1.03167328	0.08410692959690211	0.0137283	7e-05
0.0053	-0.1447	-0.3078	0.005044001538263612	0.0014800392056911916	0.0005550147021341969	1.12189269	30.28065491	1.04105139	0.17301233545161765	0.0119286	6e-05
0.0069	-0.1201	-0.288	0.005103342732831419	0.0014590952546672592	0.00048171087355043494	1.04279351	28.14571381	0.96297555	0.05367944870877512	0.0131267	7e-05
0.0066	-0.0951	-0.2784	0.005167919915155209	0.0014573499254152652	0.0005654866776461627	1.01123297	27.29387474	0.94045708	0.0424049157835756	0.0121526	3e-05
0.0023	-0.0701	-0.2733	0.004639085151800928	0.0013473941825396225	0.00062482787221397	1.04880035	28.30784416	0.96828999	0.06930658503988657	0.0126657	4e-05
0.0006	-0.1365	-0.3031	0.004988151002199794	0.0013596114873035826	0.0005497787143782138	1.10363007	29.78773499	1.02482487	0.11971661564992912	0.0158507	3e-05
0.0022	-0.1313	-0.3001	0.005394812717914472	0.001410226035611418	0.0005183627878423159	1.0250839	27.66772079	0.94827386	0.0342346095279206	0.0130959	3e-05
0.0064	-0.1272	-0.2999	0.005644394800949661	0.0014922565104551516	0.0005131268000863328	0.98963767	26.71100235	0.92085143	0.02534242728174525	0.0136433	5e-05
0.0043	-0.1035	-0.2961	0.005586798935633849	0.0014433872913993105	0.0005462880558742252	1.04319489	28.15654945	0.95560994	0.03658131700797736	0.0133535	3e-05
-0.0043	-0.1272	-0.3236	0.005818927726149094	0.001256637061435917	0.0005044001538263612	1.092821	29.49599266	1.01648467	0.08283834612632515	0.0123989	4e-05
-0.0106	-0.1994	-0.333	0.006871361265101675	0.0010786134777324957	0.0003577924966588376	1.12463951	30.35479546	1.04595093	0.15675323899117632	0.0132047	6e-05
-0.0096	-0.1492	-0.3161	0.006562437987498679	0.0011257373675363424	0.0003473205211468716	1.03973401	28.06313515	0.96660927	0.08642595714594047	0.0124633	7e-05
-0.0184	-0.1064	-0.3214	0.00610341639422417	0.000895353906273091	0.0003787364476827695	1.09919584	29.66805077	1.005789	0.09294104905368297	0.0117007	4e-05
-0.0251	-0.1727	-0.3545	0.00669159235214626	0.0007086036763096977	0.0003595378259108319	1.09615397	29.58594894	1.01451711	0.14580624048287097	0.0114093	2e-05
-0.0269	-0.1618	-0.3479	0.006972590361717347	0.0006021385919380437	0.000322885911618951	1.03231657	27.86293411	0.95687158	0.04050575041173109	0.0122362	3e-05
-0.0301	-0.1349	-0.3411	0.006702064327658226	0.000619591884457987	0.00032463124087094524	1.0253408	27.67465401	0.94597781	0.0513862327915529	0.0117349	1e-05
-0.0331	-0.1146	-0.3567	0.006352998477259359	0.0005235987755982988	0.0003577924966588376	1.09303153	29.50167465	0.99241341	0.06281101075232236	0.0108508	5e-05
-0.0362	-0.2007	-0.3803	0.007105235384868916	0.0003351032163829112	0.000291469985083053	1.11801767	30.17606544	1.03465167	0.16315274892003648	0.0121956	8e-05
-0.0387	-0.1729	-0.3671	0.00736528944341607	0.000317649923862968	0.0002181661564992912	1.01214218	27.31841469	0.93976409	0.06104055898254298	0.0118499	3e-05
-0.0378	-0.1456	-0.374	0.007332128187628178	0.0003316125578789226	0.0002652900463031381	1.04581034	28.22714043	0.95805056	0.03981238898038468	0.0120241	2e-05
-0.0393	-0.1315	-0.377	0.006921975813409511	0.0003612831551628262	0.0002583087292951608	1.04065573	28.0880146	0.95801252	0.0409402144255274	0.0113101	1e-05
-0.0353	-0.1819	-0.3773	0.007113962031128888	0.0003647738136668148	0.0002373647782712288	1.06034577	28.61946106	0.98101746	0.06552104136236489	0.0120107	3e-05
-0.0329	-0.1481	-0.3553	0.006873106594353669	0.0003892084231947355	0.00024085543677521747	1.00391388	27.09632683	0.93378373	0.07163903524035645	0.0121122	6e-05
-0.0322	-0.1102	-0.3386	0.00610341639422417	0.0003874630939427412	0.0003874630939427412	1.01438594	27.37897491	0.95027508	0.10120215932745084	0.0115986	1e-05
-0.0295	-0.1146	-0.3641	0.005839871677173027	0.00042236967898262774	0.00041189770347066176	1.07191455	28.9317112	0.9957944	0.04874429558094748	0.012545	1e-05
-0.0167	-0.1755	-0.3609	0.006517059426946826	0.0006475171524898963	0.0003385938748868999	1.07003248	28.88091278	0.99813512	0.12568195259324147	0.013118	3e-05
-0.0133	-0.1387	-0.3427	0.0063896503915512395	0.0006963863715457374	0.0003769911184307752	1.01082933	27.28297997	0.94330457	0.06913377489976516	0.0127794	6e-05
-0.0251	-0.0943	-0.3525	0.006354743806511354	0.0003630284844148205	0.0003892084231947355	1.06415582	28.72229767	0.97670544	0.08502408884673812	0.0139136	5e-05
-0.0266	-0.0901	-0.3741	0.005653121447209634	0.00035604716740684323	0.0004468042885105483	1.10600173	29.85174942	1.02673281	0.06560997708127551	0.0132374	8e-05
-0.0394	-0.2617	-0.5005	0.010417870305154151	0.00028797932657906436	-0.0001605702911834783	1.6201793	43.7297554	1.62074452	0.5828095639233161	0.026294	0.00498
-0.0416	-0.3037	-0.4662	0.011410962649538926	0.0005009094953223725	-0.0005009094953223725	1.44626999	39.03582382	1.45384401	0.15581808586334883	0.0262384	0.00287
-0.0208	-0.2125	-0.3718	0.009330530181161685	0.0012130038301360591	-0.0002897246558310587	1.16424501	31.42377472	1.12849887	0.35658558213411207	0.0185187	0.00031
-0.0206	-0.0961	-0.3058	0.005431464632206353	0.0011623892818282235	4.18879020478639e-05	1.38031113	37.25554657	1.33377148	0.3966646327571045	0.0150344	0.00013
-0.0286	-0.1304	-0.3655	0.006230825429619756	0.001308996938995747	-1.3962634015954635e-05	1.19827604	32.3422966	1.1113665	0.15209094953223723	0.0143677	0.00013
0.0553	-0.2053	-0.3613	0.006899286533133583	0.0017924531417981763	0.0004415683007545654	1.25960612	33.99763489	1.21485602	0.2433724120543388	0.0155671	0.00049
-0.0242	-0.1826	-0.319	0.006663667084114349	0.0014049900478554352	1.0471975511965975e-05	1.18064904	31.86652946	1.16382433	0.1972089434102288	0.0154684	0.00016
0.0057	-0.1314	-0.3113	0.0065886179262785935	0.001579522973054868	0.00019024088846738194	1.09204936	29.47516441	1.0219862	0.11026754979953023	0.0138907	7e-05
0.0048	-0.0948	-0.3126	0.006042329870404369	0.0014137166941154068	0.0003159045946109737	1.09118509	29.45183563	1.00415262	0.0806879020478638	0.0133285	3e-05
0.0012	-0.1706	-0.3659	0.006881833240613641	0.0013596114873035826	0.00027750735106709843	1.09499061	29.55455017	1.01918241	0.17930029102824863	0.0137956	6e-05
0.0041	-0.2295	-0.3685	0.008002334620394002	0.001541125729510993	0.0002251474735072685	1.04606128	28.23391533	0.97976261	0.13211877497738003	0.0157511	0.00011
0.0015	-0.1874	-0.358	0.00817163155783745	0.0014224433403753785	0.00023911010752322313	1.01799595	27.47641182	0.95254338	0.0702970980297509	0.0151652	7e-05
-0.0123	-0.1541	-0.3531	0.00769166601353901	0.0011013027580084218	0.0002548180707911721	1.05911553	28.58625603	0.98254486	0.09284070449666729	0.013571	8e-05
-0.0193	-0.2176	-0.3891	0.008314748556500984	0.0008621926504851988	0.0001884955592153876	1.07711518	29.07208061	1.00083887	0.1529257581030491	0.0146613	2e-05
-0.0168	-0.2251	-0.3774	0.008656833089891874	0.0008447393579652555	0.00019198621771937622	1.03637135	27.97237587	0.95617097	0.03985142422074109	0.0152687	5e-05
-0.0278	-0.1851	-0.3805	0.008581783932056119	0.0006300638599699529	0.00017104226669544429	1.00072861	27.01035309	0.94220476	0.0696334303427495	0.0147461	3e-05
-0.04	-0.1895	-0.4044	0.008536405371504265	0.000322885911618951	0.00019198621771937622	1.01151395	27.30145645	0.94890735	0.059175022996339366	0.0145764	4e-05
-0.0428	-0.2342	-0.4004	0.00881216739331937	0.00017802358370342162	0.00015707963267948963	1.01607382	27.42453194	0.94994955	0.074276546738526	0.0158283	8e-05
-0.0479	-0.2033	-0.3873	0.008705702308947716	-1.2217304763960308e-05	0.00010297442586766544	1.00499427	27.12548637	0.93351203	0.06664055898254298	0.0153844	6e-05
-0.0573	-0.165	-0.3772	0.007976154681614086	-0.0001884955592153876	0.00015707963267948963	1.05499005	28.47490883	0.97737632	0.10579655442984406	0.0138924	0.00013
-0.071	-0.1423	-0.4071	0.007834783012202546	-0.0005061454830783556	0.00011344640137963142	1.04587495	28.22888565	0.9702271	0.09143274122871833	0.0145515	0.00011
-0.0695	-0.2131	-0.4072	0.008229227423153265	-0.0005358160803622592	9.075712110370512e-05	1.07158792	28.92289543	1.00066656	0.0947402144255274	0.0166301	0.0001
-0.0665	-0.1886	-0.4033	0.00845786555516452	-0.00046949356878647465	8.028514559173915e-05	1.02404332	27.63963509	0.9436029	0.04667163095495036	0.0158089	0.00011
-0.062	-0.1759	-0.4026	0.008326965861264947	-0.0003106686068549907	0.0001361356816555577	1.01070559	27.2796402	0.9426378	0.035178759594743765	0.0163094	0.00011
-0.0478	-0.1084	-0.3465	0.006654940437854378	0.0003159045946109737	0.0002705260340591211	1.11527002	30.10190582	1.05882017	0.2594494488640049	0.0128973	3e-05
-0.0482	-0.2134	-0.3666	0.007101744726364926	8.028514559173915e-05	0.0002443460952792061	1.18238103	31.91327858	1.13623057	0.16093018381548488	0.0162765	0.00047
-0.0469	-0.2111	-0.3417	0.0074996797958196346	7.330382858376184e-05	0.00019024088846738194	1.08752608	29.35307693	1.01821335	0.05145107966372549	0.0161959	0.00017
-0.0465	-0.1696	-0.3368	0.007278022980816354	6.45771823237902e-05	0.00023561944901923448	1.10295141	29.76941681	1.0110848	0.06058810109075527	0.0159672	0.0001
-0.0501	-0.1586	-0.3421	0.007183775201208661	-4.537856055185256e-05	0.0001832595714594046	1.01757491	27.46504784	0.94206228	0.03272817000215832	0.0141532	6e-05
-0.0564	-0.1129	-0.335	0.00647866218340295	-8.901179185171081e-05	0.0002844886680750757	1.02372956	27.63116455	0.95606335	0.10159876728606196	0.0141138	6e-05
-0.054	-0.1525	-0.3672	0.0063948863793072235	-6.981317007977319e-05	0.00034033920413889426	1.07120311	28.91250801	0.99465853	0.08214124809657417	0.0125909	4e-05
-0.0526	-0.2259	-0.3577	0.007175048554948689	-5.061454830783555e-05	0.00029845130209103034	1.0755074	29.02868462	1.00498783	0.12636243497306335	0.014498	5e-05
-0.0529	-0.1853	-0.3422	0.007260569688296411	-2.268928027592628e-05	0.00019896753472735358	1.017699	27.46839523	0.94923766	0.06704650843716539	0.0144082	6e-05
-0.0517	-0.1843	-0.341	0.007218681786248547	-0.00011519173063162575	0.00021642082724729686	1.0470258	28.25994682	0.96274579	0.010992182246175288	0.0150384	9e-05
-0.0598	-0.1561	-0.3371	0.006969099703213358	-0.00023561944901923448	0.00024085543677521747	1.0149802	27.39501381	0.94270266	0.059922220547535966	0.0140703	7e-05
-0.0697	-0.1055	-0.3554	0.006424556976591126	-0.0005567600313861911	0.0002617993877991494	1.0593555	28.59273338	0.99144781	0.12313136300065598	0.0122561	4e-05
-0.0688	-0.2096	-0.3882	0.006991788983489284	-0.0005253441048502931	0.0002513274122871834	1.09659874	29.5979538	1.04379118	0.16825599544730108	0.0141633	4e-05
-0.0669	-0.2084	-0.3804	0.007660250087003113	-0.0004380776422505767	0.00019896753472735358	1.03165579	27.8450985	0.96259661	0.051304372183668734	0.0142412	9e-05
-0.0664	-0.2035	-0.3745	0.007798131097910665	-0.00042935099599060504	0.000158824961931484	1.02802527	27.74711037	0.94458629	0.020637511498169697	0.0151953	6e-05
-0.0664	-0.187	-0.3681	0.007754497866610805	-0.0004380776422505767	0.00019547687622336493	1.07484436	29.01078987	0.96892084	0.027350589592585624	0.0147101	7e-05
-0.068	-0.1184	-0.331	0.007061602153569058	-0.000609119908946021	0.00021118483949131387	1.07762742	29.08590698	0.99993815	0.15128229715025698	0.0150293	5e-05
-0.0705	-0.0977	-0.3681	0.006658431096358368	-0.0007504915783575615	0.00024085543677521747	1.08831787	29.37444878	1.02520708	0.08901066619530668	0.0156272	0.00011
-0.0684	-0.2254	-0.4252	0.007775441817634738	-0.0005654866776461627	0.00022689280275926284	1.18514323	31.98783302	1.10742198	0.25269891280018614	0.0155689	9e-05
-0.0684	-0.2201	-0.3942	0.008313003227248992	-0.0004188790204786391	0.00018500490071139895	1.07135367	28.91657257	0.9981412	0.07260284844148211	0.0158187	7e-05
-0.0681	-0.1909	-0.3902	0.008410741665360674	-0.0004485496177625427	0.0001256637061435917	1.01207101	27.31649399	0.94112654	0.042837511498169674	0.015704	5e-05
-0.0733	-0.157	-0.3907	0.007946484084330182	-0.0005410520681182421	0.00022863813201125715	1.02433169	27.64741707	0.95714017	0.07258672286269283	0.0141812	7e-05
-0.0796	-0.2093	-0.4447	0.008435176274888594	-0.0007278022980816354	0.0001361356816555577	1.1004163	29.70099449	1.02268585	0.15099724354387523	0.0155908	5e-05
-0.0727	-0.2441	-0.4461	0.008717919613711676	-0.000614355896702004	0.00017627825445142725	1.05827558	28.56358719	0.97612447	0.06491661564992919	0.0165769	5e-05
-0.0724	-0.2123	-0.4269	0.00832871119051694	-0.000619591884457987	0.00015184364492350666	1.02594435	27.69094276	0.95302585	0.07224395102393201	0.0152476	4e-05
-0.0793	-0.1551	-0.4061	0.007531095722355532	-0.0007819075048934597	0.00021467549799530252	1.02818418	27.75139999	0.96342536	0.13603814708343379	0.0135917	6e-05
-0.0792	-0.2036	-0.4312	0.007948229413582178	-0.0007016223593017205	0.0001291543646475804	1.02702916	27.72022438	0.96134786	0.1028469985083054	0.0152251	6e-05
-0.0754	-0.1984	-0.4115	0.00791332282854229	-0.0006719517620178169	0.00015533430342749534	1.01759398	27.46556282	0.94353842	0.03323785605518538	0.0143687	9e-05
-0.0823	-0.1589	-0.3708	0.007012732934513216	-0.0008080874436733745	0.0002199114857512855	1.03369045	27.90001678	0.97107759	0.14216513790042107	0.013279	9e-05
-0.0893	-0.1185	-0.3598	0.0062168627956038025	-0.0008848819307611251	0.00034906585039886593	1.04830551	28.294487	0.97437081	0.10849094953223724	0.0136219	0.00017
-0.0892	-0.2046	-0.3681	0.0069586277277013915	-0.0008028514559173916	0.00035081117965086024	1.07953417	29.13736916	1.0085059	0.13577703680966582	0.0137414	0.00011
-0.0867	-0.2222	-0.3467	0.007716100623066931	-0.0007138396640656808	0.0002600540585471551	1.08175671	29.19735718	0.98970094	0.08836209041604777	0.0155959	0.00013
-0.0893	-0.2055	-0.3506	0.00813148898504158	-0.0008307767239493009	0.00017453292519943296	1.0493083	28.32155418	0.96247709	0.0540923277602996	0.0161125	0.00017
-0.0883	-0.1845	-0.3507	0.007915068157794284	-0.0009285151620609833	0.00016929693744344995	1.03045869	27.81278801	0.96069791	0.038069762655748095	0.0167632	0.0001
-0.091	-0.138	-0.358	0.007463027881527753	-0.000973893722612836	0.00014486232791552936	1.05842757	28.5676899	0.98969893	0.08259267231731514	0.0146483	6e-05
-0.0862	-0.1773	-0.3655	0.0072291537617605135	-0.0008203047484373349	0.00018151424220741024	1.04751146	28.27305412	0.97152339	0.07280575041173108	0.0143781	8e-05
-0.0766	-0.1768	-0.3472	0.007286749627076325	-0.0007452555906015787	0.0001675516081914556	1.00458717	27.11450005	0.93305325	0.03573038285837611	0.0162739	0.00011
-0.0786	-0.1529	-0.3454	0.0070528755073090855	-0.0007278022980816354	0.00016231562043547262	0.99594766	26.88131332	0.93113388	0.04052817000215833	0.0149051	9e-05
-0.0902	-0.115	-0.3468	0.006391395720803235	-0.0010105456369047167	0.0002373647782712288	1.0402354	28.07666969	0.9646192	0.1018636141582344	0.0142879	1e-05
-0.0836	-0.178	-0.3814	0.006888814557621618	-0.0007853981633974483	0.00027925268031909274	1.06852758	28.84029388	0.99951923	0.14242271061867579	0.0148439	4e-05
-0.0676	-0.1869	-0.3686	0.007340854833888149	-0.000705113017805709	0.00041713369122664475	1.03004718	27.80168152	0.965269	0.07121032163829115	0.0140698	4e-05
-0.0585	-0.182	-0.3514	0.007089527421600967	-0.0006981317007977319	0.0005672320068981572	1.08086491	29.17328644	0.98041771	0.05162035224833357	0.0146784	0.00012
-0.0219	-0.148	-0.3511	0.007187265859712648	-0.0007435102613495844	0.0010035643198967395	1.12036574	30.23944092	1.05284003	0.0998724655831058	0.0146064	0.00027
-0.0557	-0.0589	-0.3479	0.006613052535806515	-0.0011798425743481666	0.000783652834145454	1.16330361	31.39836502	1.12980259	0.18762285613280008	0.0191214	0.0017
-0.039	-0.1092	-0.3506	0.005958554066308641	-0.0006946410422937432	0.0006981317007977319	1.21909297	32.90415955	1.18722108	0.13096105674500103	0.0164074	0.0006
-0.0558	-0.1404	-0.3236	0.0056810467152415434	-0.0005951572749300663	0.00048171087355043494	1.12812364	30.44883347	1.06734359	0.1046705972839036	0.0137934	4e-05
-0.0729	-0.0821	-0.3116	0.005321508889330711	-0.0009023352232810684	0.00045553093477052	1.03383279	27.90386009	0.97121818	0.12204478565208753	0.0136958	6e-05
-0.0789	-0.084	-0.3485	0.005335471523346666	-0.001048942880448592	0.000466002910282486	1.06392753	28.71613693	0.97564262	0.05335211333477223	0.013001	4e-05
-0.0682	-0.1572	-0.3432	0.005757841202329294	-0.0007417649320975902	0.000460766922526503	1.10477865	29.81873512	1.02413188	0.1259391807544806	0.0143116	6e-05
-0.0562	-0.1111	-0.3217	0.005525712411814047	-0.0005759586531581287	0.0004921828490624009	1.05520248	28.48064232	0.97773441	0.10106754979953032	0.0133177	6e-05
-0.0601	-0.1152	-0.3241	0.00560774288665778	-0.0007766715171374765	0.0005235987755982988	1.01703966	27.45060158	0.94076226	0.026107963267948953	0.0130076	4e-05
-0.0727	-0.0957	-0.3332	0.005206317158699085	-0.0011013027580084218	0.0006422811647339132	1.06842136	28.83742714	0.98376164	0.0834369678982627	0.0145159	9e-05
-0.0777	-0.1849	-0.3695	0.005705481324769463	-0.0011519173063162574	0.0006562437987498679	1.08226049	29.21095657	1.01658878	0.15868706741970842	0.0148844	8e-05
-0.0789	-0.1817	-0.3516	0.006276203990171609	-0.0011711159280881952	0.000619591884457987	1.08156133	29.19208527	0.98614777	0.0536286600732982	0.0142842	3e-05
-0.081	-0.1428	-0.3504	0.006436774281355088	-0.001256637061435917	0.0005393067388662478	1.07552433	29.02914238	0.98141661	0.05851882850614702	0.0137807	5e-05
-0.0942	-0.1017	-0.3552	0.006277949319423604	-0.0014765485471872027	0.0005131268000863328	1.07199752	28.93395042	0.98345591	0.07934581932313427	0.0138687	9e-05
-0.0993	-0.1377	-0.3922	0.006578145950766627	-0.0016196655458507376	0.0005270894341022875	1.05779278	28.55055428	0.98099579	0.10096381320112562	0.0140494	6e-05
-0.101	-0.1617	-0.3889	0.006848671984825749	-0.0017034413499464657	0.0004799655442984406	1.01973951	27.52346992	0.94946836	0.04907128639793485	0.0149699	4e-05
-0.1015	-0.1305	-0.392	0.006831218692305806	-0.0017016960206944712	0.0004363323129985824	1.00607812	27.15474129	0.93918297	0.03794159265358981	0.0143117	7e-05
-0.1105	-0.0917	-0.3963	0.006311110575211495	-0.0018727382873899156	0.0004799655442984406	1.03749752	28.00277328	0.96962801	0.08883918075448062	0.0151151	7e-05
-0.1091	-0.1593	-0.4377	0.00648215284190694	-0.0019163715186897737	0.00047822021504644627	1.08101809	29.17742157	1.01889461	0.12122104136236483	0.0163394	4e-05
-0.1025	-0.1807	-0.4005	0.006558947328994691	-0.0017994344588061536	0.0004677482395344803	1.02997935	27.79985237	0.96998297	0.07541017612416681	0.0149501	7e-05
-0.1035	-0.1395	-0.375	0.006347762489503377	-0.0018413223608540175	0.000466002910282486	1.01123905	27.29403877	0.94720244	0.08044090353955859	0.0154697	8e-05
-0.1106	-0.1015	-0.3758	0.005796238445873169	-0.00199142067652553	0.0005340707511102648	1.07188356	28.93087578	1.00225229	0.08438451000647501	0.0143905	3e-05
-0.104	-0.1845	-0.4093	0.006578145950766627	-0.0017837264955382047	0.000460766922526503	1.14163148	30.81341934	1.06572537	0.17624527572322726	0.0153276	0.0001
-0.1007	-0.1673	-0.3831	0.006567673975254662	-0.0016999506914424768	0.00042236967898262774	1.03386927	27.90484238	0.95809622	0.053332251157578406	0.0145036	6e-05
-0.1057	-0.1238	-0.3695	0.006267477343911637	-0.0018291050560900572	0.000445058959258554	1.00686109	27.1758728	0.94081046	0.08470201381332662	0.015303	3e-05
-0.112	-0.0912	-0.3902	0.006089453760208215	-0.001932079481957723	0.0004921828490624009	1.06092811	28.63518143	0.98489901	0.07600609496874669	0.0138	6e-05
-0.1093	-0.1804	-0.4198	0.006941174435181449	-0.0018517943363659836	0.0004677482395344803	1.08379102	29.25226593	1.01638796	0.16932202150464473	0.0152142	8e-05
-0.1048	-0.1565	-0.4037	0.00701447826376521	-0.0017296212887263805	0.0004380776422505767	1.01760519	27.46586418	0.94630365	0.05575737367536342	0.0151413	6e-05
-0.1021	-0.1262	-0.3785	0.006265732014659643	-0.0016999506914424768	0.0005183627878423159	1.04494667	28.20382881	0.97484903	0.10113509959906052	0.0146434	3e-05
-0.095	-0.037	-0.3162	0.0037629298672997745	-0.0013997540600994523	0.000900589894029074	1.22583294	33.08607483	1.1607108	0.31786129424448256	0.0155662	6e-05
-0.0818	-0.1133	-0.345	0.004328416544945937	-0.0009983283321407565	0.0008447393579652555	1.17289817	31.65732956	1.09002003	0.16943814708343383	0.0133551	8e-05
-0.0904	-0.19	-0.3128	0.005464625887994246	-0.001117010721276371	0.0007295476273336296	1.15046227	31.05176735	1.08315997	0.1860041731407774	0.013507	3e-05
-0.0954	-0.1592	-0.3143	0.005984734005088556	-0.0013665928043115599	0.0006754424205218055	1.10917938	29.93751335	1.02237419	0.07848977034706614	0.0144447	1e-05
-0.1025	-0.1336	-0.3134	0.006059783162924312	-0.0014643312424232424	0.0006073745796940267	1.00577366	27.14652443	0.93875362	0.04564277183876091	0.0135517	4e-05
-0.1077	-0.101	-0.3131	0.005530948399570031	-0.001658062789394613	0.0006684611035138282	1.01875448	27.4968853	0.95401563	0.07728264170727268	0.0148697	5e-05
-0.1099	-0.151	-0.3534	0.005829399701661061	-0.0017348572764823637	0.0006684611035138282	1.06488585	28.74200249	0.99657394	0.11126228945893903	0.0165628	7e-05
-0.1031	-0.1541	-0.3362	0.005984734005088556	-0.0015777776438028737	0.0007609635538695277	1.07603538	29.04293442	1.01127326	0.04734581932313421	0.0155125	9e-05
-0.0911	-0.0483	-0.2863	0.00408756110817072	-0.0015271630954950383	0.0011379546723003027	1.22191536	32.98033524	1.17285986	0.2839389281828223	0.0166407	0.00015
-0.096	-0.1122	-0.3291	0.004237659423842232	-0.0016615534478986017	0.0010471975511965976	1.09660053	29.59800339	1.03572625	0.130362289458939	0.0164279	5e-05
-0.0986	-0.1862	-0.3401	0.005475097863506211	-0.0014660765716752368	0.0008360127117052838	1.07974541	29.14307213	1.01597924	0.16980500776893293	0.0148199	5e-05
-0.1016	-0.1669	-0.3325	0.005754350543825304	-0.0014974924982111347	0.0007190756518216638	1.024755	27.65884209	0.9541192	0.05128028333693057	0.014968	5e-05
-0.1049	-0.1588	-0.3407	0.00596204472481263	-0.0016545721308906245	0.0006841690667817771	1.01553512	27.40999222	0.94287488	0.03958401993533507	0.0152552	5e-05
-0.1106	-0.1229	-0.3389	0.0057421332390613445	-0.0017610372152622785	0.0007173303225696694	1.01115525	27.29177475	0.94114223	0.061376891295541615	0.0147967	7e-05
-0.1163	-0.1162	-0.369	0.005658357434965616	-0.0020245819323134223	0.0007225663103256524	1.0628382	28.68673325	0.99710693	0.060127825445142793	0.0149162	2e-05
-0.115	-0.1876	-0.3875	0.006508332780686855	-0.0019722220547535923	0.000661479786505851	1.10318244	29.77565384	1.02040905	0.13937108735504353	0.0158767	4e-05
-0.1154	-0.1531	-0.3733	0.006672393730374321	-0.001998401993533507	0.0005724679946541401	1.09350777	29.51452827	1.00158239	0.06306263401595458	0.0150676	0.0001
-0.1218	-0.1311	-0.3828	0.006735225583446118	-0.002090904443889207	0.0005654866776461627	1.01790726	27.47401619	0.94351782	0.04601578102177365	0.014708	9e-05
-0.1281	-0.1278	-0.4128	0.006890559886873613	-0.0023073252711365037	0.000460766922526503	1.11569118	30.11327171	1.01875092	0.06342374428972257	0.0159379	3e-05
-0.124	-0.2009	-0.4185	0.007307693578100258	-0.002237512101056731	0.00048520153205442357	1.09090841	29.44436836	1.01706313	0.10846907354171692	0.0162176	3e-05
-0.1251	-0.1882	-0.4147	0.0074508105767637925	-0.0022968532956245376	0.0004380776422505767	0.99852443	26.95086098	0.93630608	0.030079104151759347	0.0165885	3e-05
-0.1274	-0.1783	-0.4224	0.0074228853087318835	-0.002333505209916419	0.0004310963252425994	0.99779916	26.93128586	0.93290693	0.023477924966588407	0.0170816	8e-05
-0.1256	-0.2034	-0.4379	0.007602654221687299	-0.0023160519173964756	0.000445058959258554	1.00042844	27.00225258	0.93277668	0.05295924197456572	0.0180616	6e-05
-0.1256	-0.2127	-0.4371	0.007962192047598132	-0.0023404865269243957	0.00039095375244672985	1.03602719	27.96308708	0.96691714	0.03200388211252888	0.0188206	9e-05
-0.129	-0.1781	-0.4358	0.007745771220350834	-0.0023387411976724015	0.00040317105721069014	1.00306034	27.07328987	0.93480369	0.050819173063162575	0.0182005	8e-05
-0.1299	-0.1661	-0.4436	0.007532841051607526	-0.002436479635784084	0.00039968039870670147	1.00866139	27.22446632	0.93523591	0.03640796326794894	0.0189507	0.00013
-0.1302	-0.1982	-0.4458	0.008087855753741723	-0.0024207716725161347	0.0004136430327226561	1.016101	27.42526436	0.94372485	0.06383426497090505	0.0189758	0.00012
-0.1291	-0.1829	-0.4391	0.008049458510197848	-0.0024137903555081575	0.00034033920413889426	0.9944827	26.84177208	0.9255556	0.029034119456780687	0.0186989	9e-05
-0.1342	-0.1286	-0.4188	0.0069533917399454085	-0.0025464353786597265	0.00043458698374658803	1.0392071	28.04891586	0.97632286	0.14584797865058516	0.0176207	5e-05
-0.1324	-0.1438	-0.4429	0.006787585461005948	-0.0025551620249196984	0.0004747295565424576	1.0559895	28.50188255	0.99377752	0.051833774899765137	0.0174793	9e-05
-0.1213	-0.1961	-0.4257	0.0068975412038815905	-0.002389355745980237	0.0004625122517784973	1.08690572	29.33633232	1.01500138	0.09499896632895315	0.018942	0.00012
-0.1148	-0.1557	-0.4066	0.006723008278682157	-0.002319542575900464	0.0005044001538263612	1.03844106	28.0282383	0.96002625	0.0803116998663535	0.0173146	7e-05
-0.1141	-0.0791	-0.3497	0.005359906132874586	-0.0020106192982974674	0.0006213372137099814	1.09993887	29.68810844	1.02265487	0.2236481241647094	0.0168992	4e-05
-0.1153	-0.0486	-0.3865	0.004663519761328848	-0.0019792033717615696	0.0007871434926494425	1.16619837	31.47649765	1.08007071	0.11318042885105487	0.0179175	0.00012
-0.1162	-0.202	-0.4373	0.0060946897479642	-0.002092649773141201	0.000752236907609556	1.23057628	33.21409988	1.16505046	0.2840761486527435	0.0172057	6e-05
-0.1094	-0.1914	-0.3946	0.006230825429619756	-0.002005383310541485	0.0006370451769779302	1.08550191	29.29844284	1.01327237	0.07702969374434497	0.0157302	4e-05
-0.103	-0.1683	-0.3771	0.005988224663592545	-0.0019512781037296606	0.0006265732014659643	1.02338934	27.62198257	0.95022744	0.06235889741755007	0.0157655	6e-05
-0.1195	-0.112	-0.3653	0.005490805826774161	-0.0022724186860966175	0.0006963863715457374	1.05356038	28.43631935	0.97566236	0.1290186294632557	0.0150288	3e-05
-0.1207	-0.1066	-0.4033	0.005387831400906495	-0.002251474735072685	0.0007033676885537148	1.0901562	29.42406464	1.00210821	0.0511449846949788	0.0157697	8e-05
-0.1197	-0.1961	-0.4261	0.00647866218340295	-0.002190388211252884	0.0006283185307179585	1.10594368	29.85018158	1.04074444	0.17464832320760065	0.016834	6e-05
-0.1184	-0.1463	-0.4095	0.006733480254194123	-0.002169444260228951	0.0005497787143782138	1.03354728	27.8961525	0.96783497	0.08541509190774249	0.0161356	6e-05
-0.1217	-0.1265	-0.4046	0.00659908990179056	-0.002209586833024821	0.0005672320068981572	1.01265013	27.33212471	0.93459333	0.0375993108859688	0.0154729	9e-05
-0.1253	-0.0846	-0.3904	0.0057089719832734516	-0.002319542575900464	0.0006440264939859076	1.02863479	27.76356125	0.96091639	0.11354340742402506	0.0165294	7e-05
-0.1217	-0.1584	-0.4309	0.006070255138436278	-0.0023003439541285265	0.0006771877497737998	1.08682871	29.33425522	1.01561513	0.13858215163613283	0.0184606	0.00011
-0.12	-0.1885	-0.4233	0.006742206900454094	-0.0022060961745208325	0.000614355896702004	1.0430913	28.15375328	0.95989028	0.08085156973486526	0.0163604	7e-05
-0.1213	-0.1711	-0.4206	0.007094763409356949	-0.0022200588085367874	0.0005707226654021458	0.99429619	26.83673859	0.92726457	0.04190761871093346	0.0168111	0.0001
-0.1263	-0.1425	-0.4177	0.006829473363053811	-0.0022863813201125715	0.0006056292504420323	1.00802767	27.20735931	0.93669765	0.05482595714594039	0.0164737	8e-05
-0.1321	-0.137	-0.4504	0.0069254664719134995	-0.0025080381351158514	0.0005811946409141118	1.06034482	28.61943626	0.97785042	0.06110422666954444	0.0173513	9e-05
-0.1296	-0.2291	-0.4565	0.007770205829878755	-0.0024853488548399255	0.0005654866776461627	1.0920409	29.47493553	1.02818928	0.14485683007545647	0.01855	4e-05
-0.1262	-0.1866	-0.4358	0.007660250087003113	-0.0024609142453120045	0.0005462880558742252	1.0109272	27.28561974	0.95025275	0.07427944870877502	0.0171899	4e-05
-0.1309	-0.158	-0.4196	0.0070476395195531024	-0.0025272367568877894	0.0005515240436302081	1.0047437	27.11872292	0.93850163	0.08370845333908891	0.0165337	2e-05
-0.1382	-0.1327	-0.4286	0.006440264939859076	-0.002713986986851182	0.0005724679946541401	1.03373373	27.90118408	0.96333106	0.08235343803406754	0.0172116	8e-05
-0.1385	-0.2022	-0.4418	0.0069865529957333005	-0.0026563911215353696	0.0005288347633542819	1.04231036	28.13267517	0.97624601	0.1153758576244948	0.0177327	7e-05
-0.1328	-0.1491	-0.3465	0.0051731559029111925	-0.002380629099720265	0.0007714355293814937	1.19163811	32.16313171	1.13185608	0.2706879940332213	0.0165281	0.00011
-0.1487	-0.0572	-0.3107	0.0032882003107573173	-0.002841396022246768	0.0009930923443847736	1.15634155	31.21045303	1.12325475	0.2719689664841829	0.0190399	0.00017
-0.1462	-0.0563	-0.3364	0.003415609346152903	-0.00272096830385916	0.0010454522219446034	1.06978285	28.87417603	0.99794399	0.04410983156715118	0.017957	0.00014
-0.1472	-0.1582	-0.3249	0.004352851154473858	-0.0026843163895672786	0.0009861110273767962	1.12221396	30.28932762	1.06329464	0.16606174585903216	0.0168337	0.00011
-0.1498	-0.1249	-0.3021	0.004600687908257053	-0.0027035150113392165	0.0009546951008408983	1.03543651	27.94714546	0.96297545	0.0736225651045516	0.0163123	2e-05
-0.1503	-0.1178	-0.3114	0.00478918346747244	-0.002659881780039358	0.0009250245035569946	0.98089266	26.47496796	0.91648554	0.029989969389957488	0.0156163	4e-05
-0.1532	-0.1159	-0.3344	0.0048956485518440946	-0.0027349309378751144	0.000921533845053006	1.00423348	27.10495186	0.93727469	0.03705024503556996	0.0157261	0.00011
-0.1489	-0.1744	-0.3583	0.005475097863506211	-0.002790781473938933	0.000890117918517108	1.02435553	27.64806175	0.96005557	0.12003578871309165	0.015864	6e-05
-0.1475	-0.1594	-0.3456	0.005518731094806069	-0.0027855454861829498	0.0008220500776893293	1.01032376	27.26933289	0.93636586	0.03494685299418101	0.0158947	0.0001
-0.1541	-0.1359	-0.3374	0.005047492196767601	-0.0028902652413026098	0.0009093165402890458	1.04315603	28.1554985	0.95888701	0.07146125578789225	0.018242	4e-05
-0.156	-0.1122	-0.3587	0.004506440128649358	-0.0030473448739821	0.0009564404300928925	1.08829296	29.37377739	1.01644318	0.08416277953007904	0.0186395	4e-05
-0.1467	-0.1836	-0.3766	0.005281366316534841	-0.0028640853025226946	0.000921533845053006	1.08514369	29.28877449	1.01713315	0.14825461721923874	0.018423	5e-05
-0.1126	-0.1452	-0.3308	0.004888667234836118	-0.002097885760897184	0.0009861110273767962	1.06769335	28.81777763	1.00810737	0.1794737902824012	0.0159038	8e-05
-0.1064	-0.072	-0.2911	0.004150392961242515	-0.0018901915799098587	0.0010192722831646884	1.05070579	28.359272	0.99590763	0.168056485518441	0.0156516	0.0001
-0.1192	-0.0748	-0.3183	0.0037978364523396607	-0.0021380283336930534	0.001085594794740473	1.06045771	28.62248421	0.99625635	0.0761357887130917	0.0160708	0.00011
-0.1204	-0.1954	-0.3612	0.005066690818539539	-0.0022130774915288098	0.0009808750396208131	1.14649558	30.94470406	1.08647327	0.23713116395776468	0.0162655	7e-05
-0.1197	-0.181	-0.3361	0.005263913024014897	-0.0022183134792847924	0.0009546951008408983	1.08832216	29.37456512	1.00066875	0.0516319066005628	0.0158346	8e-05
-0.1226	-0.1608	-0.332	0.005293583621298802	-0.002228785454796759	0.0009250245035569946	0.99200785	26.77497482	0.92427029	0.03069065850398873	0.015463	9e-05
-0.1215	-0.1623	-0.3438	0.005689773361501514	-0.002228785454796759	0.0008831366015091308	1.00410306	27.1014328	0.93115283	0.0363038821125288	0.0149115	5e-05
-0.1184	-0.1605	-0.3493	0.0057752944948492365	-0.002139773662945048	0.0008813912722571365	1.05835485	28.56572723	0.97239416	0.01921391272257137	0.0150016	8e-05
-0.1175	-0.1584	-0.3407	0.00541401133968641	-0.002169444260228951	0.0009128071987930344	1.08915091	29.3969326	0.99503296	0.03271848394913139	0.0170357	9e-05
-0.1297	-0.1123	-0.2951	0.004771730174952496	-0.0024155356847601517	0.0010367255756846318	1.14543927	30.91619492	1.04763101	0.15451454830783568	0.018335	0.00018
-0.1396	-0.0446	-0.2534	0.004084070449666731	-0.0025883232807075904	0.0012322024519079964	1.10076606	29.71043396	1.02797851	0.17209620987282837	0.020429	0.00017
-0.1312	-0.0477	-0.1986	0.00411548637620263	-0.0021938788697568722	0.0013631021458075715	1.0833472	29.24028587	1.02824469	0.09413800156930957	0.0209122	0.00011
-0.1213	-0.123	-0.2143	0.004194026192542374	-0.001998401993533507	0.0014922565104551516	1.12244606	30.29559135	1.0491314	0.12105855286053448	0.0201927	0.00016
-0.1209	-0.2138	-0.2439	0.0047856928089684515	-0.0020350539078253884	0.001420698011123384	1.07960725	29.13934135	1.01349798	0.1557938515024863	0.0200992	0.00035
-0.1174	-0.2284	-0.2455	0.005270894341022875	-0.0019442967867216831	0.0013369222070276565	1.0083046	27.21483421	0.94451004	0.05268672286269279	0.0202867	0.00022
-0.1218	-0.228	-0.2357	0.006141813637768045	-0.0019844393595175526	0.0012112585008840647	1.04007089	28.07222939	0.99382234	0.06643627878423157	0.0215284	0.00018
-0.128	-0.1616	-0.2157	0.006293657282691553	-0.002169444260228951	0.0011501719770642632	1.05401218	28.44851303	1.0028579	0.11249675347273536	0.0219689	0.0001
-0.1307	-0.1109	-0.2249	0.00623257075887175	-0.002361430477948328	0.0011082840750163993	1.00993121	27.25873756	0.94886456	0.07734803217935214	0.0210524	0.00013
-0.1337	-0.0964	-0.2601	0.0062727133316676205	-0.00244695161129605	0.0010053096491487337	1.04439616	28.18897057	0.98544672	0.06413190660056292	0.0189944	2e-05
-0.1379	-0.092	-0.2786	0.006335545184739415	-0.0025254914276357948	0.001001818990644745	1.02909219	27.77590561	0.95231817	0.034343116395776405	0.0187309	4e-05
-0.1417	-0.108	-0.2938	0.006443755598363065	-0.00266860842629933	0.0009285151620609833	1.0658145	28.76706696	0.97737467	0.0512315620435473	0.0187938	6e-05
-0.1505	-0.1022	-0.2802	0.005953318078552658	-0.0030246555937061734	0.0010000736613927507	1.04842293	28.29765511	0.96490203	0.07410215932745084	0.0208315	0.00013
-0.1537	-0.1382	-0.301	0.005717698629533424	-0.0032061698359135836	0.0009599310885968812	1.1133877	30.05109978	1.04161738	0.0828638132011257	0.0220267	0.00013
-0.1502	-0.2201	-0.3064	0.00642979296434711	-0.0030455995447301047	0.000874409955249159	1.1024152	29.75494576	1.03368089	0.13870928796724438	0.0236839	0.00038
-0.1487	-0.2018	-0.2897	0.006269222673163632	-0.002963569069886372	0.0008569566627292158	1.06706572	28.80083847	0.98598735	0.04950270292735768	0.0234627	0.00048
-0.1547	-0.1705	-0.2728	0.005939355444536703	-0.0030072023011862297	0.0009232791743050004	1.0496012	28.32945824	0.97997763	0.0761911485751286	0.0247597	0.00058
-0.1586	-0.1774	-0.2878	0.006134832320760068	-0.0031922072018976287	0.0008220500776893293	1.07283187	28.95647049	0.99742573	0.04988554367752173	0.0253748	0.00074
-0.1594	-0.1802	-0.2873	0.006403613025567195	-0.0032061698359135836	0.0008272860654453122	1.07202041	28.93457031	0.97825997	0.01849896632895325	0.0252602	0.00073
-0.1535	-0.1355	-0.2746	0.005955063407804653	-0.00314857397059777	0.0008307767239493009	1.10432076	29.80637741	1.01021129	0.08878180707911716	0.0233471	0.0006
-0.1588	-0.0429	-0.2714	0.004857251308300219	-0.003450515931192789	0.0010175269539126942	1.20266831	32.46084595	1.12268211	0.1804252145031424	0.0244814	0.00054
-0.1636	-0.0916	-0.3129	0.005597270911145814	-0.003413864016900908	0.0009302604913129776	1.15938616	31.29263115	1.07467498	0.13819689898685966	0.022261	0.00013
-0.1618	-0.1438	-0.3172	0.006464699549386996	-0.0033021629447732717	0.0007976154681614085	1.10025942	29.69676018	1.02404877	0.11388873667601936	0.020453	9e-05
-0.1637	-0.1483	-0.3132	0.00648215284190694	-0.0032114058236695662	0.0007068583470577034	1.03500378	27.93546486	0.96103112	0.020348376736367715	0.020136	4e-05
-0.1887	-0.1301	-0.2973	0.005804965092133139	-0.003413864016900908	0.0006754424205218055	1.07963085	29.13997841	1.01896357	0.10465309347705196	0.0217692	6e-05
-0.1907	-0.0947	-0.3102	0.005431464632206353	-0.0035622170033204267	0.0007766715171374765	1.10306382	29.77245331	1.02541581	0.08145412714809877	0.0229146	0.00016
-0.1664	-0.198	-0.3451	0.006600835231042554	-0.003371976114853045	0.0008517206749732328	1.14952981	31.02660179	1.08794373	0.23423303225696704	0.020245	3e-05
-0.1583	-0.1766	-0.3253	0.006729989595690135	-0.0032829643230013338	0.0008569566627292158	1.05067754	28.35851097	0.97304271	0.06047010721276378	0.0214159	4e-05
-0.1631	-0.1482	-0.3197	0.006799802765769907	-0.0033178709080412204	0.0008709192967451704	1.0144496	27.38069344	0.94294733	0.044734119456780685	0.0212665	5e-05
-0.1678	-0.1031	-0.3048	0.005789257128865191	-0.0035465090400524776	0.0010070549784007281	1.09173059	29.46656036	1.0224114	0.13346597252857653	0.0225497	8e-05
-0.1656	-0.1449	-0.3435	0.006230825429619756	-0.003443534614184812	0.0009529497715889039	1.09132171	29.45552254	1.01625163	0.11263239667170276	0.0205248	6e-05
-0.1658	-0.1756	-0.3339	0.006712536303170191	-0.0033824480903650108	0.0008412486994612669	1.03985107	28.06629753	0.97040164	0.07322492347489373	0.0235496	0.0001
-0.1657	-0.1373	-0.3358	0.0068329640215578	-0.003316125578789226	0.0007941248096574199	0.99801558	26.93712807	0.9345767	0.05199370598836209	0.021059	9e-05
-0.1691	-0.1151	-0.3113	0.006339035843243405	-0.0035116024550125905	0.000905825881785057	1.01490629	27.39302063	0.94023707	0.09015530633326986	0.0223817	0.00011
-0.1775	-0.0689	-0.3091	0.005649630788705644	-0.003745476574779831	0.0009494591130849152	1.08773398	29.35868835	1.01367848	0.10514562028024296	0.0228717	8e-05
-0.1729	-0.157	-0.3473	0.0062482787221397	-0.003639011490408177	0.0010070549784007281	1.13021863	30.50537872	1.06239045	0.16903544415607616	0.022522	7e-05
-0.1709	-0.1979	-0.3386	0.00686088928958971	-0.003556981015564444	0.0008587019919812101	1.08750474	29.35250282	1.00326644	0.09374970143566302	0.0223692	9e-05
-0.1712	-0.1791	-0.3289	0.006878342582109652	-0.0035674529910764093	0.0008604473212332044	1.03548515	27.94845581	0.9490009	0.03028352986419504	0.0221698	9e-05
-0.1766	-0.1369	-0.3271	0.006452482244623035	-0.0038083084278516272	0.0009145525280450286	1.09470868	29.54694176	0.99620541	0.085441049053683	0.0225409	8e-05
-0.1799	-0.1479	-0.356	0.0065764006215146345	-0.003911282853719292	0.0009634217471008699	1.07664621	29.05942345	0.98668838	0.05698810109075524	0.0224838	0.00013
-0.1792	-0.2003	-0.3676	0.0072902402855803145	-0.003921754829231259	0.0008604473212332044	1.06154871	28.65193176	0.98951142	0.10606430327226563	0.0233715	0.00012
-0.1753	-0.1782	-0.3613	0.007321656212116212	-0.0038571776469074684	0.0007976154681614085	1.00753951	27.19418335	0.94137083	0.040241248096574145	0.0227968	7e-05
-0.1747	-0.1393	-0.3425	0.006839945338565778	-0.00376118453804778	0.0009424777960769379	1.00452387	27.11279106	0.94301074	0.09442831551628257	0.0222358	9e-05
-0.1747	-0.1226	-0.3539	0.0064053583548191895	-0.0038030724400956446	0.0009337511498169664	1.03072453	27.81996536	0.96115083	0.0523600766027212	0.0222089	0.00014
-0.1737	-0.1878	-0.3605	0.006979571678725324	-0.0037192966359999168	0.0009337511498169664	1.04061639	28.08695221	0.97341601	0.10569945640009308	0.0219488	9e-05
-0.1722	-0.1576	-0.3496	0.006963863715457375	-0.0036320301734002	0.0008988445647770796	1.00022733	26.99682426	0.93286967	0.0494940505453776	0.0216539	0.00012
-0.1772	-0.1381	-0.3315	0.006656685767106373	-0.003754203221039803	0.0009232791743050004	0.99070632	26.73984528	0.92560587	0.06528928027592626	0.0223	0.0001
-0.1804	-0.1132	-0.337	0.006187192198319898	-0.0038275070496235643	0.0009669124056048585	1.02664125	27.70975304	0.95855466	0.06292153143350473	0.023004	9e-05
-0.1807	-0.1997	-0.3681	0.0071959925059726215	-0.003855432317655474	0.0009180431865490173	1.09027851	29.42736816	1.01661082	0.17217973973702366	0.0226199	9e-05
-0.1838	-0.1776	-0.3503	0.0072640603468004	-0.00386590429316744	0.0008587019919812101	1.03226936	27.86166191	0.95243974	0.04989405054537754	0.0235356	0.00012
-0.1859	-0.169	-0.3471	0.0072692963345563815	-0.003920009499979264	0.0009075712110370514	1.03891897	28.0411377	0.95912874	0.019310520681182337	0.0234009	0.00011
-0.182	-0.1502	-0.3576	0.006901031862385578	-0.003900810878207326	0.0009232791743050004	1.04825211	28.29304504	0.96245088	0.053358552860534494	0.0223213	8e-05
-0.1813	-0.1773	-0.3652	0.007297221602588292	-0.003867649622419434	0.0008499753457212384	1.04601753	28.23273277	0.96100873	0.06053274122871848	0.0224792	0.00018
-0.176	-0.1489	-0.3433	0.00680852941202988	-0.0036582101121801144	0.0009285151620609833	1.02580631	27.68721771	0.94976685	0.09443357585687388	0.0229936	7e-05
-0.1698	-0.0604	-0.3142	0.005235987755982988	-0.003611086222376268	0.0011239920382843482	1.14360321	30.86663628	1.08096816	0.21455712110370517	0.0228164	0.00015
-0.11	-0.0124	-0.2945	0.0015428710587629874	-0.0019058995431778078	0.0014835298641951804	1.50869918	40.72082901	1.49693041	0.41539206011646473	0.0241708	0.00164
-0.0645	-0.1043	-0.2835	0.0010873401239924673	-0.000640535835481919	0.0014329153158873448	1.364012	36.81562424	1.33793485	0.23697545953871224	0.021517	0.00077
-0.0781	-0.0953	-0.2567	0.002464404903815993	-0.0007487462491055673	0.001256637061435917	1.13733423	30.69743347	1.08826044	0.13247767239493008	0.0162911	0.00013
-0.088	-0.0946	-0.2584	0.00301941960595019	-0.0009564404300928925	0.0012042771838760874	1.06335783	28.70075989	0.97699552	0.05305343803406761	0.0159993	0.00011
-0.0934	-0.1052	-0.268	0.0033859387488689996	-0.0011501719770642632	0.0011414453308042916	1.05158186	28.3829174	0.95609488	0.056754127148098805	0.0148818	8e-05
-0.1089	-0.0995	-0.2686	0.003986332011555049	-0.0014782938764391971	0.0011885692206081383	1.08738923	29.3493824	1.00739373	0.07058195259324149	0.0156081	3e-05
-0.1272	-0.0777	-0.2813	0.004134684997974567	-0.0019722220547535923	0.0012880529879718153	1.09422934	29.5340023	1.01414827	0.08988824660487953	0.0172896	3e-05
-0.1317	-0.1769	-0.3163	0.005014330940979708	-0.0020263272615654165	0.0011431906600562858	1.15921044	31.28788757	1.09174073	0.1926306738866248	0.0160928	7e-05
-0.1395	-0.1673	-0.298	0.005342452840354642	-0.002237512101056731	0.0010105456369047167	1.05199826	28.3941555	0.97939189	0.06929758810089089	0.0179067	8e-05
-0.1522	-0.1383	-0.2951	0.005471607205002223	-0.002469640891571976	0.0009965830028887623	1.05673766	28.52207565	0.96633256	0.06336228945893906	0.0175185	0.00011
-0.1629	-0.0883	-0.2734	0.004595451920501069	-0.002844886680750757	0.0011257373675363424	1.11338305	30.05097389	1.01813626	0.15142777191637574	0.020079	9e-05
-0.1625	-0.1392	-0.3189	0.005134758659367318	-0.0028431413514987624	0.0011431906600562858	1.12714767	30.42249107	1.03923695	0.12472526803190936	0.0186848	4e-05
-0.1625	-0.1925	-0.314	0.005895722213236845	-0.0028187067419708422	0.0011047934165124105	1.07047904	28.89296722	0.99896578	0.09938977034706611	0.0196852	9e-05
-0.1605	-0.1674	-0.3054	0.005942846103040692	-0.0027925268031909274	0.001085594794740473	1.01050043	27.27410316	0.94245521	0.040325122517785	0.0205045	8e-05
-0.1671	-0.1522	-0.2948	0.005808455750637128	-0.002879793265790644	0.001085594794740473	1.01540267	27.40641785	0.94344331	0.04348284075016404	0.0201321	4e-05
-0.1742	-0.1043	-0.298	0.005333726194094671	-0.0031258846903218446	0.001165879940332212	1.08176827	29.19766998	0.99547579	0.09825530633326977	0.0195394	3e-05
-0.1746	-0.1725	-0.3292	0.005797983775125162	-0.0032096604944175725	0.001075122819228507	1.11226285	30.02074051	1.02976234	0.13173952531149616	0.0199935	8e-05
-0.1779	-0.1788	-0.3173	0.0062063908200918365	-0.0031922072018976287	0.0010157816246606998	1.02123153	27.56374359	0.94702808	0.04576007660272126	0.0200197	0.00012
-0.1811	-0.1549	-0.3087	0.006126105674500097	-0.0032515483964654355	0.000973893722612836	0.98976672	26.71448517	0.92168956	0.04477571211037054	0.0200839	7e-05
-0.1812	-0.1149	-0.2901	0.005457644570986268	-0.0033021629447732717	0.0010821041362364843	1.02714562	27.72336769	0.95339029	0.10006430327226562	0.0199466	9e-05
-0.183	-0.1221	-0.3078	0.005255186377754926	-0.0033946653951289706	0.0011327186845443199	1.05500972	28.47543716	0.97585373	0.04397875959474383	0.0204143	8e-05
-0.1788	-0.1963	-0.3205	0.005970771371072602	-0.0032899456400093115	0.001090830782496456	1.05564976	28.49271202	0.99468779	0.13420963252426	0.0206153	5e-05
-0.1821	-0.1753	-0.3092	0.005944591432292687	-0.003298672286269283	0.001001818990644745	1.00154543	27.03240013	0.93350604	0.04179591884457992	0.0207012	9e-05
-0.1834	-0.157	-0.295	0.005808455750637128	-0.0032498030672134413	0.00102799892942466	0.98921603	26.6996212	0.92739405	0.04435924197456578	0.0207756	3e-05
-0.1905	-0.102	-0.2852	0.005115560037595381	-0.0034732052114687163	0.0010821041362364843	1.01643598	27.4343071	0.95634101	0.12042015320544228	0.0225645	0.0001
-0.1918	-0.1666	-0.3207	0.005838126347921033	-0.003467969223712733	0.0010035643198967395	1.08048773	29.16310883	1.00398853	0.141717105721069	0.020646	5e-05
-0.1958	-0.1806	-0.3135	0.006401867696315201	-0.003565707661824415	0.0009285151620609833	1.04923856	28.31966972	0.96192264	0.06202644721708033	0.0213855	0.00012
-0.1952	-0.1523	-0.297	0.006105161723476165	-0.003560471674068432	0.000905825881785057	1.01064563	27.27802086	0.9415833	0.061631562043547305	0.0234315	6e-05
-0.2022	-0.0811	-0.283	0.005314527572322734	-0.0037384952577718534	0.0009896016858807848	1.07911503	29.12605667	1.02081329	0.14482167694762896	0.0219305	7e-05
-0.1992	-0.1309	-0.3109	0.005187118536927148	-0.003673918075448063	0.0010105456369047167	1.09914184	29.66659546	1.02716285	0.09134650843716544	0.0212458	2e-05
-0.2007	-0.1853	-0.3106	0.005904448859496816	-0.003686135380212024	0.0008604473212332044	1.08203423	29.20484924	1.00252125	0.1001822971502571	0.0222836	0.00013
-0.1998	-0.1654	-0.3088	0.0058695422744569304	-0.0036948620264719957	0.0008691739674931761	1.01118159	27.29248619	0.93643605	0.02521799387799142	0.0241231	0.00012
-0.2002	-0.1365	-0.2902	0.005424483315198376	-0.003677408733952052	0.0008726646259971648	1.04236233	28.13407707	0.95930792	0.07120014551412432	0.0245562	7e-05
-0.2016	-0.0935	-0.2847	0.005024802916491674	-0.0037734018428117405	0.0010349802464326373	1.05035365	28.34976768	0.96900538	0.08279945640009315	0.0239843	9e-05
-0.1999	-0.1452	-0.3132	0.005291838292046808	-0.0037437312455278365	0.0009878563566287904	1.08524823	29.29159546	1.00772932	0.09909149313214419	0.0236275	7e-05
-0.2002	-0.1886	-0.3076	0.00598647933434055	-0.003728023282259888	0.0009162978572970229	1.03989601	28.0675087	0.97053413	0.08839537524467293	0.0239192	0.0001
-0.1986	-0.1635	-0.3071	0.006370451769779303	-0.0037192966359999168	0.000874409955249159	1.02204216	27.58562088	0.95381696	0.04892934918732934	0.0243332	0.00011
-0.2012	-0.1434	-0.289	0.00601091394386847	-0.0037384952577718534	0.000900589894029074	1.02256203	27.59965324	0.951896	0.06104581932313423	0.0235982	0.00014
-0.2063	-0.1133	-0.2807	0.005373868766890541	-0.003834488366631542	0.0009878563566287904	1.00512469	27.12900734	0.94381808	0.08451523742186669	0.0238427	0.00015
-0.2031	-0.1742	-0.3026	0.0056758107274855595	-0.003790855135331684	0.000973893722612836	1.03058147	27.81610298	0.97025992	0.10397689129554152	0.025687	0.00016
-0.2031	-0.1686	-0.2956	0.006173229564303944	-0.0037768925013157294	0.0008587019919812101	1.01138341	27.29793358	0.94224475	0.04392866007329826	0.0236961	0.00013
-0.203	-0.1467	-0.2862	0.00566010276421761	-0.0037699111843077517	0.0009197885158010115	0.99420178	26.83419037	0.92774857	0.060459732045705615	0.0248108	0.00016
-0.2181	-0.1066	-0.2943	0.005452408583230286	-0.004070107815650777	0.0009721483933608416	1.027596	27.73552322	0.96878361	0.09131253449450896	0.0255054	0.0001
-0.2242	-0.2014	-0.4513	0.007093018080104955	-0.004591961261997081	0.000577703982410123	1.288643	34.78136063	1.27824376	0.3857453677085846	0.0276824	0.00042
-0.2201	-0.2334	-0.4285	0.00647866218340295	-0.00481710873550435	0.0005445427266222308	1.20922649	32.63785553	1.16272918	0.1025332312998583	0.0327209	0.00312
-0.2171	-0.1792	-0.4662	0.007056366165813074	-0.0045640359939651725	0.0005218534463463045	1.20227861	32.45032883	1.16950649	0.13757330021126135	0.0286794	0.00075
-0.2102	-0.2929	-1.1735	0.008428194957880617	-0.0052447144022429604	0.0003961897402027128	2.94272733	79.42623901	3.16070256	0.9368085453244462	0.0948247	0.08714
-0.2449	-0.2394	-1.234	0.0060632738214283005	-0.0064280476350951155	0.0006928957130417488	1.73352706	46.7890892	1.80412951	0.34094801710717537	0.10545	0.10523
-0.2506	-0.1029	-1.0831	0.005953318078552658	-0.006487388829662923	0.0005585053606381855	1.41814446	38.27669525	1.39965606	0.30828436449235064	0.0852849	0.07866
-0.257	-0.0613	-0.8731	0.006635741816082441	-0.0060911990894602095	0.0005078908123303499	1.43895698	38.83843994	1.44634846	0.3144614013020166	0.0585333	0.04309
-0.2558	-0.0947	-0.8484	0.006949901081441421	-0.0060301125656404084	0.00047822021504644627	1.04192007	28.12214088	0.97319257	0.07954581932313416	0.0542092	0.03611
-0.2568	-0.0972	-0.7597	0.006585127267774605	-0.0058800142499688965	0.0005218534463463045	1.08265722	29.22166443	1.03401249	0.12012526803190925	0.0464739	0.02405
-0.2494	-0.0546	-0.6387	0.00518013721991917	-0.005523967082562053	0.0006492624817418905	1.15046906	31.05195045	1.10310154	0.2654223125328932	0.0389271	0.01481
-0.2305	-0.1746	-0.589	0.005307546255314756	-0.00495848040491589	0.0006981317007977319	1.14747918	30.97125244	1.12510888	0.2256882466048796	0.0327923	0.00625
-0.2248	-0.1902	-0.5579	0.005242969072990966	-0.004747295565424576	0.0007190756518216638	1.01724315	27.45609283	0.95427972	0.06723529864195184	0.0303851	0.00357
-0.2249	-0.1838	-0.536	0.004902629868852071	-0.004797910113732411	0.0007644542123735164	0.99837518	26.94683266	0.93813584	0.05021661564992901	0.0296993	0.00344
-0.2166	-0.1084	-0.3918	0.0040282199136029125	-0.004262094033370152	0.000783652834145454	1.3142978	35.47380066	1.32226211	0.29937123286916784	0.0274894	0.00175
-0.2145	-0.0048	0.1623	0.0031031954100459182	-0.003892084231947355	0.0007330382858376184	2.93339801	79.17443085	3.28704042	0.7270824426643813	0.067602	0.04124
-0.2237	-0.057	0.1263	0.002494075501099897	-0.004016002608838952	0.0006597344572538566	1.30983925	35.35346222	1.31374849	0.137717105721069	0.0578967	0.02886
-0.2337	-0.0519	0.1374	0.0027279496208671367	-0.0042882739721500675	0.0006335545184739417	1.00967944	27.25194359	0.96158721	0.05281627109291349	0.060131	0.0316
-0.2477	-0.0312	0.1472	0.002707005669843205	-0.004537856055185257	0.0006963863715457374	1.00763488	27.19675827	0.94794757	0.06116789435654589	0.0628119	0.0344
-0.2462	-0.0332	0.1267	0.002134537675189065	-0.004487241506877421	0.0006771877497737998	1.04613268	28.23583984	0.99294393	0.056114058236695664	0.0588936	0.03173
-0.2356	-0.072	0.1394	0.0021676989309769574	-0.0042987459476620336	0.0006579891280018621	1.0216856	27.5759964	0.95109691	0.07414277183876086	0.0601664	0.03155
-0.2292	-0.0419	0.1462	0.0020804324683772408	-0.004131194339470578	0.0006579891280018621	1.00907254	27.23556137	0.93570286	0.05604090353955864	0.0603535	0.03218
-0.2312	-0.0246	0.1499	0.0017610372152622785	-0.004075343803406759	0.0007190756518216638	1.03707159	27.99127579	0.95719178	0.04481661564992914	0.0613012	0.03381
-0.2335	0.0011	0.1384	0.0014346606451393388	-0.004092797095926702	0.0007749261878854823	1.02475727	27.65890503	0.96313525	0.059484019935335086	0.0590421	0.03271
-0.225	-0.0659	0.1406	0.0013927727430914749	-0.00393048147549123	0.0007539822368615504	1.0385381	28.03085899	0.97948407	0.0889573736753634	0.0600501	0.03114
-0.2207	-0.0446	0.1465	0.0015917402778188286	-0.0038048177693476384	0.0006719517620178169	1.05216789	28.39873695	0.97824222	0.05183308578573394	0.0587503	0.0328
-0.2217	-0.0375	0.1453	0.0016249015336067207	-0.0037681658550557575	0.0006928957130417488	1.08617318	29.31656075	0.99985443	0.013837856055185225	0.0598271	0.03332
-0.23	-0.0253	0.1146	0.001706932008450454	-0.0038816122564353885	0.0007155849933176752	1.08370852	29.25004005	1.00646875	0.06210830782496456	0.0562908	0.03023
-0.2236	-0.0857	0.1079	0.0016109388995907662	-0.0038222710618675813	0.0007627088831215222	1.10438883	29.80821419	1.02935642	0.0836229096615671	0.0564472	0.02932
-0.2175	-0.0679	0.1324	0.001956514091485643	-0.0037629298672997745	0.000752236907609556	1.13999569	30.76926804	1.04101042	0.06916941809873249	0.0593307	0.032
-0.2166	-0.0427	0.1325	0.002061233846605303	-0.0036931166972200015	0.0007225663103256524	1.10916424	29.93710518	1.00303308	0.036410176124166846	0.0587794	0.03199
-0.2155	-0.0571	0.1435	0.0020472712125893483	-0.0037262779530078936	0.0007295476273336296	1.11990213	30.22693062	1.00625985	0.029205260340591177	0.0606811	0.03276
-0.2227	-0.0021	0.1554	0.0016912240451825054	-0.003920009499979264	0.0008203047484373349	1.1124419	30.02557373	1.00741795	0.10612679177409597	0.0629703	0.03615
-0.223	-0.0326	0.1321	0.0016999506914424768	-0.003876376268679406	0.0008220500776893293	1.03705859	27.99092674	0.96745825	0.0568052603405912	0.0587387	0.03106
-0.2246	-0.0787	0.1348	0.002324778563656447	-0.003920009499979264	0.0007435102613495844	1.06463194	28.73514938	0.97896393	0.08775004599267867	0.0596964	0.03116
-0.2214	-0.0501	0.1425	0.0023649211364523163	-0.0037489672332838195	0.0006963863715457374	1.06160688	28.6534996	0.9719468	0.05241543646475801	0.0601748	0.03007
-0.2206	-0.0622	0.14	0.0024678955623199817	-0.0037768925013157294	0.0006876597252857658	1.05759513	28.54521942	0.97721501	0.022381317007977342	0.0594745	0.02989
-0.2244	-0.0322	0.1387	0.0021153390534171274	-0.0038362336958835358	0.0007958701389094143	1.11449099	30.08087921	1.02825449	0.06110540585471548	0.0596733	0.0319
-0.2273	-0.0673	0.1039	0.0023998277214922034	-0.003913028182971286	0.0007190756518216638	1.0403837	28.08067131	0.98123507	0.09470388211252886	0.0556986	0.02597
-0.2255	-0.0966	0.1082	0.002925171826342496	-0.0038833575856873836	0.000710349005561692	1.02527452	27.67286491	0.9534621	0.06358706741970835	0.0562178	0.02628
-0.2275	-0.0728	0.1136	0.003035127569218139	-0.003906046865963309	0.0006806784082777885	1.01726413	27.45665932	0.93936769	0.03931578102177362	0.0567353	0.02613
-0.2298	-0.0194	0.1298	0.0023387411976724015	-0.0040055306333269865	0.0007155849933176752	1.01565742	27.41329384	0.96204309	0.11343883619746507	0.058362	0.02919
-0.2305	-0.0475	0.0969	0.002574360646691636	-0.0040055306333269865	0.0006632251157578452	1.04868293	28.30467415	0.98353769	0.07609896632895322	0.0535271	0.02372
-0.2283	-0.0975	0.0974	0.0030578168494940655	-0.003981096023799066	0.0006073745796940267	1.03739357	27.99996567	0.97178708	0.08088706741970841	0.054559	0.02349
-0.2286	-0.0791	0.0955	0.0030647981665020423	-0.003939208121751202	0.0006230825429619757	0.98263037	26.52186966	0.92035255	0.023828859116189503	0.0543193	0.02342
-0.2329	-0.0536	0.1005	0.0027052603405912107	-0.003986332011555049	0.0006963863715457374	1.0106746	27.27880287	0.93060597	0.05879827721492204	0.0556003	0.02491
-0.2328	-0.0572	0.089	0.002541199390903744	-0.004012511950334963	0.0008080874436733745	1.00494385	27.12412643	0.93360302	0.03029709802975091	0.054234	0.02372
-0.2297	-0.1031	0.0933	0.0029129545215785357	-0.003824016391119576	0.000804596785169386	1.01342809	27.3531208	0.94950981	0.0814870674197084	0.0546764	0.02397
-0.2313	-0.0859	0.0966	0.0029234264970905022	-0.003837979025135531	0.000853466004225227	1.06868219	28.84446907	0.97811566	0.025765191429188154	0.0549074	0.02353
-0.2373	-0.0258	0.115	0.002408554367752175	-0.0039671333897831115	0.0008272860654453122	1.02364981	27.62901306	0.97050213	0.11801032163829114	0.057539	0.02759
-0.2419	-0.0583	0.0985	0.002562143341927676	-0.004122467693210606	0.0007714355293814937	1.06626236	28.77915573	0.99333483	0.07183869068334073	0.0556376	0.02562
-0.2419	-0.0958	0.1052	0.0027838001569309555	-0.0041556289489984985	0.0007609635538695277	1.03157008	27.84278488	0.96103918	0.05746450231515687	0.0566847	0.02606
-0.2441	-0.0627	0.1143	0.0026965336943312393	-0.004145156973486532	0.0007452555906015787	0.9892469	26.70045471	0.92167143	0.05007232006898157	0.0574685	0.02653
-0.2465	-0.0228	0.131	0.0021572269554649913	-0.0043214352279379595	0.0008220500776893293	1.08766985	29.35695648	0.99804398	0.09861897402027128	0.0602133	0.03073
-0.2509	-0.035	0.112	0.0020245819323134223	-0.004434881629317591	0.0008482300164692441	1.09209585	29.47641945	1.02122278	0.04921356816555578	0.0575598	0.02784
-0.2494	-0.0968	0.1166	0.002457423586808016	-0.004319689898685966	0.0007923794804054256	1.06734383	28.80834579	1.00168849	0.09809419605950184	0.0580311	0.02782
-0.2445	-0.0759	0.1279	0.002469640891571976	-0.004181808887778414	0.0008168140899333463	1.01520419	27.4010601	0.94474534	0.045826646259971675	0.0590669	0.02961
