trans_x	trans_y	trans_z	rot_x	rot_y	rot_z	dvars_std	dvars_nstd	dvars_vstd	framewise_displacement	aqi	aor
0.0	-0.0	0.0	-0.0	0.0	-0.0	n/a	n/a	n/a	n/a	0.0206727	0.05999
-0.0002	-0.017	0.0113	-0.0001064650843716541	5.235987755982989e-05	2.4434609527920616e-05	1.5502038	46.90137482	1.2900027	0.037662978572970233	0.017195	0.03081
-0.0042	-0.0232	0.0157	-4.0142572795869576e-05	-2.4434609527920616e-05	8.37758040957278e-05	1.37372923	41.56214142	1.10372478	0.024722909661567108	0.0161619	0.01465
-0.0045	-0.0246	0.0135	-2.268928027592628e-05	3.141592653589793e-05	6.108652381980153e-05	1.37143755	41.49280548	1.03163507	0.008699655442984407	0.0148121	0.00564
-0.0052	-0.0197	0.0226	-6.632251157578452e-05	-1.3962634015954635e-05	4.71238898038469e-05	1.33952129	40.52717972	0.97741145	0.019848721293383272	0.0154122	0.00192
-0.0075	-0.0201	0.0318	-0.000148352986419518	-1.0471975511965975e-05	3.839724354387525e-05	1.33935344	40.52210236	0.9752657	0.016612388980384692	0.014761	0.00089
-0.009	-0.0207	0.0313	-0.0001064650843716541	-8.726646259971648e-06	5.585053606381854e-05	1.39269507	42.135952	0.97802402	0.005654326190990076	0.0143449	0.00047
-0.0078	-0.0073	0.0246	-0.000148352986419518	-9.773843811168246e-05	4.886921905584123e-05	1.35244727	40.91825485	0.97677825	0.0281940505453776	0.0128035	0.00026
-0.0094	-0.0206	0.0303	-0.0002007128639793479	-0.00015533430342749534	3.141592653589793e-05	1.38089061	41.77880859	0.96091012	0.026970451769779306	0.0136904	0.00022
-0.0084	-0.0159	0.0136	-9.599310885968811e-05	-0.0002495820830351891	5.759586531581287e-05	1.35103309	40.87546921	0.99488184	0.03365737367536343	0.01338	0.00029
-0.0056	-0.0005	0.032	-0.00032812189937493397	0.00015009831567151235	9.075712110370512e-05	1.42445159	43.09674454	1.01480245	0.06984852225049197	0.0132974	0.00023
0.0021	-0.0172	0.0162	-0.0002373647782712288	-6.806784082777885e-05	0.0003612831551628262	1.27417874	38.55024338	1.00297127	0.06917246558310587	0.0145195	0.00015
-0.0049	-0.0512	0.0051	6.632251157578452e-05	0.00013264502315156904	0.00013264502315156904	1.4063307	42.54849625	0.97985439	0.08875191429188092	0.0127412	0.00022
-0.0068	-0.0331	0.0069	-9.599310885968811e-05	9.599310885968811e-05	8.203047484373349e-05	1.36351597	41.2531395	0.98082016	0.034279104151759464	0.0133185	0.00014
-0.0072	-0.0218	0.0097	-7.155849933176751e-05	0.00015707963267948963	9.599310885968811e-05	1.38373625	41.8649025	0.98364391	0.019474188368183837	0.0136798	0.0002
-0.008	0.0439	0.0289	-0.000661479786505851	0.000322885911618951	0.000158824961931484	1.34673572	40.74545288	1.0580534	0.12662797095926703	0.0120253	0.00024
-0.009	0.0181	0.0182	-0.0007819075048934597	0.00023561944901923448	0.0001884955592153876	1.23467982	37.35520554	0.97210565	0.04936823891356143	0.0116128	0.00016
-0.0073	-0.0581	0.0142	-0.00017104226669544429	0.0003054326190990077	5.4105206811824215e-05	1.32810915	40.18190384	1.03347179	0.1226534380340676	0.0127789	0.0002
-0.006	-0.051	0.0103	0.00010995574287564276	0.0002844886680750757	-1.7453292519943294e-06	1.32305157	40.0288887	0.99399628	0.030189624832941884	0.0140594	0.00028
-0.0057	-0.0291	0.0055	0.00014311699866353502	0.00030194196059501896	3.4906585039886588e-06	1.3669256	41.35629654	0.98486699	0.029792526803190923	0.0133184	0.00024
-0.0047	0.0258	0.0222	-0.00041015237421866745	0.00024609142453120044	0.0001256637061435917	1.32183182	39.99198532	1.01319153	0.10916464782928118	0.0128615	0.00024
-0.0079	0.0344	0.0102	-0.0007225663103256524	0.00033335788713091696	0.0001658062789394613	1.34419191	40.66848755	0.98592324	0.04579114857512856	0.0121848	0.00019
-0.0072	-0.0366	0.0063	-0.00020769418098732522	0.0003159045946109737	6.981317007977319e-05	1.34879088	40.80763245	1.04686403	0.10701592653589792	0.0135555	0.00021
-0.0052	-0.037	-0.0056	0.0002129301687433082	0.00027576202181510406	5.4105206811824215e-05	1.39420593	42.18166351	0.99810169	0.038123744289722594	0.0128996	0.00024
-0.0046	-0.0035	-0.0092	0.000148352986419518	0.00016231562043547262	5.061454830783555e-05	1.34749961	40.76856232	0.98625785	0.0467757121103705	0.0134352	0.00019
-0.0099	0.0266	0.0213	-0.00046949356878647465	0.00041538836197465044	0.00013788101090755203	1.34631169	40.73262405	1.01539875	0.11380928796724436	0.0131843	0.00034
-0.0098	0.035	0.0093	-0.0007993607974134029	0.00046949356878647465	0.000153588974175501	1.3198365	39.93161774	1.01623599	0.04048401993533508	0.0134199	0.00027
-0.0083	-0.0395	0.002	-0.00014137166941154068	0.000439822971502571	4.18879020478639e-05	1.3204267	39.94947433	1.05546861	0.12326803987067016	0.0133771	0.00024
-0.0072	-0.0466	-0.0078	0.00030194196059501896	0.0004485496177625427	-4.537856055185256e-05	1.34158754	40.58969498	0.99854931	0.044965336943312395	0.0134756	0.00026
-0.0056	-0.0257	-0.0086	0.00024085543677521747	0.00034208453339088857	-0.0	1.31789696	39.87293625	0.96226896	0.03394650843716541	0.0146767	0.00024
-0.0032	-0.0062	-0.0095	6.283185307179586e-05	0.00039269908169872416	4.537856055185256e-05	1.32877135	40.20194244	0.9991521	0.03650083462815549	0.016619	0.00041
-0.0066	0.0202	-0.0215	-0.0003298672286269283	0.0003944444109507184	0.0001239183768915974	1.38508201	41.90561676	1.02663683	0.06544921136452315	0.0142699	0.00041
-0.0032	-0.0435	-0.0454	0.0003193952531149623	0.00028623399732707005	4.537856055185256e-05	1.32295763	40.02604675	1.02755886	0.1328006355852642	0.0144199	0.00043
-0.0032	-0.0361	-0.0358	0.00039968039870670147	0.0002303834612632515	-1.0471975511965975e-05	1.34777093	40.77677155	0.97076719	0.026599310885968813	0.0147957	0.00043
-0.0042	-0.0158	-0.0177	5.4105206811824215e-05	0.0003193952531149623	3.4906585039886588e-06	1.37140977	41.49196625	0.99150537	0.061827480888127125	0.0150591	0.00051
-0.0061	0.0441	0.0024	-0.0008307767239493009	0.0003054326190990077	0.00017627825445142725	1.49129748	45.11916351	1.05144678	0.13548160803622591	0.0148172	0.00037
-0.0033	-0.0284	-0.0327	-0.00012042771838760874	0.00034033920413889426	7.67944870877505e-05	1.35802817	41.0871048	1.05427846	0.15263696789826278	0.0128807	0.0002
-0.0029	-0.0565	-0.0156	0.0001239183768915974	0.0002600540585471551	1.0471975511965975e-05	1.31390107	39.75204086	0.99433209	0.0651476876223365	0.013912	0.00025
-0.0045	-0.0348	-0.0147	0.0001361356816555577	0.0002548180707911721	3.4906585039886588e-06	1.35742414	41.06882858	0.98183688	0.02542173047639604	0.0151004	0.00023
-0.0193	0.0208	0.0013	-0.0004974188368183839	-5.235987755982988e-06	5.235987755982988e-06	1.37415731	41.57509232	1.08421332	0.13116769531365455	0.0140184	0.00101
-0.0226	-0.0078	-0.0308	-0.00041189770347066176	-0.0002303834612632515	-1.5707963267948964e-05	1.41101468	42.69020844	1.06078273	0.08058062789394611	0.012675	0.00054
-0.0118	-0.0229	-0.0421	1.9198621771937625e-05	-9.250245035569947e-05	-4.71238898038469e-05	1.40441453	42.49052429	0.99539465	0.06721966313430247	0.0118632	0.00013
-0.0058	-0.0387	-0.0271	0.0001361356816555577	0.0001256637061435917	2.268928027592628e-05	1.50756669	45.61138916	0.96220788	0.05704581932313422	0.01228	0.00018
-0.005	-0.041	-0.027	0.00020594885173533088	4.0142572795869576e-05	3.4906585039886588e-06	1.44381285	43.68251801	0.98616577	0.011926646259971647	0.0133305	0.0002
-0.008	-0.0223	-0.0176	9.773843811168246e-05	-1.9198621771937625e-05	-7.155849933176751e-05	1.45793843	44.10988617	0.98760975	0.043230038301360595	0.0127431	0.00024
-0.0053	0.0261	-0.0146	-0.0003595378259108319	0.0001361356816555577	6.981317007977319e-05	1.34779537	40.7775116	1.01467624	0.09179911184307751	0.0114797	0.00015
-0.0061	0.0356	-0.015	-0.001022762941668677	2.6179938779914945e-05	0.00013788101090755203	1.59045923	48.11930084	0.99250776	0.052762434973063335	0.0129396	0.00031
-0.0069	-0.0639	-0.0198	-0.0002670353755551324	2.268928027592628e-05	9.599310885968811e-05	1.43389511	43.38245773	1.09256028	0.14515530633326987	0.0124754	0.00044
-0.0021	-0.0697	-0.0116	0.0002652900463031381	0.00013439035240356338	1.9198621771937625e-05	1.33329022	40.33865738	1.00283266	0.0548410490536829	0.0132916	0.00021
0.0009	-0.0528	-0.0192	0.0004049163864626844	9.773843811168246e-05	3.839724354387525e-05	1.37739146	41.6729393	0.98199231	0.03727384381116824	0.0129166	0.0002
0.0017	-0.025	-0.0122	0.0002513274122871834	3.839724354387525e-05	4.71238898038469e-05	1.27454352	38.5612793	0.95729754	0.04668284075016399	0.0124034	0.00016
-0.003	0.0356	-0.0065	-0.0003822271061867582	6.806784082777885e-05	0.00013439035240356338	1.36375415	41.26034546	1.02803571	0.10852457891787808	0.0130196	0.00016
-0.0045	0.0001	-0.0186	-0.0002617993877991494	2.4434609527920616e-05	0.0001186823891356144	1.29790866	39.26819229	1.01188558	0.05808844564777079	0.0127087	0.00015
-0.0056	-0.0347	-0.015	0.00022863813201125715	0.00012042771838760874	3.665191429188092e-05	1.37368596	41.56082916	1.00832022	0.07292305517569139	0.0124648	0.00016
-0.0004	-0.0371	-0.0074	0.0004049163864626844	-1.3962634015954635e-05	3.4906585039886588e-06	1.3257761	40.1113205	0.96450954	0.03239149313214414	0.0126716	0.00014
0.0014	-0.0178	-0.0011	0.00016929693744344995	4.363323129985824e-05	2.268928027592628e-05	1.38189983	41.80934143	0.9653205	0.04302069680534925	0.0122624	0.00015
0.0016	0.031	0.0053	-0.0003665191429188092	0.00015009831567151235	9.948376736367679e-05	1.33207476	40.3018837	1.02667438	0.0913537825910832	0.0123411	0.00017
-0.0002	-0.0143	-0.0137	-0.0001308996938995747	0.00022689280275926284	3.141592653589793e-05	1.35435915	40.97609711	1.0132922	0.0851240888467382	0.0113764	0.00011
0.0035	-0.0356	-0.0194	0.00011693705988362007	0.0001308996938995747	-1.7453292519943296e-05	1.33717048	40.45605469	0.97294767	0.050334954084936205	0.011041	0.00014
0.0036	-0.0354	-0.0043	3.665191429188092e-05	0.00017104226669544429	-1.9198621771937625e-05	1.34413183	40.66667175	0.95780021	0.021508652381980152	0.0129181	0.00013
0.0044	-0.0177	-0.0081	0.00034033920413889426	0.00017627825445142725	-1.7453292519943296e-05	1.3463186	40.73283386	0.98947713	0.03783343034274953	0.0126356	0.00021
0.0041	-0.0062	-0.0112	0.0003001966313430247	0.00013788101090755203	6.9813170079773176e-06	1.35470581	40.98658752	0.98489898	0.02004872129338327	0.0122432	0.00014
0.0034	0.043	-0.0174	-0.0003385938748868999	8.203047484373349e-05	0.0001186823891356144	1.3123492	39.70508957	1.03525312	0.09641710572106901	0.0120881	0.00014
0.0017	0.01	-0.022	-0.0003682644721708035	1.0471975511965975e-05	0.0001308996938995747	1.25688517	38.02702713	0.97331693	0.04497232006898156	0.0120163	9e-05
0.003	-0.0397	-0.0086	-2.4434609527920616e-05	0.00013962634015954637	2.6179938779914945e-05	1.31941545	39.91887665	1.00230692	0.09328519912050615	0.0132073	0.00017
0.0069	-0.0411	-0.0223	0.00040840704496667313	2.792526803190927e-05	-1.0471975511965975e-05	1.31840897	39.88842773	0.99285467	0.04805973204570559	0.0136979	0.00029
0.0031	-0.032	-0.0172	9.42477796076938e-05	-6.806784082777885e-05	-4.0142572795869576e-05	1.41130567	42.69901276	0.99356424	0.03999114857512855	0.0161675	0.00027
0.0052	0.0219	-0.0055	-0.0003595378259108319	1.3962634015954635e-05	8.726646259971648e-05	1.27934253	38.7064743	1.01902058	0.10086125578789226	0.0120358	0.00012
0.0015	-0.0001	-0.0131	-0.0003473205211468716	7.155849933176751e-05	6.806784082777885e-05	1.42418265	43.08860779	0.97680936	0.03775058959258554	0.0121192	0.0002
0.001	-0.0487	-0.0141	0.0001884955592153876	6.45771823237902e-05	-4.886921905584123e-05	1.343642	40.65185165	1.01854682	0.08308672286269284	0.0135738	0.0002
0.0003	-0.0219	-0.0193	0.0003385938748868999	1.3962634015954635e-05	-3.490658503988659e-05	1.44618344	43.75424194	0.9897692	0.04343377489976512	0.0130677	0.00033
0.0045	-0.0172	-0.0237	0.0003717551306747922	-5.235987755982988e-06	-1.7453292519943296e-05	1.29153574	39.07537842	0.96445189	0.01679065850398866	0.0119063	0.00019
0.0024	0.0203	-0.006	-0.0002303834612632515	9.075712110370512e-05	0.0001064650843716541	1.5114063	45.72755432	0.99867471	0.09840250388446646	0.0123888	0.0002
0.0029	-0.0115	-0.0238	-9.075712110370512e-05	0.00013439035240356338	0.00010821041362364843	1.36236441	41.21829605	1.01356196	0.05935024503556995	0.0135254	0.00025
0.0038	-0.0649	-0.0289	0.0003647738136668148	0.00017802358370342162	5.759586531581287e-05	1.43259382	43.34308624	1.01884905	0.08688893571891068	0.0125486	0.0003
0.0038	-0.0483	-0.0199	0.00027925268031909274	6.108652381980153e-05	0.0001256637061435917	1.39900839	42.32696152	0.97081369	0.03912630170295604	0.0118216	9e-05
0.0059	-0.0445	-0.0205	0.0002740166925631097	0.000153588974175501	0.00020420352248333657	1.40694833	42.56718445	0.95944181	0.015313912722571371	0.0129031	0.00015
0.0049	-0.0234	-0.0127	0.00015533430342749534	0.00010821041362364843	0.0001884955592153876	1.34715748	40.75821304	0.98601083	0.03888844564777079	0.012358	0.0002
0.0002	0.0358	-0.0146	-0.0005637413483941684	0.0001239183768915974	0.0002181661564992912	1.4645797	44.31081772	1.04376264	0.10402271061867582	0.0124514	0.0002
-0.0014	0.0286	-0.0393	-0.0006928957130417488	0.0001658062789394613	0.0002199114857512855	1.26363432	38.23122025	1.01404837	0.04213937979737194	0.0121726	0.00019
0.002	-0.0784	-0.0287	-6.45771823237902e-05	0.00017278759594743863	9.599310885968811e-05	1.51101816	45.71581268	1.09683608	0.15896091123087666	0.0130049	0.0002
0.0057	-0.0831	-0.0322	0.00039269908169872416	5.235987755982989e-05	-6.9813170079773176e-06	1.41595495	42.83967972	0.99740043	0.04593392041388942	0.0134759	0.0002
0.0065	-0.0472	-0.0261	0.0005323254218582705	4.363323129985824e-05	6.9813170079773176e-06	1.34192681	40.59996033	0.99530991	0.05091578102177362	0.013333	0.00014
0.0075	-0.0256	-0.0337	0.0005619960191421741	8.37758040957278e-05	5.235987755982989e-05	1.32921708	40.2154274	0.98085533	0.03595958653158128	0.0128008	0.00018
0.0068	0.0008	-0.0202	0.0002181661564992912	-7.67944870877505e-05	7.67944870877505e-05	1.25052261	37.83452606	0.95872267	0.06704173816771408	0.012127	0.00015
0.0044	0.0395	-0.0263	-0.00020769418098732522	-6.9813170079773176e-06	0.00014137166941154068	1.35179555	40.89853668	0.99639403	0.07521253449450897	0.0124115	0.00016
0.0029	-0.0164	-0.03	0.00012740903539558605	-5.235987755982989e-05	0.00012740903539558605	1.29796231	39.26981354	1.00734166	0.08082222054753592	0.0124313	0.00013
0.002	-0.0301	-0.0343	0.00037350045992678646	-1.7453292519943296e-05	5.061454830783555e-05	1.37182367	41.50448608	0.98485647	0.03678962483294186	0.0123248	0.00016
0.004	-0.0389	-0.0213	0.0003892084231947355	-0.00010471975511965978	6.108652381980153e-05	1.28943312	39.01176453	0.96395869	0.029472320068981567	0.0120586	7e-05
-0.0002	-0.0302	-0.019	0.0002513274122871834	-3.490658503988659e-05	6.283185307179586e-05	1.37999272	41.75164032	0.96593324	0.025671975511965976	0.0127406	0.00019
0.001	-0.0275	-0.0231	0.00035081117965086024	-5.93411945678072e-05	5.759586531581287e-05	1.3345046	40.37540054	0.97827348	0.01445771823237902	0.0123949	0.00015
0.003	-0.029	-0.034	0.0004363323129985824	-3.316125578789226e-05	2.4434609527920616e-05	1.32878041	40.20221329	0.97746485	0.02164311639577647	0.0119778	0.00014
0.0023	-0.0082	-0.0205	0.00022165681500327985	1.7453292519943294e-06	7.155849933176751e-05	1.31199491	39.69437027	0.96496649	0.04983529864195181	0.0132943	0.00024
0.0018	0.0166	-0.0179	-0.00024609142453120044	5.4105206811824215e-05	0.00011519173063162575	1.31280947	39.71901321	1.00005289	0.056087067419708425	0.0128472	0.00026
0.0032	-0.0419	-0.0322	0.00021467549799530252	6.108652381980153e-05	9.773843811168246e-05	1.34688044	40.74983215	1.02217177	0.09846007660272116	0.0134666	0.00019
0.0067	-0.0385	-0.0315	0.0003211405823669566	7.330382858376184e-05	1.0471975511965975e-05	1.35831857	41.09589005	0.98915302	0.01789744258676654	0.0142071	0.00012
0.0065	-0.0459	-0.0364	0.0005497787143782138	4.537856055185256e-05	-1.5707963267948964e-05	1.41557348	42.82813644	0.96429253	0.026637166941154075	0.0141287	0.0002
0.0048	-0.0341	-0.0342	0.00046949356878647465	-2.094395102393195e-05	1.7453292519943294e-06	1.35343945	40.94827271	0.98546014	0.023903047484373358	0.0144933	0.0002
0.001	0.0064	-0.0167	1.9198621771937625e-05	6.283185307179586e-05	0.0001012290966156711	1.42326188	43.06074905	1.01018387	0.09347772592369709	0.0136524	0.00018
0.0035	0.0114	-0.0182	-0.00030194196059501896	0.00010297442586766544	0.00012217304763960306	1.25493908	37.96814728	0.97841112	0.02811135530933791	0.0118238	0.00012
0.004	-0.0518	-0.0151	-1.2217304763960308e-05	9.42477796076938e-05	5.4105206811824215e-05	1.43947053	43.55113983	1.00950314	0.08512595714594047	0.0126648	0.00015
0.002	-0.0411	-0.0197	0.00018500490071139895	7.853981633974481e-05	2.6179938779914945e-05	1.37467515	41.59075928	0.99288435	0.029342771838760877	0.0131651	0.00025
0.0016	-0.0297	-0.0319	0.0003159045946109737	5.93411945678072e-05	3.316125578789226e-05	1.42533088	43.12334824	0.98156766	0.03185398163397448	0.0128479	0.0002
0.0044	-0.0268	-0.0238	0.0002617993877991494	5.235987755982989e-05	2.792526803190927e-05	1.27918661	38.70175552	0.96588393	0.017116125578789224	0.012035	0.00021
0.003	0.0063	-0.0084	-0.00022340214425527416	7.330382858376184e-05	0.00014486232791552936	1.38094068	41.78032303	0.99638577	0.08105412714809879	0.0121914	0.00025
0.001	-0.0032	-0.0216	-0.0002478367537831948	0.0001361356816555577	0.0001937315469713706	1.33947575	40.52580261	1.0051611	0.031506784082777885	0.0116665	0.00016
0.0004	-0.053	-0.0268	7.67944870877505e-05	0.00022863813201125715	0.0001012290966156711	1.34243882	40.615448	1.00866609	0.08108180707911722	0.01202	9e-05
0.0039	-0.0451	-0.021	0.000148352986419518	0.0001256637061435917	8.028514559173915e-05	1.36877048	41.41211319	0.96733408	0.02697384381116824	0.0126513	0.00012
0.0048	-0.0466	-0.0235	0.00024260076602721178	0.000158824961931484	6.108652381980153e-05	1.36888325	41.41552353	0.97632692	0.012230382858376184	0.012799	0.00014
0.0024	-0.0252	-0.0139	0.00015009831567151235	0.00017627825445142725	5.759586531581287e-05	1.4176594	42.8912468	0.98310982	0.03907232006898157	0.013124	0.00019
0.0027	0.0384	-0.0156	-0.00046425758103049166	0.0002181661564992912	0.0001256637061435917	1.35166574	40.89461136	1.03733023	0.10181558197888232	0.0110206	6e-05
0.0038	0.0169	-0.0254	-0.0005759586531581287	0.00022340214425527416	0.00015009831567151235	1.431234	43.30194473	0.98329517	0.03946858347057703	0.0118949	0.00024
0.005	-0.0528	-0.0315	-3.316125578789226e-05	0.00020420352248333657	4.537856055185256e-05	1.36722863	41.36546326	1.04136506	0.11033578871309171	0.0125425	0.00022
0.0054	-0.0398	-0.0356	0.0002600540585471551	7.853981633974481e-05	5.235987755982988e-06	1.33526528	40.39841461	0.99125546	0.04045107966372544	0.0125353	0.00025
0.0068	-0.0223	-0.0413	0.0003787364476827695	0.00013788101090755203	-5.235987755982988e-06	1.35957646	41.13394928	0.99335281	0.03402477796076939	0.0121568	0.00015
0.0109	-0.0148	-0.0324	0.0003089232776029963	7.155849933176751e-05	3.141592653589793e-05	1.26779962	38.35724258	0.96384622	0.029139379797371932	0.01201	0.00012
0.0077	-0.0086	-0.0297	0.000312413936106985	0.0001832595714594046	8.726646259971648e-06	1.39488626	42.2022438	0.96878114	0.0189940505453776	0.0126734	0.0002
0.0052	0.0435	-0.0137	-0.00038571776469074686	0.000148352986419518	0.00015184364492350666	1.34688306	40.74990845	1.03461413	0.11440776422505766	0.0126132	0.00017
-0.0004	0.0004	-0.0282	-0.00018500490071139895	5.93411945678072e-05	0.000158824961931484	1.36678588	41.35206985	1.03355327	0.07803529864195181	0.0119112	0.00021
-0.0014	-0.0374	-0.0219	0.00014486232791552936	0.00017453292519943296	5.4105206811824215e-05	1.36130416	41.18621826	1.01177363	0.0725889357189107	0.0113683	0.0001
-0.0005	-0.0404	-0.0209	0.0002024581932313422	6.806784082777885e-05	3.490658503988659e-05	1.31760347	39.86405563	0.9633783	0.014062978572970224	0.0120472	0.00016
-0.0012	-0.0393	-0.0304	0.0003700098014227979	3.316125578789226e-05	6.9813170079773176e-06	1.3239646	40.05651093	0.97836723	0.02281917306316257	0.0127877	0.0002
-0.0026	0.0047	-0.0196	1.5707963267948964e-05	4.71238898038469e-05	9.773843811168246e-05	1.34140193	40.58407974	1.01297062	0.07915107966372542	0.0119902	0.00014
-0.0013	0.0305	-0.034	-0.0004014257279586958	8.028514559173915e-05	0.00018675022996339323	1.30585825	39.50870514	1.01654151	0.06846533694331239	0.0122555	0.00014
0.0048	-0.0319	-0.0335	0.00015533430342749534	0.00017802358370342162	0.0001012290966156711	1.25005317	37.82032394	1.00392459	0.10600098014227977	0.0112839	6e-05
0.0039	-0.0405	-0.0369	0.0004415683007545654	0.00021467549799530252	1.3962634015954635e-05	1.43746853	43.49057007	0.97252694	0.033407618710933375	0.0127336	0.00016
0.0053	-0.0222	-0.0375	0.00034557519189487725	0.00016406094968746698	2.96705972839036e-05	1.34371173	40.65396118	0.98629424	0.02841578102177363	0.0123204	0.00014
0.0043	0.0012	-0.0241	-8.726646259971648e-06	0.00019896753472735358	0.0001361356816555577	1.39946234	42.34069443	1.00229334	0.06258367537831948	0.0127886	0.00026
0.0055	0.0368	-0.0294	-0.0003351032163829112	0.00020769418098732522	0.0001832595714594046	1.29266059	39.10940933	0.99390886	0.061211355309337905	0.0113162	0.00011
0.0027	-0.0398	-0.0176	-0.0002530727415391778	0.00020594885173533088	0.00010821041362364843	1.38036919	41.76303101	1.03694541	0.09914124809657421	0.0123833	0.00017
0.0067	-0.0509	-0.0298	0.00041538836197465044	-5.4105206811824215e-05	0.0001012290966156711	1.33907175	40.51358032	0.9964656	0.07407482395344803	0.013043	0.00011
0.004	-0.0276	-0.0343	0.0003054326190990077	-9.773843811168246e-05	3.316125578789226e-05	1.40208995	42.42019272	0.98604591	0.041582840750164	0.0125656	0.00012
0.004	-0.0283	-0.0257	0.0001675516081914556	-5.93411945678072e-05	0.00010995574287564276	1.26921272	38.39999771	0.95600697	0.02195363707695889	0.0109411	9e-05
0.0022	0.0398	-0.0112	-0.000705113017805709	4.537856055185256e-05	0.00017627825445142725	1.37600827	41.63109207	1.0383359	0.13658534463463043	0.0116625	0.00014
-0.0029	-0.0032	-0.0264	-0.0005515240436302081	6.9813170079773176e-06	0.00020943951023931956	1.29029393	39.03780746	1.0145888	0.07455737367536344	0.0123072	0.00014
-0.0001	-0.0445	-0.0232	-5.061454830783555e-05	2.96705972839036e-05	0.0001361356816555577	1.38842261	42.00668716	1.0143245	0.077145130209103	0.0110909	0.00016
0.0119	-0.03	-0.0233	7.853981633974481e-05	7.853981633974481e-05	9.948376736367679e-05	1.35367012	40.9552536	0.97345656	0.03733377489976512	0.010694	0.00011
0.0101	-0.0407	-0.0276	0.00028797932657906436	-2.268928027592628e-05	7.330382858376184e-05	1.35037339	40.85551071	0.95037264	0.03364242728174528	0.0115419	0.00015
0.0163	-0.0172	-0.0128	0.0002670353755551324	0.0005375614096142535	-5.93411945678072e-05	1.36468005	41.28835678	1.01352446	0.08019198320328404	0.0123221	0.00017
0.0067	0.0558	-0.0068	-0.0006562437987498679	0.00034033920413889426	0.0001361356816555577	1.51286113	45.77157211	1.09309835	0.15439891280018625	0.0121679	0.00028
-0.0029	0.1022	-0.039	-0.0011013027580084218	0.00022340214425527416	0.00014660765716752367	1.31343877	39.73805237	1.04878836	0.11682339973270699	0.0143608	0.00066
-0.0024	0.068	-0.0592	-0.0011990411961201044	0.00034906585039886593	0.0001186823891356144	1.38216782	41.81744766	1.01452644	0.06746637061435917	0.0137268	0.00046
-0.0016	-0.0114	-0.0596	-0.0008342673824532895	0.0003874630939427412	-1.2217304763960308e-05	1.37634933	41.64141083	1.04575282	0.10730353755551324	0.0134587	0.0007
-0.0022	-0.1563	0.0071	-0.0002303834612632515	0.0002373647782712288	-1.3962634015954635e-05	1.55752003	47.12272644	1.29167133	0.24998637830567724	0.0153093	0.00233
-0.0019	-0.1452	0.0308	0.0005113814708343385	0.00011170107212763708	-0.0001308996938995747	1.42920136	43.240448	1.09899905	0.08431828490624006	0.0163783	0.00164
-0.0004	-0.0538	0.0279	0.0006265732014659643	0.00019198621771937622	-0.00016406094968746698	1.44499493	43.71828079	1.08305896	0.10723190660056287	0.0150136	0.00066
0.0035	-0.0027	0.0201	0.000593411945678072	0.000158824961931484	-0.00018500490071139895	1.30275393	39.41478348	1.00206178	0.06716332312998581	0.0138193	0.00045
0.0026	0.0356	0.0073	0.000661479786505851	0.00017453292519943296	-0.0001675516081914556	1.4257642	43.13645554	0.99668395	0.05706145483078356	0.0147588	0.00056
0.0035	0.0466	-0.005	0.0007696902001294993	0.00021642082724729686	-0.0002513274122871834	1.32608235	40.1205864	0.99605644	0.035893705988362	0.0162348	0.00078
0.0042	0.0309	-0.0174	0.0007714355293814937	0.00030368728984701333	-0.0002024581932313422	1.35846484	41.10031509	1.00095927	0.03569405054537761	0.0147194	0.00031
0.0082	-0.0046	-0.0132	0.0007033676885537148	0.00029321531433504735	-5.235987755982988e-06	1.25461614	37.95837784	0.96735756	0.05748810109075521	0.01319	0.00021
0.0036	-0.0392	-0.0047	0.0004956735075663896	0.0003089232776029963	5.235987755982988e-06	1.37796915	41.69041824	0.98896027	0.05939370598836201	0.0134761	0.0002
0.0012	-0.0316	-0.0014	-4.537856055185256e-05	0.00018500490071139895	0.00015009831567151235	1.35047078	40.85845566	1.01772851	0.05379163864626844	0.0127578	0.00013
0.0018	-0.094	-0.0136	0.000296705972839036	0.000322885911618951	7.330382858376184e-05	1.31503856	39.78645706	1.03359536	0.10303800156930956	0.0129348	0.00036
0.0077	-0.099	0.0053	0.0005078908123303499	0.00027925268031909274	1.9198621771937625e-05	1.3320266	40.30042648	0.98548112	0.04524616388014983	0.0135635	0.00032
0.0073	-0.0709	0.0084	0.0005253441048502931	0.00023911010752322313	2.792526803190927e-05	1.395051	42.20722961	0.98889669	0.034916125578789224	0.01388	0.00029
0.0076	-0.0379	0.0115	0.0004747295565424576	0.00018151424220741024	4.71238898038469e-05	1.33589113	40.41735077	1.00105968	0.04277045176977931	0.014083	0.00025
0.007	-0.02	0.0075	0.0004729842272904633	0.000296705972839036	3.316125578789226e-05	1.35483801	40.99058533	0.98848994	0.02904498469497874	0.0132427	0.0003
0.0103	-0.0066	0.01	0.00039269908169872416	0.00022689280275926284	3.665191429188092e-05	1.25754344	38.04694366	0.96086763	0.02687944870877505	0.0135142	0.00026
0.0108	-0.0023	0.0067	0.0003647738136668148	0.00026878070480712676	9.075712110370512e-05	1.35269225	40.92566681	0.97818295	0.014295918844579873	0.0144495	0.00039
0.011	0.0051	0.0231	-0.00010995574287564276	0.00019024088846738194	0.0001012290966156711	1.3947686	42.19868469	0.99064487	0.05218706741970841	0.0156654	0.00031
0.0117	0.018	0.0216	-8.203047484373349e-05	0.00029845130209103034	0.00012042771838760874	1.38764966	41.98330307	1.00602692	0.02286671517137476	0.0140637	0.00019
0.0142	-0.0113	0.018	-0.00019024088846738194	0.0003874630939427412	0.0001239183768915974	1.42410135	43.08614731	0.97688165	0.0454356431989674	0.0133052	0.00017
0.0136	-0.0897	0.0091	0.0003665191429188092	0.0003106686068549907	6.981317007977319e-05	1.41564333	42.83024979	1.05924207	0.12228298626428828	0.014983	0.00039
0.0102	-0.0725	0.0221	9.42477796076938e-05	0.0002443460952792061	8.726646259971648e-05	1.4520874	43.93286514	1.00118297	0.05140235837034217	0.0144898	0.00019
0.0117	-0.0529	0.0184	0.00014660765716752367	0.00013264502315156904	9.599310885968811e-05	1.3628273	41.23230362	0.98145728	0.033439379797371924	0.0126838	0.0001
0.0089	-0.0171	0.0415	-0.00033684854563490564	0.00015009831567151235	0.0001605702911834783	1.37084115	41.47476196	1.0010794	0.08997433388230813	0.0135733	0.00028
0.0072	0.008	0.0344	-0.0006719517620178169	0.00017278759594743863	0.00017278759594743863	1.33821106	40.48753738	1.01560814	0.05240049007113989	0.0138171	0.00014
0.0099	-0.0297	0.0156	5.4105206811824215e-05	0.00023561944901923448	7.67944870877505e-05	1.3548454	40.99081039	1.00986557	0.10344409653805624	0.0122312	5e-05
0.0126	-0.0029	0.0153	8.552113334772214e-05	0.0002181661564992912	3.839724354387525e-05	1.35955179	41.1332016	0.98128833	0.03416332312998582	0.0113769	8e-05
0.0134	-0.0235	0.0108	0.00015009831567151235	0.00024085543677521747	5.759586531581287e-05	1.36322057	41.24420166	0.95577257	0.031223254218582703	0.0131552	0.00012
0.0096	-0.0147	0.0147	-0.00011519173063162575	0.00016929693744344995	8.028514559173915e-05	1.37054551	41.4658165	0.99746688	0.034476891295541594	0.0136627	0.00018
0.0046	0.0326	0.0135	-0.000752236907609556	0.00034906585039886593	0.00015533430342749534	1.45375061	43.98318481	1.04857973	0.09809316238845509	0.0112173	0.00013
0.0008	0.0587	-0.0118	-0.0013194689145077131	0.00032637657012293966	0.0002007128639793479	1.27217293	38.48955536	1.02187415	0.0869649923862968	0.0113873	0.00019
0.0003	0.0495	-0.0354	-0.0016039575825827887	0.00034906585039886593	0.0002670353755551324	1.54016328	46.59759903	1.00004536	0.051975022996339326	0.0127643	0.00037
-0.0071	0.03	-0.0537	-0.0019181168479417679	0.0004921828490624009	0.000148352986419518	1.32009101	39.9393158	1.01698683	0.07399793265790643	0.0152581	0.00078
0.0028	-0.0178	-0.0793	-0.0015515977050229591	0.0006754424205218055	0.00019896753472735358	1.30803955	39.5746994	1.03037621	0.1133196631343024	0.015123	0.00151
0.0041	-0.0604	-0.0564	-0.0013055062804917586	0.0007225663103256524	0.00016231562043547262	1.46070862	44.19369888	1.05618491	0.08329336143134641	0.0134411	0.00083
0.0063	-0.0546	-0.0193	-0.0010524335389525807	0.0004433136300065597	0.0001658062789394613	1.36610126	41.33135605	1.03551746	0.07189080401811297	0.0122297	0.00026
0.0075	-0.0878	-0.0084	-0.0002600540585471551	0.0003316125578789226	0.00012042771838760874	1.39185381	42.11050034	1.0345049	0.09277295565424576	0.0125459	0.00016
0.0065	-0.013	0.0176	0.0001308996938995747	0.00018151424220741024	-1.5707963267948964e-05	1.44386172	43.68399811	1.12246329	0.13565938748869	0.0136468	0.00031
0.0041	0.0645	0.0168	6.806784082777885e-05	0.0001256637061435917	-6.9813170079773176e-06	1.45714986	44.08602905	1.06112345	0.0870704517697793	0.0136696	0.00052
0.0068	0.0967	0.0281	-7.504915783575618e-05	2.792526803190927e-05	-7.330382858376184e-05	1.28272462	38.80879974	0.97640545	0.061558897417550086	0.0134946	0.00119
0.0058	0.0853	0.0241	-0.00013788101090755203	8.37758040957278e-05	-2.094395102393195e-05	1.36271393	41.22887421	0.97145849	0.024952113334772208	0.0136068	0.00056
0.0052	0.0524	0.0222	-0.00012042771838760874	5.4105206811824215e-05	1.7453292519943296e-05	1.40033865	42.36720657	1.00056709	0.039676056667386106	0.0131274	0.00021
0.0038	0.0026	0.0199	-0.0001972222054753592	3.316125578789226e-05	5.4105206811824215e-05	1.385059	41.90492249	1.01222918	0.060219517620178166	0.0112609	9e-05
0.007	-0.0521	0.0209	-0.0002478367537831948	6.283185307179586e-05	0.000153588974175501	1.47362888	44.58460236	0.98928559	0.06788844564777079	0.0112451	0.00017
0.0069	-0.0642	0.0359	-0.0006300638599699529	0.00012740903539558605	0.00022165681500327985	1.41162586	42.70870209	1.0039289	0.05294360646691636	0.012553	0.00026
0.007	-0.0785	0.0253	-0.0007033676885537148	0.000158824961931484	0.00028099800957108706	1.43765116	43.49609756	1.01640162	0.03320304748437336	0.0121294	0.00037
0.0078	-0.1042	0.0112	-0.0002495820830351891	7.504915783575618e-05	0.00022863813201125715	1.38740253	41.97582626	0.99564308	0.07009606435870418	0.0130388	0.00036
0.0072	-0.0816	0.0237	-0.000153588974175501	8.552113334772214e-05	0.0002129301687433082	1.44658971	43.7665329	0.98210086	0.04180865238198015	0.0140452	0.00043
0.0065	-0.0357	0.028	-0.00022165681500327985	-1.7453292519943294e-06	0.00022165681500327985	1.43505478	43.4175415	1.01617413	0.05910304748437335	0.0143666	0.0004
0.0074	0.0032	0.0236	-0.00020594885173533088	4.886921905584123e-05	0.0002007128639793479	1.42903697	43.23547363	1.00616287	0.04856332312998583	0.0140648	0.00039
0.0125	0.0369	0.0357	-0.0004799655442984406	-1.2217304763960308e-05	0.00017976891295541595	1.3009479	39.36014175	0.98144028	0.06870235837034216	0.0134618	0.00046
0.0124	0.0399	0.0247	-0.0002530727415391778	3.839724354387525e-05	0.0002129301687433082	1.3829416	41.84085846	0.97101691	0.02963343034274953	0.0140939	0.00031
0.0121	0.0298	0.0335	-0.0005113814708343385	-1.0471975511965975e-05	0.0002495820830351891	1.31719065	39.85156631	0.98506121	0.03639149313214413	0.015072	0.0002
0.0081	0.0206	0.0368	-0.0005532693728822024	0.0001256637061435917	0.0002530727415391778	1.34452939	40.67869949	0.99922565	0.025575712110370512	0.0134173	0.00043
0.0102	0.0205	0.0396	-0.0009651670763528643	0.00012740903539558605	0.0002565634000431664	1.2518394	37.87436676	0.96991433	0.02585668456133225	0.0127091	0.0002
0.0108	-0.068	0.0353	-0.0005497787143782138	0.00011693705988362007	0.0001972222054753592	1.35940468	41.12874985	1.05305381	0.11766007660272118	0.0133219	0.00016
0.009	-0.0706	0.0413	-0.0004415683007545654	7.155849933176751e-05	0.0001658062789394613	1.33108759	40.27201843	0.98323781	0.019650245035569943	0.0128279	0.00015
0.0087	-0.0638	0.0323	-0.00035081117965086024	0.00014486232791552936	0.0001675516081914556	1.34651446	40.73875809	0.9862616	0.02439031394697307	0.0116413	0.00012
0.0156	-0.0564	0.0372	-0.0003682644721708035	0.00011519173063162575	0.00024085543677521747	1.25473893	37.96209335	0.96532123	0.02522138591938043	0.0126376	9e-05
0.0163	-0.0233	0.0385	-0.0004921828490624009	0.00016231562043547262	0.0002897246558310587	1.4014523	42.40090179	0.97849583	0.04609557428756427	0.0112425	6e-05
0.012	0.0304	0.044	-0.0009546951008408983	0.0002129301687433082	0.000322885911618951	1.33308852	40.33255768	1.01868496	0.09081440279371124	0.0112727	0.00013
0.0122	0.0418	0.0245	-0.0012147491593880533	0.000307177948351002	0.000322885911618951	1.31360877	39.74319839	1.00858542	0.048815091907742435	0.0102761	0.00015
0.0172	-0.0196	0.031	-0.0006946410422937432	0.0003211405823669566	0.0002495820830351891	1.2835958	38.83515549	1.00490035	0.10326872898470132	0.01051	3e-05
0.0173	-0.0135	0.0385	-0.0005550147021341969	0.0003665191429188092	0.0001972222054753592	1.43553352	43.43202591	0.97719	0.02556823891356144	0.0113418	0.00013
0.0168	-0.013	0.0339	-0.00047647488579445195	0.00028623399732707005	0.00023387411976724014	1.35147083	40.88871384	0.97959308	0.01537384381116825	0.0110296	0.0001
0.0172	-0.0129	0.0267	-0.0004537856055185257	0.00035430183815484887	0.0002670353755551324	1.33550131	40.40555573	0.97388112	0.013895918844579865	0.0102614	8e-05
0.0166	0.0221	0.0436	-0.0010349802464326373	0.0003001966313430247	0.0003473205211468716	1.35415244	40.96984482	0.97948087	0.08827924966588374	0.0112083	0.00012
0.0111	0.0325	0.0292	-0.0016109388995907662	0.000307177948351002	0.0003647738136668148	1.34671414	40.74480057	1.01461601	0.060319663134302474	0.0114614	0.00015
0.0094	-0.0541	0.0233	-0.0010890854532444615	0.0003438298626428829	0.00033335788713091696	1.32528937	40.09659195	1.05929525	0.12369606435870419	0.0111376	0.00016
0.0152	-0.0725	0.0206	-0.00046949356878647465	0.0003787364476827695	0.0002722713633111154	1.36682534	41.35326385	1.00593192	0.06267924966588376	0.011391	9e-05
0.0184	-0.0535	0.0305	-0.00033335788713091696	0.00035081117965086024	0.0002722713633111154	1.31894898	39.90476608	0.96569659	0.04030304748437334	0.0118396	0.00012
0.017	-0.0278	0.0338	-0.0004310963252425994	0.0003892084231947355	0.00029496064358704166	1.34079814	40.56581116	0.97811791	0.038341248096574194	0.0123339	0.0001
0.0158	0.0379	0.0402	-0.001022762941668677	0.00033684854563490564	0.0003438298626428829	1.40410197	42.48106766	1.04736666	0.10794478565208744	0.0121201	0.00017
0.0146	0.0447	0.0123	-0.0012426744274199627	0.0002740166925631097	0.00038048177693476387	1.29028344	39.03749084	1.02206077	0.05186976265574813	0.0104858	0.00019
0.0311	-0.023	0.0302	-0.0008063421144213803	0.00046425758103049166	0.00046949356878647465	1.26730692	38.34233475	1.0265071	0.13787924966588375	0.0108539	5e-05
0.0259	-0.0132	0.0391	-0.0005846852994181004	0.0003769911184307752	0.0003595378259108319	1.39549327	42.22061157	0.98027642	0.044843951023931954	0.0116895	0.00015
0.021	-0.0167	0.0295	-0.0003944444109507184	0.0002565634000431664	0.0003106686068549907	1.34005499	40.54332733	0.98464716	0.0359768912955416	0.0119203	0.00012
0.0194	0.0167	0.0332	-0.0008342673824532895	0.00029845130209103034	0.0004415683007545654	1.37337637	41.55146408	1.00914935	0.06933052837250048	0.0111422	9e-05
0.019	0.0379	0.0267	-0.0013439035240356337	0.00029321531433504735	0.0004572762640225143	1.23622322	37.40190125	0.9842729	0.05462900463031381	0.0112768	0.00013
0.0191	-0.0295	0.0376	-0.0010960667702524388	0.0003822271061867582	0.00037524578917878077	1.36394811	41.26621246	1.03028122	0.09934395102393197	0.0115824	0.00017
0.0219	-0.0514	0.0346	-0.0007138396640656808	0.00042760566673861073	0.0002583087292951608	1.31881273	39.9006424	1.00738214	0.054927136331111535	0.0123472	0.00018
0.0229	-0.0336	0.0276	-0.0004380776422505767	0.00040840704496667313	0.00023561944901923448	1.42174459	43.01484299	0.99306212	0.0416824961931484	0.0118471	0.00014
0.0264	-0.0182	0.0314	-0.0005881759579220891	0.0003647738136668148	0.00029496064358704166	1.31111944	39.66788101	0.97421399	0.035353637076958884	0.0135736	0.0001
0.0269	0.0395	0.0399	-0.0010925761117484504	0.0005427973973702365	0.0003961897402027128	1.41211915	42.72362518	1.03404963	0.10588264170727273	0.0127437	0.0002
0.0243	0.0076	0.0061	-0.0009965830028887623	0.00033684854563490564	0.0004380776422505767	1.30497444	39.48196411	1.04504451	0.08549149313214414	0.0127959	0.00015
0.0254	-0.037	-0.003	-0.0005044001538263612	0.0003892084231947355	0.00037524578917878077	1.39549649	42.22070694	1.03918909	0.08516872898470135	0.012094	0.00014
0.0309	-0.032	0.0142	-0.00042760566673861073	0.0004363323129985824	0.0003159045946109737	1.29649782	39.22550583	0.97452832	0.03686297857297022	0.0125058	8e-05
0.0297	-0.0052	0.0313	-0.0007225663103256524	0.0005602506898901797	0.00032463124087094524	1.4057833	42.53193665	0.98268214	0.06648028333693053	0.0122657	9e-05
0.0273	0.0351	0.0237	-0.0012269664641520136	0.0005044001538263612	0.00041538836197465044	1.36559653	41.31608582	1.03419393	0.08285039054969424	0.0129777	0.00017
0.0289	-0.0264	0.012	-0.0010873401239924673	0.0005480333851262194	0.0003944444109507184	1.3547442	40.98774719	1.04144917	0.08501017612416682	0.0111689	0.0002
0.0286	-0.0571	0.015	-0.0005427973973702365	0.00045553093477052	0.00034033920413889426	1.37162197	41.49838638	0.99050979	0.06855751918948771	0.010519	7e-05
0.0289	-0.0456	0.0316	-0.0006056292504420323	0.0004049163864626844	0.00033684854563490564	1.51614225	45.87084198	0.9783928	0.034246852994181	0.0120636	0.00014
0.0299	-0.0229	0.0293	-0.00041189770347066176	0.0004310963252425994	0.00038397243543875244	1.36059606	41.16479492	0.9985601	0.03935176877775662	0.0123707	0.00015
0.0275	0.0266	0.027	-0.0010471975511965976	0.0006265732014659643	0.0004258603374866164	1.48672414	44.98079681	1.03943904	0.09783323129985824	0.0112255	0.00033
0.0177	0.1005	0.0294	-0.0016528268016386303	0.0006161012259539982	0.000322885911618951	1.34832501	40.79353714	1.04559354	0.12205378259108322	0.012967	0.00047
0.0175	0.1246	0.0254	-0.0016755160819145565	0.0007382742735936014	0.00029321531433504735	1.61532557	48.87163162	1.00893099	0.03702664625997164	0.0163505	0.00202
0.0318	0.0825	-0.0774	-0.001853539665617978	0.001069886831472524	0.0005637413483941684	1.44982135	43.86430359	1.26919908	0.1982081087820733	0.0188548	0.0065
0.0368	-0.0524	-0.11	-0.001843067690106012	0.0010925761117484504	0.0005166174585903216	1.58764362	48.03411484	1.27699787	0.176514257279587	0.0206947	0.00753
0.0419	-0.1345	-0.0351	-0.0014119713648634124	0.0010297442586766543	0.0004206243497306334	1.66510797	50.37779617	1.24746213	0.19159606435870416	0.0162669	0.00384
0.0396	-0.1281	0.0303	-0.0010035643198967395	0.0006318091892219474	0.00039269908169872416	1.37906682	41.723629	1.16587653	0.11581336912266446	0.0147734	0.00154
0.0242	-0.0689	0.0691	-0.0003106686068549907	0.000291469985083053	5.4105206811824215e-05	1.33452201	40.37592697	1.16194344	0.18199143960337716	0.013876	0.00088
0.0285	0.0229	0.0778	-8.37758040957278e-05	0.0005166174585903216	-5.235987755982988e-06	1.41866672	42.92172241	1.12969508	0.13036907354171695	0.0151258	0.00146
0.0259	0.0819	0.066	-0.0001186823891356144	0.0004310963252425994	8.552113334772214e-05	1.40806699	42.60102844	1.03390605	0.08395924197456568	0.0156202	0.0023
0.0296	0.1101	0.0486	-0.0001658062789394613	0.00040666171571467877	0.00012740903539558605	1.34723246	40.76048279	0.9914292	0.05497232006898158	0.0152956	0.00283
0.0302	0.075	0.0522	-0.00015009831567151235	0.00043458698374658803	0.0001256637061435917	1.43665755	43.46603394	0.97658098	0.04156892802759264	0.0148079	0.00136
0.0282	0.0325	0.0482	-0.000291469985083053	0.00046425758103049166	0.00016231562043547262	1.355757	41.01839066	1.01178884	0.058884709049366254	0.0141269	0.00066
0.0241	-0.0295	0.0402	-0.00016406094968746698	0.0005462880558742252	0.00020420352248333657	1.42405391	43.08471298	1.03133595	0.08666637061435918	0.0133491	0.00038
0.0272	-0.0974	0.036	-0.000153588974175501	0.0005026548245743669	0.0002670353755551324	1.28245926	38.80076981	1.01547978	0.081046852994181	0.0136101	0.00051
0.0267	-0.1248	0.0358	-0.0002024581932313422	0.00045902159327450867	0.00027576202181510406	1.44714129	43.78321838	0.98308525	0.03316145483078354	0.0157656	0.0013
0.0256	-0.1353	0.0328	-0.00020420352248333657	0.00038571776469074686	0.0003822271061867582	1.42151308	43.0078392	1.00784626	0.02367571211037052	0.0181116	0.00305
0.0238	-0.125	0.0236	-0.0002303834612632515	0.0003822271061867582	0.00042760566673861073	1.3581959	41.09217834	1.01039984	0.025052457891787807	0.0176436	0.00349
0.0254	-0.0856	0.0243	-0.00011693705988362007	0.0003822271061867582	0.0004380776422505767	1.49278104	45.16405106	1.00043911	0.047895918844579874	0.0176622	0.00363
0.0265	-0.045	0.0302	-0.0002181661564992912	0.000439822971502571	0.000460766922526503	1.48390865	44.89561462	1.02213055	0.05667571211037052	0.0191559	0.00513
0.0246	-0.0117	0.0333	-0.00029321531433504735	0.0004188790204786391	0.00046425758103049166	1.49154794	45.12674332	1.02110661	0.04327418836818384	0.0192798	0.00575
0.0278	0.015	0.0313	-0.00027750735106709843	0.00041538836197465044	0.0004799655442984406	1.40972531	42.65119934	0.9962463	0.03364532925199433	0.0186757	0.0066
0.0298	0.0073	0.0449	-0.00040666171571467877	0.000466002910282486	0.0005061454830783556	1.43409371	43.38846588	0.96970367	0.03359744258676654	0.0184599	0.00648
0.0276	-0.0131	0.0443	-0.00048520153205442357	0.0003944444109507184	0.0005009094953223725	1.40007794	42.35931778	0.99965151	0.03096671517137477	0.019071	0.00581
0.0278	-0.0305	0.0394	-0.0003193952531149623	0.00046425758103049166	0.00048520153205442357	1.40055883	42.37386703	0.99945054	0.035066370614359174	0.017813	0.00542
0.0334	-0.0484	0.0439	-0.00040666171571467877	0.0003647738136668148	0.0005061454830783556	1.32968533	40.22959137	0.9799631	0.03838470904936627	0.0180011	0.00454
0.0309	-0.0747	0.0495	-0.0004677482395344803	0.0004677482395344803	0.0004939281783143952	1.32478046	40.08119583	0.96601803	0.04321391272257137	0.0172175	0.00411
0.0318	-0.0776	0.0486	-0.0005410520681182421	0.0004572762640225143	0.00048520153205442357	1.34467304	40.68304443	0.98680718	0.00932512251778498	0.0155761	0.00283
0.0321	-0.0743	0.0434	-0.0004485496177625427	0.0004939281783143952	0.0004886921905584122	1.38220894	41.81869507	0.98819796	0.01543225115757844	0.0158656	0.00214
0.0312	-0.0452	0.0366	-0.0005602506898901797	0.000322885911618951	0.0004991641660703782	1.35085845	40.87018585	0.98397138	0.05146076571675237	0.0127815	0.00106
0.0305	-0.0411	0.0356	-0.0005532693728822024	0.00038571776469074686	0.0004956735075663896	1.31131983	39.67394638	0.95300959	0.009465191429188087	0.0121714	0.00068
0.0304	-0.024	0.0341	-0.0005375614096142535	0.00039269908169872416	0.000450294947014537	1.34273958	40.62454987	0.98552284	0.022103392041388937	0.0126818	0.00042
0.03	-0.004	0.0316	-0.000619591884457987	0.00039793506945470715	0.0004520402762665313	1.36844969	41.4024086	0.98921628	0.027350589592585527	0.0120584	0.00024
0.0313	0.0093	0.0279	-0.0006021385919380437	0.000317649923862968	0.0004799655442984406	1.32494617	40.08620834	0.98028563	0.024583185307179588	0.0120877	0.00015
0.0318	-0.0059	0.0247	-0.0006492624817418905	0.00034906585039886593	0.00046949356878647465	1.30305231	39.42381287	0.9601924	0.023350589592585527	0.0111194	9e-05
0.0293	0.0211	0.0411	-0.0012147491593880533	0.0004206243497306334	0.0004537856055185257	1.31916845	39.91140366	1.00462519	0.07853765701229395	0.0118486	0.00013
0.0262	0.0114	0.0289	-0.0014782938764391971	0.0005044001538263612	0.0005218534463463045	1.29415429	39.15460205	1.01853639	0.045769418098732514	0.0115885	0.00027
0.026	-0.0786	0.0206	-0.0008133234314293575	0.0005288347633542819	0.0004433136300065597	1.33340359	40.34209061	1.07160335	0.13689724354387528	0.011429	0.00012
0.0307	-0.0696	0.0482	-0.0006771877497737998	0.000445058959258554	0.00041538836197465044	1.3176856	39.86654282	0.98846883	0.05369183768915975	0.0128614	0.0001
0.0275	-0.0498	0.0332	-0.0005026548245743669	0.00040317105721069014	0.00042935099599060504	1.39559007	42.22353745	0.97839017	0.049519173063162565	0.0127778	0.00015
0.0254	-0.0335	0.0358	-0.0005899212871740833	0.00039793506945470715	0.00041189770347066176	1.34239507	40.6141243	0.99381739	0.026497787143782127	0.0125432	0.00028
0.0247	0.0275	0.0296	-0.0011344640137963143	0.0005235987755982988	0.0004886921905584122	1.41196942	42.71909714	1.05661182	0.10525004599267863	0.0117097	0.00018
0.0235	0.0413	0.0186	-0.0014835298641951804	0.0005078908123303499	0.0005881759579220891	1.26184714	38.17715073	0.98527457	0.049212879051524605	0.0113665	0.00011
0.0289	-0.0342	0.0272	-0.0009232791743050004	0.0007644542123735164	0.000486946861306418	1.38208961	41.81508255	1.03396545	0.13540215932745087	0.0121033	0.00014
0.0276	-0.048	0.0394	-0.0005602506898901797	0.0006544984694978735	0.0003787364476827695	1.39082718	42.07943726	1.00787654	0.0563597320457056	0.0133902	0.00017
0.0284	-0.0298	0.0299	-0.0003787364476827695	0.0006283185307179585	0.0003595378259108319	1.40321326	42.45417786	0.98537776	0.039844640137963135	0.0125734	0.00018
0.0316	-0.0072	0.0204	-0.0004258603374866164	0.0005166174585903216	0.00035604716740684323	1.34369302	40.65339661	0.97599691	0.043415781021773625	0.0124561	0.0001
0.03	0.0183	0.0351	-0.000874409955249159	0.0005759586531581287	0.00041713369122664475	1.31101167	39.66462326	0.97197224	0.07024886680750757	0.01273	0.00014
0.0292	0.0384	0.0203	-0.0014329153158873448	0.0005637413483941684	0.00048171087355043494	1.32285619	40.02297592	1.03142461	0.06746499238629683	0.0131575	0.00016
0.0281	-0.0306	0.0097	-0.0009529497715889039	0.0006038839211900379	0.00041189770347066176	1.30338669	39.43392944	1.03239454	0.11019606435870416	0.0119961	0.00021
0.0301	-0.0445	-0.0042	-0.00046949356878647465	0.0005881759579220891	0.00037524578917878077	1.34775352	40.77624512	0.99556862	0.05659080401811295	0.0124453	0.00018
0.0377	-0.0284	0.0112	-0.0005096361415823442	0.0005811946409141118	0.00042411500823462205	1.26916611	38.39858627	0.9653	0.0438996554429844	0.0124725	0.0002
0.031	0.0249	0.0249	-0.0010960667702524388	0.0006911503837897545	0.0004572762640225143	1.37883902	41.71673584	1.02041748	0.11017738136668148	0.0132122	0.00029
0.0249	0.0284	0.0069	-0.0014346606451393388	0.0005689773361501514	0.0004677482395344803	1.29166913	39.07941437	1.01869276	0.05116194490192345	0.0133748	0.00029
0.0295	-0.041	0.0005	-0.0009686577348568529	0.0005864306286700947	0.00041538836197465044	1.40630662	42.54776764	1.0492468	0.10719080401811296	0.0134143	0.00038
0.0384	-0.0331	0.0103	-0.0007120943348136865	0.0005951572749300663	0.0003385938748868999	1.3544234	40.9780426	0.99344455	0.04370422666954443	0.0125479	0.00024
0.038	-0.023	-0.0007	-0.0004415683007545654	0.00062482787221397	0.0003298672286269283	1.43706191	43.47826767	0.98137884	0.03694616388014982	0.0129877	0.00027
0.0359	-0.0087	0.0131	-0.0007627088831215222	0.0006318091892219474	0.0003787364476827695	1.33377814	40.35342026	0.99868704	0.04904955592153876	0.0132241	0.00036
0.0339	0.0431	0.0122	-0.001408480706359424	0.0007086036763096977	0.0004799655442984406	1.4251169	43.11687088	1.04625629	0.09588977034706617	0.013202	0.0002
0.041	-0.0147	0.0089	-0.001158898623324235	0.0008412486994612669	0.000466002910282486	1.26791596	38.36076355	1.01539702	0.08800948701013565	0.0116314	0.00014
0.0426	-0.0554	0.0182	-0.000661479786505851	0.0007906341511534313	0.00040666171571467877	1.49650085	45.27659225	0.99668158	0.08196872898470131	0.0128638	0.00021
0.0423	-0.0468	0.0158	-0.0006894050545377602	0.0007016223593017205	0.00040840704496667313	1.42258894	43.04039001	0.98756953	0.017234119456780717	0.0134596	0.00028
0.0382	-0.013	0.0308	-0.00102799892942466	0.0008185594191853405	0.0004433136300065597	1.49669266	45.28239441	1.00823695	0.07742187599052033	0.0127264	0.0002
0.0372	0.022	0.0176	-0.0014782938764391971	0.0007888888219014368	0.0005759586531581287	1.29163265	39.07831192	1.00118839	0.07983052837250049	0.0121312	0.00026
0.0352	-0.0663	0.0081	-0.0009546951008408983	0.0006387905062299246	0.0004956735075663896	1.61166942	48.76101303	1.05350998	0.13749911184307753	0.0142283	0.00025
0.0337	-0.0553	-0.0009	-0.000645771823237902	0.0005585053606381855	0.0004380776422505767	1.44983613	43.86475372	0.99578011	0.04384021442552742	0.0130807	0.00017
0.0326	-0.0363	0.0007	-0.0005096361415823442	0.0005724679946541401	0.00041538836197465044	1.43144047	43.30819321	0.9808959	0.030339379797371935	0.0112892	0.00019
0.0345	-0.0044	0.0086	-0.0008429940287132613	0.0006387905062299246	0.00042411500823462205	1.36124372	41.18439102	0.97902476	0.06212035224833366	0.0107052	0.00016
0.0342	0.042	0.007	-0.0013421581947836393	0.0006998770300497262	0.0005131268000863328	1.49169242	45.13111496	1.00329073	0.08076312408709452	0.01065	0.00014
0.0352	-0.0174	0.0018	-0.001218239817892042	0.0007190756518216638	0.0005131268000863328	1.33271837	40.32135773	1.02157878	0.07275584993317676	0.0121052	0.0002
0.041	-0.0654	0.0094	-0.0006073745796940267	0.0008709192967451704	0.00042236967898262774	1.33340251	40.34205627	1.02200617	0.10407330021126134	0.0114225	0.00013
0.0429	-0.0484	0.0021	-0.0004363323129985824	0.0008831366015091308	0.00038048177693476387	1.3983804	42.30796051	0.98640201	0.03745737367536343	0.0107609	0.00019
0.046	-0.0421	0.0123	-0.0004799655442984406	0.0007819075048934597	0.00041189770347066176	1.26425993	38.25014877	0.9538244	0.02841391272257136	0.0106305	3e-05
0.046	-0.0377	0.0057	-0.0004799655442984406	0.0008168140899333463	0.0004014257279586958	1.4044379	42.49123001	0.96060374	0.013268928027592629	0.0115096	0.00012
0.0425	-0.0115	0.0156	-0.0007976154681614085	0.0007382742735936014	0.0005009094953223725	1.38899219	42.02392197	0.9912784	0.06438367537831947	0.0117242	0.00016
0.0393	0.0278	-0.0056	-0.0011693705988362008	0.0006789330790257941	0.000593411945678072	1.340446	40.55515671	1.02946056	0.08987993877991497	0.0112111	0.00014
0.0408	-0.0362	-0.0024	-0.0008115781021773631	0.0007452555906015787	0.0005218534463463045	1.39017391	42.05967331	1.00924867	0.0934836753783195	0.0109447	0.0001
0.0433	-0.0588	0.0045	-0.00045553093477052	0.0008464846872172499	0.0004886921905584122	1.3844595	41.8867836	0.99087331	0.05652187599052032	0.012345	0.00015
0.043	-0.0443	0.0111	-0.00032812189937493397	0.0008395033702092724	0.00048171087355043494	1.397053	42.26779938	0.98296313	0.02846858347057704	0.0127048	0.00014
0.0421	-0.0321	0.01	-0.0004328416544945937	0.0007766715171374765	0.000450294947014537	1.33256531	40.31672668	0.98204819	0.02414837673636768	0.0112296	0.00012
0.0415	-0.0191	0.0205	-0.0006056292504420323	0.000731292956585624	0.0004921828490624009	1.29036093	39.03983307	0.95504576	0.037102702927357754	0.0109969	0.00013
0.0381	0.0302	0.0275	-0.0011763519158441782	0.0007923794804054256	0.0005759586531581287	1.32938004	40.22035599	1.01725065	0.09547924966588375	0.0113962	0.00014
0.0372	-0.0077	0.0149	-0.0011239920382843482	0.0007714355293814937	0.0005689773361501514	1.30650187	39.52817917	1.0123021	0.055414257279586966	0.0105999	9e-05
0.0393	-0.0496	0.0031	-0.0006300638599699529	0.0007906341511534313	0.0004485496177625427	1.36487949	41.29439163	1.00707954	0.08747772592369708	0.010408	9e-05
0.0449	-0.0383	0.0164	-0.0006719517620178169	0.0006736970912698113	0.000460766922526503	1.29334176	39.13002014	0.96290443	0.03875211333477221	0.0109878	7e-05
0.0445	-0.0314	0.008	-0.0005916666164260777	0.0007173303225696694	0.0004433136300065597	1.36071861	41.16850281	0.96270528	0.022768583470577038	0.0104747	0.00014
0.0446	-0.0189	0.0059	-0.000609119908946021	0.0006876597252857658	0.0004956735075663896	1.30829751	39.58250427	0.98417871	0.01967418836818384	0.010938	9e-05
0.0403	0.0258	-0.0051	-0.0010978120995044332	0.0007941248096574199	0.000577703982410123	1.39757192	42.28350067	1.03286832	0.09385938748869	0.0118719	0.00019
0.0442	-0.0214	-0.0101	-0.0010314895879286487	0.0007592182246175333	0.0005462880558742252	1.26101875	38.15208817	0.99544014	0.06273225115757844	0.0103539	6e-05
0.0443	-0.0507	-0.0126	-0.00047647488579445195	0.0006736970912698113	0.0005096361415823442	1.43357849	43.37287903	1.00291281	0.06575938748868998	0.0116211	0.0003
0.0448	-0.0222	-0.0014	-0.000593411945678072	0.0006422811647339132	0.0004729842272904633	1.39515364	42.21033478	1.00955867	0.049450245035569954	0.0113649	9e-05
0.0418	-0.0005	0.0136	-0.0011082840750163993	0.0006998770300497262	0.0005497787143782138	1.37399459	41.57016754	0.99574878	0.07216312408709452	0.0115341	8e-05
0.0403	0.0408	0.0116	-0.0015393804002589986	0.0007853981633974483	0.000635299847725936	1.2916199	39.07792282	1.00326891	0.07490692959690218	0.0109053	0.00018
0.0409	-0.0375	0.0019	-0.0010873401239924673	0.0008168140899333463	0.0005637413483941684	1.35154009	40.89080811	1.03455568	0.11635073510670985	0.0108117	4e-05
0.0435	-0.045	0.0045	-0.0007766715171374765	0.0006318091892219474	0.0004991641660703782	1.31725848	39.85361862	0.9970668	0.04071253449450899	0.0115954	9e-05
0.0432	-0.0296	-0.0054	-0.000593411945678072	0.0006370451769779302	0.0004921828490624009	1.38647795	41.94785309	0.98659548	0.03537384381116822	0.0103205	0.0001
0.0467	-0.0277	-0.0	-0.0006161012259539982	0.0006667157742618339	0.0004991641660703782	1.25412953	37.94365311	0.94748639	0.01376705972839036	0.0107335	4e-05
0.0464	-0.0236	0.0047	-0.0008011061266653974	0.0006736970912698113	0.00047822021504644627	1.36487794	41.29434586	0.96463507	0.019746508437165425	0.0118701	8e-05
0.0481	-0.0184	-0.0035	-0.000726056968829641	0.000645771823237902	0.0005410520681182421	1.34671128	40.74471283	0.97829523	0.02339031394697308	0.0110745	7e-05
0.0461	-0.0133	-0.0122	-0.0007278022980816354	0.0006771877497737998	0.0005078908123303499	1.32818282	40.18413544	0.97155985	0.019116125578789223	0.0100994	4e-05
0.0458	0.0245	0.0052	-0.0012479104151759456	0.0007853981633974483	0.0006038839211900379	1.40731311	42.57822037	0.9885775	0.09171558197888234	0.0113243	9e-05
0.0447	0.0534	-0.0078	-0.001790707812546182	0.0008552113334772215	0.0006370451769779302	1.34615898	40.72800446	1.0260744	0.07528859116189507	0.0119158	0.00019
0.0334	0.0464	-0.0147	-0.001933824811209717	0.0008447393579652555	0.0005567600313861911	1.26648164	38.31736755	0.99159209	0.036893705988362016	0.0126842	0.0002
0.0256	0.0295	-0.0522	-0.0018989182261698304	0.0008674286382411819	0.0005567600313861911	1.44138503	43.60906601	1.02758746	0.06507979326579065	0.0147403	0.00063
0.0294	-0.025	-0.0771	-0.001790707812546182	0.000853466004225227	0.0006108652381980154	1.44004679	43.56857681	1.03681404	0.09201391272257135	0.0142254	0.00123
0.033	-0.0435	-0.0497	-0.0020245819323134223	0.000900589894029074	0.0005689773361501514	1.25337243	37.92074966	0.98622415	0.06564429558094757	0.0145902	0.00112
0.0355	-0.076	-0.0322	-0.0017243853009703976	0.0009826203688728075	0.0005393067388662478	1.34457123	40.67996597	1.01045268	0.0730948851735331	0.0134624	0.0006
0.0359	-0.1266	-0.0033	-0.0009442231253289323	0.0006998770300497262	0.0005148721293383271	1.39967823	42.34722519	1.11573839	0.13426700619962337	0.0137392	0.00052
0.0365	-0.032	0.012	-0.0005532693728822024	0.0006544984694978735	0.00039793506945470715	1.47783673	44.71191025	1.11734445	0.1381634686441101	0.0115917	0.0002
0.0401	0.037	0.0146	-0.0005340707511102648	0.0005305800926062762	0.0004206243497306334	1.33199275	40.29940414	1.02616443	0.08349031394697305	0.0112118	0.00012
0.0379	0.0794	0.0116	-0.0006283185307179585	0.0005375614096142535	0.00042935099599060504	1.39055562	42.0712204	0.9952458	0.053097787143782126	0.0129686	0.00036
0.0348	0.0828	0.0044	-0.0005637413483941684	0.00047822021504644627	0.0004537856055185257	1.31908584	39.90890503	0.98446269	0.0211176493209759	0.0124692	0.00031
0.0342	0.0576	-0.0026	-0.0006038839211900379	0.0005393067388662478	0.0004572762640225143	1.33634698	40.4311409	0.99330282	0.03803598775598298	0.0115771	0.00013
0.0362	0.0273	0.0065	-0.0007120943348136865	0.0005270894341022875	0.0005148721293383271	1.34234393	40.61257935	0.97523377	0.050301179185171074	0.0103698	9e-05
0.0354	-0.0126	0.0049	-0.0011501719770642632	0.0005567600313861911	0.000593411945678072	1.32045686	39.95038605	1.01874624	0.06961440279371126	0.0111359	0.00022
0.0363	-0.107	0.0	-0.000726056968829641	0.000593411945678072	0.000593411945678072	1.32238662	40.00876999	1.06999216	0.12323834612632516	0.0121015	0.00022
0.0375	-0.1261	-0.0037	-0.0004468042885105483	0.000640535835481919	0.0005585053606381855	1.36364579	41.25706482	1.00021875	0.0420641577581413	0.0127051	0.00033
0.0413	-0.1164	0.0001	-0.0004258603374866164	0.0005759586531581287	0.0005393067388662478	1.34712589	40.75725555	0.96731778	0.022535987755982985	0.0127527	0.00026
0.0377	-0.0966	0.0077	-0.00048520153205442357	0.0005619960191421741	0.0005462880558742252	1.35252035	40.92046738	0.98902526	0.03501425727958696	0.0142242	0.00042
0.038	-0.053	0.007	-0.000466002910282486	0.0005166174585903216	0.0005951572749300663	1.43772984	43.49847794	1.00442825	0.050272320068981566	0.0130385	0.00026
0.0412	-0.009	0.002	-0.0005148721293383271	0.0004049163864626844	0.000598647933434055	1.37386334	41.56619644	0.98638569	0.06040304748437336	0.0122489	0.00018
0.0392	0.0352	0.0289	-0.0009948376736367678	0.0005899212871740833	0.0006579891280018621	1.40008295	42.35947037	0.99189807	0.10931558197888232	0.0133851	0.00026
0.0377	0.0388	0.0156	-0.0010786134777324957	0.0005672320068981572	0.0006754424205218055	1.34138322	40.58351135	1.00303273	0.02459591884457987	0.0127489	0.0002
0.0385	-0.0109	0.0	-0.000593411945678072	0.00047647488579445195	0.0006108652381980154	1.40151238	42.40271759	1.01538524	0.09812679177409597	0.0129684	0.00015
0.0411	0.0051	0.0136	-0.0008656833089891874	0.00029321531433504735	0.0006370451769779302	1.37340784	41.55241776	0.9786031	0.05628554367752175	0.011613	0.00018
0.0367	-0.0238	0.0246	-0.0010210176124166828	0.00040317105721069014	0.0006126105674500097	1.34898269	40.8134346	0.96580744	0.05878623279155293	0.0125479	0.00014
0.0376	-0.0401	0.0167	-0.0008098327729253688	0.0004520402762665313	0.0006038839211900379	1.35829771	41.09526062	0.98642105	0.03853903524035634	0.012425	0.00012
0.0387	-0.0224	0.0307	-0.001296779634231787	0.0005759586531581287	0.0006300638599699529	1.39872837	42.31848907	1.00771893	0.06465225884889653	0.011597	0.0001
0.0396	-0.0019	0.0196	-0.0017208946424664088	0.0005166174585903216	0.0006754424205218055	1.2762686	38.61347198	0.99110155	0.058941738167714086	0.0112218	9e-05
0.0405	-0.077	0.0016	-0.001054178868204575	0.000577703982410123	0.0005916666164260777	1.32314992	40.03186417	1.01743639	0.13457890510886816	0.0111724	9e-05
0.0408	-0.0669	0.0091	-0.0007679448708775049	0.0004991641660703782	0.0005480333851262194	1.32880878	40.20307159	0.98545797	0.038320352248333675	0.0115012	9e-05
0.0382	-0.0353	0.0036	-0.0007243116395776468	0.00046949356878647465	0.0005619960191421741	1.38661289	41.95193481	0.99018717	0.04406332312998583	0.0108627	9e-05
0.0408	-0.0	-0.0031	-0.0009023352232810684	0.0003944444109507184	0.000582939970166106	1.34975386	40.83676529	0.97662524	0.05830083462815549	0.0104964	0.00014
0.0376	0.0087	0.0082	-0.0010454522219446034	0.0004380776422505767	0.000614355896702004	1.38318396	41.84819412	0.96075264	0.034108307824964566	0.0109046	0.00011
0.0342	0.0547	-0.0022	-0.0016458454846306526	0.00041538836197465044	0.0006963863715457374	1.36241221	41.21974564	1.03298957	0.09505565089028543	0.012535	0.00012
0.0353	-0.0159	-0.0073	-0.0011990411961201044	0.0005358160803622592	0.000645771823237902	1.41987669	42.95833206	1.04984367	0.1076923277602996	0.0111185	0.0001
0.0386	-0.0188	-0.0023	-0.0008255407361933179	0.0005724679946541401	0.0005707226654021458	1.38779175	41.98760223	0.98392932	0.035460076602721186	0.0117795	5e-05
0.038	-0.0396	0.0063	-0.0008360127117052838	0.0005515240436302081	0.0005619960191421741	1.46475649	44.31616592	0.96007679	0.03200712863979348	0.0115628	0.00016
0.0361	-0.0446	-0.0029	-0.000731292956585624	0.000486946861306418	0.0005427973973702365	1.37005985	41.45112228	0.97853838	0.025524777960769372	0.0121198	0.00011
0.036	-0.0422	-0.012	-0.0006056292504420323	0.00045553093477052	0.0005916666164260777	1.4038018	42.47198486	0.97554811	0.021897442586766548	0.0110052	0.00013
0.0387	-0.0207	0.0078	-0.00091106186954104	0.0005061454830783556	0.0006003932626860494	1.28839123	38.98023987	0.9635199	0.06223869068334074	0.0108101	3e-05
0.0401	0.0315	0.0113	-0.0014782938764391971	0.0007033676885537148	0.0006422811647339132	1.35862565	41.10518265	1.02674399	0.09741710572106899	0.011706	8e-05
0.0392	-0.0366	0.0061	-0.0012479104151759456	0.0007417649320975902	0.0006475171524898963	1.32959616	40.22689438	1.04212829	0.08790083462815548	0.0116333	0.00014
0.035	-0.066	0.0065	-0.0007609635538695277	0.0006387905062299246	0.0006300638599699529	1.39142311	42.09746933	1.02420392	0.06436872898470133	0.0123903	9e-05
0.0361	-0.0473	0.0244	-0.0006789330790257941	0.0004485496177625427	0.0005707226654021458	1.31464398	39.77451706	0.98541736	0.05428062789394613	0.0111935	8e-05
0.0347	-0.026	0.0204	-0.0006387905062299246	0.0004886921905584122	0.0006003932626860494	1.38167584	41.80256271	0.97237359	0.03219778714378214	0.0111332	0.00011
0.036	-0.0067	0.0188	-0.0006719517620178169	0.0004991641660703782	0.0005759586531581287	1.34042776	40.55460358	0.98593495	0.02560339204138894	0.0114804	0.00015
0.0351	0.0275	0.0168	-0.0010262536001726657	0.0006108652381980154	0.0006510078109938849	1.38750947	41.97906113	1.02174802	0.06415260340591211	0.0106847	9e-05
0.0374	0.0445	0.0077	-0.0014887658519511632	0.0006318091892219474	0.0006876597252857658	1.22404587	37.03347397	0.9863618	0.05440540585471552	0.0104786	0.00011
0.0376	-0.0341	0.0118	-0.001270599695451872	0.0006946410422937432	0.0006056292504420323	1.3728075	41.53425217	1.02952091	0.10105142422074102	0.0104395	8e-05
0.0391	-0.0686	0.0134	-0.0007347836150896127	0.0006649704450098395	0.0005567600313861911	1.32509625	40.09075165	1.00704957	0.0683177948351002	0.0117998	0.00013
0.0362	-0.0439	0.0187	-0.0008621926504851988	0.0006056292504420323	0.0005009094953223725	1.42814648	43.20853424	0.99126964	0.04503003830136058	0.0118116	0.00014
0.0368	-0.0267	0.0144	-0.0007679448708775049	0.0004974188368183839	0.0005619960191421741	1.32592404	40.11579514	0.97548388	0.035277235852557196	0.0103552	6e-05
0.0348	0.0188	0.0235	-0.0014119713648634124	0.0006265732014659643	0.0006422811647339132	1.39217496	42.12021637	1.00565798	0.09927330021126136	0.0116892	0.00013
0.0339	-0.027	-0.0018	-0.0010471975511965976	0.0005096361415823442	0.0006335545184739417	1.29191875	39.08696747	1.01806562	0.09652187599052033	0.0112583	0.00018
0.0344	-0.0388	-0.0107	-0.0006318091892219474	0.0004904375198104066	0.0005654866776461627	1.40713966	42.57297134	1.00362848	0.04633274122871835	0.0113797	0.00013
0.0354	-0.0235	-0.0023	-0.0007679448708775049	0.00039793506945470715	0.0005445427266222308	1.31877136	39.89939117	0.97415539	0.03717910415175944	0.0110521	9e-05
0.0346	0.0157	0.0204	-0.0013543754995475996	0.0004677482395344803	0.0006475171524898963	1.3942616	42.18334579	1.00171992	0.10066091123087664	0.0116532	0.00014
0.0303	0.0484	0.0066	-0.0017366026057343581	0.0005183627878423159	0.0007243116395776468	1.31203759	39.69565964	1.02392267	0.07628180707911723	0.012132	0.0002
0.0332	-0.0343	0.0097	-0.0015899949485668342	0.0005480333851262194	0.0006981317007977319	1.38931358	42.03364563	1.06881868	0.09882290966156712	0.0119564	0.00013
0.0398	-0.0571	0.0144	-0.0008691739674931761	0.0005969026041820607	0.000609119908946021	1.3975302	42.28223801	1.00944588	0.07703509959906049	0.0104299	0.00011
0.0411	-0.054	0.0206	-0.0007661995416255106	0.0005567600313861911	0.0005864306286700947	1.34337223	40.6436882	0.95660453	0.01889031394697306	0.0118799	0.00015
0.0436	-0.0436	0.0187	-0.000736528944341607	0.0005148721293383271	0.0006928957130417488	1.35279036	40.92863464	0.99052178	0.02370117918517108	0.011533	0.00014
0.0363	-0.0263	0.0144	-0.0007714355293814937	0.0003665191429188092	0.0005794493116621174	1.43673527	43.4683876	0.99244538	0.0437352986419518	0.0108535	0.00014
0.0393	0.0219	0.022	-0.001322959573011702	0.0005532693728822024	0.0006475171524898963	1.33088851	40.26599503	1.00973142	0.09911710572106902	0.0105039	0.0001
0.0387	0.0468	0.0125	-0.0017645278737662671	0.0007976154681614085	0.0007382742735936014	1.56186736	47.25425339	1.00199595	0.07383357585687379	0.0118271	0.00025
0.0372	-0.0268	0.0034	-0.001748819910498318	0.0007976154681614085	0.0007225663103256524	1.39860904	42.31487656	1.05582112	0.0857707963267949	0.011993	0.00025
0.0359	-0.0808	0.0216	-0.0009948376736367678	0.000778416846389471	0.0006422811647339132	1.38652289	41.94921112	1.04984009	0.11617330021126132	0.011893	0.00014
0.0366	-0.0555	0.021	-0.0007382742735936014	0.0006440264939859076	0.0005864306286700947	1.38686597	41.95959091	0.99878537	0.04894021442552741	0.0108328	6e-05
0.0396	-0.041	0.0296	-0.0008290313946973065	0.0006510078109938849	0.0005794493116621174	1.35485458	40.99108887	0.95708342	0.03133598775598298	0.0116102	0.0002
0.0389	-0.0316	0.0211	-0.000804596785169386	0.0006387905062299246	0.0005811946409141118	1.33704233	40.45217896	0.97593606	0.02051986217719376	0.0115896	0.00015
0.039	-0.0156	0.0119	-0.000752236907609556	0.0006841690667817771	0.0005689773361501514	1.41605246	42.84262848	0.97585662	0.030797787143782153	0.010806	0.00016
0.041	0.0219	0.0186	-0.0012897983172238095	0.0006894050545377602	0.0007086036763096977	1.2841109	38.85073853	0.99735023	0.08032118687648913	0.0106376	0.00012
0.0409	0.0301	0.0105	-0.0017016960206944712	0.0007225663103256524	0.0007627088831215222	1.56674933	47.40195847	0.98303396	0.04135820830351892	0.0110567	0.00019
0.0378	-0.0553	0.0051	-0.0012147491593880533	0.0006230825429619757	0.0007592182246175333	1.40315449	42.45240021	1.04623332	0.12339606435870416	0.0117717	0.0002
0.0357	-0.0623	0.0011	-0.0007138396640656808	0.000614355896702004	0.000731292956585624	1.43400931	43.38591385	1.00653219	0.03997807048071268	0.0114329	0.00013
0.0431	-0.0478	0.0239	-0.0008587019919812101	0.000582939970166106	0.0007190756518216638	1.30500674	39.48294449	0.98256553	0.05412477796076937	0.0106096	7e-05
0.04	-0.0355	0.023	-0.0009808750396208131	0.0004886921905584122	0.0007225663103256524	1.40840614	42.61128998	0.96757147	0.02729557428756428	0.0112894	0.00013
0.0384	-0.0289	0.0199	-0.0009861110273767962	0.00046425758103049166	0.0007557275661135446	1.40033388	42.36706161	0.97600667	0.014441592653589788	0.0109718	0.0001
0.0371	0.0122	0.0299	-0.0014782938764391971	0.0005235987755982988	0.0008115781021773631	1.39230943	42.12428284	1.00222909	0.0827687289847013	0.0105149	9e-05
0.0389	0.0094	0.0156	-0.0017976891295541592	0.0005515240436302081	0.0008604473212332044	1.47492135	44.623703	0.97938656	0.038709487010135615	0.0109071	0.0002
0.0404	-0.0511	0.0109	-0.001322959573011702	0.0006300638599699529	0.0008307767239493009	1.40295601	42.44639587	1.02089334	0.09584699850830528	0.0118014	0.00019
0.0385	-0.046	0.0119	-0.0009896016858807848	0.0005166174585903216	0.0008168140899333463	1.43063009	43.28367233	0.98264511	0.03103834612632516	0.0114827	0.0001
0.041	-0.0261	0.0168	-0.0009983283321407565	0.00038048177693476387	0.0008080874436733745	1.37760496	41.6794014	0.97044057	0.03497944870877505	0.0108992	7e-05
0.0399	-0.0311	0.0159	-0.0009826203688728075	0.0004328416544945937	0.0008080874436733745	1.33558512	40.4080925	0.95514991	0.010403392041388938	0.0112514	0.00011
0.0396	-0.0074	0.038	-0.0014870205226991688	0.0004520402762665313	0.000853466004225227	1.35640669	41.03804779	0.99699249	0.07454886680750755	0.0126815	0.00023
0.038	0.0243	0.0294	-0.001647590813882647	0.0005009094953223725	0.0009075712110370514	1.40568125	42.52884674	1.03397383	0.055077235852557194	0.0112532	0.00016
0.0427	0.0207	0.0207	-0.0018971728969178364	0.0005323254218582705	0.00091106186954104	1.28241622	38.79946899	0.98993137	0.0312244334037538	0.0111389	0.00011
0.0423	-0.0512	0.013	-0.001192059879112127	0.0005270894341022875	0.0008482300164692441	1.36917067	41.42422104	1.01887369	0.1186590429316744	0.0113775	0.00013
0.0381	-0.0267	0.0199	-0.0013177235852557187	0.00040840704496667313	0.0007400196028455958	1.36439359	41.27968979	1.00090278	0.05322782544514273	0.0128022	0.00017
0.0363	-0.0244	0.0118	-0.0011641346110802177	0.0004433136300065597	0.0007609635538695277	1.40624833	42.54600525	0.98970382	0.02267197551196598	0.0116431	0.00014
0.0364	0.028	0.0206	-0.001762782544514273	0.0004886921905584122	0.0008412486994612669	1.33066285	40.25916672	1.02426599	0.09751558197888237	0.0119197	0.00012
0.0358	0.0099	0.0045	-0.0020420352248333657	0.0005113814708343385	0.0009372418083209549	1.41154885	42.70637131	0.98816913	0.054696753472735345	0.0125973	0.00014
0.0348	-0.0724	0.0031	-0.001514945790731078	0.00045553093477052	0.0008133234314293575	1.36018848	41.15246582	1.05856973	0.1200429173528852	0.0131745	0.00013
0.0354	-0.0508	0.0091	-0.0012252211349000194	0.000460766922526503	0.0007696902001294993	1.44547129	43.73269272	0.99802911	0.045129693744345	0.0116259	7e-05
0.0407	-0.0283	0.0053	-0.001165879940332212	0.00040666171571467877	0.0007539822368615504	1.33615744	40.42540741	0.97239851	0.03805771823237903	0.0104191	9e-05
0.0449	-0.0288	-0.0013	-0.0011117747335203881	0.0003944444109507184	0.000778416846389471	1.43518543	43.42149734	0.9675307	0.01583785605518524	0.0106819	0.00014
0.0408	-0.0193	0.0046	-0.0011955505376161158	0.0004188790204786391	0.0008395033702092724	1.34824216	40.79103088	0.98969503	0.027964846872172485	0.0122887	0.00014
0.0373	0.0316	0.0095	-0.0017732545200262388	0.0005218534463463045	0.0009424777960769379	1.40139151	42.39906311	1.03094999	0.09848264170727267	0.0113064	0.00016
0.0431	0.0215	-0.0002	-0.00205599785884932	0.0006073745796940267	0.0009250245035569946	1.42827153	43.21231461	0.98786216	0.044885888234537354	0.0116078	0.00019
0.0455	-0.0648	0.012	-0.001403244718603441	0.0006702064327658224	0.000900589894029074	1.42273581	43.04483414	1.07048404	0.13790098014227975	0.0117427	0.00014
0.0486	-0.0613	0.0175	-0.0010140362954087054	0.000614355896702004	0.0008988445647770796	1.43399501	43.38547897	0.99236399	0.03444021442552741	0.0120621	7e-05
0.0476	-0.0508	0.0173	-0.0011362093430483087	0.0004380776422505767	0.000778416846389471	1.37433767	41.58054733	0.98799731	0.032643951023931965	0.0114203	0.00017
0.0472	-0.0377	0.0138	-0.0011484266478122688	0.0003944444109507184	0.0007871434926494425	1.3127991	39.71870041	0.95205799	0.020228859116189504	0.0109195	0.0001
0.0456	-0.017	0.0147	-0.0012042771838760874	0.00046949356878647465	0.0008168140899333463	1.34256232	40.6191864	0.97337385	0.03122851455917392	0.0112619	0.0001
0.0453	0.0336	0.0071	-0.00182212373908208	0.0005637413483941684	0.000932005820564972	1.42942142	43.24710464	1.04126789	0.0998643032722656	0.0115657	0.00014
0.0474	0.0202	-0.0108	-0.001963495408493621	0.0005759586531581287	0.0009756390518648303	1.29773164	39.26283646	0.99690386	0.043261110273767965	0.0111297	0.00015
0.0529	-0.0401	0.0003	-0.0015114551322270892	0.000577703982410123	0.0009162978572970229	1.29181814	39.08392334	1.00360141	0.10255634000431664	0.0110678	7e-05
0.0542	-0.0469	0.0045	-0.0011955505376161158	0.0005323254218582705	0.0008883725892651138	1.37168646	41.50033569	0.97790743	0.03176042115973675	0.0114174	0.00012
0.0525	-0.0312	0.0034	-0.0011362093430483087	0.0004729842272904633	0.0008639379797371932	1.342906	40.62958527	0.98416849	0.025655849933176735	0.0116662	9e-05
0.0499	-0.0093	0.0023	-0.001244419756671957	0.0004625122517784973	0.0008552113334772215	1.33680415	40.44497299	0.99321683	0.03197045176977929	0.0106434	0.00014
0.0483	0.0427	0.0012	-0.0017959438003021652	0.00047123889803846896	0.000905825881785057	1.25966334	38.11108017	1.03934457	0.08524326190990077	0.0118728	0.0002
0.0465	0.0148	-0.0077	-0.002054252529597326	0.00048520153205442357	0.000895353906273091	1.36004317	41.14806747	1.00238175	0.05273716694115407	0.0114785	0.00016
0.0501	-0.0525	-0.0122	-0.00147131255943122	0.00040840704496667313	0.0008203047484373349	1.30397582	39.45175171	1.03181527	0.11213918075448062	0.0119078	0.00014
0.0498	-0.0405	-0.015	-0.0011850785621041497	0.0003525565089028545	0.0007679448708775049	1.42173135	43.01444244	0.99471058	0.03482222054753594	0.0110148	0.00017
0.0515	-0.0242	-0.0129	-0.0011222467090323538	0.00027750735106709843	0.0007888888219014368	1.31373966	39.74715805	0.96622488	0.0280412480965742	0.0101622	9e-05
0.0492	-0.0209	-0.0065	-0.0012130038301360591	0.00033684854563490564	0.0007906341511534313	1.42924547	43.24178314	0.96531765	0.019592182246175344	0.0108324	8e-05
0.0463	0.0311	-0.0085	-0.0016388641676226754	0.00037524578917878077	0.0009180431865490173	1.34596765	40.72221375	1.0306063	0.08648333082130387	0.0118551	0.00011
0.0457	-0.0047	-0.0198	-0.0015289084247470327	0.0004014257279586958	0.0009337511498169664	1.34091973	40.56948853	1.0095123	0.055292182246175325	0.0109206	0.00016
0.0511	-0.0368	-0.0116	-0.001308996938995747	0.00033335788713091696	0.000853466004225227	1.31668711	39.83633041	0.99291898	0.0641132236085402	0.013176	0.0001
0.053	-0.0468	-0.0207	-0.0009512044423369096	0.0002478367537831948	0.0008813912722571365	1.39472151	42.19726181	0.97580355	0.044561944901923445	0.0117849	0.00013
0.0524	-0.0413	-0.0143	-0.0009965830028887623	0.00030194196059501896	0.0008988445647770796	1.44665074	43.76837921	0.98321496	0.01834685299418099	0.0108709	0.00014
0.0523	-0.0175	-0.008	-0.0012304571226560022	0.00034557519189487725	0.0009372418083209549	1.38127649	41.79048157	0.9811172	0.04599522973054869	0.0108369	6e-05
0.0548	0.0102	-0.0047	-0.0017348572764823637	0.00048345620280242926	0.0010384709049366262	1.44205511	43.62933731	0.98590905	0.07067551306747924	0.0108504	0.0002
0.0557	-0.0501	-0.0331	-0.0013997540600994523	0.00040666171571467877	0.001001818990644745	1.31732213	39.85554504	1.02751802	0.11202748088812714	0.0115637	0.00019
0.0558	-0.0504	-0.033	-0.0012531464029319286	0.0004310963252425994	0.0008936085770210966	1.39244843	42.12849045	0.98659027	0.014462634015954637	0.0105648	0.00017
0.0601	-0.0521	-0.0164	-0.0010559241974565693	0.0003892084231947355	0.0009023352232810684	1.31942868	39.91927719	0.96993768	0.034991837689159755	0.0110635	7e-05
0.0577	-0.0174	-0.0048	-0.001296779634231787	0.000439822971502571	0.0009180431865490173	1.3816359	41.80135727	0.9777991	0.06405889741755011	0.0107617	8e-05
0.056	0.0316	-0.0058	-0.0019774580425095754	0.0004939281783143952	0.001059414855960558	1.34451389	40.67823029	1.0320087	0.09550776422505763	0.0115682	5e-05
0.0569	0.0164	-0.03	-0.00200363798128949	0.0006038839211900379	0.0010210176124166828	1.28708029	38.94057846	1.00890902	0.049026646259971635	0.0113917	0.00021
0.0627	-0.0559	-0.0092	-0.0015655603390389136	0.0005480333851262194	0.0009651670763528643	1.31387925	39.75138092	1.04557112	0.12638893571891066	0.0117315	0.00013
0.0612	-0.0496	-0.0033	-0.001218239817892042	0.0004991641660703782	0.0009494591130849152	1.42542481	43.12619019	0.9860719	0.0342948851735331	0.0117439	0.0001
0.0592	-0.029	-0.0107	-0.0010349802464326373	0.0004310963252425994	0.0009459684545809266	1.36102045	41.17763519	0.98336678	0.04274090353955858	0.0121291	8e-05
0.058	-0.01	-0.0163	-0.0010629055144645468	0.00031415926535897925	0.0008726646259971648	1.34513032	40.69688034	0.9793428	0.03670830782496456	0.0105801	0.00014
0.0605	0.0248	0.0065	-0.001778490507782222	0.0003054326190990077	0.0009686577348568529	1.29992139	39.3290863	0.98221961	0.10111523742186675	0.0119842	9e-05
0.0547	0.0712	-0.0034	-0.0024801128670839424	0.00038397243543875244	0.0010367255756846318	1.34492898	40.69078827	1.04504395	0.1045115008234622	0.0140979	0.00035
0.0492	0.0352	-0.0368	-0.0025028021473598684	0.0003874630939427412	0.0010471975511965976	1.30394626	39.45085907	1.04073045	0.07673259571459401	0.0141556	0.00046
0.0537	-0.062	-0.0421	-0.0018308503853420514	0.00042411500823462205	0.001022762941668677	1.36188257	41.20372009	1.09045673	0.14365191429188093	0.0127037	0.00029
0.0598	-0.0776	-0.0141	-0.001446877949903299	0.0003298672286269283	0.0010471975511965976	1.31463683	39.77429962	1.00288303	0.07483274122871833	0.0121978	8e-05
0.0546	-0.0564	-0.0042	-0.0011885692206081383	0.0002478367537831948	0.0008499753457212384	1.39402127	42.17607498	0.99979275	0.06317807048071268	0.0118892	0.00019
0.0549	-0.0222	-0.0118	-0.001090830782496456	0.00013264502315156904	0.0008447393579652555	1.34543598	40.70612717	1.00998866	0.05300830782496455	0.0113731	0.0001
0.0536	0.002	-0.0165	-0.0010716321607245184	0.0002513274122871834	0.0008412486994612669	1.37205398	41.51145554	0.98851873	0.03726858347057702	0.0104888	0.00013
0.0539	0.0179	-0.0173	-0.0011135200627723821	0.00022863813201125715	0.0008587019919812101	1.27702689	38.63641357	0.95297781	0.021101523742186656	0.0104125	5e-05
0.0541	0.0143	-0.0201	-0.0011397000015522971	0.0002443460952792061	0.00091106186954104	1.3409251	40.56965256	0.97308707	0.011312388980384691	0.0118306	0.00018
0.048	0.0391	-0.0216	-0.0016004669240788003	0.00030194196059501896	0.0009913470151327792	1.49422705	45.207798	1.0106589	0.06233239667170276	0.0124618	0.00034
0.053	0.004	-0.0447	-0.0015254177662430443	0.00040317105721069014	0.0010297442586766543	1.37169075	41.50046539	1.00951412	0.0739337748997651	0.0127736	0.00011
0.0592	-0.0619	-0.0346	-0.001158898623324235	0.00046425758103049166	0.0010070549784007281	1.58837891	48.05635834	1.0231191	0.10471474735072686	0.0121441	0.00026
0.0605	-0.0562	-0.0298	-0.0010035643198967395	0.0004136430327226561	0.0010122909661567112	1.48554015	44.94497681	0.99101923	0.022359241974565687	0.0123816	0.0002
0.0585	-0.0538	-0.0291	-0.0010192722831646884	0.00045553093477052	0.0009983283321407565	1.41158581	42.70748901	0.99479782	0.008677924966588368	0.0115378	0.00015
0.0598	-0.0533	-0.0255	-0.0009843656981248017	0.0003351032163829112	0.0010105456369047167	1.26625371	38.31047058	0.96972996	0.013777580409572786	0.0115691	9e-05
0.0576	-0.0377	-0.0271	-0.0009773843811168245	0.0003106686068549907	0.001048942880448592	1.37814355	41.69569397	0.96938715	0.022890658503988658	0.0128143	0.00016
0.0577	-0.0085	-0.0115	-0.0013683381335635543	0.00023212879051524583	0.0010786134777324957	1.36988044	41.44569397	0.9973877	0.06985820830351892	0.0126226	0.0003
0.0623	0.0028	-0.0325	-0.0014974924982111347	0.0002617993877991494	0.0010821041362364843	1.29562104	39.19897842	1.00189286	0.04501578102177362	0.0117454	0.00013
0.0681	-0.0244	-0.0161	-0.0013334315485236678	0.000439822971502571	0.0010716321607245184	1.41334867	42.76082611	0.97739569	0.06702782544514271	0.0121497	8e-05
0.0634	-0.0197	-0.0167	-0.0013456488532876281	0.00029496064358704166	0.0011187560505283654	1.39700234	42.26626587	0.97614721	0.02021017612416683	0.0131863	0.00015
0.0584	-0.0329	-0.0185	-0.0013526301702956054	0.0002478367537831948	0.0011117747335203881	1.47354221	44.58197784	0.99635013	0.023054326190990064	0.0129591	0.00054
0.0494	-0.0373	-0.0209	-0.0015515977050229591	0.00020943951023931956	0.0011309733552923255	1.43246841	43.33929062	1.01874303	0.02862817000215832	0.0124665	0.00028
0.0563	0.0337	-0.0111	-0.0012758356832078548	0.00029496064358704166	0.0010349802464326373	1.41005969	42.66131592	1.01846327	0.11056381320112577	0.0115563	9e-05
0.0596	-0.0071	-0.0057	-0.001377064779823526	0.00034208453339088857	0.0009808750396208131	1.20806944	36.55010605	0.99646984	0.05962290966156712	0.0115299	0.00014
0.0543	-0.0026	0.0225	-0.0017208946424664088	0.0004014257279586958	0.0009512044423369096	1.18598628	35.8819809	1.0048513	0.05964208272472968	0.0134769	0.00023
0.0518	0.0298	0.0145	-0.0021938788697568722	0.0005061454830783556	0.0010088003076527223	1.24751079	37.74340439	1.03628393	0.0746649923862968	0.0142738	0.00057
0.0542	-0.0487	-0.0069	-0.0018448130193580064	0.0005672320068981572	0.0009564404300928925	1.27192211	38.48196793	1.04561898	0.12542561258892487	0.0146929	0.0011
0.0592	-0.0722	-0.004	-0.0013526301702956054	0.0005672320068981572	0.00091106186954104	1.32507956	40.09024429	0.99997466	0.05827807048071268	0.0138592	0.0014
0.0593	-0.0651	0.0008	-0.0011623892818282235	0.0005567600313861911	0.0008691739674931761	1.47021675	44.48136902	0.97308961	0.024130038301360585	0.0144632	0.00122
0.0582	-0.0395	-0.0086	-0.0010262536001726657	0.00046425758103049166	0.000900589894029074	1.38354218	41.85903168	1.00382904	0.04910270292735776	0.0135682	0.0011
0.0547	-0.0137	-0.0155	-0.0010175269539126942	0.0004310963252425994	0.000879645943005142	1.41060305	42.67775726	0.99772226	0.03934159265358978	0.0123711	0.00043
0.0539	0.0199	-0.0065	-0.0014364059743913332	0.0004415683007545654	0.0009424777960769379	1.47097278	44.50424194	0.99040586	0.06800914245312004	0.0115559	0.00032
0.0536	0.0732	-0.0114	-0.002136283004441059	0.0005131268000863328	0.0010576695267085637	1.42370462	43.07414246	1.05132187	0.10283136300065596	0.0144176	0.00054
0.055	-0.0025	-0.0176	-0.0019233528356977512	0.0005846852994181004	0.0010576695267085637	1.49825144	45.32955551	1.08019576	0.09752443340375376	0.0126986	0.00059
0.0589	-0.0574	-0.0156	-0.0013421581947836393	0.0006335545184739417	0.0010122909661567112	1.5606277	47.21674728	1.03273726	0.09457212102609028	0.0110767	9e-05
0.0595	-0.0822	0.0023	-0.0010821041362364843	0.0006771877497737998	0.0009686577348568529	1.43892074	43.53450775	0.98270296	0.06066602605734356	0.0120711	0.00018
0.0597	-0.0668	-0.0005	-0.0010262536001726657	0.0006265732014659643	0.0009808750396208131	1.41680241	42.8653183	0.98545924	0.024334119456780715	0.0121318	0.00012
0.0561	-0.0267	0.0111	-0.0014660765716752368	0.0006283185307179585	0.0009948376736367678	1.41588545	42.83757401	1.00441447	0.078076546738526	0.0116784	0.00021
0.0553	0.0292	-0.0024	-0.0020176006153054447	0.0005235987755982988	0.001054178868204575	1.29486454	39.17609024	1.03693191	0.10597924966588372	0.0113803	0.00014
0.0558	-0.0275	0.0037	-0.0018832102629018814	0.0005794493116621174	0.0010524335389525807	1.38959181	42.04206085	1.00007545	0.07289931088596882	0.0115585	0.00015
0.0542	-0.0406	0.0024	-0.0014259339988793671	0.000439822971502571	0.001001818990644745	1.34802449	40.7844429	0.99446881	0.04837585762449482	0.0117468	0.0002
0.0518	-0.0064	0.0037	-0.0014608405839192536	0.0003961897402027128	0.0009424777960769379	1.40291822	42.44525146	0.99268215	0.04479405054537759	0.0116478	0.00013
0.0548	0.0142	0.0008	-0.0014538592669112763	0.0003089232776029963	0.0010088003076527223	1.33195889	40.29837799	0.97195023	0.034528514559173905	0.0105724	0.0001
0.0549	0.0539	0.0082	-0.0019896753472735357	0.0005218534463463045	0.001085594794740473	1.34832168	40.79343414	0.99957747	0.0884770368096659	0.0114443	0.00018
0.0536	0.0408	0.0039	-0.00238237442897226	0.0005096361415823442	0.0010681415022205296	1.29589236	39.20718765	1.00633412	0.03981848394913139	0.0128535	0.00018
0.0552	-0.042	-0.0066	-0.0016458454846306526	0.0005585053606381855	0.0010471975511965976	1.39057994	42.07195663	1.06759086	0.13521710572106904	0.0113968	0.00015
0.0629	-0.0375	-0.0053	-0.001408480706359424	0.0003193952531149623	0.0009564404300928925	1.36636984	41.33948135	0.98707723	0.04186160034490784	0.0107554	6e-05
0.0611	-0.0453	-0.0079	-0.0011885692206081383	0.00040840704496667313	0.0009442231253289323	1.37321925	41.54671097	0.95923907	0.028257029118347834	0.0117336	0.0002
0.0592	-0.0111	-0.0011	-0.001499237827463129	0.0004363323129985824	0.0010314895879286487	1.36710727	41.36179352	1.00459688	0.06419301687433082	0.0118483	0.00016
0.057	0.0405	-0.0128	-0.002129301687433082	0.0005916666164260777	0.0010663961729685354	1.41320097	42.75635529	1.04603496	0.10651523742186672	0.0123746	0.00024
0.0606	-0.0165	-0.0195	-0.0017715091907742446	0.0005497787143782138	0.0010681415022205296	1.25951242	38.10651398	1.00818026	0.08737128639793477	0.0114126	8e-05
0.0589	-0.0284	-0.0278	-0.0014067353771074296	0.00037350045992678646	0.0009965830028887623	1.42072475	42.98398972	0.98732527	0.05253052837250049	0.0135367	0.00016
0.0585	-0.0136	-0.0157	-0.0015027284859671175	0.0003874630939427412	0.0009948376736367678	1.34696233	40.75230789	0.99678065	0.032885053606381845	0.0125378	0.00026
0.0554	0.025	0.0013	-0.0019355701404617114	0.0004572762640225143	0.0010210176124166828	1.40466177	42.49800491	1.01983234	0.0851417381677141	0.0129127	0.00027
0.0513	0.0505	-0.0083	-0.002464404903815993	0.00041713369122664475	0.0010576695267085637	1.26139617	38.16350555	1.00775873	0.06948146252210159	0.0141117	0.00031
0.0511	-0.0352	-0.0194	-0.0017680185322702558	0.00038048177693476387	0.0010332349171806431	1.36285138	41.23303223	1.03968016	0.13487364476827693	0.0130666	0.00018
0.0516	-0.0377	-0.026	-0.001408480706359424	0.00017802358370342162	0.0010122909661567112	1.3043108	39.46188736	0.99690455	0.03874699850830528	0.0132508	0.00018
0.0488	-0.0207	-0.0269	-0.0015289084247470327	0.0001972222054753592	0.0009843656981248017	1.38888288	42.02061462	0.98840676	0.029077580409572784	0.0128087	0.00016
0.0504	-0.0158	-0.0359	-0.0014608405839192536	0.00020769418098732522	0.001022762941668677	1.32917702	40.21421432	0.95305798	0.021346852994181015	0.0132017	0.00013
0.0536	-0.0118	-0.0416	-0.0015812683023068625	0.0002565634000431664	0.0010297442586766543	1.34185624	40.5978241	0.97803508	0.021713912722571366	0.013859	0.00025
0.0515	0.0213	-0.0317	-0.001965240737745615	0.00045553093477052	0.0010838494654884787	1.53930521	46.5716362	1.01882752	0.07695225884889653	0.0142249	0.00043
0.0533	0.0508	-0.0554	-0.002495820830351891	0.0005969026041820607	0.0010925761117484504	1.36605799	41.33004761	1.02942224	0.08903392041388943	0.0146033	0.00079
0.058	-0.0432	-0.0433	-0.0021642082724729686	0.000635299847725936	0.001129228026040331	1.60856962	48.6672287	1.07057543	0.13113308578573393	0.0137578	0.0007
0.0565	-0.0762	-0.0356	-0.0017697638615222502	0.0006126105674500097	0.0010803588069844899	1.48757529	45.00654984	1.03559632	0.0655001455141243	0.0135344	0.00047
0.0555	-0.0522	-0.0277	-0.0015184364492350666	0.0005462880558742252	0.0010506882097005862	1.5536015	47.00416946	1.01093111	0.05026602605734357	0.0123455	0.00018
0.0562	-0.0376	-0.0224	-0.0014782938764391971	0.0004956735075663896	0.0010716321607245184	1.33884931	40.50684738	0.97745897	0.026185053606381865	0.0116184	0.00014
0.0555	-0.0183	-0.0235	-0.0014451326206513049	0.0005061454830783556	0.0010821041362364843	1.43627965	43.45460129	0.97531196	0.02380526034059121	0.0124865	0.0002
0.0562	-0.0027	-0.0194	-0.00147131255943122	0.0005270894341022875	0.0010978120995044332	1.42445898	43.09696579	0.9874728	0.023541592653589793	0.0121499	0.00023
0.0552	0.0503	-0.0224	-0.0020420352248333657	0.0005270894341022875	0.0011379546723003027	1.41000485	42.65965652	1.02905182	0.08754326190990076	0.0124751	0.00011
0.0592	0.004	-0.0255	-0.002141518992197042	0.0005724679946541401	0.001244419756671957	1.60111797	48.44178009	0.99017667	0.06596637061435916	0.0128186	0.00026
0.0579	-0.0506	-0.0188	-0.0016632987771505957	0.0005951572749300663	0.0011205013797803594	1.4789592	44.74586868	1.02487412	0.0938413936106985	0.0134644	0.0002
0.0569	-0.041	-0.0049	-0.0014276793281313615	0.0005393067388662478	0.001085594794740473	1.46800256	44.41437531	0.99234374	0.04081882850614695	0.0118397	0.00014
0.0602	-0.0221	0.0037	-0.0014835298641951804	0.0005009094953223725	0.0010524335389525807	1.35562444	41.01438141	0.97658641	0.03717045176977932	0.0112037	9e-05
0.0616	-0.0195	0.0131	-0.0015969762655748114	0.0004677482395344803	0.0010803588069844899	1.33586824	40.41665649	0.96185153	0.022126646259971634	0.0112275	0.00014
0.0571	0.0314	-0.0005	-0.0021258110289290935	0.00045902159327450867	0.0011885692206081383	1.35645878	41.03962326	1.05333511	0.1012885911618951	0.0122228	0.00015
0.057	-0.0146	-0.0171	-0.002008873969045473	0.00048345620280242926	0.0011641346110802177	1.36402059	41.26840591	1.02244747	0.07099031394697305	0.0112968	9e-05
0.0646	-0.0332	-0.0171	-0.001556833692778942	0.0005480333851262194	0.0010995574287564276	1.32347178	40.04160309	0.98248955	0.05525973204570558	0.0104954	9e-05
0.0656	-0.0341	-0.0194	-0.001410226035611418	0.0005375614096142535	0.0010960667702524388	1.41322505	42.75708389	0.9605237	0.012228514559173932	0.0110645	0.00014
0.0633	-0.0162	-0.0184	-0.0016004669240788003	0.000439822971502571	0.0010943214410004448	1.33215141	40.30420303	0.97971313	0.035686232791552946	0.0116048	0.00012
0.0604	-0.0058	-0.0302	-0.0014259339988793671	0.00045902159327450867	0.0010733774899765126	1.34867334	40.80407333	0.98071689	0.03583377489976514	0.011782	0.00014
0.0602	0.0216	-0.0134	-0.0018081611050661253	0.00047647488579445195	0.0011431906600562858	1.30781162	39.56780624	0.97552452	0.06787467843932372	0.0123714	9e-05
0.058	0.0326	-0.0252	-0.0021956241990088664	0.00047822021504644627	0.001218239817892042	1.32915926	40.21367645	1.00935691	0.048212879051524576	0.0135765	0.00036
0.0651	-0.0529	-0.0319	-0.001614429558094755	0.0005410520681182421	0.0011885692206081383	1.33755255	40.46761703	1.07549853	0.13298485456349052	0.0136532	0.00027
0.0641	-0.0366	-0.0294	-0.001403244718603441	0.00041538836197465044	0.0011187560505283654	1.36902535	41.41982269	0.99472405	0.04013308578573393	0.0116664	0.00013
0.0628	-0.0273	-0.0196	-0.001583013631558857	0.00039793506945470715	0.0011606439525762293	1.3458041	40.71726608	0.95286214	0.032355505376161164	0.0115258	6e-05
0.061	0.0179	0.0041	-0.0022985986248765322	0.0005166174585903216	0.0012461650859239514	1.34429407	40.67158127	1.02357326	0.1166894257900506	0.0125646	0.00013
0.0592	-0.0054	-0.0057	-0.0024155356847601517	0.0004799655442984406	0.0012304571226560022	1.35034752	40.8547287	1.01176626	0.04336484687217248	0.0132002	0.00014
0.0648	-0.045	-0.0223	-0.0017051866791984597	0.0004921828490624009	0.0011484266478122688	1.33758676	40.46865082	1.00855921	0.10202983925846928	0.0110394	0.00018
0.0656	-0.034	-0.0239	-0.0015550883635269475	0.00040840704496667313	0.0011746065865921838	1.36821175	41.39521027	0.96353247	0.026402702927357743	0.0114816	0.00018
0.0647	-0.0166	-0.0229	-0.001500983156715123	0.0004747295565424576	0.0011449359893082802	1.3542707	40.973423	0.98502793	0.026804915783575644	0.0122796	0.00015
0.0608	0.0264	-0.0042	-0.002131047016685076	0.0005811946409141118	0.0012147491593880533	1.46431804	44.30290222	1.02127096	0.105917105721069	0.0121257	0.00017
0.0622	0.0474	-0.0217	-0.0026092672317315226	0.0006510078109938849	0.001239183768915974	1.31270552	39.7158699	0.99807318	0.06852339973270699	0.0128901	0.00024
0.0651	-0.0476	-0.0197	-0.0019931660057775245	0.0007208209810736582	0.0012025318546240932	1.48844075	45.03273392	1.05328671	0.13602831551628264	0.0118706	0.00014
0.0662	-0.0504	-0.0111	-0.0018413223608540175	0.0007033676885537148	0.0011274826967883368	1.41403687	42.78164673	0.99185528	0.024717304763960328	0.0128474	0.00019
0.063	-0.0363	-0.0162	-0.0016231562043547262	0.0006440264939859076	0.0011309733552923255	1.4490267	43.84026337	0.98841684	0.03644990047855434	0.0114517	0.0002
0.0635	-0.0138	-0.0151	-0.001616174887346749	0.0004572762640225143	0.0011397000015522971	1.37780523	41.68545914	0.9750816	0.03422290966156711	0.0113122	8e-05
0.0636	-0.0158	-0.0138	-0.0017400932642383465	0.0005270894341022875	0.0011466813185602744	1.3905288	42.07041168	0.95976991	0.013435643198967407	0.0116652	8e-05
0.0623	-0.0007	-0.0128	-0.0018151424220741027	0.0005096361415823442	0.0011798425743481666	1.3469125	40.75080109	0.97973156	0.023683185307179597	0.0120896	0.00018
0.0606	0.0464	-0.0256	-0.0023998277214922034	0.0005969026041820607	0.001239183768915974	1.45014703	43.87415695	1.04921129	0.09816464782928122	0.0130592	0.0002
0.0632	0.0171	-0.037	-0.0024853488548399255	0.0005846852994181004	0.0012514010736799342	1.25435507	37.9504776	0.99982298	0.04879778714378212	0.0129658	0.00036
0.0624	-0.054	-0.0221	-0.0018936822384138475	0.0005044001538263612	0.0012636183784438947	1.43518019	43.42133713	1.03945727	0.12100845333908888	0.0132354	0.00037
0.0599	-0.0516	-0.008	-0.0015917402778188286	0.0003944444109507184	0.0011728612573401894	1.40752757	42.58470917	1.0045979	0.044132741228718346	0.0135866	0.0002
0.0587	-0.0246	-0.0054	-0.0016179202165987434	0.000445058959258554	0.0011536626355682519	1.42127013	43.00048828	0.9995233	0.0355996554429844	0.0123253	0.00017
0.062	-0.01	-0.0107	-0.0016196655458507376	0.0003612831551628262	0.0011362093430483087	1.32281506	40.02173233	0.97031927	0.028348721293383252	0.0112506	0.00014
0.0606	0.0027	0.0006	-0.0019303341527057286	0.000450294947014537	0.0011309733552923255	1.3760215	41.63149261	0.96862651	0.045645819323134246	0.0120291	0.0002
0.0583	0.0409	-0.0213	-0.002410299697004169	0.0003682644721708035	0.0012374384396639797	1.32568407	40.10853577	1.03284512	0.0958230551756914	0.0136454	0.00031
0.058	-0.0247	-0.0305	-0.0020350539078253884	0.0003892084231947355	0.0012356931104119853	1.38437653	41.88427353	1.04082621	0.09499675347273534	0.0126225	0.00017
0.0643	-0.038	-0.0178	-0.0016859880574265225	0.00040840704496667313	0.0011676252695842063	1.35543096	41.00852585	0.99758752	0.05411661564992912	0.0120405	0.00016
0.0645	-0.0314	-0.0199	-0.0016301375213627037	0.0004921828490624009	0.0011728612573401894	1.42210579	43.02577209	0.97244039	0.01614311639577649	0.012279	0.00013
0.0615	-0.0225	-0.0146	-0.0018849555921538759	0.00037524578917878077	0.0012060225131280816	1.41876149	42.92459106	0.98297572	0.03744581932313423	0.0128372	0.00014
0.0579	0.0309	-0.026	-0.002336995868420407	0.00042935099599060504	0.0012723450247038664	1.39746165	42.28016281	1.0405812	0.097023399732707	0.012597	0.00019
0.057	0.0104	-0.0398	-0.002565634000431664	0.00048520153205442357	0.0013281955607676848	1.53498983	46.44107437	0.98629739	0.05221696020694471	0.0137222	0.00041
0.0593	-0.0767	-0.0254	-0.0019826940302655584	0.0005445427266222308	0.0012950343049797925	1.4551239	44.0247345	1.07119859	0.13757212102609026	0.013729	0.0003
0.0603	-0.0625	-0.0264	-0.0015062191444711063	0.0005026548245743669	0.0012339477811599909	1.40669417	42.55949402	1.00180589	0.045172465583105885	0.0123045	0.00018
0.0634	-0.0309	-0.0224	-0.0015463617172669759	0.000439822971502571	0.0011938052083641214	1.34979284	40.83794403	0.98766954	0.045855849933176734	0.0111434	0.0001
0.0647	-0.0195	-0.0333	-0.0015271630954950383	0.0001832595714594046	0.0012723450247038664	1.34778678	40.7772522	0.97148465	0.04131509190774245	0.0122394	0.00019
0.0621	0.0354	-0.0037	-0.0021676989309769574	0.0005480333851262194	0.001308996938995747	1.36352348	41.25336456	1.04917018	0.13919807817203073	0.0136973	0.00017
0.0605	0.0257	-0.0224	-0.0023003439541285265	0.0005009094953223725	0.0013264502315156904	1.36715817	41.36333466	1.00750241	0.039861110273767965	0.0124055	0.0002
0.0645	-0.0177	-0.0151	-0.0020141099568014562	0.0004799655442984406	0.0012112585008840647	1.34223354	40.60923767	1.01523541	0.07581848394913139	0.011963	7e-05
0.0636	-0.0206	-0.0241	-0.001673770752662562	0.00039095375244672985	0.0012007865253720988	1.32101166	39.96717072	0.96162185	0.03479114857512853	0.0111118	0.00011
0.0653	-0.0184	-0.019	-0.0017540558982543013	0.00042935099599060504	0.001192059879112127	1.32250583	40.01237869	0.97065076	0.015370451769779308	0.0123002	0.00014
0.0636	-0.0057	-0.02	-0.0018133970928221085	0.0004729842272904633	0.0011955505376161158	1.36842775	41.40174484	0.98240989	0.02072325421858271	0.0113633	9e-05
0.0645	0.042	-0.0209	-0.002432988977280095	0.0005969026041820607	0.001256637061435917	1.33118248	40.2748909	1.02189098	0.08972983925846927	0.0129209	0.00014
0.065	-0.0047	-0.0303	-0.002469640891571976	0.0005899212871740833	0.0012932889757277981	1.38766253	41.98369217	0.98880343	0.060614257279586976	0.0125937	0.00017
0.0648	-0.0659	-0.0141	-0.0019198621771937623	0.0007749261878854823	0.0011606439525762293	1.35907066	41.11864471	1.03397261	0.12097143191205909	0.0128372	0.00014
0.0634	-0.044	-0.0112	-0.0016929693744344998	0.0006859143960337716	0.0011397000015522971	1.373613	41.55862427	0.99577684	0.04304242728174528	0.0121108	0.00017
0.063	-0.027	-0.025	-0.0016947147036864942	0.0006021385919380437	0.0011135200627723821	1.34706521	40.75542068	0.98465638	0.03678505360638185	0.0121161	0.00014
0.0611	-0.0029	-0.0148	-0.0018657569703819383	0.0006300638599699529	0.0011780972450961724	1.48816693	45.02444839	0.9652873	0.049377235852557176	0.0122048	0.00021
0.0572	0.0485	-0.0233	-0.0025394540616517493	0.0006335545184739417	0.0012514010736799342	1.42074502	42.98460007	1.05323035	0.10132457891787806	0.0154346	0.00051
0.0578	0.0314	-0.0383	-0.0026616271092913526	0.0007627088831215222	0.0012130038301360591	1.47567248	44.64643097	1.03895584	0.04718623279155295	0.0154918	0.00103
0.0658	-0.0439	-0.0292	-0.0018797196043978928	0.0007627088831215222	0.0011990411961201044	1.46680927	44.37827301	1.0769431	0.13219350694547075	0.0131657	0.0002
0.0621	-0.0466	-0.0014	-0.0018517943363659836	0.000640535835481919	0.0011641346110802177	1.49721265	45.29812622	0.99725863	0.043450245035569934	0.0143718	0.00024
0.0643	-0.0318	-0.0159	-0.0015899949485668342	0.000635299847725936	0.0011693705988362008	1.46293867	44.26116943	1.00020246	0.04511356816555577	0.0129697	0.00013
0.0657	-0.0203	-0.0184	-0.0014940018397071458	0.0006527531402458793	0.0011484266478122688	1.43977928	43.56048203	0.97705856	0.02211951762017818	0.0119345	0.00018
0.0664	-0.0136	-0.0182	-0.001541125729510993	0.0005724679946541401	0.0011798425743481666	1.2762903	38.61412811	0.96096034	0.015541248096574216	0.0111721	9e-05
0.063	0.0213	-0.0088	-0.0021013764194011725	0.0005759586531581287	0.0012688543661998775	1.38988197	42.05084229	0.99221532	0.08033765701229395	0.0131965	0.00012
0.0614	0.0411	-0.0267	-0.0026005405854715507	0.0006300638599699529	0.0013055062804917586	1.30485308	39.47829437	1.01977491	0.06879606435870417	0.0137636	0.00026
0.0607	-0.0385	-0.0401	-0.0022008601867648495	0.000640535835481919	0.0013142329267517303	1.31968474	39.92702484	1.04864159	0.11464395102393196	0.0128068	0.00024
0.0646	-0.0481	-0.0188	-0.001864011641129944	0.0005550147021341969	0.0012060225131280816	1.33978522	40.53516388	0.98851999	0.06132900463031381	0.0122808	0.00014
0.0615	-0.0435	-0.0219	-0.0016842427281745281	0.00047123889803846896	0.0012025318546240932	1.36606157	41.33015442	0.96619265	0.02415176877775661	0.012256	0.00012
0.0608	-0.0323	-0.0232	-0.0016493361431346415	0.0003892084231947355	0.0011780972450961724	1.31780732	39.870224	0.9778721	0.02026858347057704	0.0120165	0.0001
0.0583	-0.013	-0.0189	-0.0018343410438460403	0.00041538836197465044	0.0011780972450961724	1.34581757	40.71767426	0.98286639	0.036659241974565694	0.0117502	0.00017
0.0613	0.0557	-0.031	-0.0024312436480281013	0.00045902159327450867	0.0012356931104119853	1.33762181	40.4697113	1.05147215	0.1187065850398866	0.0141633	0.0003
0.0641	-0.0028	-0.0506	-0.002441715623540067	0.00037350045992678646	0.0012636183784438947	1.32533896	40.09809494	1.03557799	0.08709591884457987	0.0138969	0.00041
0.0617	-0.0582	-0.0383	-0.00182212373908208	0.00035604716740684323	0.001186823891356144	1.35177362	40.89787292	1.02531274	0.10579198320328406	0.0122957	0.00019
0.0652	-0.0362	-0.0409	-0.0015812683023068625	0.0002897246558310587	0.0011938052083641214	1.39844501	42.30991364	0.98708944	0.04380796326794896	0.0113226	0.00011
0.0628	-0.0413	-0.0369	-0.001567305668290908	0.00039095375244672985	0.001181587903600161	1.39598739	42.23556137	0.96268631	0.017870451769779295	0.0128486	9e-05
0.0645	-0.026	-0.0338	-0.001593485607070823	0.0003473205211468716	0.001223475805648025	1.35524166	41.00279999	0.97886436	0.025685053606381875	0.0126106	0.00016
0.0656	0.0024	-0.0462	-0.0018151424220741027	0.0002373647782712288	0.0012863076587198209	1.34681654	40.7478981	0.98614049	0.06162222054753592	0.0120952	0.00019
0.0644	-0.0439	-0.0478	-0.0015515977050229591	0.00034208453339088857	0.0012758356832078548	1.47941029	44.75951767	0.97670755	0.06803682238413848	0.0134434	0.0004
0.0627	-0.0311	-0.0469	-0.001635373509118687	0.00026354471705114377	0.0012461650859239514	1.38109493	41.7849884	0.97422877	0.0249993108859688	0.0128269	0.00017
0.0627	-0.0024	-0.031	-0.002033308578573394	0.0004363323129985824	0.0012950343049797925	1.3818779	41.80867767	0.99053619	0.07557959422289932	0.0112936	0.00013
0.0626	0.011	-0.028	-0.0025045474766118626	0.0004625122517784973	0.0013020156219877698	1.23474753	37.35725403	0.96245776	0.04172000769131805	0.0126103	0.00016
0.0636	-0.0669	-0.0296	-0.0018849555921538759	0.0004974188368183839	0.0012304571226560022	1.35789216	41.08298874	1.03311677	0.11680284844148205	0.0130064	0.00027
0.0648	-0.0541	-0.0315	-0.0015812683023068625	0.000450294947014537	0.0012112585008840647	1.33345366	40.34360504	0.97665036	0.03440049007113988	0.0115219	0.00011
0.0656	-0.032	-0.0348	-0.0015428710587629874	0.0003316125578789226	0.0011938052083641214	1.30563915	39.5020752	0.97086813	0.03492664625997165	0.0118577	0.00014
0.0631	0.0017	-0.0207	-0.00200363798128949	0.0003577924966588376	0.0012409290981679683	1.31119084	39.67004395	0.97973219	0.07700353755551323	0.0124132	9e-05
0.0625	0.0512	-0.0224	-0.0027244589623631483	0.0005445427266222308	0.0012671090369478833	1.34499717	40.69285202	1.03986868	0.09848755749084832	0.014024	0.00042
0.0555	0.0702	-0.0454	-0.003166027263117714	0.0005654866776461627	0.001223475805648025	1.35157311	40.89180756	1.03274222	0.07430727415391779	0.0159945	0.00164
0.0598	-0.0174	-0.0651	-0.0028710666195306722	0.0006876597252857658	0.0012514010736799342	1.30562401	39.50161743	1.08074434	0.1338529479629277	0.0153178	0.00136
0.0666	-0.0885	-0.022	-0.002371902453460294	0.0003106686068549907	0.0013072516097437528	1.34435749	40.67350006	1.10386185	0.16760029102824858	0.0153134	0.0004
0.0684	-0.0527	-0.0077	-0.002033308578573394	0.00032637657012293966	0.0012199851471440364	1.40631866	42.54813385	1.02711423	0.07397841503772828	0.0136839	0.00027
0.0671	-0.0303	-0.0171	-0.0019111355309337906	0.0004328416544945937	0.0010978120995044332	1.34497356	40.69213867	1.00768517	0.050640558982543	0.0138463	0.00013
0.0636	0.0105	-0.0255	-0.0018622663118779497	0.0004625122517784973	0.0009808750396208131	1.38608885	41.93608093	0.99645761	0.06247384381116823	0.011419	0.00011
0.0631	0.0332	-0.0232	-0.002036799237077382	0.0003438298626428829	0.0009512044423369096	1.33231473	40.30914688	0.96817978	0.04164429558094752	0.0123202	9e-05
0.0602	0.061	-0.029	-0.002239257430308725	0.0004974188368183839	0.0010890854532444615	1.35026419	40.85220718	1.01746436	0.06119640891571979	0.0136253	0.00037
0.0604	0.0632	-0.0549	-0.002535963403147761	0.0005811946409141118	0.001165879940332212	1.47607625	44.65864563	1.03799019	0.05116381320112572	0.0150785	0.00077
0.0632	-0.0178	-0.0595	-0.0020717058221172693	0.0005951572749300663	0.0011850785621041497	1.39371228	42.16672516	1.05167059	0.1132709418409192	0.0132015	0.00031
0.0655	-0.0606	-0.0453	-0.0017016960206944712	0.0005427973973702365	0.001158898623324235	1.55258358	46.97337341	0.99486353	0.0817274808881271	0.013591	0.00037
0.0642	-0.0572	-0.0405	-0.0017086773377024485	0.0004747295565424576	0.0012147491593880533	1.47871292	44.73841858	0.99213946	0.016044984694978736	0.0140224	0.00027
0.0615	-0.0439	-0.0374	-0.001820378409830086	0.00034906585039886593	0.0012583823906879114	1.46167088	44.22281265	0.99059779	0.03314990047855436	0.0129151	0.00023
0.0607	-0.0273	-0.0101	-0.0022549653935766737	0.0001256637061435917	0.0012339477811599909	1.29539728	39.19220734	0.98967339	0.07882118687648912	0.0120504	0.00024
0.0613	-0.012	-0.0095	-0.002251474735072685	0.0002530727415391778	0.0012740903539558604	1.41757441	42.88867569	0.97420007	0.025052113334772228	0.0130015	0.00013
0.0569	0.039	-0.021	-0.002823942729726825	0.0002530727415391778	0.0013212142437597075	1.36670506	41.34962463	1.04372325	0.09787959422289937	0.0156857	0.00049
0.0564	0.0001	-0.047	-0.002769837522915001	0.00038397243543875244	0.0013107422682477415	1.30730128	39.55236435	1.0311043	0.07517384381116822	0.0141072	0.00062
0.0604	-0.0406	-0.0292	-0.002436479635784084	0.00032637657012293966	0.0012426744274199627	1.32392192	40.05522156	0.99776461	0.08545107966372543	0.0134699	0.00026
0.0625	-0.0192	-0.0077	-0.0025062928058638572	0.0003193952531149623	0.0012060225131280816	1.38316762	41.84769821	0.98798282	0.050672320068981584	0.0145161	0.00023
0.0615	-0.0181	-0.0168	-0.002087413785385218	0.0003106686068549907	0.0011763519158441782	1.35151958	40.89018631	0.98664471	0.03406381320112571	0.0128674	0.00011
0.0659	0.0023	-0.0256	-0.002082177797629235	0.00014311699866353502	0.001223475805648025	1.30834401	39.5839119	0.98214778	0.04459557428756428	0.0124853	0.00018
0.0674	0.0052	-0.0166	-0.0022078415037728267	0.00023212879051524583	0.0012479104151759456	1.34831142	40.79312515	0.95078928	0.02535550537616116	0.0129525	0.00023
0.0648	0.0156	-0.0206	-0.002380629099720265	0.00013788101090755203	0.001281071670963838	1.35333431	40.94509125	0.98779104	0.03200983156715123	0.0139004	0.00031
0.0594	0.0346	-0.0271	-0.002790781473938933	0.0002897246558310587	0.0012863076587198209	1.40106654	42.38922882	1.01432492	0.05926160034490786	0.0154803	0.00054
0.063	-0.0179	-0.0229	-0.0027558748888990466	0.0002722713633111154	0.0012374384396639797	1.29021275	39.0353508	0.99600395	0.06536145483078354	0.0136349	0.00027
0.0606	-0.03	-0.0246	-0.0025045474766118626	0.0002024581932313422	0.001218239817892042	1.41321087	42.75665665	0.96274868	0.03321696020694475	0.0142519	0.00021
