trans_x	trans_y	trans_z	rot_x	rot_y	rot_z	dvars_std	dvars_nstd	dvars_vstd	framewise_displacement	aqi	aor
0.0	-0.0	0.0	-0.0	0.0	-0.0	n/a	n/a	n/a	n/a	0.292764	0.10377
-0.2302	0.4597	-0.7262	-0.012316788531323983	-0.002574360646691636	-5.235987755982989e-05	3.41942692	139.25222778	3.43229932	2.1632754527787723	0.248707	0.06968
-0.2371	1.3989	-1.7303	-0.038123226851312135	-0.004473278872861466	-0.0029321531433504737	3.90869904	159.17727661	3.94108916	3.479457490597431	0.32412	0.0948
-0.1406	1.7386	-1.7251	-0.04289670235551664	-0.003029891581462156	-0.0023928464044842257	2.17894363	88.73497772	2.32625604	0.7792084767235029	0.355192	0.10999
-0.1179	1.7157	-1.2839	-0.0327493580844216	-0.001980948701013564	-0.0012880529879718153	2.14425945	87.32250214	2.39177845	1.101854028402802	0.314071	0.08997
-0.1	1.5413	-1.139	-0.02914350784980131	-0.001998401993533507	-0.0008377580409572782	1.21366847	49.42525482	1.27573176	0.5408799237077385	0.290643	0.07615
-0.118	1.1689	-1.1706	-0.02905100539944562	-0.0023701571242082994	-0.0010105456369047167	1.24793065	50.82054138	1.28391441	0.4538522588488961	0.25047	0.05167
-0.0796	1.1111	-1.0045	-0.029630454711107732	-0.0023230332344044524	-0.0009808750396208131	1.09224367	44.48036957	1.09926748	0.2951121899374934	0.231049	0.04379
-0.0945	1.3439	-0.7768	-0.030899309077307608	-0.002303834612632515	-0.0006422811647339132	1.23770905	50.4042778	1.17780417	0.5567323431429356	0.239585	0.04973
-0.0976	1.2359	-0.6268	-0.029260444909684935	-0.0024975661596038853	-0.0008499753457212384	1.07886398	43.93549728	1.04020435	0.36311449477906854	0.227119	0.04624
-0.0778	0.8953	-0.5676	-0.028489009380303444	-0.0025045474766118626	-0.0013055062804917586	1.23616612	50.34144211	1.23278933	0.4812973890579995	0.189515	0.03125
-0.0927	0.9117	-0.5048	-0.027209683038591597	-0.002778564169174973	-0.0010925761117484504	1.0673064	43.46482468	0.93351102	0.18241366015091323	0.191304	0.03366
-0.0857	1.0871	-0.4288	-0.027052603405912107	-0.002495820830351891	-0.0010332349171806431	0.98914123	40.2816391	0.96482648	0.28335820830351893	0.209432	0.04229
-0.0561	0.9799	-0.3116	-0.0251467038627343	-0.002569124658935653	-0.0014573499254152652	0.99607486	40.56400299	0.97556001	0.3741659189998096	0.206885	0.04366
-0.0524	0.9121	-0.302	-0.025265386251869915	-0.0026145032194875057	-0.0015166911199830724	0.88295853	35.95746994	0.86094378	0.09227010721276369	0.200259	0.04027
-0.0578	1.0378	-0.2963	-0.025137977216474327	-0.002513274122871834	-0.0013020156219877698	0.92419481	37.63677216	0.87561211	0.15896568150032808	0.212703	0.04657
-0.1107	1.1957	-0.2027	-0.026171212133654972	-0.002897246558310587	-0.001296779634231787	1.07415593	43.74376297	0.98667442	0.37552216701876895	0.226374	0.05205
-0.0734	1.0544	-0.0536	-0.023626522084247235	-0.0014695672301792255	0.0003193952531149623	1.17158687	47.71152878	1.17301145	0.6071272132442923	0.221536	0.0525
-0.0804	0.9004	-0.1016	-0.023080234028373017	-0.0011047934165124105	0.0009791297103688187	1.13115513	46.064991	1.12894084	0.28753981633974446	0.205556	0.04475
-0.5724	1.0721	-1.3508	-0.041584214758016894	-0.008571311956544151	0.0019687313962496035	4.04240751	164.62239075	4.02243213	3.26090504777782	0.269174	0.05988
-0.6308	1.1307	-1.9762	-0.04119151567631817	-0.01082802267937282	0.004199262180298357	2.63185525	107.17927551	2.99255655	0.9863970294288067	0.322519	0.08966
-0.6721	1.6111	-2.0747	-0.043577380763794415	-0.012301080568056033	0.00217293491873294	1.74919653	71.23401642	2.01898358	0.9144625118862435	0.367445	0.11458
-0.4889	1.8973	-1.8937	-0.04320038964536365	-0.009258971681829917	0.004054399852382828	1.40257311	57.11817551	1.53224949	0.9154282469153385	0.371571	0.11905
-0.5799	1.6883	-1.9294	-0.03991742532236231	-0.011341149479459155	0.0026354471705114374	1.22293425	49.80259323	1.19079846	0.6749047401250986	0.356289	0.10769
-0.496	1.4951	-1.8942	-0.039713221799878975	-0.010185741514638906	0.004317944569433971	1.17540801	47.86714172	1.12366386	0.46440544431130554	0.336589	0.09254
-0.3575	1.3759	-1.8673	-0.037866663451268975	-0.007689920684287015	0.006878342582109652	1.11792552	45.52622986	1.2431256	0.6297388595818789	0.322737	0.08396
-0.3977	1.1689	-1.9256	-0.03708301061712352	-0.008791223442295439	0.006750933546714066	1.01940536	41.51411057	1.04104591	0.4061182313774732	0.312138	0.07533
-0.7747	1.1631	-2.0128	-0.036185911381598435	-0.014275047952061621	0.0022183134792847924	1.50390446	61.24478149	1.75376666	1.015677190636027	0.323695	0.0875
-0.7311	1.5682	-2.0035	-0.042694244162285296	-0.01349663110567215	0.0030229102644541784	1.57982385	64.3365097	1.82123893	0.862567320612286	0.359543	0.10828
-0.5211	1.7944	-1.8011	-0.04174303971994838	-0.010082767088771242	0.0055152404363020815	1.3938998	56.76496506	1.56912792	0.9814699315542862	0.357394	0.10725
-0.522	1.7275	-1.7641	-0.03945840372908781	-0.010508627426257857	0.0045588000062091886	1.20973873	49.26521683	1.14127995	0.288146837922004	0.34916	0.10173
-0.6052	1.4289	-1.7462	-0.0373971698824825	-0.012075933094548765	0.003106686068549906	1.39952672	56.99411774	1.34202303	0.6537326726277749	0.318848	0.07982
-0.5562	1.3962	-1.6679	-0.03707951995861953	-0.010906562495712565	0.0033318335420571745	0.9314599	37.93263245	0.95665292	0.24560839981032173	0.303986	0.07141
-0.5264	1.4822	-1.5872	-0.036248743234670235	-0.010403907671138198	0.0032759830059933565	0.97881866	39.86126328	0.97448846	0.2659641042293739	0.304453	0.07197
-0.5103	1.5757	-1.4509	-0.03412467753499313	-0.010224138758182781	0.003223623128433527	1.09275341	44.50112534	1.09632633	0.3637097245096174	0.302657	0.07338
-0.4986	1.5085	-1.3779	-0.03421368932684484	-0.00990125284656383	0.0032759830059933565	0.9277662	37.7822113	0.93988329	0.17511287905152478	0.289821	0.06424
-0.5985	1.1785	-1.3163	-0.03430095578944456	-0.011061896799140061	0.0032969269570172887	1.3558445	55.21520996	1.41494106	0.5549427183099939	0.248878	0.04124
-0.5951	1.0545	-1.1478	-0.035259141548789445	-0.011660544732574116	0.0027401669256310974	1.14861619	46.77607346	1.19214497	0.4015796862082568	0.218835	0.0293
-0.5776	1.3329	-1.0341	-0.03508111796508602	-0.011901400169349333	0.0027052603405912107	1.28354466	52.27088165	1.19547761	0.43228928027592634	0.242694	0.04034
-0.4828	1.2523	-0.9513	-0.03205646237137985	-0.010463248865706007	0.0027471482426390747	1.11748481	45.50828171	1.06671718	0.4834347399698679	0.231099	0.03773
-0.4176	0.9205	-0.9854	-0.029513517651224112	-0.01076344549704903	0.003223623128433527	1.30681562	53.21856308	1.30603448	0.5970808118646607	0.20296	0.02876
-0.312	1.0898	-1.0562	-0.033716270490026456	-0.00874409955249159	0.004035201230610889	1.75478625	71.46165466	1.75256324	0.6973838442768574	0.216589	0.03047
-0.2581	1.5624	-0.7218	-0.041133919811002354	-0.006607816548050532	0.004700171675620729	1.8092562	73.67987823	1.88666241	1.3718451385213395	0.237494	0.04067
-0.4021	0.2561	-0.8618	-0.02903355210692567	-0.00870744763819971	0.005345943498858631	3.10447907	126.4263382	3.06356659	2.3325885308731884	0.166458	0.02622
-0.1568	-0.1196	-1.1302	-0.05947383959095877	-0.007154104603924756	0.010705849631733216	4.3273077	176.22463989	4.00257959	2.757076832559132	0.213309	0.05182
-0.225	0.6162	-2.1128	-0.05859593897720562	-0.009117600012418377	0.011267845650875392	3.55776548	144.88591003	4.09580535	1.9567696020694472	0.347434	0.11986
-0.2521	1.1616	-2.2992	-0.04620410128804588	-0.008419468311620645	0.009913470151327791	3.19659328	130.17758179	3.67053431	1.4811172444752532	0.385408	0.14171
-0.3084	0.8047	-1.5525	-0.034485960690155956	-0.010269517318734636	0.007932521450314228	3.06329131	124.74901581	3.96126504	1.937356915300874	0.248176	0.04226
-0.274	0.7781	-2.0195	-0.0349048397106346	-0.010273007977238624	0.008248426044925202	1.93895733	78.96180725	2.29176721	0.5649137136796801	0.292381	0.07091
-0.2322	1.2256	-2.0071	-0.04206767096081932	-0.00849800812796039	0.01290845514775006	1.81413782	73.87867737	2.13047728	1.1815930101143908	0.331745	0.08993
-0.3216	1.1141	-2.0719	-0.042572071114645685	-0.010424851622162131	0.01109331272567596	1.26108801	51.35636139	1.31921246	0.47801930350511007	0.329949	0.08744
-0.3151	0.9962	-2.0571	-0.04336445059505111	-0.010955431714768408	0.011520918392414568	1.14793503	46.74833298	1.09983901	0.22672826198751533	0.321682	0.08143
-0.4363	0.9418	-2.1385	-0.045102798530037465	-0.013109168011729408	0.00778416846389471	1.20448232	49.05115891	1.34990374	0.6384417080233605	0.328387	0.08578
-0.3283	1.0333	-2.097	-0.04661948965002054	-0.011512191746154598	0.009866346261523946	1.15251553	46.93487167	1.26084442	0.5007922591593562	0.329294	0.08597
-0.5093	1.2698	-2.1706	-0.04649382594387694	-0.015098843359002943	0.008145451619057536	1.32605207	54.0019455	1.49618314	0.7627604980729175	0.348962	0.10042
-0.5665	0.9298	-2.4137	-0.033723251807034435	-0.016308356530635015	0.007414158662471912	1.74503541	71.06455994	1.99613122	1.37586901325301	0.342217	0.10107
-0.5474	0.9018	-2.3248	-0.03938509990050404	-0.015833626974092557	0.0062116268078478195	1.52453709	62.08502197	1.65152778	0.5029554752318074	0.33563	0.09224
-0.5543	1.1047	-2.1832	-0.04513072379806937	-0.015751596499248822	0.006056292504420323	1.28232324	52.22114182	1.45873213	0.6505494337918286	0.337647	0.09106
-0.5496	1.1343	-2.2264	-0.04184252348731206	-0.015618951476097254	0.006005677956112489	1.06166685	43.23516083	1.04972376	0.25107299411083606	0.341128	0.09334
-0.5791	1.2282	-2.2119	-0.03928736146239235	-0.01631533784764299	0.005602506898901799	1.08998239	44.38827896	1.01941358	0.32063597268380634	0.34441	0.09613
-0.5532	1.1617	-2.2024	-0.03910933787868894	-0.01554041165975751	0.005574581630869889	1.01057649	41.1545639	0.9329022	0.15094375198104004	0.340399	0.09314
-0.5368	1.0652	-2.1834	-0.03914424446372882	-0.015275121613454373	0.005733406592801372	1.13911605	46.38919067	0.92149386	0.15485107966372505	0.333593	0.08683
-0.5445	0.933	-2.1767	-0.03890862501470958	-0.015564846269285431	0.005654866776461627	1.08795881	44.30587387	0.93078309	0.17679419605950175	0.324722	0.08223
-0.5395	0.897	-2.1415	-0.03889466238069363	-0.015266394967194402	0.005672320068981571	0.98959565	40.3001442	0.8912747	0.09269336143134589	0.31724	0.07823
-0.5415	1.0167	-2.0632	-0.038257617203715705	-0.015140731261050809	0.0056758107274855595	1.05165136	42.8272934	0.99276456	0.23830997708127544	0.315321	0.077
-0.5452	1.1602	-1.8957	-0.03707428397086355	-0.014831807983447812	0.005574581630869889	1.23114622	50.13701248	1.19536618	0.3943742803535414	0.307225	0.07151
-0.5202	1.0087	-1.8699	-0.03673219943747266	-0.014435618243245098	0.005612978874413764	1.12720633	45.90418243	0.96722765	0.24113357585687373	0.293183	0.06251
-0.4831	0.8449	-1.6149	-0.03427826650916863	-0.014037683173790392	0.00514348530562729	1.29740226	52.83521652	1.44585396	0.6219680783272604	0.247886	0.04166
-0.4402	1.0193	-1.1596	-0.038254126545211715	-0.01056971395007766	0.007082546104592989	1.73887038	70.81349945	1.98028145	1.1417445029360755	0.213426	0.02375
-0.5079	0.9024	-0.8617	-0.03624001658841026	-0.010011208589439474	0.006843435997069766	1.75863397	71.61834717	1.88444311	0.6230862712481433	0.175795	0.01436
-0.4718	0.6413	-0.8599	-0.03437425961802832	-0.010175269539126942	0.006661921754862355	1.40090597	57.05028534	1.39894359	0.4095666081138409	0.151243	0.01056
-0.4673	0.3986	-1.1433	-0.028724628829322675	-0.01054178868204575	0.006695083010650248	1.46108985	59.50120544	1.53029426	0.8330655593706173	0.166822	0.02019
-0.471	0.5921	-1.1552	-0.030853930516755758	-0.010656980412677377	0.006640977803838424	1.04289734	42.47079468	1.00577749	0.3240299312438267	0.176786	0.01864
-0.4797	0.6859	-1.1533	-0.03164980065566517	-0.010829768008624816	0.006304129258203518	0.99049217	40.33665466	0.87738172	0.1696753140245878	0.185864	0.02002
-0.4711	0.5978	-1.1585	-0.031801644300588676	-0.01078788010657695	0.006270968002415626	0.94038618	38.29614639	0.8600144	0.1132446401379634	0.177043	0.01837
-0.4273	0.5351	-1.1653	-0.030778881358920002	-0.010831513337876809	0.005689773361501514	0.88123858	35.88742828	0.87937222	0.19567954069413207	0.171719	0.01867
-0.3959	0.8043	-1.1537	-0.028892180437514133	-0.010629055144645468	0.00605105651666434	1.16024041	47.2494545	1.14265685	0.4347221134900019	0.198854	0.02731
-0.3958	0.8119	-1.1752	-0.026942647663036466	-0.01155757030670645	0.005597270911145814	0.99113113	40.36267471	0.95469976	0.19579167710285872	0.207999	0.03268
-0.3739	0.6392	-1.1721	-0.027431339853594878	-0.011517427733910582	0.005503023131538122	0.96330845	39.22962952	0.95423453	0.22885412714809863	0.189934	0.02663
-0.3556	0.6833	-1.1602	-0.027621580742062262	-0.011391764027766987	0.005749114556069322	0.92496943	37.66831589	0.85328146	0.102399800957109	0.192094	0.02645
-0.3601	0.8495	-1.1253	-0.02784323755706554	-0.011175343200519692	0.005838126347921033	1.04934466	42.73335648	0.9298209	0.23195447170511405	0.206308	0.031
-0.3878	0.722	-1.2131	-0.030684633579312306	-0.011075859433156017	0.0065833819385226105	1.21728384	49.57248688	1.13916768	0.4273067690106011	0.196439	0.02445
-0.323	0.4909	-1.3063	-0.03519107370796167	-0.00936543676620157	0.010040879186723379	1.60356796	65.30345917	1.54238434	0.8728180021902286	0.182151	0.01925
-0.5563	0.2119	-1.7159	-0.028583257159911134	-0.01361356816555577	0.005949827420048669	2.03057885	82.69299316	2.28282288	1.6692499857039724	0.226272	0.04888
-0.5055	0.8459	-1.7902	-0.0419804044982196	-0.012903219159994076	0.006939429105929455	2.29561925	93.4864502	2.51504094	1.5139549014875475	0.278275	0.05454
-0.4619	0.8669	-1.8472	-0.04003959837000191	-0.013458233862128275	0.008946557745722932	1.21653569	49.54201508	1.33942015	0.34674747350726864	0.283336	0.05695
-0.6276	0.8366	-1.8789	-0.038350119654071396	-0.016327555152406952	0.0058747782622129135	1.17279363	47.76067352	1.31196003	0.6092289744859605	0.283204	0.05899
-0.61	0.9213	-1.6841	-0.03691894966743605	-0.014725342899076158	0.00597426202957659	1.15382075	46.98802567	1.23888342	0.45374330036649096	0.26496	0.04782
-0.7331	1.0611	-1.5431	-0.03470936283441123	-0.016336281798666925	0.003543018381548489	1.26417696	51.48215485	1.38287231	0.7164884690321844	0.26431	0.05082
-0.7038	0.9817	-1.587	-0.03563962332572421	-0.015978489302008087	0.005276130328778859	1.03255904	42.04977798	0.98656009	0.3036582467601093	0.261483	0.04761
-0.6771	0.8815	-1.6442	-0.03769038519681755	-0.015831881644840562	0.005995205980600523	1.01047981	41.15062714	0.98473799	0.32992225900412675	0.259588	0.04521
-0.5944	0.7973	-1.6497	-0.03842167815340317	-0.014629349790216468	0.007443829259755815	0.96439552	39.27389908	0.9451836	0.3415224045182503	0.252466	0.0412
-0.6858	0.6863	-1.7133	-0.03773750908662139	-0.016451473529298547	0.005230751768227006	1.01509094	41.33840942	1.02302167	0.5019685148696336	0.253982	0.04556
-0.6889	0.4999	-1.8888	-0.033047809386512625	-0.01698379895115682	0.0053546701451186035	1.21381593	49.43125916	1.24242943	0.632297174942932	0.261853	0.05548
-0.6431	0.829	-1.7665	-0.03744254844303436	-0.015976743972756093	0.006314601233715484	1.30052829	52.9625206	1.30974553	0.8152862561759671	0.269742	0.05153
-0.6145	1.0238	-1.7002	-0.03825238121595972	-0.015227997723650525	0.006335545184739415	1.02124774	41.58913803	1.0327355	0.36867614865274295	0.27772	0.05395
-0.6203	0.8927	-1.709	-0.037793359622685214	-0.01529082957672232	0.0062570053683996705	0.9251489	37.67562485	0.89917887	0.17571966313430215	0.267852	0.0509
-0.6268	0.8732	-1.6615	-0.035868261457735466	-0.015215780418886564	0.005951572749300664	0.98824298	40.24505997	0.94537237	0.18877899709422577	0.259102	0.04691
-0.6087	0.8532	-1.5601	-0.035718163142063955	-0.014568263266396668	0.0056374134839416844	0.95513386	38.89672852	0.98496817	0.19508873667601925	0.244989	0.03938
-0.6168	0.9283	-1.4932	-0.035025267429022205	-0.014332643817377434	0.005689773361501514	0.93210006	37.95870209	0.91957611	0.19914375198104067	0.244218	0.03894
-0.5956	0.9428	-1.5025	-0.03353824690632304	-0.013953907369694665	0.005653121447209634	0.94913763	38.6525383	0.93769843	0.14012044423369063	0.246524	0.0414
-0.492	0.7061	-1.5024	-0.03396759790231364	-0.011644836769306166	0.006127851003752092	1.10868526	45.14993286	1.17216459	0.5010575576460781	0.222387	0.03133
-0.4505	0.3857	-1.227	-0.03442312883708416	-0.010896090520200599	0.006822492046045835	1.41095746	57.45962143	1.56845777	0.7322459113084914	0.163611	0.01497
-0.4021	-0.0871	-1.0689	-0.029583330821303884	-0.011398745344774966	0.005661848093469605	1.71633816	69.89589691	1.72042042	1.0044548396465438	0.133207	0.01515
-0.3449	-0.2483	-1.3064	-0.0333008821280518	-0.010346311805822385	0.006319837221471467	1.56671059	63.80248642	1.41316959	0.7272986986851182	0.152401	0.01908
-0.3712	-0.0405	-1.2967	-0.036587337109557125	-0.011020008897092195	0.0065764006215146345	1.1385361	46.36557388	1.08438192	0.45463577364091506	0.152907	0.01508
-0.3975	0.5626	-1.3246	-0.037250562225314976	-0.011013027580084218	0.006574655292262638	1.61572754	65.79864502	1.57348041	0.6908975881008912	0.185626	0.01744
-0.3841	0.6821	-1.2916	-0.038947022258253465	-0.01067443370519732	0.006152285613280011	1.06642377	43.4288826	0.99445694	0.28877117934040075	0.191528	0.01752
-0.3917	0.484	-1.3504	-0.03597472654210712	-0.010700613643977234	0.006117379028240125	1.1370368	46.30451584	1.05566823	0.4161691119983073	0.182742	0.01869
-0.3856	0.5967	-1.3132	-0.03766245992878564	-0.010632545803149455	0.00669159235214626	0.93257213	37.97792816	0.90742038	0.27250072757062177	0.18449	0.01664
-0.376	0.7581	-1.2837	-0.037817794232213126	-0.010522590060273812	0.006759660192974038	0.94862324	38.6315918	0.91559669	0.21716789435654513	0.19471	0.01816
-0.3425	0.7216	-1.248	-0.04013035549110562	-0.009859364944515966	0.007110471372624898	1.03387189	42.10324478	0.92390102	0.2720298777150601	0.185702	0.01469
-0.3072	0.6019	-1.307	-0.041577233441008915	-0.009506808435613112	0.007000515629749256	1.06739461	43.46841812	0.94450031	0.3094695100840896	0.184061	0.0142
-0.3097	-0.0523	-0.9243	-0.04100825610485877	-0.00988379955404389	0.0062727133316676205	2.24364233	91.36975861	2.17387396	1.123088537633128	0.118629	0.00602
-0.3178	-0.2717	-0.889	-0.03643549346463362	-0.010454522219446033	0.007641051465231174	1.7944845	73.07831573	1.75161177	0.5883911719595422	0.0947052	0.00499
-0.311	-0.2175	-1.1604	-0.03729245012736283	-0.010564477962321676	0.008779006137531478	1.43902934	58.60281754	1.25875641	0.4376433538952581	0.130127	0.01131
-0.448	-0.1794	-1.4766	-0.034718089480671205	-0.01275835683207855	0.0067701321684860045	1.50603449	61.3315239	1.534277	0.8301556742746987	0.178991	0.02728
-0.501	0.2413	-1.571	-0.041296235431437824	-0.014521139376592822	0.007428121296487867	1.55283999	63.23762512	1.65948969	1.0180458811641375	0.209318	0.02826
-0.4493	0.6391	-1.4969	-0.041484730990653224	-0.013201670462085108	0.007834783012202546	1.41427529	57.59473419	1.44975417	0.6193313094718897	0.215525	0.0258
-0.554	0.6355	-1.5673	-0.040484657329260466	-0.01476199481336804	0.005108578720587403	1.07466877	43.76464844	1.07280146	0.4430301152145418	0.225665	0.0316
-0.6043	0.6646	-1.553	-0.04054923451158426	-0.015173892516838698	0.004574507969477138	0.93282467	37.98821259	0.86554898	0.1442272818452356	0.227298	0.03216
-0.4937	0.8038	-1.4653	-0.04253018321259782	-0.013639748104335686	0.0072850042978243315	1.01944137	41.51557922	1.09007463	0.6487794720931882	0.225005	0.0277
-0.5119	0.9235	-1.4782	-0.04329463742497134	-0.014493214108560913	0.007812093731926618	0.92292017	37.58486176	0.93328882	0.2580504825350516	0.238946	0.03293
-0.5644	0.8023	-1.5047	-0.04358785273930638	-0.015570082257041413	0.007141887299160796	0.98232001	40.00385284	0.93432157	0.30221449477906814	0.234222	0.03245
-0.5901	0.6099	-1.495	-0.04446051736530355	-0.01591914810744028	0.006862634618841703	1.01650989	41.39619446	0.99120208	0.30284915783575606	0.220996	0.02835
-0.5946	0.5377	-1.4217	-0.046371652896237334	-0.01573763386523287	0.006148794954776023	0.9441185	38.44813919	0.9406852	0.290324471860344	0.208681	0.02453
-0.5865	0.629	-1.4684	-0.04507661859125755	-0.015385077356330015	0.006464699549386996	0.92554915	37.69192505	0.90594662	0.24427477042468063	0.219026	0.02714
-0.5959	0.7437	-1.4758	-0.04428074845234813	-0.01546012651416577	0.0065275314024587925	1.02998316	41.94488144	0.88060242	0.17818755749084844	0.227474	0.03061
-0.5914	0.6696	-1.4736	-0.04414461277069258	-0.015378096039322036	0.00647866218340295	0.93907601	38.24279022	0.8436638	0.09415176877775648	0.222472	0.02938
-0.5733	0.6549	-1.4502	-0.04413239546592862	-0.014833553312699806	0.006618288523562498	0.84845394	34.55231094	0.83349426	0.09101931857728685	0.215671	0.02636
-0.5637	0.6923	-1.4372	-0.04431390970813603	-0.014629349790216468	0.00669159235214626	0.8670153	35.30820084	0.8315145	0.0829510796637253	0.215649	0.02566
-0.5624	0.7173	-1.4292	-0.0443540522809319	-0.014404202316709202	0.0067701321684860045	0.87539917	35.64962387	0.8424451	0.05149149313214423	0.215789	0.02524
-0.5131	0.8239	-1.3038	-0.04358959806855838	-0.012981758976333824	0.007553785002631459	1.07055938	43.59730148	1.07782831	0.4298275193447175	0.209093	0.02045
-0.4588	0.728	-1.2541	-0.043340015985523186	-0.011126473981463849	0.008183848862601411	1.05460191	42.94744873	1.03911491	0.3366465468937562	0.194154	0.01509
-0.4319	0.4971	-1.2135	-0.04422489791628432	-0.010459758207202017	0.008740608893987603	1.12860501	45.96113968	1.08604798	0.40381788682045766	0.169275	0.00934
-0.3526	0.4362	-1.0384	-0.03608642761423476	-0.008119271680277622	0.010679669692953302	1.67141461	68.06643677	1.59499794	0.9362008813969828	0.151573	0.00975
-0.3892	0.6089	-0.9267	-0.03543716513249287	-0.008642870455875919	0.009971066016643606	1.49947786	61.06451416	1.42450726	0.415073246682494	0.146861	0.00775
-0.4025	0.4411	-0.9609	-0.03699050816676782	-0.009145525280450286	0.009705775970340468	1.06049275	43.18734741	1.00680031	0.3313643952576228	0.132458	0.00524
-0.3918	0.3444	-0.977	-0.03807610296150829	-0.008887216551155125	0.009672614714552575	0.98477405	40.10379028	0.89438856	0.19235323899117623	0.127158	0.00496
-0.366	0.3448	-1.0045	-0.03960850204475931	-0.008302531251737025	0.008539896030008255	1.08462417	44.17007065	0.94022109	0.216190153360672	0.126718	0.00473
-0.1514	0.7636	-1.0917	-0.043401102509342995	-0.0036966073557239895	0.00878424212528746	1.57876849	64.29353333	1.57079214	1.152743522793796	0.174797	0.01183
-0.1511	0.7015	-1.0834	-0.0425965057241736	-0.004167846253762459	0.009632472141756703	1.17817509	47.97982788	1.03404507	0.17690328498385516	0.167962	0.01097
-0.2329	0.6396	-1.0449	-0.04405560097884086	-0.00632507320922745	0.008862781941627205	1.15679932	47.10932159	0.99963762	0.4015006205130874	0.155001	0.00665
-0.2997	0.6685	-1.0551	-0.0435826167515504	-0.007525859734599549	0.00805469449795383	0.98822677	40.24440002	0.94737577	0.22999290981679676	0.157651	0.00764
-0.3673	1.1399	-0.773	-0.05120446959500965	-0.00819955682586936	0.007360053455660089	1.66463137	67.79019928	1.65479571	1.2706095488511395	0.180342	0.01206
-0.29	1.1928	-0.6181	-0.04965112656073469	-0.00597775268808058	0.008398524360596713	1.25229907	50.99843979	1.15658321	0.5257809038500183	0.168975	0.01069
-0.2713	0.8151	-0.5269	-0.05175599363863985	-0.00574038790980935	0.008504989444968369	1.41825473	57.75679398	1.31721081	0.6100348470274022	0.108794	0.00168
-0.3025	0.5069	-0.5421	-0.05218185397612646	-0.007391469382195986	0.008484045493944435	1.17296541	47.76766968	1.09543432	0.45949428804485887	0.0798683	0.00038
-0.3563	0.3962	-0.7245	-0.0512481028263095	-0.007775441817634738	0.007930776121062234	1.11320806	45.33411789	1.03710647	0.44044964790689567	0.0957921	0.00115
-0.3363	0.4669	-0.6798	-0.049736647694082405	-0.008096582400001693	0.008607963870836035	1.00151443	40.78552628	0.965013	0.2608891732183925	0.0906655	0.00059
-0.3026	0.4434	-0.6325	-0.04966508919475064	-0.007862708280234455	0.008998917623282763	0.92294335	37.5858078	0.91023191	0.1393193185772864	0.0800729	0.00035
-0.3572	0.3145	-0.7062	-0.04945041369675534	-0.008752826198751562	0.008407251006856685	0.91876256	37.41555023	0.90049544	0.3420230016469245	0.0813892	0.00043
-0.3488	0.3254	-0.7008	-0.049754100986602344	-0.008705702308947716	0.008609709200088028	0.83862263	34.15194321	0.82466509	0.05236346864410982	0.08183	0.00049
-0.365	0.3482	-0.7267	-0.04973490236483042	-0.008972737684502848	0.008052949168701836	0.85640341	34.87604523	0.83094563	0.10704970143566243	0.0863373	0.00054
-0.3666	0.4461	-0.7161	-0.04916417969942827	-0.009093165402890457	0.007801621756414652	1.01399446	41.29375839	0.87352553	0.15722388980384727	0.0908056	0.0006
-0.376	0.5169	-0.7998	-0.04560719868386382	-0.00888896188040712	0.007841764329210523	1.16551054	47.464077	1.03204059	0.3539663555421828	0.107285	0.00137
-0.3812	0.3867	-0.7673	-0.04580791154784317	-0.008897688526667093	0.007956956059842148	1.02987719	41.9405632	0.94195793	0.18413156204354753	0.0923283	0.0007
-0.3913	0.3016	-0.781	-0.046345472957457425	-0.009321803534901715	0.007869689597242433	0.95587885	38.9270668	0.85012103	0.16134714402242945	0.089096	0.00071
-0.3906	0.3041	-0.79	-0.04649382594387694	-0.009327039522657695	0.007887142889762375	0.86959231	35.41314697	0.81791025	0.02075211333477172	0.0909696	0.00083
-0.3959	0.48	-0.7745	-0.04677307862419604	-0.009532988374393028	0.007955210730590153	0.94455576	38.4659462	0.89389673	0.2243634686441106	0.100418	0.00091
-0.3938	0.4422	-0.7633	-0.046629961625532505	-0.009484119155337187	0.007918558816298273	0.84336424	34.34503937	0.81542148	0.06253190660056268	0.0962067	0.00075
-0.3742	0.37	-0.837	-0.045940556570994745	-0.008868017929383189	0.007443829259755815	0.95160598	38.75305939	0.89059603	0.2545117918517108	0.100967	0.00116
-0.3845	0.3838	-0.7805	-0.04544139240492437	-0.008833111344343302	0.007780677805390721	1.06187069	43.24346542	0.89884303	0.12414596483725848	0.0936253	0.00097
-0.4144	0.3954	-0.736	-0.04582536484036311	-0.009393362034233481	0.007745771220350834	0.90398109	36.813591	0.84642424	0.13495648551844047	0.0896842	0.00068
-0.3947	0.4976	-0.6893	-0.04622155458056582	-0.009225810426042026	0.007909832170038301	0.9389869	38.23916245	0.85296622	0.2049901149040816	0.0909519	0.00056
-0.3765	0.419	-0.7008	-0.045968481839026645	-0.0089570297212349	0.007932521450314228	0.94022769	38.28969193	0.83806779	0.13552713633111146	0.0866017	0.00047
-0.3761	0.2755	-0.6932	-0.0459213579492228	-0.008862781941627205	0.008019787912913945	0.95530021	38.90350342	0.8822264	0.16293190660056267	0.0762497	0.00037
-0.356	0.3333	-0.6653	-0.046244243860841756	-0.00851022543272435	0.008297295263981043	0.87642056	35.69121933	0.8436786	0.15344748857944554	0.0759547	0.00033
-0.343	0.4779	-0.6751	-0.04617443069076198	-0.008372344421816799	0.008386307055832754	1.0325321	42.04868317	0.88514839	0.182235298641952	0.0875427	0.00046
-0.3173	0.3174	-0.6741	-0.046589819052736625	-0.007857472292478471	0.008121017009529614	1.07034945	43.58874893	0.96929978	0.2469775268808057	0.0766618	0.00035
-0.3505	-0.3871	-0.118	-0.04669977479561227	-0.010047860503731356	0.00700226095900125	2.57489967	104.85983276	2.1084766	1.4647550002328449	0.0478493	0.00025
-0.263	0.1299	-0.8167	-0.04243942609149411	-0.0069586277277013915	0.007819075048934596	2.78345227	113.35289001	2.28796412	1.7115197785040728	0.0964791	0.00165
-0.1909	0.5775	-0.4685	-0.049480084294039245	-0.0051783918906671755	0.008527678725244294	2.12678075	86.61070251	1.86427364	1.3443748857944524	0.0817325	0.00048
-0.1781	0.5068	-0.3509	-0.053337261940946706	-0.004469788214357478	0.008967501696746864	1.41067517	57.44812393	1.21872964	0.4513802147359865	0.0630445	0.00018
-0.2219	0.3235	-0.4641	-0.05361127863350982	-0.004729842272904633	0.007955210730590153	1.16760862	47.54951859	1.08591672	0.41761808586334886	0.065484	0.00028
-0.1836	0.3542	-0.4019	-0.053791047546465236	-0.00467224640758882	0.0089570297212349	1.05599451	43.00416183	0.98868223	0.1931591884457988	0.0604283	0.00026
-0.2813	0.444	-0.5474	-0.051324897313397254	-0.007496189137315645	0.00653102206096278	1.31953144	53.7364006	1.21187681	0.7188050311533464	0.0743975	0.00028
-0.1889	0.3024	-0.5241	-0.0503824195173203	-0.005876523591464907	0.008431685616384604	1.27697599	52.00337982	1.25068574	0.48044034486747567	0.0622516	0.00019
-0.2383	0.0197	-0.2748	-0.05119050696099368	-0.006717772290926174	0.007099999397112933	1.50735426	61.38526917	1.34074355	0.7304511181203157	0.0415959	6e-05
-0.2575	0.0771	-0.3781	-0.05128824539910537	-0.007286749627076325	0.007377506748180031	1.24408686	50.66400909	1.15519849	0.22711115626644707	0.0410841	4e-05
-0.2942	0.501	-0.6286	-0.050268973115940675	-0.007606144880191289	0.007815584390430608	1.54862726	63.06606674	1.36931888	0.7999372589265118	0.0834203	0.00036
-0.3331	0.5274	-0.6447	-0.050186942641096945	-0.00813497964354557	0.0076113808679472705	0.95843881	39.03131866	0.86039865	0.1221534380340674	0.0869024	0.00043
-0.3483	0.4213	-0.6604	-0.049778535596130276	-0.00841772298236865	0.007785913793146704	0.94261491	38.38690948	0.83774622	0.18028416544945905	0.0815973	0.00035
-0.3554	0.3376	-0.6571	-0.05015378138530906	-0.008560839981032187	0.007696902001294993	0.97241819	39.60061264	0.85523706	0.12446872898470134	0.0772983	0.00027
-0.3482	0.3666	-0.6564	-0.05048713927243997	-0.008637634468119937	0.007033676885537148	1.00036824	40.73884583	0.85172591	0.09056887449882525	0.0783245	0.00032
-0.3278	0.2209	-0.4573	-0.049574332073646935	-0.00865159710213589	0.006640977803838424	1.3090657	53.31019592	1.08802109	0.4311734457253855	0.0487056	6e-05
-0.3555	0.0494	-0.4454	-0.048108255501971696	-0.00930784090088576	0.006511823439190843	1.05459106	42.94701004	0.94987155	0.3236737367536344	0.0411819	6e-05
-0.3691	-0.1945	-0.4364	-0.04753753283656956	-0.009519025740377073	0.00654673002423073	1.0551095	42.96812057	0.96251282	0.3073407044966669	0.0434695	1e-05
-0.3633	-0.1028	-0.4962	-0.04781154952913266	-0.009374163412461545	0.006698573669154236	0.89791149	36.56641388	0.8581676	0.18583613327010687	0.0463719	4e-05
-0.3463	0.1061	-0.4705	-0.04823740986661927	-0.008995426964778775	0.006686356364390277	1.00371456	40.87512207	0.91121831	0.29244070449666687	0.0442049	2e-05
-0.3429	0.0572	-0.4639	-0.04845557602311856	-0.009131562646434332	0.006663667084114349	0.99729031	40.6135025	0.82510108	0.07774955592153884	0.0430975	1e-05
-0.3472	-0.0975	-0.4802	-0.048108255501971696	-0.00932005820564972	0.006574655292262638	1.09045815	44.40765381	0.86341854	0.20654139361069837	0.0460949	2e-05
-0.3545	-0.0739	-0.4843	-0.04852538919319834	-0.009382890058721515	0.006628760499074463	0.88215584	35.9247818	0.81538382	0.06170353755551324	0.0456796	3e-05
-0.3581	0.005	-0.5012	-0.04859171170477413	-0.009457939216557272	0.006544984694978735	0.91182053	37.13284302	0.82227587	0.11065737367536368	0.0466406	3e-05
-0.3629	0.139	-0.4972	-0.04812570879449164	-0.009431759277777356	0.006538003377970758	0.97938937	39.88450623	0.86083474	0.16775820830351912	0.0472491	4e-05
-0.345	0.1606	-0.549	-0.04731762135081827	-0.008855800624619227	0.006246533392887705	0.92751068	37.77180481	0.85222535	0.17507580409572793	0.051134	6e-05
-0.3641	0.0925	-0.515	-0.04661948965002054	-0.009046041513086609	0.006819001387541846	0.97996789	39.9080658	0.91657263	0.19424202919596267	0.0467852	2e-05
-0.3757	0.1573	-0.4214	-0.04699822609770331	-0.009183922523994161	0.007190756518216637	0.97857749	39.85144424	0.93055309	0.21441862946325568	0.0413148	1e-05
-0.3435	0.231	-0.4087	-0.04676958796569205	-0.008545132017764237	0.007604399550939293	0.90107054	36.69506073	0.85610727	0.18265358354819197	0.0429777	2e-05
-0.3168	0.3682	-0.3655	-0.04760560067739733	-0.007958701389094143	0.007253588371288434	1.12189722	45.68797302	0.9016525	0.2957627260013117	0.0468333	6e-05
-0.3444	0.0141	-0.2499	-0.04701218873171926	-0.00879995008855541	0.006752678875966061	1.38210392	56.28459167	1.13604358	0.5940785070230856	0.027711	1e-05
-0.3437	-0.0605	-0.2794	-0.046994735439199325	-0.008772024820523501	0.0068643799480936985	0.94275403	38.39257431	0.87766925	0.1126539816339739	0.0268284	0.0
-0.3392	0.0311	-0.2728	-0.04714483375487084	-0.008738863564735608	0.00700226095900125	0.92942661	37.84983063	0.8288404	0.11875702911834776	0.0269642	1e-05
-0.3323	0.1833	-0.3012	-0.04688477969632368	-0.008504989444968369	0.007185520530460655	0.98876679	40.26639175	0.87127125	0.22135938748869008	0.0311599	0.0
-0.3266	0.162	-0.3148	-0.046715482758880225	-0.00855036800552022	0.007239625737272479	0.89486378	36.44229889	0.81946642	0.05403903524035651	0.0298782	0.0
-0.3143	0.0444	-0.3186	-0.04702091537797923	-0.008318239215004974	0.007185520530460655	0.88308167	35.96248627	0.83968725	0.16328333082130359	0.0284099	0.0
-0.3101	0.0675	-0.3273	-0.04726700680251044	-0.00832522053201295	0.007175048554948689	0.85110122	34.6601181	0.80794487	0.0491772358525578	0.0286703	1e-05
-0.314	0.1924	-0.3407	-0.04713436177935886	-0.008396779031344719	0.007178539213452678	0.94264179	38.3880043	0.85411825	0.15258470904936677	0.033502	1e-05
-0.3263	0.2083	-0.3389	-0.04726526147325844	-0.008646361114379908	0.007066838141325039	0.89389646	36.40290451	0.82503001	0.054609142453120464	0.0342541	0.0
-0.3395	0.0278	-0.3347	-0.047261770814754446	-0.008792968771547434	0.006927211801165493	0.94999743	38.68755341	0.88563347	0.2123862327915534	0.0320299	1e-05
-0.3449	-0.047	-0.3109	-0.04784471078492055	-0.008817403381075353	0.007063347482821051	0.93284166	37.98890305	0.84154379	0.14117551306747905	0.0303611	2e-05
-0.3374	0.037	-0.3054	-0.04798608245433209	-0.008646361114379908	0.0070965087386089445	0.96347052	39.23622894	0.83505859	0.114278759594744	0.0293976	1e-05
-0.3407	0.1563	-0.3114	-0.048022734368623976	-0.008777260808279484	0.007232644420264501	1.09637129	44.64846039	0.84539543	0.1437843644923508	0.0316882	6e-05
-0.3258	0.1384	-0.4003	-0.04880464187351744	-0.00845786555516452	0.007496189137315645	1.06511843	43.37572479	0.87989716	0.18994237375297865	0.0377851	1e-05
-0.3408	0.2138	-0.4271	-0.0503841648465723	-0.008499753457212385	0.007386233394440003	0.93332142	38.00844193	0.88313551	0.20376833089891824	0.0464929	3e-05
-0.2767	0.3598	-0.4173	-0.049939105887313755	-0.007515387759087582	0.008794714100799426	1.04559457	42.58063507	0.93012431	0.3617952681871386	0.0489178	6e-05
-0.3502	0.4119	-0.4415	-0.04983264080294209	-0.0091106186954104	0.007906341511534314	0.93519068	38.08456421	0.87415965	0.2793034304979797	0.0556236	6e-05
-0.3605	0.0618	-0.334	-0.04901233605450476	-0.009773843811168246	0.006972590361717347	1.35790253	55.29901886	1.19307009	0.5887640507006073	0.0385541	3e-05
-0.3629	-0.2461	-0.4147	-0.04831944034146301	-0.010037388528219388	0.006613052535806515	1.23333788	50.22626495	1.12780368	0.45679891280018614	0.0464817	4e-05
-0.3379	-0.2853	-0.5099	-0.048247881842131246	-0.009676105373056562	0.006710790973918196	1.10158014	44.86058426	1.02069275	0.18592900463031353	0.0558494	0.00014
-0.2667	0.3918	-0.569	-0.04685859975754376	-0.007986626657126052	0.007408922674715928	2.0037291	81.5995636	1.70896614	0.9962446250657864	0.0673055	0.00019
-0.2716	0.4011	-0.2256	-0.05224119517069426	-0.007827801695194567	0.007189011188964644	1.5478617	63.03488922	1.33928045	0.6456665930416636	0.0443183	0.00012
-0.3108	0.0394	-0.3725	-0.05113116576642588	-0.008442157591896572	0.006836454680061789	1.38557076	56.42577744	1.1868543	0.6516470904936622	0.0408121	2e-05
-0.323	-0.1306	-0.3255	-0.05233369762104997	-0.008841837990603275	0.006543239365726741	1.06946659	43.55279922	0.94488137	0.3239713783832918	0.0439574	7e-05
-0.3251	0.0231	-0.3234	-0.05212600344006265	-0.0091717052192302	0.006658431096358368	0.95577413	38.92280197	0.88324666	0.19053765701229344	0.0394398	2e-05
-0.328	0.1401	-0.3532	-0.05141565443450095	-0.0091717052192302	0.006834709350809794	0.93578565	38.10879517	0.85090937	0.19403136300065643	0.0398678	3e-05
-0.3418	0.0141	-0.375	-0.050389400834328295	-0.009347983473681628	0.0067701321684860045	0.91572154	37.29170609	0.85071668	0.2249554518473934	0.0381677	4e-05
-0.341	-0.0014	-0.4253	-0.049473102977031266	-0.009496336460101147	0.0069533917399454085	1.01303661	41.2547493	0.83536576	0.12899552075879758	0.0416885	2e-05
-0.2995	0.0268	-0.4932	-0.048788933910249487	-0.008379325738824776	0.007504915783575617	0.92079014	37.49811935	0.87511814	0.2552351915844181	0.0458845	3e-05
-0.2973	0.1181	-0.3358	-0.04861265565579805	-0.008567821298040163	0.007867944267990437	1.0856396	44.21142578	0.98727061	0.2872901149040821	0.0316064	2e-05
-0.3159	-0.0105	-0.3042	-0.048485246620402475	-0.008894197868163105	0.007400196028455957	0.99866772	40.66959381	0.88828426	0.2248766922526499	0.0286204	2e-05
-0.3091	-0.1943	-0.3042	-0.04921828490624009	-0.00917868653623818	0.007185520530460655	1.04006886	42.35560989	0.90710712	0.25221012259539966	0.0355608	3e-05
-0.2987	-0.1655	-0.2415	-0.05010316683700121	-0.00907047612261453	0.007152359274672762	0.91931921	37.43821716	0.84837759	0.15321268000863303	0.0335039	1e-05
-0.2843	0.0118	-0.2838	-0.049535934830103066	-0.009007644269542734	0.0072954762733362976	1.03444493	42.12657928	0.91642704	0.2726590429316738	0.029245	2e-05
-0.2744	-0.0941	-0.3061	-0.04925842747903596	-0.00896226570899088	0.007185520530460655	0.90916735	37.02479553	0.84245162	0.15974208272473023	0.032321	3e-05
-0.2419	-0.3127	-0.3369	-0.04984136744920207	-0.00872315560146766	0.006752678875966061	1.13691056	46.29937363	0.9647074	0.3446445866091963	0.0463554	0.00019
-0.216	-0.3431	-0.3511	-0.0513091893501293	-0.008728391589223642	0.007005751617505238	1.08322978	44.11328506	0.87629066	0.15680653151111956	0.0524878	0.00026
-0.1706	0.0321	-0.2649	-0.05758364801104891	-0.007370525431172054	0.007243116395776467	1.3069216	53.22288132	1.20317832	0.9002844798621215	0.0591787	0.00061
-0.1223	0.0074	-0.3639	-0.05263913024014898	-0.005721189288037411	0.0067771134854939805	1.19871867	48.81644058	1.08769064	0.5249928412158529	0.0471063	0.00024
-0.206	-0.0974	-0.3235	-0.05484348108541782	-0.006873106594353669	0.006346017160251381	1.19425774	48.63477325	1.04824722	0.41826822384138457	0.053414	0.00035
-0.2106	-0.1698	-0.2757	-0.053546701451186035	-0.007305948248848264	0.006543239365726741	0.95908487	39.05762863	0.90584003	0.22114217471008688	0.0470354	0.00024
-0.1967	-0.0363	-0.3093	-0.05357986270697392	-0.007349581480148122	0.006895795874629596	0.95883316	39.04737854	0.86697547	0.20246754979953008	0.0432312	9e-05
-0.2116	-0.0834	-0.3543	-0.0534018391232705	-0.0075276050638515436	0.0067038096569102205	0.96247387	39.19564056	0.83467137	0.1344016692563111	0.0464942	0.00019
-0.2529	-0.1633	-0.1302	-0.05627814173055715	-0.008508480103472356	0.006164502918043972	1.41406465	57.58615494	1.16748462	0.5651242192886857	0.0613818	0.00051
-0.2347	-0.1201	-0.0818	-0.055566047395743466	-0.008044222522441864	0.0064071036840711824	1.27688468	51.99966049	1.12945872	0.18074763409356956	0.0477904	0.00018
-0.2362	0.0994	-0.2994	-0.05661673560544405	-0.007949974742834171	0.006911503837897546	1.23337984	50.22797775	1.10482408	0.521066807156732	0.0554505	0.00035
-0.2376	0.0841	-0.308	-0.056070447549569837	-0.0079412480965742	0.0067491882174620715	0.99287999	40.43389511	0.89372468	0.061166516128483	0.052175	0.00027
-0.2551	-0.0146	-0.3217	-0.0548469717439218	-0.008330456519768934	0.006190682856823887	0.90877616	37.00886536	0.85759046	0.2384594794740477	0.0493851	0.00022
-0.2664	-0.0369	-0.3525	-0.05439842212615926	-0.008435176274888594	0.006019640590128442	0.85242099	34.71386337	0.81549328	0.10061558197888232	0.0513656	0.0002
-0.2946	0.0782	-0.3637	-0.05405284693426439	-0.008915141819187036	0.006052801845916334	0.95512497	38.89636612	0.84682986	0.19743509959906008	0.0491156	0.00018
-0.3099	0.1663	-0.3806	-0.05350306821988617	-0.009100146719898434	0.005777039824101231	0.94980299	38.67963409	0.83702722	0.1708272818452359	0.0492172	4e-05
-0.2988	0.0391	-0.3794	-0.05359731599949386	-0.00891688714843903	0.005864306286700947	1.02524698	41.75200272	0.85490288	0.15773869068334043	0.049686	0.00012
-0.2935	0.0264	-0.359	-0.05330759134366281	-0.008841837990603275	0.005946336761544681	1.02950585	41.92544174	0.81123928	0.06074021442552721	0.0471027	6e-05
-0.2851	0.105	-0.3274	-0.05375963161992933	-0.008576547944300135	0.0060911990894602095	0.93438673	38.05182648	0.82905651	0.16170963252425957	0.0459288	4e-05
-0.2858	0.1558	-0.3086	-0.053864351375049	-0.008681267699419794	0.006072000467688272	0.88057286	35.86031723	0.82228283	0.08173190660056305	0.0441011	5e-05
-0.2849	-0.0304	-0.3242	-0.05378930221721324	-0.008518952078984322	0.005923647481268755	0.93229705	37.9667244	0.88248487	0.2219858882345374	0.0470539	0.00011
-0.2843	-0.0734	-0.3089	-0.05427799440777166	-0.008592255907568085	0.005953318078552658	0.86638045	35.28234863	0.8306343	0.08848333082130438	0.0484002	0.00014
-0.2847	0.0084	-0.305	-0.05442111140643519	-0.008606218541584039	0.005970771371072602	0.85596377	34.85813904	0.8244329	0.09482664625997152	0.046704	0.0001
-0.2929	0.0914	-0.3016	-0.054084262860800286	-0.008686503687175778	0.005928883469024737	0.92327058	37.59913254	0.83443866	0.11755107966372552	0.0441369	4e-05
-0.2677	0.0037	-0.3872	-0.05327443008787492	-0.007775441817634738	0.005612978874413764	0.98450679	40.09290695	0.8807349	0.30033996185386896	0.0486636	0.00012
-0.2686	0.0151	-0.4736	-0.05299168674905183	-0.007773696488382744	0.005778785153353225	0.98429376	40.08423233	0.89165272	0.12121474735072724	0.0552726	0.00019
-0.3096	0.0289	-0.3501	-0.053038810638855675	-0.008796459430051421	0.005562364326105927	1.0201273	41.54351044	0.94410693	0.24261538293599091	0.0464925	8e-05
-0.3226	0.0604	-0.294	-0.051506411555604655	-0.009567894959432915	0.0055484016920899736	1.07506454	43.78076935	0.98377011	0.2164898623324235	0.0403172	1e-05
-0.2898	0.0465	-0.4708	-0.05189561997879939	-0.008470082859928481	0.00628842129493557	1.23251557	50.19277954	1.06001219	0.33485200627723843	0.0526564	0.00014
-0.266	0.2322	-0.3931	-0.052279592414238144	-0.007452555906015787	0.00659908990179056	1.18858767	48.40386581	0.94776997	0.37280839981032166	0.0476492	1e-05
-0.254	0.3604	-0.2165	-0.05369156377910155	-0.007154104603924756	0.006836454680061789	1.10064578	44.82253265	0.96342611	0.4141893722612834	0.043805	0.0
-0.2756	0.2613	-0.2475	-0.05253091982652532	-0.0076881753550350216	0.006656685767106373	0.94468039	38.47102356	0.86519682	0.24542418083209552	0.0388266	2e-05
-0.2779	0.0178	-0.2675	-0.05258502503333716	-0.007815584390430608	0.006647959120846402	1.0460062	42.59740067	0.95661058	0.2753120444233697	0.0388131	3e-05
-0.2685	0.0993	-0.2718	-0.05298994141979983	-0.007714355293814937	0.006700318998406232	0.90484756	36.84887695	0.8242192	0.12312526803190868	0.0380484	1e-05
-0.2627	0.1943	-0.2313	-0.05308418919940753	-0.0076009088924353044	0.006738716241950105	0.88500583	36.04084396	0.84246302	0.15360457122656007	0.0361019	1e-05
-0.2723	0.0888	-0.2277	-0.05272116071499271	-0.007929030791810239	0.006440264939859076	0.92529213	37.68145752	0.84000079	0.16818008429403927	0.0338503	1e-05
-0.2687	-0.0622	-0.222	-0.05319763560078716	-0.007986626657126052	0.006332054526235428	0.96934533	39.47547531	0.87012741	0.19241405823669583	0.0377141	3e-05
-0.2781	-0.0143	-0.2325	-0.05306149991913161	-0.008143706289805541	0.006263986685407648	0.87148035	35.49003601	0.80642208	0.08586415775814119	0.0363313	0.0
-0.2667	0.0341	-0.2489	-0.051735049687615914	-0.007799876427162659	0.006333799855487422	0.96779716	39.41242599	0.89247518	0.1632046632119176	0.0336078	0.0
-0.2233	-0.1836	-0.2092	-0.0503841648465723	-0.006960373056953386	0.006675884388878311	1.23304045	50.2141571	0.99852516	0.42742363723218874	0.0313177	0.00012
-0.1857	-0.4047	-0.1572	-0.04871563008166572	-0.0063721970990312975	0.006866125277345693	1.19604158	48.70741653	0.95330605	0.4330475805648026	0.0382088	1e-05
-0.1815	-0.4068	-0.1316	-0.047890089345472404	-0.00642979296434711	0.007023204910025181	0.92696756	37.74968719	0.83499955	0.08391081170943075	0.036867	2e-05
-0.1687	-0.4054	-0.134	-0.04663868827179248	-0.006459463561631013	0.0070965087386089445	0.92104059	37.50831985	0.8420776	0.08431877497737945	0.0330193	0.0
-0.1663	-0.5279	-0.1576	-0.04785343743118053	-0.0062063908200918365	0.007300712261092281	0.96496469	39.29707718	0.89467382	0.23210127117052792	0.0470939	7e-05
-0.1852	-0.5576	-0.1717	-0.046698029466360286	-0.006729989595690135	0.006906267850141561	0.88874668	36.19318771	0.83123936	0.16637255756846292	0.0466621	4e-05
-0.1376	-0.5774	-0.1623	-0.045102798530037465	-0.0055763269601218825	0.007730063257082885	1.04781723	42.67115402	1.01684468	0.25543444894161993	0.0504286	0.00068
-0.1358	-0.329	-0.2138	-0.04916417969942827	-0.005522221753310059	0.007841764329210523	1.40646589	57.2767067	1.26441698	0.5130593724165131	0.0443051	0.00085
-0.1522	-0.6777	-0.3198	-0.04388804937064941	-0.006162757588791978	0.007983135998622064	1.78900218	72.85505676	1.61032488	0.7740018916836157	0.0671861	0.00179
-0.1647	-0.7993	-0.3823	-0.04074645671705961	-0.006644468462342412	0.008213519459885315	1.26825571	51.64825439	1.16375286	0.38928434942017426	0.0735286	0.00217
-0.215	-0.7192	-0.344	-0.04147425901514125	-0.007606144880191289	0.007354817467904104	1.00213015	40.81059647	0.90918453	0.29610903539558614	0.0630799	0.00077
-0.2241	-0.6722	-0.2352	-0.039262926852864435	-0.007853981633974483	0.007101744726364926	1.13781595	46.33624649	0.97320351	0.30051208287995923	0.0559662	0.00045
-0.2446	-0.8246	-0.1361	-0.041343359321241675	-0.008524188066740305	0.006496115475922893	1.12259126	45.71623993	0.99873681	0.43981340757925463	0.0741183	0.00085
-0.2771	-0.8963	-0.1102	-0.04137302991852558	-0.009107128036906413	0.006396631708559217	0.98218435	39.99832916	0.92589759	0.16570471674068446	0.0835468	0.00123
-0.2888	-0.7948	-0.1981	-0.04215144676491505	-0.009189158511750145	0.006520550085450815	0.97230721	39.59609222	0.9014011	0.25031828490624	0.0697551	0.00058
-0.3385	-0.6305	-0.2204	-0.04186870342609197	-0.009627236154000721	0.006333799855487422	0.97608143	39.74979401	0.89791521	0.2816785605518526	0.0539704	0.00012
-0.3638	-0.7164	-0.2606	-0.0417657290002243	-0.009827949017980071	0.006127851003752092	1.04260015	42.45869446	0.85554606	0.17688180707911744	0.0639336	0.00046
-0.3422	-0.7504	-0.2884	-0.041568506794748945	-0.009245009047813963	0.006110397711232148	1.07056212	43.59741211	0.8253077	0.1232807734080703	0.0663542	0.00043
-0.2961	-0.6013	-0.4071	-0.04116708106679025	-0.00801455192515796	0.00637743308678728	1.10084295	44.83056259	0.97993985	0.4088459113084916	0.0552648	0.00028
-0.2835	-0.1419	-0.108	-0.04314628443855183	-0.007536331710111515	0.0074996797958196346	1.60654271	65.42460632	1.39098276	0.9500835147920189	0.0232547	1e-05
-0.3228	-0.2062	-0.1676	-0.041647046611088694	-0.007915068157794284	0.00724835238353245	0.96754378	39.40210724	0.89977061	0.2696650843716543	0.0269296	1e-05
-0.2954	-0.2192	-0.1754	-0.042746604039845114	-0.007468263869283736	0.007686430025783027	0.97955787	39.89136887	0.9020939	0.1474219679758772	0.027143	0.0
-0.2834	0.0001	-0.2399	-0.04361228734883431	-0.007113962031128888	0.007660250087003113	1.09732962	44.68748474	0.9815621	0.35810825429619786	0.0249821	1e-05
-0.2722	0.0248	-0.2281	-0.04328067479095538	-0.007024950239277177	0.007813839061178614	0.89576316	36.4789238	0.83676462	0.07641066619530688	0.0249666	3e-05
-0.2647	-0.1712	-0.2431	-0.04321958826713559	-0.006492624817418905	0.00808261976598574	1.03012657	41.95072174	0.91448815	0.2616096325242596	0.0262271	1e-05
-0.2656	-0.2815	-0.2318	-0.043634976629110235	-0.006780604143997971	0.007754497866610805	0.99436188	40.49424362	0.87336488	0.1740744793964324	0.0264657	1e-05
-0.2213	-0.3506	-0.2323	-0.04187568474309995	-0.006524040743954804	0.008580038602804124	1.04127002	42.40452576	0.91282127	0.25596980111233847	0.0314045	6e-05
-0.2033	-0.411	-0.0967	-0.04212875748463913	-0.006536258048718765	0.008183848862601411	1.03740323	42.24705505	0.94811338	0.24707398932529248	0.034087	3e-05
-0.2056	-0.4894	-0.1761	-0.04328591077871137	-0.0063896503915512395	0.008210028801381325	1.00551903	40.94860458	0.9372546	0.226597044500984	0.0373875	6e-05
-0.213	-0.5417	-0.1709	-0.04307821659772404	-0.006646213791594407	0.008051203839449843	0.97381485	39.65748978	0.82114694	0.09605412714809898	0.0410283	4e-05
-0.2089	-0.4214	-0.1738	-0.04292811828205253	-0.006558947328994691	0.008058185156457818	0.90514827	36.86112213	0.84264883	0.13951730476396007	0.0315469	1e-05
-0.1722	-0.3704	-0.1953	-0.04268202685752133	-0.00598647933434055	0.008243190057169218	0.92425215	37.63910675	0.87336054	0.15937821599483695	0.0301825	1e-05
-0.2528	-0.3045	-0.2544	-0.04990594463152585	-0.008386307055832754	0.006829473363053811	1.48663771	60.54161072	1.32736431	0.7574731094806068	0.0457563	0.00019
-0.1995	-0.2981	-0.1711	-0.04823391920811529	-0.006729989595690135	0.007501425125071628	1.17185318	47.72237396	1.11522157	0.34301473227855006	0.0297179	1e-05
-0.2173	-0.2422	-0.1693	-0.047017424719475245	-0.006951646410693414	0.0074403386012518264	1.01125252	41.18209839	0.85423961	0.1504618913731562	0.0246825	3e-05
-0.2212	-0.2511	-0.1742	-0.046321038347929507	-0.0071087260433729035	0.007379252077432025	0.90182626	36.72583771	0.82285329	0.06342762640225147	0.0240971	0.0
-0.221	-0.4032	-0.1985	-0.04643797540781312	-0.007045894190301109	0.00742113997947989	0.9590047	39.05436325	0.87947324	0.18768284075016375	0.0342932	5e-05
-0.224	-0.3915	-0.2412	-0.046718973417384214	-0.007115707360380881	0.007454301235267781	0.872805	35.54397964	0.82480714	0.07659862177193774	0.0350283	0.0
-0.1987	-0.2339	-0.1938	-0.04722162824195858	-0.006485643500410928	0.007948229413582178	0.98054653	39.93162918	0.91807428	0.3116323431429358	0.0264076	2e-05
-0.1688	-0.1981	-0.2257	-0.0453087473817728	-0.0058974675424888386	0.00847706417693646	1.147838	46.74438095	0.98298332	0.24909457907310767	0.0250915	7e-05
-0.2155	-0.4187	-0.2497	-0.045617670659375796	-0.006789330790257941	0.007044148861049114	1.17981899	48.046772	1.01795736	0.4229850920629724	0.0357572	2e-05
-0.2036	-0.4451	-0.2037	-0.04584456346213506	-0.006633996486830446	0.007209955139988575	0.88931382	36.21628189	0.8396925	0.11170166925631084	0.0362388	1e-05
-0.2221	-0.4062	-0.1751	-0.045394268515120524	-0.006927211801165493	0.007143632628412791	0.95410067	38.8546524	0.83256143	0.1264916386462682	0.0325925	1e-05
-0.2393	-0.3076	-0.1738	-0.04472929807011068	-0.007237880408020484	0.0070685834705770355	0.9950574	40.52256775	0.84628007	0.16963441048502947	0.0262317	1e-05
-0.2414	-0.4289	-0.1807	-0.044814819203458395	-0.0072570790297924225	0.0069307024596694826	1.01381516	41.28645706	0.85095619	0.14243003830136022	0.0339252	2e-05
-0.2441	-0.4527	-0.1611	-0.04495793620212193	-0.0072623150175484055	0.006894050545377602	0.87574154	35.66356659	0.82536949	0.0553502450355698	0.0359526	1e-05
-0.2468	-0.3852	-0.1693	-0.0449998241041698	-0.007215191127744558	0.006949901081441421	0.89427149	36.41817856	0.82476321	0.08564311639577686	0.0306826	0.0
-0.2414	-0.2803	-0.174	-0.04475547800889059	-0.007075564787585011	0.00700226095900125	0.97166806	39.57006454	0.85016802	0.1368166156499291	0.0251706	1e-05
-0.2478	-0.4375	-0.1978	-0.04486892441027023	-0.007251843042036439	0.00696211838620538	0.98403025	40.07350159	0.87980202	0.20389336143134687	0.0344794	0.0
-0.2477	-0.4458	-0.2235	-0.044783403276922505	-0.007201228493728604	0.006993534312741278	0.8551327	34.82429504	0.80933313	0.04247758040957296	0.035867	1e-05
-0.2579	-0.3763	-0.2316	-0.04437848689045982	-0.007459537223023765	0.006881833240613641	0.86784887	35.34214783	0.82115077	0.1265463093942742	0.0309868	0.0
-0.2622	-0.2766	-0.2161	-0.04416206606321252	-0.007351326809400116	0.006878342582109652	0.89967471	36.63821793	0.83236812	0.1359060949687469	0.0257238	2e-05
-0.2778	-0.3525	-0.3018	-0.04256159913913372	-0.007625343501963226	0.006997024971245267	0.95539504	38.90736389	0.87907988	0.27685830028887626	0.0324405	1e-05
-0.198	-0.2239	-0.4219	-0.043806018895805675	-0.00538957673015849	0.008353145800044861	1.16819489	47.57339478	1.01088365	0.5703153678638144	0.033423	0.0
-0.1932	-0.0581	-0.3675	-0.04451113191361139	-0.005654866776461627	0.008475318847684463	1.06143045	43.22553253	0.89944311	0.27962880558742276	0.0285749	1e-05
-0.1845	0.0478	-0.3516	-0.04454080251089529	-0.005469861875750229	0.008604473212332044	1.00268948	40.83337784	0.84933945	0.14769149313214383	0.0293047	1e-05
-0.195	0.0124	-0.3446	-0.04331209071749128	-0.0050125856117277144	0.007949974742834171	1.07524562	43.78813934	0.94892506	0.16992432634621984	0.032345	1e-05
-0.1502	0.1367	-0.0687	-0.044647267595266944	-0.003954916085019151	0.008754571528003558	1.3220669	53.83965302	1.12913513	0.6048721594826809	0.0254796	3e-05
-0.082	0.1607	-0.2274	-0.04383045350533359	-0.0033178709080412204	0.00986809159077594	1.18278301	48.16747665	1.01150131	0.3792689664841831	0.0328069	0.0
-0.1694	-0.4474	0.0437	-0.04453207586463532	-0.006265732014659643	0.007997098632638018	2.18289781	88.89600372	1.79258494	1.2426238212029035	0.0503528	9e-05
-0.1416	-0.5501	-0.1014	-0.04683416514801584	-0.005560618996853934	0.007764969842122772	1.70024574	69.24055481	1.53331656	0.43756655458507376	0.0536504	0.00013
-0.132	-0.3176	-0.2176	-0.049932124570305776	-0.005227261109723017	0.007993607974134028	1.30860412	53.29139709	1.19320221	0.5412977720716056	0.0383799	6e-05
-0.0948	-0.0566	-0.1914	-0.04713959776711484	-0.003824016391119576	0.007840018999958528	1.28639996	52.38716125	1.0954068	0.5418680247984937	0.0232533	2e-05
-0.1827	-0.0355	-0.2187	-0.04829849639043909	-0.005482079180514189	0.006914994496401533	1.07008803	43.57810593	0.96021068	0.3233992958137927	0.0243292	1e-05
-0.1683	-0.0695	-0.1942	-0.04951673620833112	-0.004609414554517024	0.007735299244838868	0.98403871	40.07384491	0.89806825	0.21846045961632665	0.0248086	3e-05
-0.1545	0.065	-0.1808	-0.05027769976220065	-0.004644321139556911	0.008033750546929898	0.93847162	38.2181778	0.85777599	0.2164160720500224	0.0249268	0.0
-0.1562	0.0308	-0.1474	-0.04947659363553525	-0.0051452306348792835	0.008159414253073491	1.02291501	41.65703964	0.85060435	0.14068396640656844	0.022166	2e-05
-0.1619	-0.1244	-0.1945	-0.04821472058634336	-0.005478588522010201	0.008176867545593434	0.97396678	39.66367722	0.87520743	0.2886342114421375	0.0226531	1e-05
-0.1578	-0.2701	-0.2186	-0.0478918346747244	-0.005492551156026155	0.008162904911577479	0.9081586	36.98371506	0.85606913	0.1914405589825432	0.0289676	1e-05
-0.1418	-0.2514	-0.2638	-0.04770159378625702	-0.005679301385989549	0.008210028801381325	0.90282989	36.76670837	0.82366434	0.1011057504117312	0.0297733	0.0
-0.1691	-0.1519	-0.2086	-0.047431067752197895	-0.006215117466351807	0.00788888821901437	0.96617359	39.34630966	0.88092679	0.23837413483941683	0.0236574	1e-05
-0.1513	-0.188	-0.225	-0.04784122012641656	-0.006044075199656362	0.008234463410909247	0.93785304	38.19298553	0.88137785	0.11663849164044945	0.0259655	0.0
-0.1633	-0.3535	-0.0794	-0.04731064003381029	-0.006539748707222752	0.008155923594569502	1.0977056	44.70279694	0.99236946	0.3783396708256204	0.0318125	0.0
-0.1746	-0.379	-0.1639	-0.047183230998414705	-0.006782349473249965	0.007991862644882034	0.88705218	36.12417984	0.85983028	0.14800353755551326	0.0330141	1e-05
-0.1762	-0.2569	-0.1769	-0.046896997001087626	-0.00674395222970609	0.007873180255746421	0.88740534	36.13856125	0.84223137	0.15886568150032832	0.0249268	0.0
-0.1781	-0.2023	-0.2002	-0.046497316602380934	-0.006782349473249965	0.007695156672042999	0.90765053	36.96302414	0.81648889	0.11060506129769944	0.0221021	0.0
-0.1837	-0.308	-0.2145	-0.04613428811796611	-0.006871361265101675	0.007456046564519776	0.93659145	38.14160919	0.82769853	0.1601575191894878	0.0275071	0.0
-0.1731	-0.3574	-0.1865	-0.04593881124174275	-0.0067212629494301625	0.007370525431172054	0.89881182	36.60307693	0.82982019	0.10955481626212994	0.030009	2e-05
-0.1728	-0.2915	-0.1596	-0.04606971093564233	-0.006613052535806515	0.007555530331883452	0.93195868	37.95294571	0.82220225	0.11430575041173129	0.0255345	0.0
-0.1763	-0.2243	-0.1519	-0.04591612196146682	-0.006607816548050532	0.007555530331883452	0.97642857	39.76393127	0.82324769	0.08634124809657448	0.0226126	3e-05
-0.1726	-0.3566	-0.1721	-0.0459841898022946	-0.00662352451131848	0.007536331710111515	0.98463041	40.09794235	0.85255897	0.16134872129338323	0.0291244	0.0
-0.1734	-0.3959	-0.1861	-0.045793948913827216	-0.00661479786505851	0.007487462491055673	0.84505379	34.41384506	0.80089392	0.06649183768915982	0.0318682	2e-05
-0.1742	-0.3426	-0.1776	-0.045392523185868526	-0.006735225583446118	0.007515387759087582	0.8572138	34.90904617	0.8141976	0.0900889357189103	0.028496	1e-05
-0.1862	-0.2368	-0.2244	-0.04434358030541993	-0.006771877497737999	0.007632324818971204	0.93182892	37.94766235	0.85947543	0.2247265927312048	0.023654	0.0
-0.1894	-0.2154	-0.2082	-0.04375889500600183	-0.006672393730374321	0.007454301235267781	0.90805584	36.97953033	0.8426651	0.08390963252426017	0.0236406	0.0
-0.184	-0.4033	-0.217	-0.04418126468498446	-0.006475171524898962	0.007398450699203962	1.03855777	42.2940712	0.90247908	0.2358721210260905	0.0304223	0.0
-0.1768	-0.3927	-0.1858	-0.04456000113266723	-0.006265732014659643	0.007714355293814937	0.91170019	37.12794113	0.83148807	0.0942040276266532	0.0310297	0.0
-0.1507	-0.1415	-0.2176	-0.047101200523570974	-0.005473352534254217	0.008351400470792867	1.11235249	45.29927826	1.00409817	0.5076312024143549	0.024709	0.0
-0.1501	-0.157	-0.2358	-0.04628438643363762	-0.005578072289373877	0.008351400470792867	1.05435693	42.9374733	0.85947963	0.0803766922526506	0.0237413	6e-05
-0.1068	-0.2116	-0.1193	-0.04568224784169958	-0.0051173053668473745	0.008272860654453122	1.15630317	47.08911896	0.96377839	0.2714722665402145	0.0263643	4e-05
-0.0834	0.2067	0.1752	-0.04354596483725852	-0.004687954370856769	0.008475318847684463	1.75601602	71.51173401	1.4746754	0.8746046096831502	0.041019	7e-05
-0.1143	0.1708	0.1272	-0.04327718413245139	-0.005667084081225588	0.008738863564735608	1.03203285	42.02835083	0.95343129	0.19037275661135444	0.0361981	0.00015
-0.1205	0.0188	0.0162	-0.03785619147575701	-0.006028367236388414	0.008672541053159824	1.32346225	53.89647675	1.16705092	0.5616299161716498	0.0521137	0.00094
-0.0293	-0.0199	-0.0917	-0.047132616450106864	-0.0033318335420571745	0.00949808178935314	2.08606124	84.95244598	1.74876371	0.8777249702437206	0.0367001	0.00019
-0.0618	0.0515	0.0241	-0.04759512870188536	-0.003193952531149623	0.008604473212332044	1.23884654	50.45059967	1.17115948	0.2944000919853574	0.025784	1e-05
-0.0356	0.1058	0.1281	-0.048404961474810736	-0.0026563911215353696	0.008686503687175778	1.04653215	42.61882019	0.97635398	0.255971232869168	0.032943	0.0
-0.0611	0.1305	-0.1243	-0.04932125933210776	-0.0037053340019839614	0.008250171374177195	1.31409407	53.51496887	1.13377044	0.42267865253720976	0.0298744	3e-05
-0.0937	0.3799	-0.1745	-0.04822868322035931	-0.004338888520457902	0.007984881327874059	1.18633556	48.31215286	1.06091194	0.4317710338262764	0.0369588	2e-05
-0.0681	0.3885	-0.1761	-0.04597371782678264	-0.0037594392087957856	0.008276351312957111	1.0131222	41.25823593	0.87877609	0.19209423451609192	0.0406755	4e-05
-0.0061	0.2651	-0.1156	-0.045793948913827216	-0.002398082392240209	0.008913396489935041	1.07811081	43.9048233	0.92961485	0.3548085453244465	0.0345452	4e-05
-0.0277	0.2994	-0.1508	-0.0456752665246916	-0.00277332818141899	0.0087109382967037	0.93859482	38.22319412	0.85493432	0.12591931857728683	0.036347	1e-05
-0.0605	0.3669	-0.1554	-0.04539950450287649	-0.0036180675393842456	0.00873188224772763	0.91028833	37.07044601	0.86379366	0.1619722665402149	0.0424559	6e-05
-0.1017	0.1701	-0.1817	-0.04655142180919275	-0.004529129408925285	0.00840550567760469	1.2175585	49.58366776	0.97718371	0.3837677872990119	0.0303659	0.00021
-0.202	0.1121	-0.2516	-0.048254863159139225	-0.006380923745291268	0.006536258048718765	1.20131934	48.92234802	0.9976449	0.4994241657599191	0.0312282	6e-05
-0.1748	0.0496	-0.1714	-0.04815537939177554	-0.005525712411814047	0.00715584993317675	1.02287185	41.65528107	0.9104168	0.24861434926494447	0.0281512	0.00016
-0.1809	0.0937	-0.1321	-0.04868072349662584	-0.005569345643113905	0.007260569688296411	0.91981548	37.45842743	0.86432161	0.1231848545634909	0.0280451	0.0002
-0.1832	0.2671	-0.1056	-0.04815537939177554	-0.005651376117957638	0.007351326809400116	1.00972378	41.11983871	0.90423503	0.23710658503988688	0.0352935	0.00019
-0.1586	0.1184	-0.0967	-0.047272242790266414	-0.0049898963314517885	0.007532841051607526	1.05856371	43.10879135	0.90869642	0.2685065315111193	0.0322642	0.00046
-0.1474	0.2481	-0.1129	-0.047195448303178664	-0.004483750848373432	0.007908086840786307	1.2043004	49.04375076	0.91423559	0.20500928796724432	0.0362575	0.0003
-0.1763	0.2918	-0.1267	-0.0469685555004194	-0.005064945489287545	0.007349581480148122	0.99564856	40.5466423	0.85316286	0.154729640215578	0.0384167	0.0003
-0.2063	0.2319	-0.1028	-0.046802749221479936	-0.0054052846934264384	0.00693768377667746	0.92238146	37.56292343	0.84341716	0.15970215932745108	0.0333194	0.00029
-0.2236	0.3082	-0.1136	-0.04601560572883049	-0.0052726396702748686	0.006918485154905522	0.91456652	37.24467087	0.83378816	0.1513493568786477	0.0374834	0.00023
-0.2306	0.3217	-0.0731	-0.04580442088933919	-0.005345943498858631	0.007010987605261222	0.85325789	34.74794769	0.82577687	0.07984955592153811	0.03692	0.00019
-0.2246	0.2838	-0.0805	-0.04543266575866439	-0.0051731559029111925	0.006984807666481306	0.82092112	33.43106842	0.81016359	0.07983613327010766	0.0353492	0.00014
-0.2215	0.1931	-0.0512	-0.04582536484036311	-0.005082398781807488	0.007072074129081023	0.85796618	34.93968582	0.83584964	0.1516361332701071	0.0279822	6e-05
-0.2049	0.1874	-0.053	-0.045937065912490756	-0.004745550236172582	0.007353072138652111	0.82332051	33.52878189	0.81410253	0.06057738136668183	0.026298	5e-05
-0.1978	0.1345	-0.0622	-0.045926593936978795	-0.004689699700108763	0.007501425125071628	0.89171022	36.31387329	0.82725279	0.07993377489976486	0.023661	1e-05
-0.185	0.1193	-0.0626	-0.045415212466144446	-0.0042655846918741415	0.00738099740668402	0.88994581	36.24201965	0.81951109	0.08119620987282894	0.0246325	1e-05
-0.1752	0.0935	-0.046	-0.045945792558750725	-0.003925245487735247	0.007637560806727187	0.86127418	35.07440186	0.81603521	0.10857413483941704	0.0224077	3e-05
-0.1468	0.2407	-0.0381	-0.046259951824109705	-0.003926990816987242	0.0080948370707497	0.93815446	38.20526123	0.87965254	0.22215904293167435	0.0294982	4e-05
-0.0783	0.2037	-0.0715	-0.04472929807011068	-0.0031974431896536117	0.008206538142877338	1.04310179	42.47912216	0.91515044	0.2574951226730145	0.0343031	8e-05
-0.0188	0.0473	-0.1739	-0.0446594849000309	-0.0024172810140121463	0.008504989444968369	1.07154572	43.63746643	0.99957177	0.37572133239061367	0.0304199	3e-05
-0.0379	0.3117	-0.1373	-0.04604353099686241	-0.0031695179216217023	0.008044222522441864	1.080351	43.99605179	1.00843656	0.4499524963483784	0.038251	5e-05
-0.0253	0.1732	-0.0859	-0.045643850598155705	-0.002858849314766712	0.008506734774220362	1.10700262	45.08140945	0.95904549	0.26114306286700967	0.0322999	4e-05
-0.0446	0.0526	-0.1123	-0.042957788879336434	-0.0028152160834668534	0.008902924514423075	1.10222435	44.88682175	1.00391787	0.3225942345160922	0.0312418	3e-05
-0.0621	0.1429	-0.0986	-0.043177700365087716	-0.003413864016900908	0.008817403381075353	0.94148207	38.34077454	0.91099082	0.16670402762665298	0.0306572	2e-05
-0.0621	-0.01	-0.0459	-0.04189313803561989	-0.0032498030672134413	0.008679522370167801	0.98871493	40.26427841	0.89472756	0.2849252145031422	0.0314367	0.0
-0.0926	0.2396	-0.1215	-0.04243768076224213	-0.004258603374866164	0.00731292956585624	1.0948168	44.58515549	1.02022886	0.501696791929326	0.0365087	1e-05
-0.0568	0.1527	-0.1132	-0.04334699730253117	-0.003300417615521277	0.008058185156457818	0.91505551	37.26458359	0.88456816	0.2616378945117754	0.032017	4e-05
-0.0831	0.1187	-0.1367	-0.043104396536503956	-0.003134611336581816	0.00878424212528746	0.96530628	39.31098938	0.92910003	0.140523200689816	0.0335307	6e-05
-0.0714	0.0817	-0.0484	-0.04551644156276012	-0.002331759880664424	0.010520844731021817	1.22654355	49.94957352	1.07960656	0.3845749543953957	0.0350384	0.00014
-0.1174	0.2634	-0.0295	-0.04184950480432004	-0.0025865779514555962	0.008429940287132611	1.54581666	62.95160675	1.23324648	0.5472329636560233	0.0445004	0.00029
-0.0306	0.3169	-0.0725	-0.035972981212855124	-0.0012950343049797925	0.008271115325201127	1.47462821	60.05253601	1.30420917	0.5496446099936101	0.0740461	0.00204
-0.0565	0.1184	0.017	-0.04051083726804038	-0.0013840460968315032	0.009325294193405703	1.33579051	54.39853287	1.20641736	0.5979523357620773	0.0451533	8e-05
-0.1361	0.1654	0.0905	-0.04148647631990521	-0.0029565877528783943	0.009248499706317952	1.03851855	42.29247284	0.94753291	0.3313487597499733	0.0396859	1e-05
-0.1662	0.133	0.0117	-0.040811033899383405	-0.003675663404700058	0.008569566627292158	0.95530754	38.90380096	0.85347866	0.24497255756846303	0.036713	3e-05
-0.1603	0.0193	0.0238	-0.04097160419056689	-0.003371976114853045	0.008326965861264947	0.92005819	37.46831131	0.85332887	0.1670429173528855	0.0336952	7e-05
-0.194	0.1045	0.0643	-0.04143237111309339	-0.004019493267342941	0.007946484084330182	0.8843751	36.01515961	0.84104113	0.2338382925975581	0.0345499	2e-05
-0.2416	0.2023	0.0334	-0.04193153527916376	-0.004686209041604775	0.0070912727508529606	0.87662792	35.69966507	0.85124182	0.2773545636904713	0.035002	6e-05
-0.2309	0.2307	0.0408	-0.04176398367097231	-0.004424409653805625	0.0071715578964447	0.82449633	33.57666397	0.80759082	0.07198180707911701	0.0368079	3e-05
-0.243	0.2771	0.0577	-0.04223347723975878	-0.004523893421169302	0.006995279641993272	0.82483959	33.59064484	0.80276714	0.1126627795300788	0.038305	8e-05
-0.2509	0.295	0.0583	-0.0421357388016471	-0.004525638750421296	0.006852162643329738	0.86192775	35.101017	0.80737674	0.03853003830136033	0.0407888	8e-05
-0.2352	0.2759	0.0687	-0.04228583711731861	-0.004159119607502487	0.007049384848805097	0.87126935	35.4814415	0.81513211	0.08089198320328397	0.0391113	0.0001
-0.2237	0.2262	0.0647	-0.04207814293633128	-0.0038327430373795474	0.00721170046924057	0.92637157	37.72541809	0.82008918	0.10001931857728708	0.0372033	9e-05
-0.1791	0.1814	0.0759	-0.04221253328873486	-0.0030211649352021846	0.00752236907609556	0.91940415	37.44167709	0.83957892	0.16343185307179647	0.035919	6e-05
-0.1506	0.2484	0.0854	-0.041484730990653224	-0.002333505209916419	0.007911577499290294	0.92240441	37.56385803	0.85542944	0.1952335223281068	0.0438845	6e-05
-0.1575	0.1477	0.0785	-0.041571997453252935	-0.0026145032194875057	0.007728317927830892	0.91523743	37.27199173	0.8511941	0.14207620218151	0.0367601	5e-05
-0.1633	0.0746	0.0877	-0.04165402792809667	-0.002665117767795341	0.007723081940074907	0.89332849	36.379776	0.81309186	0.09499405054537789	0.0342281	2e-05
-0.1737	0.1006	0.0569	-0.04161563068455279	-0.0032934362985133003	0.007796385768658669	0.86577141	35.25754547	0.80638718	0.10420098014228012	0.0339496	2e-05
-0.1729	0.1487	0.0922	-0.0413049620776978	-0.003106686068549906	0.007621852843459237	0.92402929	37.63003159	0.81620812	0.11779758810089085	0.0374035	2e-05
-0.17	0.1902	0.1089	-0.04097160419056689	-0.003038618227722128	0.007579964941411373	0.84102041	34.24958801	0.81077768	0.08326568150032755	0.0413404	6e-05
-0.177	0.2728	0.1302	-0.04127180082190991	-0.0031311206780778272	0.007663740745507101	0.86497557	35.2251358	0.81978661	0.1347237442897224	0.0464214	7e-05
-0.1726	0.3203	0.1149	-0.040489893317016454	-0.0031799898971336684	0.007742280561846846	0.86621058	35.27542877	0.82562219	0.1126658270144522	0.0519345	0.00013
-0.1738	0.1589	0.1072	-0.04071853144902771	-0.003162536604613725	0.007525859734599549	0.92225528	37.55778503	0.87628304	0.19342561258892493	0.0422682	3e-05
-0.1687	0.2291	0.1387	-0.041186279688562186	-0.0029059732045705585	0.007567747636647412	0.84049487	34.22818756	0.82760067	0.14510997708127513	0.0452074	9e-05
-0.0826	0.3407	0.178	-0.04070282348575976	-0.0013404128655316449	0.008456120225912526	0.96695185	39.37800217	0.93527556	0.3838694565553228	0.0595906	0.00031
-0.0162	0.1769	0.1451	-0.042025783058771464	0.00022340214425527416	0.00879995008855541	1.07802618	43.90137482	1.02392098	0.4246302222720754	0.0483232	6e-05
-0.0534	0.1874	0.2494	-0.04421966192852833	-0.0006213372137099814	0.008595746566072072	1.05661392	43.02938843	0.98094396	0.31414108751027303	0.0477325	6e-05
0.045	0.313	0.3492	-0.04581663819410315	0.0008325220532012951	0.010435323597674096	1.08181655	44.05573654	1.01791348	0.568320628204406	0.065617	0.00058
0.0221	0.016	0.4497	-0.050179961324088966	8.028514559173915e-05	0.009805259737704143	1.48370802	60.42230225	1.25522023	0.7076811948782662	0.0629958	0.00042
-0.06	0.0326	0.043	-0.050869366378626726	-0.0024120450262561633	0.008339183166028906	1.78630984	72.74541473	1.4559911	0.7377905899030449	0.0396984	0.0001
-0.0842	0.2832	-0.1456	-0.04824613651287925	-0.0030508355324860886	0.008229227423153265	1.62465274	66.162117	1.35175591	0.6319988057426522	0.0331104	5e-05
-0.2264	0.4491	0.3379	-0.05221152457341036	-0.005166174585903216	0.006658431096358368	1.7372328	70.74681091	1.47075032	1.174176172037157	0.0571745	0.00068
-0.2061	0.4887	0.5764	-0.05342278307429443	-0.004077089132658754	0.006890559886873613	1.35466635	55.1672287	1.11232966	0.4250236372321889	0.0771005	0.00191
-0.0632	0.3503	0.6151	-0.05000891905739352	-0.0014590952546672592	0.008641125126623924	1.21111929	49.32144165	1.13829474	0.7091211567321359	0.0842136	0.0012
-0.0082	0.3032	0.6002	-0.048551569131978264	-0.0002897246558310587	0.009491100472345164	1.20397854	49.03063965	1.08482078	0.2908347934986347	0.0810494	0.00063
-0.0529	0.1257	0.427	-0.04923050221100405	-0.0009826203688728075	0.008929104453202991	1.16467035	47.42986298	1.06775205	0.49209124056048525	0.0540199	6e-05
-0.1478	-0.1435	0.6097	-0.05015901737306503	-0.0035203291012725624	0.007936012108818216	1.37506485	55.99793625	1.21289603	0.7697658119422756	0.0802515	0.00029
-0.2163	-0.0656	0.7388	-0.04814316208701158	-0.004431390970813603	0.007216936456996553	1.27821028	52.05364227	1.19439504	0.4577996403708076	0.0975634	0.00089
-0.1249	0.2043	0.8199	-0.05088332901264268	-0.0029373891311064567	0.007330382858376183	1.26912057	51.68347549	1.19975445	0.6597807583358936	0.104307	0.00299
-0.1438	0.1533	0.6857	-0.051736795016867905	-0.0032916909692613052	0.007339109504636156	1.09543645	44.61038971	1.04816937	0.2649247244320025	0.0821333	0.0013
-0.2195	0.1108	0.5163	-0.05199335841691108	-0.004797910113732411	0.006597344572538566	1.16377234	47.39329147	1.02250429	0.4128273738305934	0.0619622	0.00057
-0.1652	0.1118	0.4622	-0.05079431722079097	-0.0038449603421435077	0.007367034772668065	1.09241319	44.48727036	0.89719859	0.2554840583919257	0.0549163	0.00017
-0.2004	0.2678	0.4612	-0.050220103896884846	-0.0043703044469938016	0.007321656212116212	1.05398726	42.9224205	0.89654241	0.24944679946541332	0.0566076	0.00032
-0.1822	0.4108	0.4046	-0.04924970083277599	-0.003897320219703338	0.007876670914250409	1.02370846	41.68935013	0.92987026	0.317720099676676	0.058419	0.00027
-0.2007	0.3571	0.3548	-0.048411942791818714	-0.004071853144902771	0.00782082037818659	0.92112184	37.5116272	0.85597313	0.1754070751110262	0.0510424	0.00018
-0.2201	0.1998	0.3665	-0.04862661828981401	-0.004396484385773717	0.007792895110154682	0.94676012	38.55571747	0.88989208	0.2167616003449075	0.0454082	7e-05
-0.2342	0.178	0.3686	-0.04816061537953153	-0.004583234615737109	0.007670722062515079	0.99083108	40.35045624	0.80338907	0.07674630939427386	0.0454326	6e-05
-0.244	0.1738	0.383	-0.048247881842131246	-0.004782202150464463	0.0076393061359791795	0.85872006	34.97038651	0.80581127	0.04428249619314856	0.0461343	0.0001
-0.2453	0.213	0.3821	-0.04789881599173238	-0.004879940588576145	0.007602654221687299	0.88007665	35.84011078	0.80809181	0.06557281014012137	0.0478062	6e-05
-0.2411	0.2553	0.378	-0.047588147384877384	-0.0049131018443640375	0.007586946258419349	0.82595611	33.63611221	0.80876889	0.06857689129554195	0.0489217	4e-05
-0.2422	0.1502	0.365	-0.04731238536306229	-0.00493055513688398	0.007543313027119492	0.86875796	35.37916946	0.83969225	0.13604242728174487	0.0455765	4e-05
-0.2408	0.1415	0.3904	-0.047928486589016286	-0.00463559449329694	0.00757472895365539	0.84507	34.414505	0.82453666	0.08262388980384698	0.0465513	4e-05
-0.2398	0.1448	0.3946	-0.04757767540936542	-0.004433136300065597	0.007637560806727187	0.88049036	35.85695648	0.82194667	0.03930506129770008	0.0480582	3e-05
-0.2461	0.2154	0.3733	-0.046474627322105	-0.00481710873550435	0.008396779031344719	1.00515282	40.93369293	0.91937155	0.21051193736583537	0.0528168	8e-05
-0.2266	-0.0013	0.2618	-0.0441062155271487	-0.00478918346747244	0.009297368925373792	1.20108724	48.9128952	1.12555326	0.5125463478508644	0.0466527	0.00035
-0.1682	-0.1183	0.4023	-0.04473627938711866	-0.0032864549815053226	0.009269443657341885	1.11819541	45.53722382	0.99839732	0.4239358806984495	0.0598176	0.00063
-0.2211	-0.0656	0.469	-0.04439419485372777	-0.0039514254265151615	0.009166469231474218	1.12740421	45.91223907	1.00460721	0.22780147021341987	0.063591	0.00021
-0.1785	-0.0921	0.3575	-0.04563337862264373	-0.004471533543609472	0.009985028650659561	1.16171312	47.30942917	1.07175052	0.30949256525978086	0.0498915	0.00013
-0.0513	0.0752	0.2932	-0.04297524217185637	-0.0030508355324860886	0.011442378576074823	1.22422326	49.85508347	1.11976998	0.6356092193663	0.0538952	0.0002
0.0769	-0.0132	0.5483	-0.04459141705920312	-0.0012863076587198209	0.011185815176031658	1.31806207	53.67656326	1.16447477	0.6535633080578092	0.0836334	0.00052
0.0934	-0.102	0.4681	-0.04202752838802345	-0.0008098327729253688	0.012330751165339939	1.10848415	45.14174271	1.03413864	0.3947649773141204	0.0831531	0.0009
0.0137	-0.0756	0.3604	-0.04077438198509152	-0.0008552113334772215	0.011053170152880088	1.02023447	41.54787445	0.98076622	0.34260529879718155	0.0707121	0.00037
-0.0956	0.157	0.3367	-0.0417674743294763	-0.0026057765732275338	0.009796533091444171	1.11591518	45.44436264	1.04055904	0.5656147322785504	0.0610474	0.00015
-0.1052	0.0213	0.3636	-0.04242546345747816	-0.0026110125609835172	0.010021680564951441	1.00535023	40.9417305	0.88041421	0.2166186294632558	0.0584247	4e-05
-0.1204	-0.0462	0.3958	-0.04283387050244484	-0.002846632010002751	0.010115928344559134	1.04817939	42.68590164	0.82525211	0.1518137136796801	0.0600678	7e-05
-0.1281	-0.0105	0.408	-0.042874013075240705	-0.002895501229058593	0.010260790672474662	0.846865	34.48760223	0.80661507	0.06729370598836174	0.0612065	6e-05
-0.1285	0.0455	0.4341	-0.043065999292960074	-0.0027628562059070234	0.010410888988146176	0.86401421	35.18598557	0.81411764	0.10623647782712264	0.0640274	0.0001
-0.1373	-0.0017	0.4107	-0.043167228389575756	-0.002939134460358451	0.010314895879286487	0.90552551	36.87648392	0.81315618	0.09807502299633993	0.0611919	8e-05
-0.1338	-0.0282	0.4366	-0.04365068459237818	-0.003077015471266003	0.010451031560942046	0.87398481	35.59202576	0.81762165	0.09377364476827693	0.0624977	7e-05
-0.1604	0.1958	0.7124	-0.04983438613219409	-0.0035883969421003415	0.009990264638415541	1.43382406	58.39083481	1.3761159	0.8841924966588375	0.0937886	0.00367
-0.1286	0.3382	0.9226	-0.05267054616668487	-0.003005456971934235	0.009628981483252716	1.47404063	60.02861023	1.39307124	0.5734191579909858	0.123722	0.00793
-0.1683	-0.2766	0.8644	-0.04971046775530249	-0.00436157780073383	0.009239773060057981	1.71150279	69.69898224	1.60727252	0.9479703831688359	0.125342	0.00348
-0.1106	-0.2575	0.5142	-0.04867723283812185	-0.0022636920398366456	0.00907047612261453	1.54064536	62.74101257	1.39097267	0.5920208807760635	0.0771083	0.00038
-0.1455	-0.1111	0.4373	-0.049495792257307186	-0.002050761871093337	0.008773770149775494	1.29749703	52.83907318	1.1838366	0.32460977803838403	0.0578543	6e-05
-0.1408	-0.0114	0.6409	-0.048795915227257465	-0.0019757127132575807	0.008648106443631903	1.17643952	47.90914917	1.07162173	0.35302949470145345	0.078003	0.00031
-0.1354	-0.3817	0.7347	-0.049434705733487384	-0.0032847096522533284	0.008250171374177195	1.34986162	54.97156143	1.21710005	0.5867861257340188	0.10847	0.00116
-0.1133	-0.4821	0.8089	-0.05361651462126581	-0.003649483465920143	0.008548622676268226	1.21088052	49.31171799	1.08821681	0.4389517001768133	0.13144	0.00445
-0.1135	-0.1501	0.6511	-0.052260393792466206	-0.0030979594222899347	0.008600982553828056	1.60869408	65.51221466	1.40644158	0.5880002374994819	0.0923204	0.00193
-0.1174	0.2181	0.652	-0.0526024783258571	-0.0027419122548830916	0.008494517469456403	1.44025815	58.65285873	1.27992217	0.4132298392584696	0.0778388	0.00132
-0.1391	0.0661	0.6017	-0.05195321584411521	-0.0031764992386296795	0.00829205927622506	0.92532939	37.68297577	0.90166507	0.28831538293599085	0.0711204	0.00062
-0.1348	0.0653	0.59	-0.05166349118828416	-0.0030595621787460597	0.008363617775556827	0.83454943	33.98606491	0.81421218	0.04071101075232216	0.0697895	0.00051
-0.1505	0.0919	0.6022	-0.05143485305627289	-0.003160791275361731	0.008379325738824776	0.83017415	33.80788803	0.81023728	0.07177875959474427	0.0708538	0.00051
-0.1885	0.0995	0.5969	-0.05085191308610679	-0.003946189438759179	0.008007570608149984	0.89015573	36.25056839	0.82037369	0.13790466321191724	0.0699731	0.00042
-0.1926	0.1644	0.5514	-0.05031260634724054	-0.003565707661824415	0.007738789903342857	0.93524051	38.08659363	0.83953854	0.17392846103040696	0.0642538	0.00032
-0.1943	0.1282	0.4724	-0.048940777555172996	-0.0035150931135165793	0.007566002307395418	1.03617048	42.19684982	0.87901386	0.19666154681614087	0.0554515	0.00017
-0.1623	0.0184	0.549	-0.04811349148972768	-0.0028326693759867967	0.008122762338781609	1.127231	45.9051857	0.96786137	0.32172349171806436	0.0674813	0.00011
-0.0993	0.059	0.7038	-0.04991641660703782	-0.0013997540600994523	0.009780825128176223	1.07889199	43.93663788	1.0249522	0.5030951611296047	0.0893354	0.00096
-0.0734	0.0162	0.3712	-0.04766668720121713	-0.0016667894356545846	0.010735520229017121	1.35752273	55.28355026	1.20953399	0.5748729941108359	0.0534792	6e-05
-0.1026	-0.1048	0.3159	-0.04907865856608054	-0.0022497294058206906	0.00952251639888106	1.11127353	45.25533676	1.00104511	0.36589575825827875	0.0450681	9e-05
-0.0311	-0.1004	0.3706	-0.050722758721459205	-0.000874409955249159	0.010388199707870248	0.9929626	40.43725967	0.94416668	0.3248551457469692	0.0561469	0.00016
-0.0377	0.0234	0.3885	-0.051260320131073456	-0.0007609635538695277	0.010454522219446033	0.98872083	40.26451874	0.87014467	0.18416651612848345	0.0535597	0.00016
-0.0668	0.1002	0.4199	-0.050399872809840256	-0.0013945180723434693	0.01019097750239489	0.98663968	40.17976761	0.86498301	0.22517732783791425	0.053357	0.00019
-0.0809	-0.0131	0.4034	-0.050017645703653496	-0.0016039575825827887	0.009906488834319814	1.00389528	40.88248062	0.86216392	0.18770776422505775	0.0518126	4e-05
-0.0819	-0.0681	0.4306	-0.0508152611718149	-0.0015254177662430443	0.00990474350506782	0.87200963	35.51158905	0.83534177	0.1270950306876573	0.0571342	0.00016
-0.0443	-0.0244	0.4825	-0.05091649026843058	-0.0008342673824532895	0.01040041701263421	0.90537429	36.870327	0.86528786	0.19760264939859096	0.0639756	0.00034
0.0033	0.0237	0.4968	-0.05006826025196134	5.235987755982988e-06	0.011105530030439919	0.99244362	40.41612625	0.91640311	0.2296423202242112	0.066249	0.00044
0.0315	-0.1119	0.416	-0.051481976946076737	0.00035430183815484887	0.010459758207202017	1.08051372	44.00267792	0.99506103	0.3650277183876084	0.0646641	0.00056
0.0676	-0.0113	0.5818	-0.053042301297359665	0.00023911010752322313	0.010555751316061705	1.06629765	43.4237442	0.98059163	0.391075459538712	0.0811966	0.00183
0.1025	0.1641	0.7288	-0.05297772411503588	0.000307177948351002	0.010208430794914833	1.06447864	43.3496666	1.00060492	0.38129827721492177	0.0974635	0.00387
0.026	0.124	0.6924	-0.052480305278217496	-0.0008709192967451704	0.009546951008408983	0.93199605	37.95446777	0.9201472	0.26984979342102033	0.0884163	0.00255
-0.0374	-0.4154	0.9834	-0.05079431722079097	-0.001947787445225672	0.009416051314509406	1.80207622	73.38748169	1.60839127	1.0384877949903304	0.154838	0.00724
-0.1483	-0.2584	0.7842	-0.05237907618160183	-0.003522074430524557	0.00872315560146766	1.41176522	57.49251556	1.2480242	0.6596970829575746	0.111472	0.00242
-0.2255	-0.0495	0.6778	-0.052553609106801256	-0.004412192349041665	0.007878416243502403	1.11580479	45.43986511	1.03585068	0.4879695100840898	0.0849849	0.00116
-0.2029	0.0546	0.615	-0.05178566423592375	-0.004221951460574283	0.008197811496617366	0.9820298	39.99203491	0.88020256	0.25337905062299265	0.0720014	0.00072
-0.1965	-0.1059	0.5511	-0.051331878630405225	-0.0040282199136029125	0.008161159582325484	1.04276478	42.46539688	0.88119802	0.26500845333908873	0.0692509	0.00023
-0.2067	-0.0292	0.5341	-0.050967104816738405	-0.004214970143566306	0.008066911802717791	0.90885985	37.01227188	0.82274655	0.1361885911618953	0.0639034	0.00029
-0.215	0.0956	0.5324	-0.050773373269767046	-0.0042324234360862495	0.007995353303386023	0.99498063	40.51944351	0.84479958	0.1489371669411536	0.0610342	0.00033
-0.2239	0.0919	0.5195	-0.05035100359078441	-0.004375540434749784	0.007834783012202546	0.89715981	36.53580093	0.81776555	0.06180284844148223	0.059221	0.00032
-0.2237	-0.0077	0.5228	-0.05092870757319454	-0.004251622057858187	0.007932521450314228	0.93452597	38.05749512	0.84157269	0.14306803987067024	0.0612004	0.0002
-0.1691	-0.0693	0.6807	-0.051468014312060786	-0.003413864016900908	0.007618362184955248	1.02788901	41.85959625	0.97744172	0.35866120225912534	0.0845538	0.0007
-0.185	0.0299	0.7096	-0.05162334861548828	-0.004045673206122856	0.00765152344074314	0.93143833	37.93175507	0.89313073	0.18501523742186657	0.0849044	0.00111
-0.183	-0.1024	0.6531	-0.051586696701196394	-0.003932226804743224	0.007827801695194567	0.91578299	37.29420853	0.88254554	0.20711882850614716	0.0809425	0.00066
-0.1945	-0.2226	0.6508	-0.0517385403461199	-0.00411199571769864	0.007845254987714512	0.97374421	39.65461349	0.84706214	0.15145329251994347	0.0872324	0.00073
-0.2088	-0.1924	0.6395	-0.05163207526174825	-0.004396484385773717	0.007728317927830892	0.95276922	38.8004303	0.80407796	0.08119454061651768	0.0843447	0.00057
-0.2201	-0.1127	0.628	-0.05104389930382616	-0.004579743957233121	0.007682939367279038	0.94040519	38.29692078	0.82065849	0.1433407044966671	0.0782861	0.00051
-0.23	-0.0973	0.6176	-0.050651200222127435	-0.00481710873550435	0.007524114405347554	0.86241502	35.12086105	0.80459805	0.07514444109507197	0.076225	0.00043
-0.2387	-0.1918	0.5384	-0.04979075290089423	-0.005122541354603357	0.007642796794483169	0.87113488	35.47596741	0.84145015	0.24662811647339145	0.0708419	0.00011
-0.2249	-0.0385	0.4929	-0.048656288887097915	-0.004377285764001779	0.007806857744170635	1.04579616	42.5888443	0.92946258	0.31478902770426787	0.0587941	5e-05
-0.1543	-0.1121	0.6345	-0.04685859975754376	-0.003680899392456041	0.008007570608149984	1.31328321	53.48194885	1.15060059	0.4205394182539622	0.0848139	0.00028
-0.0803	-0.3328	0.5696	-0.047738245700548895	-0.002389355745980237	0.008428194957880617	1.33788443	54.4838028	1.19982179	0.48919069696057865	0.0840674	0.00017
-0.119	-0.336	0.5507	-0.04899313743273283	-0.003235840433197487	0.008070402461221779	1.00966918	41.11761475	0.89066956	0.18375844580300107	0.0794696	0.0001
-0.1656	-0.1596	0.5184	-0.049719194401562465	-0.0037315139407638766	0.007724827269326902	0.99727011	40.61267853	0.9284091	0.3336652834145452	0.0651901	0.00014
-0.1821	-0.1163	0.4823	-0.049816932839674144	-0.0039287361462392355	0.007543313027119492	0.92103791	37.50820923	0.87292492	0.11972374428972236	0.0575449	3e-05
-0.161	-0.26	0.5143	-0.05031260634724054	-0.0033911747366249826	0.007796385768658669	0.92656821	37.73342514	0.88498258	0.2611153829359912	0.0702871	0.0001
-0.1272	-0.2809	0.5224	-0.04956386009813497	-0.0030002209841782524	0.008032005217677904	0.85503781	34.82043076	0.83798182	0.13156597252857674	0.0723031	8e-05
-0.12	-0.1899	0.5526	-0.04929682472257983	-0.002928662484846485	0.008194320838113377	0.8823812	35.93395996	0.83920946	0.15344547476611875	0.0706894	7e-05
-0.1113	-0.2151	0.5916	-0.04876973528847754	-0.002930407814098479	0.00805469449795383	0.93969196	38.26787567	0.84313527	0.1063230551756916	0.0764101	0.00012
-0.1279	-0.3995	0.5854	-0.049104838504860464	-0.0032096604944175725	0.007983135998622064	1.01834738	41.47102737	0.90339377	0.24149571980168905	0.0883746	0.00013
-0.1267	-0.3465	0.5667	-0.049000118749740806	-0.0032916909692613052	0.007998843961890012	0.90322912	36.78296661	0.81933631	0.08302290966156704	0.081949	0.00011
-0.1318	-0.104	0.2987	-0.049200831613720145	-0.003178244567881674	0.007869689597242433	1.50073004	61.11550522	1.23443847	0.5377656815003273	0.048979	2e-05
-0.091	0.159	0.0676	-0.05191481860057134	-0.0028728119487826664	0.008906415172927064	1.56543565	63.75056458	1.23197942	0.7377072590817417	0.0340437	0.00015
-0.0828	0.1872	0.4635	-0.05397081645942065	-0.0022951079663725434	0.008857545953871221	1.75244713	71.36639404	1.41151762	0.566428553015764	0.0680921	0.0013
-0.0461	0.1802	0.6814	-0.05301961201708373	-0.001572541656046891	0.009204866475018093	1.33143044	54.22097397	1.17544424	0.3626545636904722	0.0848383	0.0018
-0.0759	0.0653	0.6118	-0.052335442950301965	-0.002361430477948328	0.00880518607631139	0.92741513	37.76791382	0.88829924	0.3079369143694952	0.0740013	0.00085
-0.0446	0.2364	0.4995	-0.05217661798837048	-0.0017610372152622785	0.008899433855919086	1.13346756	46.15916061	1.01912357	0.3573733002112616	0.0647494	0.00069
0.102	0.2258	0.5156	-0.05219407128089042	0.001439896632895322	0.010468484853461989	1.08619416	44.23400879	1.05429555	0.41267190691102207	0.0782095	0.0021
-0.0304	0.0844	0.4608	-0.05342976439130241	-0.0017400932642383465	0.008892452538911109	1.19074249	48.49161911	1.09358003	0.6281857661048271	0.0624432	0.00077
-0.0677	-0.1114	0.4399	-0.05269149011770881	-0.0023474678439323734	0.008738863564735608	0.97449565	39.685215	0.93593473	0.32896189137315646	0.063672	0.00031
-0.0873	-0.0646	0.4349	-0.05221676056116635	-0.002570869988187647	0.008600982553828056	0.85394967	34.77611923	0.83801062	0.1132006355852642	0.0595883	0.00024
-0.1292	0.0723	0.4137	-0.0518921293202954	-0.0032934362985133003	0.008265879337445145	0.96625483	39.349617	0.88019522	0.2691150383789756	0.0517834	0.00016
-0.1603	0.1754	0.4118	-0.051864204052263496	-0.0038536869884034796	0.007880161572754398	0.93473983	38.06620407	0.84971392	0.18479468613064168	0.0502285	0.00017
-0.1624	0.0858	0.3846	-0.05160065933521236	-0.003871140280923423	0.007646287452987157	0.93408108	38.03937912	0.83089181	0.14464360646691607	0.0471942	9e-05
-0.1532	0.0688	0.3946	-0.051646037895764205	-0.004223696789826277	0.007332128187628178	0.87917817	35.8035202	0.81807323	0.071804716740684	0.048896	6e-05
-0.1366	0.0313	0.5643	-0.05239652947412177	-0.004255112716362175	0.006635741816082441	1.06748939	43.47227859	0.98339064	0.29771469382195986	0.0702546	0.0006
-0.0864	-0.5791	0.4896	-0.04366639255564613	-0.0038851029149393774	0.005829399701661061	1.71652925	69.90367889	1.58483328	1.2306244417159906	0.0965531	0.00091
-0.1173	-1.2288	0.3512	-0.03832743037379548	-0.005106833391335408	0.006047565858160352	1.75817204	71.59953308	1.67716985	1.1579429407372983	0.159725	0.01334
-0.1921	-0.9108	0.2654	-0.043648939263126185	-0.00597775268808058	0.006483898171158934	1.33034945	54.17695236	1.28452855	0.8100380249537226	0.107689	0.00237
-0.2156	-0.6382	0.3443	-0.04369606315293003	-0.006037093882648386	0.006359979794267337	1.19375682	48.61437607	1.1125975	0.38651917306316247	0.0803211	0.00021
-0.2095	-0.605	0.3208	-0.04213224814314312	-0.005639158813193679	0.006241297405131722	1.04501021	42.55683899	0.85695061	0.16682162341886164	0.0759277	0.00019
-0.2007	-0.4668	0.2644	-0.04252320189558984	-0.0052115531464550675	0.006820746716793839	1.02709258	41.8271637	0.94365798	0.27330043654237246	0.0593619	0.00012
-0.219	-0.5287	0.492	-0.04456000113266723	-0.005110324049839397	0.007141887299160796	1.39885485	56.96675491	1.26221474	0.4307584458030009	0.0909684	0.00104
-0.1977	-0.7019	0.5949	-0.0419228086329038	-0.005171410573659199	0.006812020070533868	1.28370035	52.27722168	1.17135788	0.4488073126105083	0.119906	0.00198
-0.1725	-0.6842	0.5486	-0.04268377218677333	-0.0049183378321200205	0.006850417314077744	0.9271462	37.75696182	0.86240122	0.14182167694762915	0.109305	0.00114
-0.1791	-0.6242	0.4819	-0.04254589117586577	-0.005049237526019596	0.006653195108602383	0.9223007	37.55963516	0.85836007	0.15660014551412482	0.0940019	0.00056
-0.1747	-0.7664	0.452	-0.04302585672016421	-0.00474904089467657	0.006663667084114349	0.91699761	37.34367371	0.88041582	0.21603170755767148	0.105252	0.00104
-0.1736	-0.743	0.431	-0.042725660088821185	-0.004925319149127998	0.006665412413366345	0.83557504	34.02783203	0.81156441	0.06941101075232231	0.099957	0.00077
-0.1719	-0.6419	0.4902	-0.04283736116094883	-0.0050562188430275734	0.006702064327658226	0.97683233	39.78037262	0.9396019	0.1759626340159549	0.0985	0.00119
-0.1872	-0.8047	0.8161	-0.041884411389359916	-0.005955063407804653	0.0067038096569102205	1.59545159	64.97293091	1.45820899	0.5966769832808992	0.163257	0.01047
-0.0469	-0.6327	0.5245	-0.049253191491279984	-0.0025080381351158514	0.008531169383748283	1.85903811	75.70719147	1.70900234	1.2360582550723467	0.108265	0.00078
-0.0692	-0.5791	0.5595	-0.04720941093719462	-0.003085742117525975	0.008063421144213804	1.01184332	41.20615768	0.95975084	0.26536163880149843	0.100818	0.00035
-0.0848	-0.5667	0.5682	-0.04492652027558604	-0.0035360370645405115	0.007824311036690578	0.92555404	37.69212341	0.87377409	0.18531478580731728	0.100878	0.00031
-0.0925	-0.6207	0.5464	-0.04461934232723504	-0.003560471674068432	0.0076340701482231965	0.89375049	36.39696121	0.82673758	0.10959267231731525	0.102303	0.00035
-0.0911	-0.7709	0.5232	-0.04436976024419984	-0.0036669367584400863	0.007579964941411373	0.95598441	38.93136597	0.87704187	0.1953076187109336	0.116083	0.00104
-0.0852	-0.7028	0.5334	-0.0449980787749178	-0.0034330626386728466	0.007606144880191289	0.97602373	39.74744415	0.82642667	0.12861862946325575	0.10895	0.00063
-0.0889	-0.6218	0.5404	-0.044427356109515655	-0.003490658503988659	0.00753807703936351	0.98134553	39.96416855	0.83996289	0.12651931857728688	0.101075	0.00038
-0.098	-0.739	0.4495	-0.04293160894055652	-0.0037699111843077517	0.007346090821644133	1.03841114	42.28809738	0.90728149	0.31554930334988024	0.102954	0.00069
-0.1667	-0.5861	0.2662	-0.04570842778047949	-0.00507541746479951	0.007213445798492564	1.26112616	51.35791397	1.16746662	0.6156485071783151	0.0692844	9e-05
-0.1881	-0.282	0.2756	-0.04636641690848136	-0.005326744877086694	0.007641051465231174	1.16542244	47.46049118	1.09364932	0.4017461103513832	0.0441297	1e-05
-0.2116	-0.2769	0.2754	-0.04470660878983475	-0.00585732496969297	0.007358308126408092	0.89393687	36.40455246	0.85621931	0.15245657750379854	0.0441582	1e-05
-0.223	-0.4609	0.2591	-0.044341834976167935	-0.006113888369736136	0.006881833240613641	1.06053448	43.18904495	0.90360225	0.2665906049752215	0.0547918	6e-05
-0.1937	-0.5144	0.2542	-0.044299947074120063	-0.005462880558742251	0.007436847942747837	1.06752825	43.47386169	0.83417379	0.1500955207587976	0.0584074	2e-05
-0.1894	-0.5808	0.3006	-0.04447098934081551	-0.0057752944948492365	0.006951646410693414	0.98400611	40.0725174	0.86530392	0.16553288674284275	0.0688511	9e-05
-0.1982	-0.5364	0.3367	-0.04360181537332234	-0.006164502918043972	0.006782349473249965	0.93384767	38.02987289	0.85322269	0.16068396640656768	0.0683936	6e-05
-0.2014	-0.6673	0.3164	-0.043100905877999966	-0.006152285613280011	0.006780604143997971	0.9155696	37.28551865	0.85759196	0.1801436064669165	0.0800714	0.00023
-0.2231	-0.7552	0.3185	-0.042791982600396974	-0.006469935537142979	0.006459463561631013	0.9377659	38.18943787	0.83815346	0.1590856891916458	0.0901788	0.0006
-0.2231	-0.7239	0.3391	-0.04269773482078928	-0.006415830330331155	0.006354743806511354	0.82942796	33.77750015	0.81240826	0.06455363707695899	0.0885012	0.00054
-0.2207	-0.6267	0.3661	-0.04215144676491505	-0.006335545184739415	0.006391395720803235	0.93712509	38.16334152	0.84702042	0.15976125578789233	0.0815473	0.00035
-0.218	-0.6306	0.335	-0.041948988571683714	-0.006253514709895682	0.006447246256867054	0.91852915	37.40604401	0.82189065	0.0547169602069444	0.0796375	0.00028
-0.2219	-0.7661	0.3112	-0.042177626703694966	-0.006227334771115768	0.006339035843243405	0.93167728	37.94148636	0.87301765	0.1813514242207408	0.091035	0.00073
-0.2323	-0.7115	0.3043	-0.04211130419211918	-0.006445500927615059	0.006204645490839842	0.87151885	35.49160385	0.8226341	0.09284395102393214	0.0847633	0.00048
-0.2425	-0.6127	0.3198	-0.04174827570770436	-0.00653102206096278	0.0062447880636357115	0.9258638	37.70473862	0.84734885	0.14893460952792023	0.0769522	0.00029
-0.2487	-0.6009	0.2748	-0.04119151567631817	-0.006801548095021902	0.006270968002415626	0.95212096	38.77403259	0.83871526	0.10567330021126128	0.0720307	0.00031
-0.2096	-0.6861	0.2008	-0.04068013420548383	-0.005820673055401089	0.006700318998406232	1.02999318	41.9452858	0.88172714	0.29438037532228806	0.0750648	0.00032
-0.212	-0.6563	0.2244	-0.040573669121112176	-0.005921902152016759	0.006810274741281873	0.89432031	36.42016602	0.82974463	0.07168249619314834	0.0724891	0.00028
-0.2211	-0.4926	0.2721	-0.0404759306830005	-0.00606676447993229	0.006731734924942128	0.98709196	40.19818497	0.88641996	0.23655702911834772	0.0653201	9e-05
-0.2076	-0.6116	0.2838	-0.03991567999311031	-0.005749114556069322	0.0067160269616741795	0.97144186	39.56085205	0.8562899	0.18888042885105505	0.0758221	0.00035
-0.1808	-0.831	0.431	-0.04014955411287755	-0.005611233545161769	0.006855653301833726	1.20961189	49.26005554	1.07220409	0.418969073541717	0.11338	0.00243
-0.192	-0.7316	0.3201	-0.0408441951551713	-0.005859070298944964	0.006850417314077744	0.971448	39.56110382	0.93547475	0.26888568919164624	0.0888189	0.00087
-0.0992	-0.6348	0.3949	-0.04148298566140122	-0.004495968153137393	0.007730063257082885	0.97311586	39.62902451	0.95822383	0.4084769297521316	0.0869764	0.00041
-0.0354	-0.7205	0.3538	-0.042655846918741414	-0.003309144261781249	0.008349655141540872	1.00198984	40.80488205	0.98120788	0.33956385165771624	0.0906938	0.00049
-0.0235	-0.5491	0.1794	-0.04540823114913647	-0.002488839513343914	0.007995353303386023	1.24387574	50.65541077	1.15749398	0.554049540849362	0.0629383	0.00015
-0.0749	-0.2746	0.2365	-0.04662298030852453	-0.003373721444105039	0.007862708280234455	1.1484338	46.76864624	1.07568602	0.49461380566503765	0.0412759	1e-05
-0.1009	-0.324	0.2321	-0.04546233635594829	-0.00400727596257898	0.00738099740668402	1.06783152	43.48620987	0.84686728	0.19359546723003063	0.0430766	5e-05
-0.1087	-0.4736	0.2542	-0.04511327050554943	-0.004035201230610889	0.007330382858376183	1.05933499	43.14020157	0.86694212	0.20088028333693017	0.0552475	1e-05
-0.1161	-0.4164	0.2762	-0.0447537326796386	-0.004145156973486532	0.007353072138652111	0.90853816	36.99917221	0.82814533	0.1112091424531202	0.054954	1e-05
-0.1205	-0.2918	0.2808	-0.044430846768019644	-0.004201007509550351	0.007387978723691997	0.92452353	37.65015793	0.85495484	0.154282151636133	0.0471678	3e-05
-0.1233	-0.3851	0.2765	-0.04421617127002434	-0.0041835542170304075	0.007291985614832309	0.87142897	35.48794174	0.83861767	0.11680609496874667	0.052069	4e-05
-0.1253	-0.5119	0.2815	-0.043809509554309664	-0.004263839362622147	0.007339109504636156	0.9211809	37.51403427	0.85187675	0.1605035375555132	0.0625728	8e-05
-0.1351	-0.4865	0.3043	-0.04371002578694599	-0.004333652532701919	0.007314674895108234	1.05088627	42.79613495	0.81319846	0.06768657734856862	0.0624064	5e-05
-0.1339	-0.3638	0.3342	-0.043397611850839006	-0.00441393767829366	0.007504915783575617	0.92856687	37.81481934	0.85134109	0.18294699850830515	0.057062	2e-05
-0.1437	-0.4351	0.3152	-0.04273787739358515	-0.00456752665246916	0.007470009198535731	0.89418215	36.41453934	0.82490586	0.14251150082346203	0.0600056	2e-05
-0.1021	-0.4436	0.3049	-0.044732788728614664	-0.003530801076784529	0.007773696488382744	0.94305784	38.40494537	0.91510868	0.22716621002805784	0.0598811	3e-05
-0.1373	-0.2552	0.4904	-0.046722464075888204	-0.004035201230610889	0.007508406442079606	1.10030055	44.80847549	1.046934	0.547068277370152	0.0662825	1e-05
-0.1853	-0.2572	0.5122	-0.04499633344566581	-0.004874704600820162	0.007148868616168773	0.91244382	37.15822601	0.87603656	0.21805859131712496	0.0696927	1e-05
-0.2161	-0.4029	0.4886	-0.04421093528226836	-0.0056042522281537915	0.006846926655573755	0.96360248	39.24160385	0.88530326	0.29094438756630475	0.0759199	9e-05
-0.2244	-0.477	0.5026	-0.04450065993809942	-0.00562345084992573	0.006602580560294549	0.93136698	37.92884827	0.83709657	0.12406346864411034	0.0842408	0.00019
-0.2614	-0.6191	0.7054	-0.0438915400291534	-0.006738716241950105	0.0062238441126117785	1.19655073	48.72815323	1.09400581	0.4870560874326584	0.126315	0.00263
-0.2954	-0.5018	0.5366	-0.043872341407381464	-0.007113962031128888	0.006267477343911637	1.10609055	45.04426575	0.99395696	0.34200388211252886	0.0923582	0.00054
-0.2993	-0.5354	0.5115	-0.04223696789826277	-0.007209955139988575	0.006255260039147678	0.9653185	39.31148529	0.83497387	0.14977919613711696	0.094016	0.00082
-0.2812	-0.6321	0.4982	-0.04230852639759454	-0.0068923052161256075	0.00626049602690366	0.89246702	36.34469223	0.83263583	0.14782222054753597	0.0992275	0.00104
-0.2789	-0.6141	0.4663	-0.04264013895547346	-0.006846926655573755	0.0062343160881237454	0.84858161	34.55751038	0.80329115	0.0723585528605343	0.0936193	0.00078
-0.2764	-0.4791	0.4812	-0.042341687653382434	-0.006843435997069766	0.006190682856823887	0.96575266	39.32916641	0.85422482	0.16967875959474352	0.0850054	0.00042
-0.2822	-0.4238	0.4569	-0.041825070194792105	-0.006918485154905522	0.006012659273120465	0.93705136	38.16033936	0.81756431	0.12388451000647546	0.079703	0.00043
-0.285	-0.5406	0.4322	-0.04107108795793057	-0.007077310116837006	0.006133086991508073	0.86561948	35.25135803	0.8371385	0.19596174585903145	0.0864181	0.00071
-0.2796	-0.58	0.4199	-0.041043162689898646	-0.00696211838620538	0.006072000467688272	0.85422695	34.78741074	0.81432688	0.06731017612416734	0.0869783	0.00068
-0.2572	-0.5209	0.4547	-0.0413032167484458	-0.0063669611112753145	0.006380923745291268	0.87017375	35.4368248	0.84066068	0.1745067305540108	0.0867328	0.00054
-0.2387	-0.4186	0.4602	-0.04060333971839608	-0.006045820528908357	0.006572909963010645	0.92038441	37.4815979	0.86403117	0.1869501915068028	0.081519	0.00035
-0.2232	-0.6039	0.4537	-0.03992266131011829	-0.005731661263549379	0.0063721970990312975	0.94905406	38.64913559	0.9083876	0.26707752688080566	0.0950002	0.00108
-0.2121	-0.7181	0.4697	-0.03961722869101928	-0.0054873151682701725	0.006572909963010645	0.95764577	38.99902344	0.84932603	0.17882457891787815	0.107213	0.00186
-0.2031	-0.5979	0.514	-0.03995582256590618	-0.005230751768227006	0.0067928214487619305	0.98595476	40.15187454	0.85638222	0.21425343803406743	0.100725	0.00143
-0.206	-0.5348	0.507	-0.03922976559707654	-0.0053162729015747276	0.006822492046045835	0.99027842	40.32794952	0.83537858	0.11506243497306308	0.0980182	0.00125
-0.2091	-0.6711	0.5036	-0.039645153959051195	-0.00541401133968641	0.00686088928958971	0.94244677	38.3800621	0.87545266	0.17037620218151053	0.106942	0.00175
-0.2067	-0.6559	0.4995	-0.04009893956456972	-0.005265658353266893	0.006934193118173471	0.97087663	39.53783417	0.80882137	0.05547212102609008	0.105823	0.00146
-0.1975	-0.5164	0.4841	-0.03985633879854251	-0.005206317158699085	0.007059856824317063	0.9784078	39.84453201	0.86204491	0.1854802833369305	0.093206	0.00078
-0.192	-0.503	0.4743	-0.03982143221350262	-0.005099852074327431	0.007183775201208661	0.92886019	37.82676315	0.81622006	0.041964502315156846	0.0902203	0.00082
-0.1821	-0.5991	0.5049	-0.04053352654831631	-0.004832816698772298	0.007426375967235872	0.89824688	36.5800705	0.85109436	0.1976865238198015	0.100536	0.00117
-0.1717	-0.5812	0.5619	-0.04121944094435008	-0.004701917004872723	0.007525859734599549	0.89012629	36.24937057	0.83781582	0.13111489286485106	0.105734	0.00124
-0.1587	-0.5109	0.5721	-0.04091924431300706	-0.0044820055191214375	0.007712609964562942	0.83596992	34.04391479	0.82109953	0.1288429173528851	0.101956	0.001
-0.1565	-0.5063	0.571	-0.040720276778279704	-0.004419173666049642	0.007719591281570919	0.84674001	34.48251343	0.81085972	0.02133903524035648	0.100664	0.00093
-0.1598	-0.6196	0.5039	-0.041104249213718455	-0.004412192349041665	0.007623598172711231	0.91923422	37.43475723	0.86571121	0.2080473430653208	0.101152	0.00093
-0.1535	-0.6119	0.5106	-0.040952405568794946	-0.004267330021126135	0.007716100623066931	0.87650263	35.694561	0.82052913	0.04016042115973703	0.101811	0.00097
-0.1693	-0.4601	0.5105	-0.04082848719190335	-0.004576253298729132	0.007630579489719209	0.95526057	38.9018898	0.88745673	0.1936181393921158	0.0889032	0.00053
-0.1824	-0.5188	0.5015	-0.040727258095287676	-0.004806636759992383	0.0076166168557032544	0.92302036	37.58894348	0.82610747	0.09807875959474403	0.0922552	0.00067
-0.1923	-0.6294	0.4933	-0.040489893317016454	-0.005099852074327431	0.007426375967235872	0.89913064	36.61606216	0.84640043	0.16474104905368248	0.100111	0.00099
-0.1992	-0.5953	0.5003	-0.0404445147564646	-0.005101597403579425	0.007361798784912082	0.94272864	38.39154053	0.81328642	0.05358505360638178	0.0985767	0.00093
-0.2042	-0.4841	0.5118	-0.04022634859996531	-0.005206317158699085	0.007314674895108234	1.01414645	41.29994583	0.84708216	0.14620049007114008	0.0917107	0.00059
-0.2087	-0.5485	0.5077	-0.04005007034551388	-0.005386086071654501	0.0072082098107365804	0.893978	36.40622711	0.81940474	0.09612561258892484	0.0959528	0.00095
-0.2163	-0.6603	0.4888	-0.04031012440406104	-0.0055431657043339905	0.007101744726364926	0.90357745	36.79715347	0.83426481	0.16447993877991504	0.102499	0.00131
-0.2177	-0.5906	0.5055	-0.04025252853874522	-0.0055658549846099165	0.007063347482821051	0.8660261	35.26791763	0.82260867	0.09373411945678096	0.0987058	0.00107
-0.2239	-0.4743	0.5197	-0.04000294645571003	-0.005756095873077299	0.007070328799829028	0.93896329	38.23820114	0.84080479	0.1590402144255275	0.0925505	0.00084
-0.2305	-0.5858	0.4998	-0.040009927772718015	-0.0058747782622129135	0.006918485154905522	0.91842276	37.40171051	0.84176809	0.15187536755335537	0.0979739	0.00108
-0.2313	-0.6521	0.49	-0.04048640265851246	-0.00597775268808058	0.006873106594353669	0.89368701	36.39437485	0.82182986	0.10814139361069812	0.101909	0.00127
-0.234	-0.5836	0.493	-0.04044102409796061	-0.005948082090796675	0.006899286533133583	0.84472543	34.40047073	0.81958182	0.0792614548307833	0.0962246	0.00092
-0.2372	-0.4992	0.5042	-0.040107666210829694	-0.005914920835008782	0.006888814557621618	0.94303739	38.40411377	0.83038438	0.11764955592153876	0.0923367	0.00085
-0.2398	-0.6119	0.479	-0.039950586578150205	-0.006092944418712205	0.006752678875966061	0.95658404	38.95578384	0.83520457	0.16406194490192352	0.0985699	0.00115
-0.2401	-0.6609	0.4515	-0.039723693775390936	-0.006181956210563915	0.006740461571202101	0.87383491	35.58592224	0.8115266	0.09320609496874689	0.100334	0.00118
-0.2495	-0.5587	0.462	-0.03955788749645148	-0.006250024051391693	0.006707300315414208	0.89269042	36.35379028	0.84531759	0.13545176877775658	0.0926936	0.00092
-0.2588	-0.406	0.454	-0.03969925916586302	-0.006270968002415626	0.006663667084114349	0.91201568	37.14078903	0.87424283	0.18029744258676655	0.0825751	0.00057
-0.2539	-0.6049	0.4204	-0.039193113682784664	-0.0062727133316676205	0.006607816548050532	1.03017092	41.95252609	0.9075968	0.2655870674197083	0.092455	0.00111
-0.2474	-0.6582	0.4263	-0.03921929362156458	-0.0060301125656404084	0.006567673975254662	0.98503619	40.11446762	0.81805126	0.08114616388014992	0.097178	0.00131
